-- phpMyAdmin SQL Dump
-- version 4.8.4
-- https://www.phpmyadmin.net/
--
-- Host: 127.0.0.1:3306
-- Generation Time: Aug 30, 2022 at 04:30 PM
-- Server version: 5.7.24
-- PHP Version: 7.3.1

SET SQL_MODE = "NO_AUTO_VALUE_ON_ZERO";
SET AUTOCOMMIT = 0;
START TRANSACTION;
SET time_zone = "+00:00";


/*!40101 SET @OLD_CHARACTER_SET_CLIENT=@@CHARACTER_SET_CLIENT */;
/*!40101 SET @OLD_CHARACTER_SET_RESULTS=@@CHARACTER_SET_RESULTS */;
/*!40101 SET @OLD_COLLATION_CONNECTION=@@COLLATION_CONNECTION */;
/*!40101 SET NAMES utf8mb4 */;

--
-- Database: `smart_commerce`
--

-- --------------------------------------------------------

--
-- Table structure for table `activations`
--

DROP TABLE IF EXISTS `activations`;
CREATE TABLE IF NOT EXISTS `activations` (
  `id` int(10) UNSIGNED NOT NULL AUTO_INCREMENT,
  `user_id` int(10) UNSIGNED NOT NULL,
  `code` varchar(191) COLLATE utf8mb4_unicode_ci NOT NULL,
  `completed` tinyint(1) NOT NULL DEFAULT '0',
  `completed_at` datetime DEFAULT NULL,
  `created_at` timestamp NULL DEFAULT NULL,
  `updated_at` timestamp NULL DEFAULT NULL,
  PRIMARY KEY (`id`),
  KEY `activations_user_id_index` (`user_id`)
) ENGINE=InnoDB AUTO_INCREMENT=34 DEFAULT CHARSET=utf8mb4 COLLATE=utf8mb4_unicode_ci;

--
-- Dumping data for table `activations`
--

INSERT INTO `activations` (`id`, `user_id`, `code`, `completed`, `completed_at`, `created_at`, `updated_at`) VALUES
(1, 1, 'hfEyhVsbGQxPRbAoTfv7J6pSyP1jGiLg', 1, '2020-06-10 02:31:16', '2020-06-10 06:31:16', '2020-06-10 06:31:16'),
(15, 15, '55SZbia0u4NeTAr0W1nO86tJbggUcjpz', 1, '2020-07-29 03:05:15', '2020-07-29 07:05:15', '2020-07-29 07:05:15'),
(16, 16, 'PHEDQlBoYDPdr4nzSqZc920mpoTJCQrR', 1, '2020-07-29 16:49:47', '2020-07-29 20:49:46', '2020-07-29 20:49:47'),
(17, 17, 'sGvsEYsTyqPTPhe29lTqJsGVyV51B9t0', 1, '2020-08-04 08:58:15', '2020-08-04 12:58:15', '2020-08-04 12:58:15'),
(18, 18, 'na5MzTfhDxUi8PrUvCoZplBSuWr3L8y9', 1, '2020-08-04 13:59:37', '2020-08-04 17:59:37', '2020-08-04 17:59:37'),
(19, 19, 'SKtlNH0JjLJsNwCtHbmW7Snd8ukCTi6p', 1, '2020-08-04 14:04:45', '2020-08-04 18:04:45', '2020-08-04 18:04:45'),
(20, 20, 'aSMNqLyj7zKvblT7VPv36QMeVK2lLO3z', 1, '2020-08-05 17:15:30', '2020-08-05 21:15:30', '2020-08-05 21:15:30'),
(21, 21, 'cFQHoXlo8fIuYqM4fn1GyQ4irJqke6Mz', 1, '2020-08-10 04:40:28', '2020-08-10 08:40:28', '2020-08-10 08:40:28'),
(22, 22, 'Dr6XgvecKRaq87WIEQns98LN4X3Zif6I', 1, '2020-08-18 15:58:07', '2020-08-18 19:58:07', '2020-08-18 19:58:07'),
(23, 23, 'cDzGUIwu5GCmnwFZx7LdLUy0sQhiFN7I', 1, '2020-09-02 10:59:25', '2020-09-02 14:59:25', '2020-09-02 14:59:25'),
(24, 24, 'YSAHsRewM2wxALUGeBBj3UxSnEAmmHGp', 1, '2020-10-06 02:09:10', '2020-10-06 00:09:10', '2020-10-06 00:09:10'),
(25, 25, 'HpdCAE9SxUG38lt0fva7XaqtLLavoeAT', 1, '2020-10-06 04:44:27', '2020-10-06 02:44:27', '2020-10-06 02:44:27'),
(26, 26, 'KahLVerzcnEF9hTAFl1PzrmFrREJBtrj', 1, '2020-10-06 04:45:23', '2020-10-06 02:45:23', '2020-10-06 02:45:23'),
(27, 27, 'sogabhdNV0MWjyqt0xY1Zs2dUmtbCVBN', 1, '2020-12-21 22:00:25', '2020-12-21 21:00:25', '2020-12-21 21:00:25'),
(28, 28, 'UBIyCwRJxLGEVEwT2y3GpUT7DQSSpsiT', 1, '2020-12-31 18:33:23', '2020-12-31 17:33:23', '2020-12-31 17:33:23'),
(29, 29, 'BVNNlLSdJ4ZFM3Ur9gdNxNf1MytEykkV', 1, '2020-06-10 02:31:16', '2020-06-10 00:31:16', '2020-06-10 00:31:16'),
(30, 30, 'FGmfRfdL0M4kFrTmZGg8diWy613qqEGw', 1, '2021-01-17 02:36:09', '2021-01-17 01:36:09', '2021-01-17 01:36:09'),
(31, 31, 'mLeLw3Py1Rjgqqi2UBgX39wM0g2rjRJc', 1, '2021-01-26 01:55:19', '2021-01-26 00:55:19', '2021-01-26 00:55:19'),
(32, 32, 'sCgKZckZFXig5l9fo423Tw8BYNw2PPAy', 1, '2021-02-10 12:08:55', '2021-02-10 11:08:55', '2021-02-10 11:08:55'),
(33, 33, '5WUgYL2BxLWjZAROjOI8wbxt2bVFhhww', 1, '2021-03-06 13:15:46', '2021-03-06 12:15:46', '2021-03-06 12:15:46');

-- --------------------------------------------------------

--
-- Table structure for table `attributes`
--

DROP TABLE IF EXISTS `attributes`;
CREATE TABLE IF NOT EXISTS `attributes` (
  `id` int(10) UNSIGNED NOT NULL AUTO_INCREMENT,
  `attribute_set_id` int(10) UNSIGNED NOT NULL,
  `is_filterable` tinyint(1) NOT NULL,
  `created_at` timestamp NULL DEFAULT NULL,
  `updated_at` timestamp NULL DEFAULT NULL,
  `slug` varchar(191) COLLATE utf8mb4_unicode_ci DEFAULT NULL,
  PRIMARY KEY (`id`),
  UNIQUE KEY `attributes_slug_unique` (`slug`),
  KEY `attributes_attribute_set_id_index` (`attribute_set_id`)
) ENGINE=InnoDB AUTO_INCREMENT=70 DEFAULT CHARSET=utf8mb4 COLLATE=utf8mb4_unicode_ci;

--
-- Dumping data for table `attributes`
--

INSERT INTO `attributes` (`id`, `attribute_set_id`, `is_filterable`, `created_at`, `updated_at`, `slug`) VALUES
(21, 8, 0, '2020-08-03 12:01:41', '2020-08-03 12:01:41', 'ram'),
(22, 8, 0, '2020-08-03 12:02:54', '2020-08-03 12:02:54', 'hdd'),
(23, 8, 0, '2020-08-03 12:05:01', '2020-08-03 12:05:01', 'albtary'),
(24, 8, 0, '2020-08-03 12:06:20', '2020-08-03 12:06:20', 'graphics'),
(25, 8, 1, '2020-08-03 12:09:44', '2020-08-03 12:09:44', 'watch-gpu'),
(26, 8, 1, '2020-08-03 12:12:43', '2020-08-03 12:12:43', 'watch-ram'),
(27, 8, 1, '2020-08-03 12:13:48', '2020-08-03 12:13:48', 'watch-battery'),
(28, 8, 0, '2020-08-03 12:21:34', '2020-08-03 12:21:34', 'watch-sensors'),
(29, 8, 0, '2020-08-08 16:24:56', '2020-08-08 16:24:56', 'networking'),
(30, 7, 0, '2020-08-08 16:41:21', '2020-08-08 16:41:21', 'selfie-camera'),
(31, 7, 0, '2020-08-08 16:42:06', '2020-08-08 16:42:06', 'main-camera'),
(32, 8, 0, '2020-08-09 03:03:18', '2020-08-09 03:03:18', 'watch-processor'),
(33, 8, 0, '2020-08-09 03:04:30', '2020-08-09 03:04:30', 'watch-display'),
(42, 8, 1, '2021-01-04 14:15:40', '2021-01-04 14:15:40', 'alkamyra'),
(43, 8, 0, '2021-01-04 14:17:37', '2021-01-04 14:17:37', 'btary'),
(44, 8, 1, '2021-01-04 14:19:15', '2021-01-04 14:19:15', 'ram-uBQxxE1K'),
(45, 8, 1, '2021-01-04 14:20:17', '2021-01-04 14:20:17', 'hgm-alshash'),
(46, 8, 1, '2021-01-04 14:22:56', '2021-01-04 14:22:56', 'kamyra-amamy'),
(47, 8, 1, '2021-01-04 14:29:51', '2021-01-04 14:29:51', 'althakr-aldakhly'),
(48, 8, 1, '2021-01-04 14:32:03', '2021-01-04 14:32:03', 'mark-cpu'),
(49, 13, 1, '2021-01-04 14:34:07', '2021-01-04 14:34:07', 'allon-KLlWFiGq'),
(50, 13, 1, '2021-01-04 14:35:23', '2021-01-04 14:35:23', 'ntham-altshghyl-4478pVVe'),
(51, 8, 1, '2021-01-04 14:38:17', '2021-01-04 14:38:17', 'sraa-cpu'),
(52, 14, 0, '2021-01-04 14:40:59', '2021-01-04 14:40:59', 'aadd-sim'),
(53, 13, 1, '2021-01-31 17:40:27', '2021-01-31 17:40:27', 'kamyra'),
(54, 15, 1, '2021-02-14 12:23:27', '2021-02-14 12:23:27', 'technology'),
(55, 15, 1, '2021-02-14 12:24:15', '2021-02-14 12:24:15', 'speed'),
(56, 16, 0, '2021-02-14 12:24:49', '2021-02-14 12:24:49', 'dimensions'),
(57, 16, 0, '2021-02-14 12:25:26', '2021-02-14 12:25:26', 'weight'),
(58, 17, 0, '2021-02-14 12:26:19', '2021-02-14 12:26:19', 'type'),
(59, 17, 0, '2021-02-14 12:27:10', '2021-02-14 12:27:10', 'size'),
(60, 18, 0, '2021-02-14 12:27:38', '2021-02-14 12:27:38', 'card-slot'),
(61, 18, 0, '2021-02-14 12:28:08', '2021-02-14 12:28:08', 'internal'),
(62, 19, 0, '2021-02-14 12:29:27', '2021-02-14 12:29:27', 'quad'),
(63, 19, 0, '2021-02-14 12:30:06', '2021-02-14 12:30:06', 'video'),
(64, 20, 0, '2021-02-14 12:30:45', '2021-02-14 12:30:45', 'single'),
(65, 20, 0, '2021-02-14 12:31:19', '2021-02-14 12:31:19', 'video-DSMWGikb'),
(66, 21, 0, '2021-02-14 12:31:56', '2021-02-14 12:31:56', 'charging'),
(67, 21, 0, '2021-02-14 12:32:35', '2021-02-14 12:32:35', 'battery'),
(68, 17, 0, '2021-02-14 12:34:15', '2021-02-14 12:34:15', 'resolution'),
(69, 13, 1, '2021-02-15 09:38:58', '2021-02-15 09:38:58', 'allon');

-- --------------------------------------------------------

--
-- Table structure for table `attribute_categories`
--

DROP TABLE IF EXISTS `attribute_categories`;
CREATE TABLE IF NOT EXISTS `attribute_categories` (
  `attribute_id` int(10) UNSIGNED NOT NULL,
  `category_id` int(10) UNSIGNED NOT NULL,
  PRIMARY KEY (`attribute_id`,`category_id`),
  KEY `attribute_categories_category_id_foreign` (`category_id`)
) ENGINE=InnoDB DEFAULT CHARSET=utf8mb4 COLLATE=utf8mb4_unicode_ci;

--
-- Dumping data for table `attribute_categories`
--

INSERT INTO `attribute_categories` (`attribute_id`, `category_id`) VALUES
(42, 22),
(43, 22),
(44, 22),
(45, 22),
(46, 22),
(47, 22),
(48, 22),
(49, 22),
(50, 22),
(51, 22),
(52, 22),
(53, 22),
(54, 22),
(55, 22),
(56, 22),
(57, 22),
(58, 22),
(59, 22),
(60, 22),
(61, 22),
(62, 22),
(63, 22),
(64, 22),
(65, 22),
(66, 22),
(67, 22),
(68, 22),
(21, 24),
(50, 24),
(51, 24),
(52, 24),
(53, 24),
(54, 24),
(55, 24),
(56, 24),
(57, 24),
(58, 24),
(59, 24),
(60, 24),
(61, 24),
(62, 24),
(63, 24),
(64, 24),
(65, 24),
(66, 24),
(67, 24),
(68, 24),
(21, 25),
(50, 25),
(51, 25),
(52, 25),
(53, 25),
(54, 25),
(55, 25),
(56, 25),
(57, 25),
(58, 25),
(59, 25),
(60, 25),
(61, 25),
(62, 25),
(63, 25),
(64, 25),
(65, 25),
(66, 25),
(67, 25),
(68, 25),
(21, 37),
(54, 37),
(55, 37),
(56, 37),
(57, 37),
(58, 37),
(59, 37),
(60, 37),
(61, 37),
(62, 37),
(63, 37),
(64, 37),
(65, 37),
(66, 37),
(67, 37),
(68, 37),
(21, 39),
(54, 39),
(56, 39),
(57, 39),
(58, 39),
(61, 39),
(63, 39),
(64, 39),
(65, 39),
(66, 39),
(68, 39),
(21, 40),
(54, 40),
(56, 40),
(57, 40),
(58, 40),
(59, 40),
(60, 40),
(61, 40),
(62, 40),
(63, 40),
(64, 40),
(65, 40),
(66, 40),
(67, 40),
(68, 40),
(21, 41),
(54, 41),
(55, 41),
(56, 41),
(57, 41),
(58, 41),
(59, 41),
(60, 41),
(61, 41),
(62, 41),
(63, 41),
(64, 41),
(65, 41),
(66, 41),
(67, 41),
(68, 41),
(53, 94),
(54, 94),
(53, 95),
(54, 95),
(53, 96),
(54, 96),
(53, 146),
(54, 146),
(69, 158),
(69, 159);

-- --------------------------------------------------------

--
-- Table structure for table `attribute_sets`
--

DROP TABLE IF EXISTS `attribute_sets`;
CREATE TABLE IF NOT EXISTS `attribute_sets` (
  `id` int(10) UNSIGNED NOT NULL AUTO_INCREMENT,
  `created_at` timestamp NULL DEFAULT NULL,
  `updated_at` timestamp NULL DEFAULT NULL,
  PRIMARY KEY (`id`)
) ENGINE=InnoDB AUTO_INCREMENT=23 DEFAULT CHARSET=utf8mb4 COLLATE=utf8mb4_unicode_ci;

--
-- Dumping data for table `attribute_sets`
--

INSERT INTO `attribute_sets` (`id`, `created_at`, `updated_at`) VALUES
(7, '2020-08-02 11:21:24', '2020-08-02 11:21:24'),
(8, '2020-08-02 11:22:49', '2020-08-02 11:22:49'),
(13, '2021-01-04 14:32:48', '2021-01-04 14:32:48'),
(14, '2021-01-04 14:38:50', '2021-01-04 14:38:50'),
(15, '2021-02-14 12:17:44', '2021-02-14 12:17:44'),
(16, '2021-02-14 12:17:59', '2021-02-14 12:17:59'),
(17, '2021-02-14 12:18:11', '2021-02-14 12:18:11'),
(18, '2021-02-14 12:18:26', '2021-02-14 12:18:26'),
(19, '2021-02-14 12:18:38', '2021-02-14 12:18:38'),
(20, '2021-02-14 12:18:51', '2021-02-14 12:18:51'),
(21, '2021-02-14 12:19:06', '2021-02-14 12:19:06'),
(22, '2021-02-15 09:37:25', '2021-02-15 09:37:25');

-- --------------------------------------------------------

--
-- Table structure for table `attribute_set_translations`
--

DROP TABLE IF EXISTS `attribute_set_translations`;
CREATE TABLE IF NOT EXISTS `attribute_set_translations` (
  `id` int(10) UNSIGNED NOT NULL AUTO_INCREMENT,
  `attribute_set_id` int(10) UNSIGNED NOT NULL,
  `locale` varchar(191) COLLATE utf8mb4_unicode_ci NOT NULL,
  `name` varchar(191) COLLATE utf8mb4_unicode_ci NOT NULL,
  PRIMARY KEY (`id`),
  UNIQUE KEY `attribute_set_translations_attribute_set_id_locale_unique` (`attribute_set_id`,`locale`)
) ENGINE=InnoDB AUTO_INCREMENT=28 DEFAULT CHARSET=utf8mb4 COLLATE=utf8mb4_unicode_ci;

--
-- Dumping data for table `attribute_set_translations`
--

INSERT INTO `attribute_set_translations` (`id`, `attribute_set_id`, `locale`, `name`) VALUES
(7, 7, 'ar', 'كاميرا'),
(8, 8, 'ar', 'هاردوير'),
(13, 13, 'ar', 'مواصفات عامة'),
(14, 14, 'ar', 'شبكة الاتصال'),
(15, 14, 'en', 'Network'),
(16, 8, 'en', 'Hardware'),
(17, 7, 'en', 'Camera'),
(19, 13, 'en', 'General specifications'),
(20, 15, 'ar', 'Network'),
(21, 16, 'ar', 'Body'),
(22, 17, 'ar', 'Display'),
(23, 18, 'ar', 'Memory'),
(24, 19, 'ar', 'Main Camera'),
(25, 20, 'ar', 'Selfie Camera'),
(26, 21, 'ar', 'Battery'),
(27, 22, 'ar', 'مواصفات عامة');

-- --------------------------------------------------------

--
-- Table structure for table `attribute_translations`
--

DROP TABLE IF EXISTS `attribute_translations`;
CREATE TABLE IF NOT EXISTS `attribute_translations` (
  `id` int(10) UNSIGNED NOT NULL AUTO_INCREMENT,
  `attribute_id` int(10) UNSIGNED NOT NULL,
  `locale` varchar(191) COLLATE utf8mb4_unicode_ci NOT NULL,
  `name` varchar(191) COLLATE utf8mb4_unicode_ci NOT NULL,
  PRIMARY KEY (`id`),
  UNIQUE KEY `attribute_translations_attribute_id_locale_unique` (`attribute_id`,`locale`)
) ENGINE=InnoDB AUTO_INCREMENT=86 DEFAULT CHARSET=utf8mb4 COLLATE=utf8mb4_unicode_ci;

--
-- Dumping data for table `attribute_translations`
--

INSERT INTO `attribute_translations` (`id`, `attribute_id`, `locale`, `name`) VALUES
(21, 21, 'ar', 'RAM'),
(22, 22, 'ar', 'HDD'),
(23, 23, 'ar', 'البطارية'),
(24, 24, 'ar', 'Graphics'),
(25, 25, 'ar', 'Watch GPU'),
(26, 26, 'ar', 'Watch Ram'),
(27, 27, 'ar', 'Watch Battery'),
(28, 28, 'ar', 'Watch Sensors'),
(29, 29, 'ar', 'Networking'),
(30, 30, 'ar', 'Selfie Camera'),
(31, 31, 'ar', 'Main Camera'),
(32, 32, 'ar', 'Watch Processor'),
(33, 33, 'ar', 'Watch Display'),
(42, 42, 'ar', 'الكاميرا'),
(43, 43, 'ar', 'بطارية'),
(44, 44, 'ar', 'رام'),
(45, 45, 'ar', 'حجم الشاشة'),
(46, 46, 'ar', 'كاميرا امامية'),
(47, 47, 'ar', 'الذاكرة الداخلية'),
(48, 48, 'ar', 'ماركة CPU'),
(49, 49, 'ar', 'اللون'),
(50, 50, 'ar', 'نظام التشغيل'),
(51, 51, 'ar', 'سرعة CPU'),
(52, 52, 'ar', 'عدد SIM'),
(53, 52, 'en', 'SIM count'),
(54, 51, 'en', 'CPU speed'),
(55, 50, 'en', 'Operating System'),
(56, 49, 'en', 'Colors'),
(57, 48, 'en', 'CPU Brand'),
(58, 47, 'en', 'Internal Storage'),
(59, 46, 'en', 'Selfie Camera'),
(60, 45, 'en', 'Screen Size'),
(61, 44, 'en', 'Ram'),
(62, 43, 'en', 'Battery'),
(66, 42, 'en', 'Main Camera'),
(67, 23, 'en', 'Battery'),
(69, 53, 'ar', 'كاميرا'),
(70, 54, 'ar', 'Technology'),
(71, 55, 'ar', 'Speed'),
(72, 56, 'ar', 'Dimensions'),
(73, 57, 'ar', 'Weight'),
(74, 58, 'ar', 'Type'),
(75, 59, 'ar', 'Size'),
(76, 60, 'ar', 'Card slot'),
(77, 61, 'ar', 'Internal'),
(78, 62, 'ar', 'Quad'),
(79, 63, 'ar', 'Video'),
(80, 64, 'ar', 'Single'),
(81, 65, 'ar', 'Video'),
(82, 66, 'ar', 'Charging'),
(83, 67, 'ar', 'Battery'),
(84, 68, 'ar', 'Resolution'),
(85, 69, 'ar', 'اللون');

-- --------------------------------------------------------

--
-- Table structure for table `attribute_values`
--

DROP TABLE IF EXISTS `attribute_values`;
CREATE TABLE IF NOT EXISTS `attribute_values` (
  `id` int(10) UNSIGNED NOT NULL AUTO_INCREMENT,
  `attribute_id` int(10) UNSIGNED NOT NULL,
  `position` int(10) UNSIGNED NOT NULL,
  `created_at` timestamp NULL DEFAULT NULL,
  `updated_at` timestamp NULL DEFAULT NULL,
  PRIMARY KEY (`id`),
  KEY `attribute_values_attribute_id_index` (`attribute_id`)
) ENGINE=InnoDB AUTO_INCREMENT=282 DEFAULT CHARSET=utf8mb4 COLLATE=utf8mb4_unicode_ci;

--
-- Dumping data for table `attribute_values`
--

INSERT INTO `attribute_values` (`id`, `attribute_id`, `position`, `created_at`, `updated_at`) VALUES
(128, 21, 0, '2020-08-03 12:01:42', '2020-08-03 12:01:42'),
(129, 21, 1, '2020-08-03 12:01:42', '2020-08-03 12:01:42'),
(130, 21, 2, '2020-08-03 12:01:42', '2020-08-03 12:01:42'),
(131, 21, 3, '2020-08-03 12:01:42', '2020-08-03 12:01:42'),
(132, 21, 4, '2020-08-03 12:01:42', '2020-08-03 12:01:42'),
(133, 21, 5, '2020-08-03 12:01:42', '2020-08-03 12:01:42'),
(134, 21, 6, '2020-08-03 12:01:42', '2020-08-03 12:01:42'),
(135, 22, 0, '2020-08-03 12:02:54', '2020-08-03 12:02:54'),
(136, 22, 1, '2020-08-03 12:02:54', '2020-08-03 12:02:54'),
(137, 22, 2, '2020-08-03 12:02:54', '2020-08-03 12:02:54'),
(138, 22, 3, '2020-08-03 12:02:54', '2020-08-03 12:02:54'),
(139, 23, 0, '2020-08-03 12:05:01', '2020-08-03 12:05:01'),
(140, 23, 1, '2020-08-03 12:05:01', '2020-08-03 12:05:01'),
(141, 23, 2, '2020-08-03 12:05:01', '2020-08-03 12:05:01'),
(142, 23, 3, '2020-08-03 12:05:01', '2020-08-03 12:05:01'),
(143, 23, 4, '2020-08-03 12:05:01', '2020-08-03 12:05:01'),
(144, 23, 5, '2020-08-03 12:05:01', '2020-08-03 12:05:01'),
(145, 23, 6, '2020-08-03 12:05:01', '2020-08-03 12:05:01'),
(146, 23, 7, '2020-08-03 12:05:01', '2020-08-03 12:05:01'),
(147, 24, 0, '2020-08-03 12:06:20', '2020-08-03 12:06:20'),
(148, 24, 1, '2020-08-03 12:06:20', '2020-08-03 12:06:20'),
(149, 24, 2, '2020-08-03 12:06:20', '2020-08-03 12:06:20'),
(150, 24, 3, '2020-08-03 12:06:20', '2020-08-03 12:06:20'),
(151, 24, 4, '2020-08-03 12:06:20', '2020-08-03 12:06:20'),
(152, 24, 5, '2020-08-03 12:06:20', '2020-08-03 12:06:20'),
(153, 25, 0, '2020-08-03 12:09:44', '2020-08-03 12:09:44'),
(154, 25, 1, '2020-08-03 12:09:44', '2020-08-03 12:09:44'),
(155, 25, 2, '2020-08-03 12:09:44', '2020-08-03 12:09:44'),
(156, 26, 0, '2020-08-03 12:12:43', '2020-08-03 12:12:43'),
(157, 26, 1, '2020-08-03 12:12:44', '2020-08-03 12:12:44'),
(158, 26, 2, '2020-08-03 12:12:44', '2020-08-03 12:12:44'),
(159, 27, 0, '2020-08-03 12:13:48', '2020-08-03 12:13:48'),
(160, 27, 1, '2020-08-03 12:13:48', '2020-08-03 12:13:48'),
(161, 27, 2, '2020-08-03 12:13:48', '2020-08-03 12:13:48'),
(162, 28, 0, '2020-08-03 12:21:34', '2020-08-03 12:21:34'),
(163, 28, 1, '2020-08-03 12:21:34', '2020-08-03 12:21:34'),
(164, 29, 0, '2020-08-08 16:24:56', '2020-08-08 16:24:56'),
(165, 30, 0, '2020-08-08 16:41:21', '2020-08-08 16:41:21'),
(166, 30, 1, '2020-08-08 16:41:21', '2020-08-08 16:41:21'),
(167, 30, 2, '2020-08-08 16:41:21', '2020-08-08 16:41:21'),
(168, 31, 0, '2020-08-08 16:42:06', '2020-08-08 16:42:06'),
(169, 31, 1, '2020-08-08 16:42:06', '2020-08-08 16:42:06'),
(170, 31, 2, '2020-08-08 16:42:06', '2020-08-08 16:42:06'),
(171, 31, 3, '2020-08-08 16:42:06', '2020-08-08 16:42:06'),
(172, 31, 4, '2020-08-08 16:42:06', '2020-08-08 16:42:06'),
(173, 31, 5, '2020-08-08 16:42:06', '2020-08-08 16:42:06'),
(174, 31, 6, '2020-08-08 16:42:06', '2020-08-08 16:42:06'),
(175, 31, 7, '2020-08-08 16:42:06', '2020-08-08 16:42:06'),
(176, 32, 0, '2020-08-09 03:03:18', '2020-08-09 03:03:18'),
(177, 32, 1, '2020-08-09 03:03:18', '2020-08-09 03:03:18'),
(178, 32, 2, '2020-08-09 03:03:18', '2020-08-09 03:03:18'),
(179, 33, 0, '2020-08-09 03:04:30', '2020-08-09 03:04:30'),
(180, 33, 1, '2020-08-09 03:04:30', '2020-08-09 03:04:30'),
(181, 33, 2, '2020-08-09 03:04:30', '2020-08-09 03:04:30'),
(206, 42, 0, '2021-01-04 14:15:41', '2021-01-04 14:15:41'),
(207, 42, 1, '2021-01-04 14:15:41', '2021-01-04 14:15:41'),
(208, 43, 0, '2021-01-04 14:17:37', '2021-01-04 14:17:37'),
(209, 43, 1, '2021-01-04 14:17:37', '2021-01-04 14:17:37'),
(210, 43, 2, '2021-01-04 14:17:37', '2021-01-04 14:17:37'),
(211, 43, 3, '2021-01-04 14:17:37', '2021-01-04 14:17:37'),
(212, 43, 4, '2021-01-04 14:17:37', '2021-01-04 14:17:37'),
(213, 43, 5, '2021-01-04 14:17:37', '2021-01-04 14:17:37'),
(214, 43, 6, '2021-01-04 14:17:38', '2021-01-04 14:17:38'),
(215, 44, 0, '2021-01-04 14:19:15', '2021-01-04 14:19:15'),
(216, 44, 1, '2021-01-04 14:19:15', '2021-01-04 14:19:15'),
(217, 44, 2, '2021-01-04 14:19:16', '2021-01-04 14:19:16'),
(218, 44, 3, '2021-01-04 14:19:16', '2021-01-04 14:19:16'),
(219, 44, 4, '2021-01-04 14:19:16', '2021-01-04 14:19:16'),
(220, 45, 0, '2021-01-04 14:20:18', '2021-01-04 14:20:18'),
(221, 45, 1, '2021-01-04 14:21:01', '2021-01-04 14:21:01'),
(222, 45, 2, '2021-01-04 14:21:01', '2021-01-04 14:21:01'),
(223, 45, 3, '2021-01-04 14:21:01', '2021-01-04 14:21:01'),
(224, 45, 4, '2021-01-04 14:21:01', '2021-01-04 14:21:01'),
(225, 46, 0, '2021-01-04 14:22:56', '2021-01-04 14:22:56'),
(226, 46, 1, '2021-01-04 14:22:56', '2021-01-04 14:22:56'),
(227, 46, 2, '2021-01-04 14:22:56', '2021-01-04 14:22:56'),
(228, 46, 3, '2021-01-04 14:22:56', '2021-01-04 14:22:56'),
(229, 46, 4, '2021-01-04 14:22:56', '2021-01-04 14:22:56'),
(230, 46, 5, '2021-01-04 14:22:56', '2021-01-04 14:22:56'),
(231, 47, 0, '2021-01-04 14:29:51', '2021-01-04 14:29:51'),
(232, 47, 1, '2021-01-04 14:29:51', '2021-01-04 14:29:51'),
(233, 47, 2, '2021-01-04 14:29:51', '2021-01-04 14:29:51'),
(234, 47, 3, '2021-01-04 14:29:51', '2021-01-04 14:29:51'),
(235, 47, 4, '2021-01-04 14:29:53', '2021-01-04 14:29:53'),
(236, 48, 0, '2021-01-04 14:32:03', '2021-01-04 14:32:03'),
(237, 48, 1, '2021-01-04 14:32:03', '2021-01-04 14:32:03'),
(238, 48, 2, '2021-01-04 14:32:03', '2021-01-04 14:32:03'),
(239, 48, 3, '2021-01-04 14:32:03', '2021-01-04 14:32:03'),
(240, 48, 4, '2021-01-04 14:32:03', '2021-01-04 14:32:03'),
(241, 49, 0, '2021-01-04 14:34:10', '2021-01-04 14:34:10'),
(242, 49, 1, '2021-01-04 14:34:10', '2021-01-04 14:34:10'),
(243, 49, 2, '2021-01-04 14:34:10', '2021-01-04 14:34:10'),
(244, 49, 3, '2021-01-04 14:34:10', '2021-01-04 14:34:10'),
(245, 49, 4, '2021-01-04 14:34:10', '2021-01-04 14:34:10'),
(246, 50, 0, '2021-01-04 14:35:24', '2021-01-04 14:35:24'),
(247, 50, 1, '2021-01-04 14:35:24', '2021-01-04 14:35:24'),
(248, 50, 2, '2021-01-04 14:35:24', '2021-01-04 14:35:24'),
(249, 51, 0, '2021-01-04 14:38:17', '2021-01-04 14:38:17'),
(250, 51, 1, '2021-01-04 14:38:18', '2021-01-04 14:38:18'),
(251, 51, 2, '2021-01-04 14:38:18', '2021-01-04 14:38:18'),
(252, 51, 3, '2021-01-04 14:38:18', '2021-01-04 14:38:18'),
(253, 51, 4, '2021-01-04 14:38:18', '2021-01-04 14:38:18'),
(254, 52, 0, '2021-01-04 14:41:00', '2021-01-04 14:41:00'),
(255, 52, 1, '2021-01-04 14:41:00', '2021-01-04 14:41:00'),
(256, 52, 2, '2021-01-04 14:41:00', '2021-01-04 14:41:00'),
(257, 52, 3, '2021-01-04 14:41:00', '2021-01-04 14:41:00'),
(258, 53, 0, '2021-01-31 17:40:27', '2021-01-31 17:40:27'),
(259, 53, 1, '2021-01-31 17:41:12', '2021-01-31 17:41:12'),
(260, 53, 2, '2021-01-31 17:41:12', '2021-01-31 17:41:12'),
(261, 54, 0, '2021-02-14 12:23:28', '2021-02-14 12:23:28'),
(262, 54, 1, '2021-02-14 12:23:28', '2021-02-14 12:23:28'),
(263, 54, 2, '2021-02-14 12:23:28', '2021-02-14 12:23:28'),
(264, 54, 3, '2021-02-14 12:23:28', '2021-02-14 12:23:28'),
(265, 55, 0, '2021-02-14 12:24:15', '2021-02-14 12:24:15'),
(266, 56, 0, '2021-02-14 12:24:50', '2021-02-14 12:24:50'),
(267, 57, 0, '2021-02-14 12:25:27', '2021-02-14 12:25:27'),
(268, 58, 0, '2021-02-14 12:26:19', '2021-02-14 12:26:19'),
(269, 59, 0, '2021-02-14 12:27:10', '2021-02-14 12:27:10'),
(270, 60, 0, '2021-02-14 12:27:39', '2021-02-14 12:27:39'),
(271, 61, 0, '2021-02-14 12:28:09', '2021-02-14 12:28:09'),
(272, 62, 0, '2021-02-14 12:29:27', '2021-02-14 12:29:27'),
(273, 63, 0, '2021-02-14 12:30:06', '2021-02-14 12:30:06'),
(274, 64, 0, '2021-02-14 12:30:46', '2021-02-14 12:30:46'),
(275, 65, 0, '2021-02-14 12:31:19', '2021-02-14 12:31:19'),
(276, 66, 0, '2021-02-14 12:31:56', '2021-02-14 12:31:56'),
(277, 67, 0, '2021-02-14 12:32:35', '2021-02-14 12:32:35'),
(278, 68, 0, '2021-02-14 12:34:15', '2021-02-14 12:34:15'),
(279, 69, 0, '2021-02-15 09:38:59', '2021-02-15 09:38:59'),
(280, 69, 1, '2021-02-15 09:38:59', '2021-02-15 09:38:59'),
(281, 69, 2, '2021-02-15 09:38:59', '2021-02-15 09:38:59');

-- --------------------------------------------------------

--
-- Table structure for table `attribute_value_translations`
--

DROP TABLE IF EXISTS `attribute_value_translations`;
CREATE TABLE IF NOT EXISTS `attribute_value_translations` (
  `id` int(10) UNSIGNED NOT NULL AUTO_INCREMENT,
  `attribute_value_id` int(10) UNSIGNED NOT NULL,
  `locale` varchar(191) COLLATE utf8mb4_unicode_ci NOT NULL,
  `value` varchar(191) COLLATE utf8mb4_unicode_ci NOT NULL,
  PRIMARY KEY (`id`),
  UNIQUE KEY `attribute_value_translations_attribute_value_id_locale_unique` (`attribute_value_id`,`locale`)
) ENGINE=InnoDB AUTO_INCREMENT=359 DEFAULT CHARSET=utf8mb4 COLLATE=utf8mb4_unicode_ci;

--
-- Dumping data for table `attribute_value_translations`
--

INSERT INTO `attribute_value_translations` (`id`, `attribute_value_id`, `locale`, `value`) VALUES
(128, 128, 'ar', '2GB'),
(129, 129, 'ar', '4GB'),
(130, 130, 'ar', '6GB'),
(131, 131, 'ar', '8GB'),
(132, 132, 'ar', '12GB'),
(133, 133, 'ar', '16GB'),
(134, 134, 'ar', '32GB'),
(135, 135, 'ar', '500GB'),
(136, 136, 'ar', '1TB'),
(137, 137, 'ar', '2TB'),
(138, 138, 'ar', '4TB'),
(139, 139, 'ar', '4000mah'),
(140, 140, 'ar', '5000mah'),
(141, 141, 'ar', '1650mah'),
(142, 142, 'ar', '3160mah'),
(143, 143, 'ar', '58.0-watt-hour lithium-polymer battery'),
(144, 144, 'ar', '60.0-watt-hour lithium-polymer battery'),
(145, 145, 'ar', '70.0-watt-hour lithium-polymer battery'),
(146, 146, 'ar', '90.0-watt-hour lithium-polymer battery'),
(147, 147, 'ar', 'Ardreno 650'),
(148, 148, 'ar', 'Adreno 640'),
(149, 149, 'ar', 'NVIDIA GeForce GTX 1650'),
(150, 150, 'ar', 'NVIDIA GeForce GTX 1080'),
(151, 151, 'ar', 'NVIDIA GeForce GTX 2070'),
(152, 152, 'ar', 'NVIDIA GeForce GTX 2080'),
(153, 153, 'ar', 'Mali-T720'),
(154, 154, 'ar', 'PowerVR'),
(155, 155, 'ar', 'Mali-T710'),
(156, 156, 'ar', '768MB'),
(157, 157, 'ar', '1.5GB'),
(158, 158, 'ar', '2GB'),
(159, 159, 'ar', 'Non-removable Li-Ion 472 mAh battery'),
(160, 160, 'ar', 'Non-removable Li-Ion 380 mAh battery'),
(161, 161, 'ar', 'Non-removable Li-Ion battery'),
(162, 162, 'ar', 'Accelerometer, gyro, heart rate, barometer'),
(163, 163, 'ar', 'Accelerometer, gyro, heart rate (2nd gen), barometer, compass'),
(164, 164, 'ar', 'WiFi, Bluetooth, HD Webcam'),
(165, 165, 'ar', '10 MP, f/2.2, 26mm (wide), 1/3.2\", 1.22µm, Dual Pixel PDAF'),
(166, 166, 'ar', '16 MP, f/2.5, (wide), 1/3\", 1.0µm'),
(167, 167, 'ar', '32 MP, f/2.0, 26mm (wide), 1/2.8\", 0.8µm'),
(168, 168, 'ar', '8 MP, f/2.4, (telephoto), 1/1.0µm, PDAF, OIS, 3x optical zoom'),
(169, 169, 'ar', '8 MP, f/3.4, 125mm (periscope telephoto), 1/4.0\", PDAF, OIS, 5x optical zoom'),
(170, 170, 'ar', '12 MP, f/1.8, 26mm (wide), 1/1.76\", 1.8µm, Dual Pixel PDAF, OIS'),
(171, 171, 'ar', '20 MP, f/2.2, 16mm (ultrawide), 1/2.7\", PDAF'),
(172, 172, 'ar', '40 MP, f/1.6, 27mm (wide), 1/1.7\", PDAF, OIS'),
(173, 173, 'ar', '40 MP, f/1.6, 27mm (wide), 1/1.7\", PDAF, OIS'),
(174, 174, 'ar', '48 MP, f/1.8, 25mm (wide), 1/1.43\", 1.12µm, omnidirectional PDAF, Laser AF, OIS'),
(175, 175, 'ar', '64 MP, f/2.0, 29mm (telephoto), 1/1.72\", 0.8µm, PDAF, OIS, 1.1x optical zoom, 3x hybrid zoom'),
(176, 176, 'ar', 'Exynos 9110 (10 nm)'),
(177, 177, 'ar', 'Apple S5'),
(178, 178, 'ar', 'Exynos 7 Dual 7270 (14 nm)'),
(179, 179, 'ar', '1.3 inches, 10.8 cm2 (~48.1% screen-to-body ratio)'),
(180, 180, 'ar', '1.78 inches, 10.0 cm2 (~60.0% screen-to-body ratio)'),
(181, 181, 'ar', '1.3 inches, 10.8 cm2 (~48.1% screen-to-body ratio)'),
(206, 206, 'ar', 'شاشة لمس IPS تكاثفية LCD بتقنية'),
(207, 207, 'ar', '16 مليون لون'),
(208, 208, 'ar', '4 ميجا بيكسل'),
(209, 209, 'ar', '5 ميجا بيكسل'),
(210, 210, 'ar', '14 ميجا بيكسل'),
(211, 211, 'ar', '16 ميجا بيكسل'),
(212, 212, 'ar', '22 ميجا بيكسل'),
(213, 213, 'ar', '25 ميجا بيكسل'),
(214, 214, 'ar', '32 ميجا بيكسل'),
(215, 215, 'ar', '2 GB'),
(216, 216, 'ar', '4 GB'),
(217, 217, 'ar', '8 GB'),
(218, 218, 'ar', '16 GB'),
(219, 219, 'ar', '32 GB'),
(220, 220, 'ar', '1.7'),
(221, 221, 'ar', '2.4'),
(222, 222, 'ar', '4'),
(223, 223, 'ar', '4.7'),
(224, 224, 'ar', '5'),
(225, 225, 'ar', '2 GB'),
(226, 226, 'ar', '4 GB'),
(227, 227, 'ar', '8 GB'),
(228, 228, 'ar', '16 GB'),
(229, 229, 'ar', '18 GB'),
(230, 230, 'ar', '22 GB'),
(231, 231, 'ar', '4 GB'),
(232, 232, 'ar', '8 GB'),
(233, 233, 'ar', '16 GB'),
(234, 234, 'ar', '32 GB'),
(235, 235, 'ar', '64 GB'),
(236, 236, 'ar', 'Deca Core'),
(237, 237, 'ar', 'Dual Core'),
(238, 238, 'ar', 'Hexa Core'),
(239, 239, 'ar', 'HiSilicon'),
(240, 240, 'ar', 'Single Core'),
(241, 241, 'ar', 'ازرق'),
(242, 242, 'ar', 'اسود'),
(243, 243, 'ar', 'فضي'),
(244, 244, 'ar', 'ذهبي'),
(245, 245, 'ar', 'اسود لامع'),
(246, 246, 'ar', 'IOS'),
(247, 247, 'ar', 'Android'),
(248, 248, 'ar', 'Nokia OS'),
(249, 249, 'ar', 'GHz : 2.20'),
(250, 250, 'ar', '1.00'),
(251, 251, 'ar', '1.3'),
(252, 252, 'ar', '1.3 GHz Cortex-A53'),
(253, 253, 'ar', '2.10'),
(254, 254, 'ar', '1 SIM'),
(255, 255, 'ar', '2 SIM'),
(256, 256, 'ar', '3 SIM'),
(257, 257, 'ar', '4 SIM'),
(258, 254, 'en', '1 SIM'),
(259, 255, 'en', '2 SIM'),
(260, 256, 'en', '3 SIM'),
(261, 257, 'en', '4 SIM'),
(262, 249, 'en', 'GHz : 2.20'),
(263, 250, 'en', '1.00'),
(264, 251, 'en', '1.3'),
(265, 252, 'en', '1.3 GHz Cortex-A53'),
(266, 253, 'en', '2.10'),
(267, 246, 'en', 'IOS'),
(268, 247, 'en', 'Android'),
(269, 248, 'en', 'Nokia OS'),
(270, 241, 'en', 'ازرق'),
(271, 242, 'en', 'اسود'),
(272, 243, 'en', 'فضي'),
(273, 244, 'en', 'ذهبي'),
(274, 245, 'en', 'اسود لامع'),
(275, 236, 'en', 'Deca Core'),
(276, 237, 'en', 'Dual Core'),
(277, 238, 'en', 'Hexa Core'),
(278, 239, 'en', 'HiSilicon'),
(279, 240, 'en', 'Single Core'),
(280, 231, 'en', '4 GB'),
(281, 232, 'en', '8 GB'),
(282, 233, 'en', '16 GB'),
(283, 234, 'en', '32 GB'),
(284, 235, 'en', '64 GB'),
(285, 225, 'en', '2 GB'),
(286, 226, 'en', '4 GB'),
(287, 227, 'en', '8 GB'),
(288, 228, 'en', '16 GB'),
(289, 229, 'en', '18 GB'),
(290, 230, 'en', '22 GB'),
(291, 220, 'en', '1.7'),
(292, 221, 'en', '2.4'),
(293, 222, 'en', '4'),
(294, 223, 'en', '4.7'),
(295, 224, 'en', '5'),
(296, 215, 'en', '2 GB'),
(297, 216, 'en', '4 GB'),
(298, 217, 'en', '8 GB'),
(299, 218, 'en', '16 GB'),
(300, 219, 'en', '32 GB'),
(301, 208, 'en', '4 ميجا بيكسل'),
(302, 209, 'en', '5 ميجا بيكسل'),
(303, 210, 'en', '14 ميجا بيكسل'),
(304, 211, 'en', '16 ميجا بيكسل'),
(305, 212, 'en', '22 ميجا بيكسل'),
(306, 213, 'en', '25 ميجا بيكسل'),
(307, 214, 'en', '32 ميجا بيكسل'),
(318, 206, 'en', 'شاشة لمس IPS تكاثفية LCD بتقنية'),
(319, 207, 'en', '16 مليون لون'),
(320, 139, 'en', '4000mah'),
(321, 140, 'en', '5000mah'),
(322, 141, 'en', '1650mah'),
(323, 142, 'en', '3160mah'),
(324, 143, 'en', '58.0-watt-hour lithium-polymer battery'),
(325, 144, 'en', '60.0-watt-hour lithium-polymer battery'),
(326, 145, 'en', '70.0-watt-hour lithium-polymer battery'),
(327, 146, 'en', '90.0-watt-hour lithium-polymer battery'),
(335, 258, 'ar', '2Mb'),
(336, 259, 'ar', '16Mp'),
(337, 260, 'ar', '32Mp'),
(338, 261, 'ar', 'GSM'),
(339, 262, 'ar', 'LTE'),
(340, 263, 'ar', 'CDMA'),
(341, 264, 'ar', 'HSPA'),
(342, 265, 'ar', 'HSPA 42.2/5.76 Mbps, LTE-A'),
(343, 266, 'ar', '165.65 x 76.88 x 9.26 mm'),
(344, 267, 'ar', '206 g'),
(345, 268, 'ar', 'IPS capacitive touchscreen, 16M colors'),
(346, 269, 'ar', '6.63 inches, 90.3% screen-to-body ratio'),
(347, 270, 'ar', 'microSDXC, up to 256GB (uses shared SIM slot)'),
(348, 271, 'ar', '128GB, 4GB RAM'),
(349, 272, 'ar', '48 MP High-Res lens, f/1.8 aperture'),
(350, 273, 'ar', '4K, 1080p, 720p@960fps'),
(351, 274, 'ar', '8 MP (f/2.0 aperture)'),
(352, 275, 'ar', '1080p'),
(353, 276, 'ar', 'Fast charging 22.5W, 67% in 30 min (advertised)'),
(354, 277, 'ar', 'Li-Po 5000 mAh, non-removable'),
(355, 278, 'ar', '1080 x 2400 pixels'),
(356, 279, 'ar', 'ازرق'),
(357, 280, 'ar', 'فضي'),
(358, 281, 'ar', 'احمر');

-- --------------------------------------------------------

--
-- Table structure for table `brands`
--

DROP TABLE IF EXISTS `brands`;
CREATE TABLE IF NOT EXISTS `brands` (
  `id` int(10) UNSIGNED NOT NULL AUTO_INCREMENT,
  `slug` varchar(191) COLLATE utf8mb4_unicode_ci NOT NULL,
  `is_active` tinyint(1) NOT NULL,
  `created_at` timestamp NULL DEFAULT NULL,
  `updated_at` timestamp NULL DEFAULT NULL,
  PRIMARY KEY (`id`),
  UNIQUE KEY `brands_slug_unique` (`slug`)
) ENGINE=InnoDB AUTO_INCREMENT=33 DEFAULT CHARSET=utf8mb4 COLLATE=utf8mb4_unicode_ci;

--
-- Dumping data for table `brands`
--

INSERT INTO `brands` (`id`, `slug`, `is_active`, `created_at`, `updated_at`) VALUES
(8, 'apple', 1, '2020-07-20 10:06:12', '2020-07-20 10:06:12'),
(9, 'apple-QJzaWCsk', 1, '2020-07-20 10:07:38', '2020-07-20 10:07:38'),
(10, 'huawei', 1, '2020-08-02 09:22:38', '2020-08-02 09:22:38'),
(12, 'hp', 1, '2020-08-02 09:24:46', '2020-08-02 09:24:46'),
(13, 'dell', 1, '2020-08-02 09:26:38', '2020-08-02 09:26:38'),
(14, 'acer', 1, '2020-08-02 09:27:20', '2020-08-02 09:27:20'),
(15, 'asus', 1, '2020-08-02 09:28:12', '2020-08-02 09:28:12'),
(16, 'microsoft', 1, '2020-08-02 09:28:43', '2020-08-02 09:28:43'),
(17, 'lenovo', 1, '2020-08-02 09:29:17', '2020-08-02 09:29:17'),
(18, 'reebok', 1, '2020-08-02 09:30:00', '2020-08-02 09:30:00'),
(19, 'msi', 1, '2020-08-02 09:30:30', '2020-08-02 09:30:30'),
(20, 'lg', 1, '2020-08-02 09:31:18', '2020-08-02 09:31:18'),
(21, 'beats', 1, '2020-08-02 09:31:53', '2020-08-02 09:31:53'),
(22, 'adidas', 0, '2020-08-02 09:32:49', '2021-01-05 18:59:33'),
(23, 'nike', 0, '2020-08-02 09:33:36', '2021-01-05 18:59:22'),
(24, 'sony', 1, '2020-08-02 09:34:22', '2020-08-02 09:34:22'),
(25, 'nokia', 1, '2020-08-02 09:34:50', '2020-08-02 09:34:50'),
(28, 'huawei-HL01EkS5', 1, '2021-01-04 12:30:45', '2021-01-04 12:30:45'),
(29, 'honor', 1, '2021-01-04 12:31:36', '2021-01-04 12:31:36'),
(30, 'oppo', 1, '2021-01-04 12:32:12', '2021-01-04 12:32:12'),
(32, 'smart-komyrs', 1, '2021-02-15 09:36:00', '2021-02-15 09:36:00');

-- --------------------------------------------------------

--
-- Table structure for table `brand_translations`
--

DROP TABLE IF EXISTS `brand_translations`;
CREATE TABLE IF NOT EXISTS `brand_translations` (
  `id` int(10) UNSIGNED NOT NULL AUTO_INCREMENT,
  `brand_id` int(11) NOT NULL,
  `locale` varchar(191) COLLATE utf8mb4_unicode_ci NOT NULL,
  `name` varchar(191) COLLATE utf8mb4_unicode_ci NOT NULL,
  PRIMARY KEY (`id`),
  UNIQUE KEY `brand_translations_brand_id_locale_unique` (`brand_id`,`locale`)
) ENGINE=InnoDB AUTO_INCREMENT=33 DEFAULT CHARSET=utf8mb4 COLLATE=utf8mb4_unicode_ci;

--
-- Dumping data for table `brand_translations`
--

INSERT INTO `brand_translations` (`id`, `brand_id`, `locale`, `name`) VALUES
(1, 1, 'ar', 'fair and lovely'),
(2, 2, 'ar', 'ريكسونا'),
(3, 3, 'ar', 'eva'),
(4, 4, 'ar', 'هيد اند شولدرز'),
(5, 5, 'ar', 'vatica'),
(6, 6, 'ar', 'dove'),
(7, 7, 'ar', 'سباركل'),
(8, 8, 'ar', 'Apple'),
(9, 9, 'ar', 'Samsung'),
(10, 10, 'ar', 'Huawei'),
(11, 11, 'ar', 'OnePlus'),
(12, 12, 'ar', 'HP'),
(13, 13, 'ar', 'Dell'),
(14, 14, 'ar', 'Acer'),
(15, 15, 'ar', 'ASUS'),
(16, 16, 'ar', 'Microsoft'),
(17, 17, 'ar', 'Lenovo'),
(18, 18, 'ar', 'Reebok'),
(19, 19, 'ar', 'MSI'),
(20, 20, 'ar', 'LG'),
(21, 21, 'ar', 'Beats'),
(22, 22, 'ar', 'Adidas'),
(23, 23, 'ar', 'NIKE'),
(24, 24, 'ar', 'SONY'),
(25, 25, 'ar', 'NOKIA'),
(26, 26, 'ar', 'قائمة'),
(27, 27, 'ar', 'rolex'),
(28, 28, 'ar', 'Huawei'),
(29, 29, 'ar', 'Honor'),
(30, 30, 'ar', 'Oppo'),
(31, 31, 'ar', 'egtaz'),
(32, 32, 'ar', 'سمارت كوميرس');

-- --------------------------------------------------------

--
-- Table structure for table `categories`
--

DROP TABLE IF EXISTS `categories`;
CREATE TABLE IF NOT EXISTS `categories` (
  `id` int(10) UNSIGNED NOT NULL AUTO_INCREMENT,
  `parent_id` int(10) UNSIGNED DEFAULT NULL,
  `slug` varchar(191) COLLATE utf8mb4_unicode_ci NOT NULL,
  `position` int(10) UNSIGNED DEFAULT NULL,
  `is_searchable` tinyint(1) NOT NULL,
  `is_active` tinyint(1) NOT NULL,
  `created_at` timestamp NULL DEFAULT NULL,
  `updated_at` timestamp NULL DEFAULT NULL,
  PRIMARY KEY (`id`),
  UNIQUE KEY `categories_slug_unique` (`slug`),
  KEY `categories_parent_id_foreign` (`parent_id`)
) ENGINE=InnoDB AUTO_INCREMENT=160 DEFAULT CHARSET=utf8mb4 COLLATE=utf8mb4_unicode_ci;

--
-- Dumping data for table `categories`
--

INSERT INTO `categories` (`id`, `parent_id`, `slug`, `position`, `is_searchable`, `is_active`, `created_at`, `updated_at`) VALUES
(22, NULL, 'hoatf-thky', 0, 1, 1, '2020-07-31 21:31:31', '2021-02-09 16:08:26'),
(24, 22, 'androyd', 2, 1, 1, '2020-07-31 21:32:23', '2021-02-09 16:08:26'),
(25, 22, 'ayfon', 1, 1, 1, '2020-07-31 21:32:34', '2021-02-09 16:08:26'),
(28, NULL, 'akssoarat-mobayl', 7, 1, 1, '2020-07-31 21:35:49', '2021-02-09 16:08:26'),
(29, 28, 'hafthat-mobayl', 10, 0, 1, '2020-07-31 21:36:53', '2021-02-09 16:08:26'),
(31, NULL, 'shoahn', 18, 0, 1, '2020-07-31 21:39:31', '2021-02-09 16:08:26'),
(32, NULL, 'baor-bank', 17, 0, 1, '2020-07-31 21:40:09', '2021-02-09 16:08:26'),
(33, 28, 'smaaaat-ras-blototh', 9, 0, 1, '2020-07-31 21:41:09', '2021-02-09 16:08:26'),
(34, NULL, 'smaaaat-slkyh', 19, 0, 1, '2020-07-31 21:41:37', '2021-02-09 16:08:26'),
(37, NULL, 'markat-aaalmy', 3, 0, 1, '2020-07-31 21:45:24', '2021-02-09 16:08:26'),
(39, 37, 'samsung', 6, 0, 1, '2020-07-31 21:47:55', '2021-02-09 16:08:26'),
(40, 37, 'oppo', 5, 0, 1, '2020-07-31 21:49:20', '2021-02-09 16:08:26'),
(41, 37, 'huawei', 4, 0, 1, '2020-07-31 21:50:08', '2021-02-09 16:08:26'),
(94, 146, 'mtmyz-Sobyfsx9', 12, 0, 1, '2020-08-02 01:46:17', '2021-02-09 16:08:26'),
(95, 146, 'ayfon-ZDLYvWFd', 14, 0, 1, '2020-08-02 01:46:31', '2021-02-09 16:08:26'),
(96, 146, 'androyd-WC3nToi1', 13, 0, 1, '2020-08-02 01:47:05', '2021-02-09 16:08:26'),
(146, NULL, 'hoatf-mstaamlh', 11, 1, 1, '2021-01-03 03:01:15', '2021-02-09 16:08:26'),
(147, 28, 'shoahn-mtnkl-mholat-altak-almhmol', 8, 1, 1, '2021-01-06 18:26:31', '2021-02-09 16:08:26'),
(148, NULL, 'alhafthat-oalaghty', 15, 1, 1, '2021-01-06 18:27:59', '2021-02-09 16:08:26'),
(149, NULL, 'kablat-albyanat', 16, 0, 1, '2021-01-06 18:28:47', '2021-02-09 16:08:26'),
(150, NULL, 'akssorat-syarat', 20, 0, 1, '2021-01-10 12:15:55', '2021-02-09 16:08:26'),
(158, NULL, 'smart-komyrs', NULL, 1, 1, '2021-02-15 09:26:43', '2021-02-15 09:26:43'),
(159, 158, 'almtgr-alalktrony', NULL, 1, 1, '2021-02-15 09:30:03', '2021-02-15 09:30:03');

-- --------------------------------------------------------

--
-- Table structure for table `category_translations`
--

DROP TABLE IF EXISTS `category_translations`;
CREATE TABLE IF NOT EXISTS `category_translations` (
  `id` int(10) UNSIGNED NOT NULL AUTO_INCREMENT,
  `category_id` int(10) UNSIGNED NOT NULL,
  `locale` varchar(191) COLLATE utf8mb4_unicode_ci NOT NULL,
  `name` varchar(191) COLLATE utf8mb4_unicode_ci NOT NULL,
  PRIMARY KEY (`id`),
  UNIQUE KEY `category_translations_category_id_locale_unique` (`category_id`,`locale`)
) ENGINE=InnoDB AUTO_INCREMENT=187 DEFAULT CHARSET=utf8mb4 COLLATE=utf8mb4_unicode_ci;

--
-- Dumping data for table `category_translations`
--

INSERT INTO `category_translations` (`id`, `category_id`, `locale`, `name`) VALUES
(22, 22, 'ar', 'هواتف ذكية'),
(24, 24, 'ar', 'اندرويد'),
(25, 25, 'ar', 'ايفون'),
(28, 28, 'ar', 'اكسسورات الموبيل'),
(29, 29, 'ar', 'حافظات موبايل'),
(31, 31, 'ar', 'شواحن'),
(32, 32, 'ar', 'باور بانك'),
(33, 33, 'ar', 'سماعات رأس بلوتوث'),
(34, 34, 'ar', 'سماعات سلكيه'),
(37, 37, 'ar', 'ماركات عالمية'),
(39, 39, 'ar', 'سامسونج'),
(40, 40, 'ar', 'اوبو'),
(41, 41, 'ar', 'هواوي'),
(94, 94, 'ar', 'متميز'),
(95, 95, 'ar', 'ايفون'),
(96, 96, 'ar', 'اندرويد'),
(147, 146, 'ar', 'هواتف مستعمله'),
(148, 146, 'en', 'used phones'),
(150, 22, 'en', 'Smart Phones'),
(153, 25, 'en', 'Iphone'),
(154, 24, 'en', 'Android'),
(155, 37, 'en', 'Global brands'),
(157, 28, 'en', 'Mobile accessories'),
(158, 34, 'en', 'Wired headphones'),
(159, 33, 'en', 'Bluetooth headphones'),
(160, 32, 'en', 'Power banks'),
(161, 31, 'en', 'Chargers'),
(163, 29, 'en', 'Mobile covers'),
(165, 96, 'en', 'Android'),
(166, 147, 'ar', 'شواحن متنقلة محولات الطاقة المحمولة'),
(167, 148, 'ar', 'الحافظات والأغطية'),
(168, 149, 'ar', 'كابلات البيانات'),
(169, 147, 'en', 'Portable chargers portable power adapters'),
(170, 148, 'en', 'Covers'),
(171, 149, 'en', 'Cables'),
(172, 94, 'en', 'Special'),
(173, 95, 'en', 'Iphone'),
(174, 150, 'ar', 'اكسسورات سيارات'),
(175, 150, 'en', 'Car accessories'),
(185, 158, 'ar', 'سمارت كوميرس'),
(186, 159, 'ar', 'المتجر الالكتروني');

-- --------------------------------------------------------

--
-- Table structure for table `coupons`
--

DROP TABLE IF EXISTS `coupons`;
CREATE TABLE IF NOT EXISTS `coupons` (
  `id` int(10) UNSIGNED NOT NULL AUTO_INCREMENT,
  `code` varchar(191) COLLATE utf8mb4_unicode_ci NOT NULL,
  `value` decimal(18,4) UNSIGNED DEFAULT NULL,
  `is_percent` tinyint(1) NOT NULL,
  `free_shipping` tinyint(1) NOT NULL,
  `minimum_spend` decimal(18,4) UNSIGNED DEFAULT NULL,
  `maximum_spend` decimal(18,4) UNSIGNED DEFAULT NULL,
  `usage_limit_per_coupon` int(10) UNSIGNED DEFAULT NULL,
  `usage_limit_per_customer` int(10) UNSIGNED DEFAULT NULL,
  `used` int(11) NOT NULL DEFAULT '0',
  `is_active` tinyint(1) NOT NULL,
  `start_date` date DEFAULT NULL,
  `end_date` date DEFAULT NULL,
  `deleted_at` timestamp NULL DEFAULT NULL,
  `created_at` timestamp NULL DEFAULT NULL,
  `updated_at` timestamp NULL DEFAULT NULL,
  PRIMARY KEY (`id`),
  KEY `coupons_code_index` (`code`)
) ENGINE=InnoDB AUTO_INCREMENT=7 DEFAULT CHARSET=utf8mb4 COLLATE=utf8mb4_unicode_ci;

--
-- Dumping data for table `coupons`
--

INSERT INTO `coupons` (`id`, `code`, `value`, `is_percent`, `free_shipping`, `minimum_spend`, `maximum_spend`, `usage_limit_per_coupon`, `usage_limit_per_customer`, `used`, `is_active`, `start_date`, `end_date`, `deleted_at`, `created_at`, `updated_at`) VALUES
(1, '23s28sd', '20.0000', 1, 1, '1000.0000', '5000.0000', 5, 1, 0, 1, '2020-08-04', '2020-08-05', NULL, '2020-08-04 09:13:25', '2020-08-04 09:13:25'),
(2, '123456', '200.0000', 0, 1, '2000.0000', '10000.0000', NULL, NULL, 0, 1, '2020-12-22', '2021-02-26', NULL, '2020-12-22 19:36:45', '2021-01-10 02:54:31'),
(3, '123123', '20.0000', 1, 1, '1500.0000', '25000.0000', 2500, 1500, 0, 1, '2021-01-03', '2021-03-13', NULL, '2021-01-03 04:51:45', '2021-01-03 04:51:45'),
(4, '254785', '1000.0000', 0, 1, '2000.0000', NULL, 50, 50, 0, 1, '2021-01-03', '2021-03-28', NULL, '2021-01-03 17:33:36', '2021-03-01 02:55:53'),
(5, 'Free500', '50.0000', 1, 1, '50.0000', '100.0000', 1, 1, 0, 1, '2021-02-15', '2021-02-28', '2021-02-15 11:21:07', '2021-02-15 11:08:27', '2021-02-15 11:21:07'),
(6, 'Free300', '30.0000', 1, 1, '20.0000', '100.0000', 1, 1, 0, 1, '2021-02-15', '2021-02-28', '2021-02-15 11:21:07', '2021-02-15 11:20:47', '2021-02-15 11:21:07');

-- --------------------------------------------------------

--
-- Table structure for table `coupon_categories`
--

DROP TABLE IF EXISTS `coupon_categories`;
CREATE TABLE IF NOT EXISTS `coupon_categories` (
  `coupon_id` int(10) UNSIGNED NOT NULL,
  `category_id` int(10) UNSIGNED NOT NULL,
  `exclude` tinyint(1) NOT NULL DEFAULT '0',
  PRIMARY KEY (`coupon_id`,`category_id`,`exclude`),
  KEY `coupon_categories_category_id_foreign` (`category_id`)
) ENGINE=InnoDB DEFAULT CHARSET=utf8mb4 COLLATE=utf8mb4_unicode_ci;

--
-- Dumping data for table `coupon_categories`
--

INSERT INTO `coupon_categories` (`coupon_id`, `category_id`, `exclude`) VALUES
(2, 22, 0),
(2, 24, 0),
(2, 33, 1),
(2, 37, 0),
(2, 147, 1),
(2, 148, 1);

-- --------------------------------------------------------

--
-- Table structure for table `coupon_products`
--

DROP TABLE IF EXISTS `coupon_products`;
CREATE TABLE IF NOT EXISTS `coupon_products` (
  `coupon_id` int(10) UNSIGNED NOT NULL,
  `product_id` int(10) UNSIGNED NOT NULL,
  `exclude` tinyint(1) NOT NULL DEFAULT '0',
  PRIMARY KEY (`coupon_id`,`product_id`),
  KEY `coupon_products_product_id_foreign` (`product_id`)
) ENGINE=InnoDB DEFAULT CHARSET=utf8mb4 COLLATE=utf8mb4_unicode_ci;

--
-- Dumping data for table `coupon_products`
--

INSERT INTO `coupon_products` (`coupon_id`, `product_id`, `exclude`) VALUES
(2, 41, 0),
(2, 46, 1),
(2, 51, 0),
(2, 56, 1),
(3, 151, 0),
(3, 152, 1);

-- --------------------------------------------------------

--
-- Table structure for table `coupon_translations`
--

DROP TABLE IF EXISTS `coupon_translations`;
CREATE TABLE IF NOT EXISTS `coupon_translations` (
  `id` int(10) UNSIGNED NOT NULL AUTO_INCREMENT,
  `coupon_id` int(10) UNSIGNED NOT NULL,
  `locale` varchar(191) COLLATE utf8mb4_unicode_ci NOT NULL,
  `name` varchar(191) COLLATE utf8mb4_unicode_ci NOT NULL,
  PRIMARY KEY (`id`),
  UNIQUE KEY `coupon_translations_coupon_id_locale_unique` (`coupon_id`,`locale`)
) ENGINE=InnoDB AUTO_INCREMENT=7 DEFAULT CHARSET=utf8mb4 COLLATE=utf8mb4_unicode_ci;

--
-- Dumping data for table `coupon_translations`
--

INSERT INTO `coupon_translations` (`id`, `coupon_id`, `locale`, `name`) VALUES
(1, 1, 'ar', 'كوبون العروض'),
(2, 2, 'ar', 'خصومات'),
(3, 3, 'ar', 'كوبون خصم للساعات'),
(4, 4, 'ar', 'خصم الموسم'),
(5, 5, 'ar', 'عرض لفترة محدودة'),
(6, 6, 'ar', 'smartcommerce');

-- --------------------------------------------------------

--
-- Table structure for table `cross_sell_products`
--

DROP TABLE IF EXISTS `cross_sell_products`;
CREATE TABLE IF NOT EXISTS `cross_sell_products` (
  `product_id` int(10) UNSIGNED NOT NULL,
  `cross_sell_product_id` int(10) UNSIGNED NOT NULL,
  PRIMARY KEY (`product_id`,`cross_sell_product_id`),
  KEY `cross_sell_products_cross_sell_product_id_foreign` (`cross_sell_product_id`)
) ENGINE=InnoDB DEFAULT CHARSET=utf8mb4 COLLATE=utf8mb4_unicode_ci;

--
-- Dumping data for table `cross_sell_products`
--

INSERT INTO `cross_sell_products` (`product_id`, `cross_sell_product_id`) VALUES
(23, 17),
(23, 18),
(190, 37),
(190, 38),
(190, 39),
(190, 40),
(190, 41),
(190, 42),
(159, 131),
(150, 140),
(150, 141),
(150, 142),
(150, 143),
(157, 148),
(151, 149),
(152, 149),
(152, 151),
(151, 152),
(157, 156),
(159, 158),
(180, 170),
(181, 173),
(180, 174),
(180, 175),
(181, 175),
(180, 176),
(181, 176),
(180, 177),
(181, 177),
(187, 180),
(188, 180),
(189, 180),
(191, 180),
(187, 182),
(188, 182),
(189, 182),
(191, 182),
(187, 183),
(188, 183),
(191, 183),
(188, 184),
(189, 184),
(191, 184),
(194, 184),
(189, 185),
(194, 185),
(195, 185),
(187, 186),
(189, 186),
(194, 186),
(195, 186),
(193, 188),
(193, 189),
(193, 190),
(193, 191),
(195, 191),
(196, 191),
(196, 192),
(195, 193),
(196, 195),
(213, 203),
(213, 205),
(215, 205),
(215, 206),
(213, 207),
(214, 207),
(215, 207),
(217, 207),
(214, 208),
(215, 208),
(217, 208),
(214, 209),
(215, 209),
(217, 209),
(214, 210),
(216, 210),
(217, 210),
(216, 211),
(217, 211),
(216, 212);

-- --------------------------------------------------------

--
-- Table structure for table `currency_rates`
--

DROP TABLE IF EXISTS `currency_rates`;
CREATE TABLE IF NOT EXISTS `currency_rates` (
  `id` int(10) UNSIGNED NOT NULL AUTO_INCREMENT,
  `currency` varchar(191) COLLATE utf8mb4_unicode_ci NOT NULL,
  `rate` decimal(8,4) DEFAULT NULL,
  `created_at` timestamp NULL DEFAULT NULL,
  `updated_at` timestamp NULL DEFAULT NULL,
  PRIMARY KEY (`id`),
  UNIQUE KEY `currency_rates_currency_unique` (`currency`)
) ENGINE=InnoDB AUTO_INCREMENT=4 DEFAULT CHARSET=utf8mb4 COLLATE=utf8mb4_unicode_ci;

--
-- Dumping data for table `currency_rates`
--

INSERT INTO `currency_rates` (`id`, `currency`, `rate`, `created_at`, `updated_at`) VALUES
(1, 'USD', '16.0000', '2020-06-10 06:31:17', '2021-01-03 17:50:38'),
(2, 'BHD', '1.0000', '2020-06-11 10:07:37', '2020-06-11 10:07:37'),
(3, 'EGP', '1.0000', '2020-07-20 09:39:00', '2020-07-20 09:39:00');

-- --------------------------------------------------------

--
-- Table structure for table `entity_files`
--

DROP TABLE IF EXISTS `entity_files`;
CREATE TABLE IF NOT EXISTS `entity_files` (
  `id` int(10) UNSIGNED NOT NULL AUTO_INCREMENT,
  `file_id` int(10) UNSIGNED NOT NULL,
  `entity_type` varchar(191) COLLATE utf8mb4_unicode_ci NOT NULL,
  `entity_id` bigint(20) UNSIGNED NOT NULL,
  `zone` varchar(191) COLLATE utf8mb4_unicode_ci NOT NULL,
  `created_at` timestamp NULL DEFAULT NULL,
  `updated_at` timestamp NULL DEFAULT NULL,
  PRIMARY KEY (`id`),
  KEY `entity_files_entity_type_entity_id_index` (`entity_type`,`entity_id`),
  KEY `entity_files_file_id_index` (`file_id`),
  KEY `entity_files_zone_index` (`zone`)
) ENGINE=InnoDB AUTO_INCREMENT=2192 DEFAULT CHARSET=utf8mb4 COLLATE=utf8mb4_unicode_ci;

--
-- Dumping data for table `entity_files`
--

INSERT INTO `entity_files` (`id`, `file_id`, `entity_type`, `entity_id`, `zone`, `created_at`, `updated_at`) VALUES
(86, 89, 'Modules\\Brand\\Entities\\Brand', 8, 'banner', '2020-07-20 10:06:12', '2020-07-20 10:06:12'),
(90, 91, 'Modules\\Brand\\Entities\\Brand', 9, 'banner', '2020-07-20 10:09:15', '2020-07-20 10:09:15'),
(98, 91, 'Modules\\Category\\Entities\\Category', 35, 'banner', '2020-07-31 21:43:16', '2020-07-31 21:43:16'),
(106, 121, 'Modules\\Category\\Entities\\Category', 43, 'logo', '2020-07-31 22:30:59', '2020-07-31 22:30:59'),
(107, 89, 'Modules\\Category\\Entities\\Category', 43, 'banner', '2020-07-31 22:30:59', '2020-07-31 22:30:59'),
(108, 122, 'Modules\\Category\\Entities\\Category', 53, 'logo', '2020-07-31 22:48:14', '2020-07-31 22:48:14'),
(116, 126, 'Modules\\Menu\\Entities\\MenuItem', 19, 'background_image', '2020-08-02 02:08:35', '2020-08-02 02:08:35'),
(118, 125, 'Modules\\Menu\\Entities\\MenuItem', 11, 'background_image', '2020-08-02 02:10:45', '2020-08-02 02:10:45'),
(120, 127, 'Modules\\Category\\Entities\\Category', 101, 'logo', '2020-08-02 08:50:06', '2020-08-02 08:50:06'),
(122, 129, 'Modules\\Category\\Entities\\Category', 102, 'logo', '2020-08-02 08:53:47', '2020-08-02 08:53:47'),
(123, 130, 'Modules\\Category\\Entities\\Category', 103, 'logo', '2020-08-02 08:56:47', '2020-08-02 08:56:47'),
(548, 201, 'Modules\\Product\\Entities\\Product', 30, 'base_image', '2020-08-09 02:25:26', '2020-08-09 02:25:26'),
(549, 200, 'Modules\\Product\\Entities\\Product', 30, 'additional_images', '2020-08-09 02:25:26', '2020-08-09 02:25:26'),
(550, 201, 'Modules\\Product\\Entities\\Product', 30, 'additional_images', '2020-08-09 02:25:26', '2020-08-09 02:25:26'),
(551, 198, 'Modules\\Product\\Entities\\Product', 30, 'additional_images', '2020-08-09 02:25:26', '2020-08-09 02:25:26'),
(552, 199, 'Modules\\Product\\Entities\\Product', 30, 'additional_images', '2020-08-09 02:25:26', '2020-08-09 02:25:26'),
(554, 197, 'Modules\\Product\\Entities\\Product', 30, 'additional_images', '2020-08-09 02:25:26', '2020-08-09 02:25:26'),
(563, 206, 'Modules\\Product\\Entities\\Product', 31, 'additional_images', '2020-08-09 02:31:03', '2020-08-09 02:31:03'),
(564, 207, 'Modules\\Product\\Entities\\Product', 31, 'additional_images', '2020-08-09 02:31:03', '2020-08-09 02:31:03'),
(565, 204, 'Modules\\Product\\Entities\\Product', 31, 'additional_images', '2020-08-09 02:31:03', '2020-08-09 02:31:03'),
(576, 211, 'Modules\\Product\\Entities\\Product', 32, 'additional_images', '2020-08-09 02:31:33', '2020-08-09 02:31:33'),
(577, 212, 'Modules\\Product\\Entities\\Product', 32, 'additional_images', '2020-08-09 02:31:33', '2020-08-09 02:31:33'),
(578, 213, 'Modules\\Product\\Entities\\Product', 32, 'additional_images', '2020-08-09 02:31:33', '2020-08-09 02:31:33'),
(579, 209, 'Modules\\Product\\Entities\\Product', 32, 'additional_images', '2020-08-09 02:31:33', '2020-08-09 02:31:33'),
(580, 210, 'Modules\\Product\\Entities\\Product', 32, 'additional_images', '2020-08-09 02:31:33', '2020-08-09 02:31:33'),
(581, 221, 'Modules\\Product\\Entities\\Product', 33, 'base_image', '2020-08-09 02:31:55', '2020-08-09 02:31:55'),
(582, 221, 'Modules\\Product\\Entities\\Product', 33, 'additional_images', '2020-08-09 02:31:55', '2020-08-09 02:31:55'),
(583, 218, 'Modules\\Product\\Entities\\Product', 33, 'additional_images', '2020-08-09 02:31:55', '2020-08-09 02:31:55'),
(584, 219, 'Modules\\Product\\Entities\\Product', 33, 'additional_images', '2020-08-09 02:31:55', '2020-08-09 02:31:55'),
(585, 220, 'Modules\\Product\\Entities\\Product', 33, 'additional_images', '2020-08-09 02:31:55', '2020-08-09 02:31:55'),
(590, 227, 'Modules\\Product\\Entities\\Product', 34, 'base_image', '2020-08-09 02:32:09', '2020-08-09 02:32:09'),
(591, 227, 'Modules\\Product\\Entities\\Product', 34, 'additional_images', '2020-08-09 02:32:09', '2020-08-09 02:32:09'),
(592, 226, 'Modules\\Product\\Entities\\Product', 34, 'additional_images', '2020-08-09 02:32:09', '2020-08-09 02:32:09'),
(593, 224, 'Modules\\Product\\Entities\\Product', 34, 'additional_images', '2020-08-09 02:32:09', '2020-08-09 02:32:09'),
(594, 225, 'Modules\\Product\\Entities\\Product', 34, 'additional_images', '2020-08-09 02:32:09', '2020-08-09 02:32:09'),
(597, 232, 'Modules\\Product\\Entities\\Product', 35, 'base_image', '2020-08-09 02:32:18', '2020-08-09 02:32:18'),
(598, 232, 'Modules\\Product\\Entities\\Product', 35, 'additional_images', '2020-08-09 02:32:18', '2020-08-09 02:32:18'),
(599, 233, 'Modules\\Product\\Entities\\Product', 35, 'additional_images', '2020-08-09 02:32:18', '2020-08-09 02:32:18'),
(600, 230, 'Modules\\Product\\Entities\\Product', 35, 'additional_images', '2020-08-09 02:32:18', '2020-08-09 02:32:18'),
(601, 231, 'Modules\\Product\\Entities\\Product', 35, 'additional_images', '2020-08-09 02:32:18', '2020-08-09 02:32:18'),
(604, 236, 'Modules\\Product\\Entities\\Product', 36, 'base_image', '2020-08-09 02:32:28', '2020-08-09 02:32:28'),
(605, 236, 'Modules\\Product\\Entities\\Product', 36, 'additional_images', '2020-08-09 02:32:28', '2020-08-09 02:32:28'),
(606, 239, 'Modules\\Product\\Entities\\Product', 36, 'additional_images', '2020-08-09 02:32:28', '2020-08-09 02:32:28'),
(607, 240, 'Modules\\Product\\Entities\\Product', 36, 'additional_images', '2020-08-09 02:32:28', '2020-08-09 02:32:28'),
(608, 237, 'Modules\\Product\\Entities\\Product', 36, 'additional_images', '2020-08-09 02:32:28', '2020-08-09 02:32:28'),
(609, 238, 'Modules\\Product\\Entities\\Product', 36, 'additional_images', '2020-08-09 02:32:28', '2020-08-09 02:32:28'),
(612, 245, 'Modules\\Product\\Entities\\Product', 37, 'base_image', '2020-08-09 02:33:14', '2020-08-09 02:33:14'),
(613, 245, 'Modules\\Product\\Entities\\Product', 37, 'additional_images', '2020-08-09 02:33:14', '2020-08-09 02:33:14'),
(614, 244, 'Modules\\Product\\Entities\\Product', 37, 'additional_images', '2020-08-09 02:33:14', '2020-08-09 02:33:14'),
(617, 243, 'Modules\\Product\\Entities\\Product', 37, 'additional_images', '2020-08-09 02:33:14', '2020-08-09 02:33:14'),
(688, 302, 'Modules\\Product\\Entities\\Product', 47, 'base_image', '2020-08-09 02:37:27', '2020-08-09 02:37:27'),
(689, 307, 'Modules\\Product\\Entities\\Product', 47, 'additional_images', '2020-08-09 02:37:27', '2020-08-09 02:37:27'),
(694, 302, 'Modules\\Product\\Entities\\Product', 47, 'additional_images', '2020-08-09 02:37:27', '2020-08-09 02:37:27'),
(695, 308, 'Modules\\Product\\Entities\\Product', 48, 'base_image', '2020-08-09 02:37:37', '2020-08-09 02:37:37'),
(696, 313, 'Modules\\Product\\Entities\\Product', 48, 'additional_images', '2020-08-09 02:37:37', '2020-08-09 02:37:37'),
(697, 311, 'Modules\\Product\\Entities\\Product', 48, 'additional_images', '2020-08-09 02:37:37', '2020-08-09 02:37:37'),
(698, 312, 'Modules\\Product\\Entities\\Product', 48, 'additional_images', '2020-08-09 02:37:37', '2020-08-09 02:37:37'),
(699, 309, 'Modules\\Product\\Entities\\Product', 48, 'additional_images', '2020-08-09 02:37:37', '2020-08-09 02:37:37'),
(700, 310, 'Modules\\Product\\Entities\\Product', 48, 'additional_images', '2020-08-09 02:37:37', '2020-08-09 02:37:37'),
(701, 318, 'Modules\\Product\\Entities\\Product', 49, 'base_image', '2020-08-09 02:38:18', '2020-08-09 02:38:18'),
(702, 318, 'Modules\\Product\\Entities\\Product', 49, 'additional_images', '2020-08-09 02:38:18', '2020-08-09 02:38:18'),
(703, 319, 'Modules\\Product\\Entities\\Product', 49, 'additional_images', '2020-08-09 02:38:18', '2020-08-09 02:38:18'),
(705, 317, 'Modules\\Product\\Entities\\Product', 49, 'additional_images', '2020-08-09 02:38:18', '2020-08-09 02:38:18'),
(719, 331, 'Modules\\Product\\Entities\\Product', 52, 'base_image', '2020-08-09 02:39:28', '2020-08-09 02:39:28'),
(720, 333, 'Modules\\Product\\Entities\\Product', 52, 'additional_images', '2020-08-09 02:39:28', '2020-08-09 02:39:28'),
(721, 331, 'Modules\\Product\\Entities\\Product', 52, 'additional_images', '2020-08-09 02:39:28', '2020-08-09 02:39:28'),
(722, 332, 'Modules\\Product\\Entities\\Product', 52, 'additional_images', '2020-08-09 02:39:28', '2020-08-09 02:39:28'),
(724, 330, 'Modules\\Product\\Entities\\Product', 52, 'additional_images', '2020-08-09 02:39:28', '2020-08-09 02:39:28'),
(787, 391, 'Modules\\Product\\Entities\\Product', 62, 'base_image', '2020-08-09 02:41:54', '2020-08-09 02:41:54'),
(788, 393, 'Modules\\Product\\Entities\\Product', 62, 'additional_images', '2020-08-09 02:41:54', '2020-08-09 02:41:54'),
(789, 391, 'Modules\\Product\\Entities\\Product', 62, 'additional_images', '2020-08-09 02:41:54', '2020-08-09 02:41:54'),
(790, 392, 'Modules\\Product\\Entities\\Product', 62, 'additional_images', '2020-08-09 02:41:54', '2020-08-09 02:41:54'),
(796, 396, 'Modules\\Product\\Entities\\Product', 63, 'additional_images', '2020-08-09 02:42:08', '2020-08-09 02:42:08'),
(797, 397, 'Modules\\Product\\Entities\\Product', 63, 'additional_images', '2020-08-09 02:42:08', '2020-08-09 02:42:08'),
(800, 402, 'Modules\\Product\\Entities\\Product', 64, 'base_image', '2020-08-09 02:42:15', '2020-08-09 02:42:15'),
(802, 398, 'Modules\\Product\\Entities\\Product', 64, 'additional_images', '2020-08-09 02:42:15', '2020-08-09 02:42:15'),
(803, 401, 'Modules\\Product\\Entities\\Product', 64, 'additional_images', '2020-08-09 02:42:15', '2020-08-09 02:42:15'),
(804, 400, 'Modules\\Product\\Entities\\Product', 64, 'additional_images', '2020-08-09 02:42:15', '2020-08-09 02:42:15'),
(805, 402, 'Modules\\Product\\Entities\\Product', 64, 'additional_images', '2020-08-09 02:42:15', '2020-08-09 02:42:15'),
(807, 406, 'Modules\\Product\\Entities\\Product', 65, 'additional_images', '2020-08-09 02:42:24', '2020-08-09 02:42:24'),
(808, 405, 'Modules\\Product\\Entities\\Product', 65, 'additional_images', '2020-08-09 02:42:24', '2020-08-09 02:42:24'),
(809, 407, 'Modules\\Product\\Entities\\Product', 65, 'additional_images', '2020-08-09 02:42:24', '2020-08-09 02:42:24'),
(810, 408, 'Modules\\Product\\Entities\\Product', 65, 'additional_images', '2020-08-09 02:42:24', '2020-08-09 02:42:24'),
(812, 412, 'Modules\\Product\\Entities\\Product', 66, 'base_image', '2020-08-09 02:42:38', '2020-08-09 02:42:38'),
(813, 413, 'Modules\\Product\\Entities\\Product', 66, 'additional_images', '2020-08-09 02:42:38', '2020-08-09 02:42:38'),
(814, 414, 'Modules\\Product\\Entities\\Product', 66, 'additional_images', '2020-08-09 02:42:38', '2020-08-09 02:42:38'),
(815, 411, 'Modules\\Product\\Entities\\Product', 66, 'additional_images', '2020-08-09 02:42:38', '2020-08-09 02:42:38'),
(816, 412, 'Modules\\Product\\Entities\\Product', 66, 'additional_images', '2020-08-09 02:42:38', '2020-08-09 02:42:38'),
(842, 437, 'Modules\\Product\\Entities\\Product', 71, 'base_image', '2020-08-09 03:08:01', '2020-08-09 03:08:01'),
(845, 438, 'Modules\\Product\\Entities\\Product', 71, 'additional_images', '2020-08-09 03:08:01', '2020-08-09 03:08:01'),
(846, 437, 'Modules\\Product\\Entities\\Product', 71, 'additional_images', '2020-08-09 03:08:01', '2020-08-09 03:08:01'),
(847, 439, 'Modules\\Product\\Entities\\Product', 71, 'additional_images', '2020-08-09 03:08:01', '2020-08-09 03:08:01'),
(851, 443, 'Modules\\Product\\Entities\\Product', 72, 'additional_images', '2020-08-09 03:18:57', '2020-08-09 03:18:57'),
(853, 445, 'Modules\\Product\\Entities\\Product', 72, 'additional_images', '2020-08-09 03:18:57', '2020-08-09 03:18:57'),
(854, 444, 'Modules\\Product\\Entities\\Product', 72, 'additional_images', '2020-08-09 03:18:57', '2020-08-09 03:18:57'),
(855, 450, 'Modules\\Product\\Entities\\Product', 73, 'base_image', '2020-08-09 03:23:03', '2020-08-09 03:23:03'),
(858, 449, 'Modules\\Product\\Entities\\Product', 73, 'additional_images', '2020-08-09 03:23:03', '2020-08-09 03:23:03'),
(860, 451, 'Modules\\Product\\Entities\\Product', 73, 'additional_images', '2020-08-09 03:23:03', '2020-08-09 03:23:03'),
(861, 450, 'Modules\\Product\\Entities\\Product', 73, 'additional_images', '2020-08-09 03:23:03', '2020-08-09 03:23:03'),
(862, 455, 'Modules\\Product\\Entities\\Product', 74, 'base_image', '2020-08-09 03:28:21', '2020-08-09 03:28:21'),
(863, 453, 'Modules\\Product\\Entities\\Product', 74, 'additional_images', '2020-08-09 03:28:21', '2020-08-09 03:28:21'),
(865, 455, 'Modules\\Product\\Entities\\Product', 74, 'additional_images', '2020-08-09 03:28:21', '2020-08-09 03:28:21'),
(866, 454, 'Modules\\Product\\Entities\\Product', 74, 'additional_images', '2020-08-09 03:28:21', '2020-08-09 03:28:21'),
(867, 456, 'Modules\\Product\\Entities\\Product', 74, 'additional_images', '2020-08-09 03:28:21', '2020-08-09 03:28:21'),
(875, 459, 'Modules\\Product\\Entities\\Product', 75, 'base_image', '2020-08-09 03:35:51', '2020-08-09 03:35:51'),
(877, 459, 'Modules\\Product\\Entities\\Product', 75, 'additional_images', '2020-08-09 03:35:51', '2020-08-09 03:35:51'),
(879, 460, 'Modules\\Product\\Entities\\Product', 75, 'additional_images', '2020-08-09 03:35:51', '2020-08-09 03:35:51'),
(880, 462, 'Modules\\Product\\Entities\\Product', 75, 'additional_images', '2020-08-09 03:35:51', '2020-08-09 03:35:51'),
(881, 461, 'Modules\\Product\\Entities\\Product', 75, 'additional_images', '2020-08-09 03:35:51', '2020-08-09 03:35:51'),
(882, 467, 'Modules\\Product\\Entities\\Product', 76, 'base_image', '2020-08-09 03:42:00', '2020-08-09 03:42:00'),
(885, 466, 'Modules\\Product\\Entities\\Product', 76, 'additional_images', '2020-08-09 03:42:00', '2020-08-09 03:42:00'),
(887, 467, 'Modules\\Product\\Entities\\Product', 76, 'additional_images', '2020-08-09 03:42:00', '2020-08-09 03:42:00'),
(888, 468, 'Modules\\Product\\Entities\\Product', 76, 'additional_images', '2020-08-09 03:42:00', '2020-08-09 03:42:00'),
(889, 472, 'Modules\\Product\\Entities\\Product', 77, 'base_image', '2020-08-09 03:44:25', '2020-08-09 03:44:25'),
(891, 469, 'Modules\\Product\\Entities\\Product', 77, 'additional_images', '2020-08-09 03:44:25', '2020-08-09 03:44:25'),
(892, 472, 'Modules\\Product\\Entities\\Product', 77, 'additional_images', '2020-08-09 03:44:25', '2020-08-09 03:44:25'),
(893, 471, 'Modules\\Product\\Entities\\Product', 77, 'additional_images', '2020-08-09 03:44:25', '2020-08-09 03:44:25'),
(894, 473, 'Modules\\Product\\Entities\\Product', 77, 'additional_images', '2020-08-09 03:44:25', '2020-08-09 03:44:25'),
(895, 478, 'Modules\\Product\\Entities\\Product', 78, 'base_image', '2020-08-09 03:49:15', '2020-08-09 03:49:15'),
(897, 474, 'Modules\\Product\\Entities\\Product', 78, 'additional_images', '2020-08-09 03:49:15', '2020-08-09 03:49:15'),
(898, 476, 'Modules\\Product\\Entities\\Product', 78, 'additional_images', '2020-08-09 03:49:15', '2020-08-09 03:49:15'),
(899, 478, 'Modules\\Product\\Entities\\Product', 78, 'additional_images', '2020-08-09 03:49:15', '2020-08-09 03:49:15'),
(900, 477, 'Modules\\Product\\Entities\\Product', 78, 'additional_images', '2020-08-09 03:49:15', '2020-08-09 03:49:15'),
(901, 479, 'Modules\\Product\\Entities\\Product', 78, 'additional_images', '2020-08-09 03:49:15', '2020-08-09 03:49:15'),
(905, 483, 'Modules\\Product\\Entities\\Product', 79, 'additional_images', '2020-08-09 03:53:35', '2020-08-09 03:53:35'),
(907, 484, 'Modules\\Product\\Entities\\Product', 79, 'additional_images', '2020-08-09 03:53:35', '2020-08-09 03:53:35'),
(908, 491, 'Modules\\Product\\Entities\\Product', 80, 'base_image', '2020-08-09 04:09:50', '2020-08-09 04:09:50'),
(911, 488, 'Modules\\Product\\Entities\\Product', 80, 'additional_images', '2020-08-09 04:09:50', '2020-08-09 04:09:50'),
(913, 490, 'Modules\\Product\\Entities\\Product', 80, 'additional_images', '2020-08-09 04:09:50', '2020-08-09 04:09:50'),
(914, 489, 'Modules\\Product\\Entities\\Product', 80, 'additional_images', '2020-08-09 04:09:50', '2020-08-09 04:09:50'),
(915, 491, 'Modules\\Product\\Entities\\Product', 80, 'additional_images', '2020-08-09 04:09:50', '2020-08-09 04:09:50'),
(917, 496, 'Modules\\Product\\Entities\\Product', 81, 'additional_images', '2020-08-09 04:12:51', '2020-08-09 04:12:51'),
(918, 497, 'Modules\\Product\\Entities\\Product', 81, 'additional_images', '2020-08-09 04:12:51', '2020-08-09 04:12:51'),
(919, 494, 'Modules\\Product\\Entities\\Product', 81, 'additional_images', '2020-08-09 04:12:51', '2020-08-09 04:12:51'),
(920, 495, 'Modules\\Product\\Entities\\Product', 81, 'additional_images', '2020-08-09 04:12:51', '2020-08-09 04:12:51'),
(923, 503, 'Modules\\Product\\Entities\\Product', 82, 'base_image', '2020-08-09 04:15:29', '2020-08-09 04:15:29'),
(927, 500, 'Modules\\Product\\Entities\\Product', 82, 'additional_images', '2020-08-09 04:15:29', '2020-08-09 04:15:29'),
(928, 503, 'Modules\\Product\\Entities\\Product', 82, 'additional_images', '2020-08-09 04:15:29', '2020-08-09 04:15:29'),
(929, 502, 'Modules\\Product\\Entities\\Product', 82, 'additional_images', '2020-08-09 04:15:29', '2020-08-09 04:15:29'),
(930, 509, 'Modules\\Product\\Entities\\Product', 83, 'base_image', '2020-08-09 16:09:34', '2020-08-09 16:09:34'),
(931, 505, 'Modules\\Product\\Entities\\Product', 83, 'additional_images', '2020-08-09 16:09:34', '2020-08-09 16:09:34'),
(932, 504, 'Modules\\Product\\Entities\\Product', 83, 'additional_images', '2020-08-09 16:09:34', '2020-08-09 16:09:34'),
(933, 507, 'Modules\\Product\\Entities\\Product', 83, 'additional_images', '2020-08-09 16:09:34', '2020-08-09 16:09:34'),
(934, 506, 'Modules\\Product\\Entities\\Product', 83, 'additional_images', '2020-08-09 16:09:34', '2020-08-09 16:09:34'),
(935, 509, 'Modules\\Product\\Entities\\Product', 83, 'additional_images', '2020-08-09 16:09:34', '2020-08-09 16:09:34'),
(936, 508, 'Modules\\Product\\Entities\\Product', 83, 'additional_images', '2020-08-09 16:09:34', '2020-08-09 16:09:34'),
(937, 514, 'Modules\\Product\\Entities\\Product', 84, 'base_image', '2020-08-09 16:17:33', '2020-08-09 16:17:33'),
(940, 513, 'Modules\\Product\\Entities\\Product', 84, 'additional_images', '2020-08-09 16:17:33', '2020-08-09 16:17:33'),
(942, 515, 'Modules\\Product\\Entities\\Product', 84, 'additional_images', '2020-08-09 16:17:33', '2020-08-09 16:17:33'),
(943, 514, 'Modules\\Product\\Entities\\Product', 84, 'additional_images', '2020-08-09 16:17:33', '2020-08-09 16:17:33'),
(947, 519, 'Modules\\Product\\Entities\\Product', 85, 'additional_images', '2020-08-09 16:21:11', '2020-08-09 16:21:11'),
(948, 518, 'Modules\\Product\\Entities\\Product', 85, 'additional_images', '2020-08-09 16:21:11', '2020-08-09 16:21:11'),
(949, 520, 'Modules\\Product\\Entities\\Product', 85, 'additional_images', '2020-08-09 16:21:11', '2020-08-09 16:21:11'),
(950, 524, 'Modules\\Product\\Entities\\Product', 86, 'base_image', '2020-08-09 16:24:40', '2020-08-09 16:24:40'),
(952, 523, 'Modules\\Product\\Entities\\Product', 86, 'additional_images', '2020-08-09 16:24:40', '2020-08-09 16:24:40'),
(954, 525, 'Modules\\Product\\Entities\\Product', 86, 'additional_images', '2020-08-09 16:24:40', '2020-08-09 16:24:40'),
(955, 524, 'Modules\\Product\\Entities\\Product', 86, 'additional_images', '2020-08-09 16:24:40', '2020-08-09 16:24:40'),
(956, 531, 'Modules\\Product\\Entities\\Product', 87, 'base_image', '2020-08-09 16:27:55', '2020-08-09 16:27:55'),
(957, 531, 'Modules\\Product\\Entities\\Product', 87, 'additional_images', '2020-08-09 16:27:55', '2020-08-09 16:27:55'),
(958, 529, 'Modules\\Product\\Entities\\Product', 87, 'additional_images', '2020-08-09 16:27:55', '2020-08-09 16:27:55'),
(962, 530, 'Modules\\Product\\Entities\\Product', 87, 'additional_images', '2020-08-09 16:27:55', '2020-08-09 16:27:55'),
(963, 535, 'Modules\\Product\\Entities\\Product', 88, 'base_image', '2020-08-09 16:30:49', '2020-08-09 16:30:49'),
(964, 533, 'Modules\\Product\\Entities\\Product', 88, 'additional_images', '2020-08-09 16:30:49', '2020-08-09 16:30:49'),
(966, 536, 'Modules\\Product\\Entities\\Product', 88, 'additional_images', '2020-08-09 16:30:49', '2020-08-09 16:30:49'),
(967, 535, 'Modules\\Product\\Entities\\Product', 88, 'additional_images', '2020-08-09 16:30:49', '2020-08-09 16:30:49'),
(968, 534, 'Modules\\Product\\Entities\\Product', 88, 'additional_images', '2020-08-09 16:30:49', '2020-08-09 16:30:49'),
(969, 537, 'Modules\\Product\\Entities\\Product', 88, 'additional_images', '2020-08-09 16:30:49', '2020-08-09 16:30:49'),
(970, 540, 'Modules\\Product\\Entities\\Product', 89, 'base_image', '2020-08-09 16:34:09', '2020-08-09 16:34:09'),
(973, 541, 'Modules\\Product\\Entities\\Product', 89, 'additional_images', '2020-08-09 16:34:09', '2020-08-09 16:34:09'),
(974, 540, 'Modules\\Product\\Entities\\Product', 89, 'additional_images', '2020-08-09 16:34:09', '2020-08-09 16:34:09'),
(975, 543, 'Modules\\Product\\Entities\\Product', 89, 'additional_images', '2020-08-09 16:34:09', '2020-08-09 16:34:09'),
(976, 542, 'Modules\\Product\\Entities\\Product', 89, 'additional_images', '2020-08-09 16:34:09', '2020-08-09 16:34:09'),
(977, 547, 'Modules\\Product\\Entities\\Product', 90, 'base_image', '2020-08-09 16:37:37', '2020-08-09 16:37:37'),
(978, 547, 'Modules\\Product\\Entities\\Product', 90, 'additional_images', '2020-08-09 16:37:37', '2020-08-09 16:37:37'),
(979, 544, 'Modules\\Product\\Entities\\Product', 90, 'additional_images', '2020-08-09 16:37:37', '2020-08-09 16:37:37'),
(980, 545, 'Modules\\Product\\Entities\\Product', 90, 'additional_images', '2020-08-09 16:37:37', '2020-08-09 16:37:37'),
(981, 546, 'Modules\\Product\\Entities\\Product', 90, 'additional_images', '2020-08-09 16:37:37', '2020-08-09 16:37:37'),
(982, 548, 'Modules\\Product\\Entities\\Product', 90, 'additional_images', '2020-08-09 16:37:37', '2020-08-09 16:37:37'),
(983, 549, 'Modules\\Product\\Entities\\Product', 90, 'additional_images', '2020-08-09 16:37:37', '2020-08-09 16:37:37'),
(984, 551, 'Modules\\Product\\Entities\\Product', 91, 'base_image', '2020-08-09 16:41:01', '2020-08-09 16:41:01'),
(985, 551, 'Modules\\Product\\Entities\\Product', 91, 'additional_images', '2020-08-09 16:41:01', '2020-08-09 16:41:01'),
(986, 550, 'Modules\\Product\\Entities\\Product', 91, 'additional_images', '2020-08-09 16:41:01', '2020-08-09 16:41:01'),
(987, 553, 'Modules\\Product\\Entities\\Product', 91, 'additional_images', '2020-08-09 16:41:01', '2020-08-09 16:41:01'),
(988, 552, 'Modules\\Product\\Entities\\Product', 91, 'additional_images', '2020-08-09 16:41:01', '2020-08-09 16:41:01'),
(989, 555, 'Modules\\Product\\Entities\\Product', 91, 'additional_images', '2020-08-09 16:41:01', '2020-08-09 16:41:01'),
(990, 554, 'Modules\\Product\\Entities\\Product', 91, 'additional_images', '2020-08-09 16:41:01', '2020-08-09 16:41:01'),
(991, 556, 'Modules\\Product\\Entities\\Product', 91, 'additional_images', '2020-08-09 16:41:01', '2020-08-09 16:41:01'),
(992, 558, 'Modules\\Product\\Entities\\Product', 92, 'base_image', '2020-08-09 16:43:03', '2020-08-09 16:43:03'),
(994, 559, 'Modules\\Product\\Entities\\Product', 92, 'additional_images', '2020-08-09 16:43:03', '2020-08-09 16:43:03'),
(995, 558, 'Modules\\Product\\Entities\\Product', 92, 'additional_images', '2020-08-09 16:43:03', '2020-08-09 16:43:03'),
(996, 561, 'Modules\\Product\\Entities\\Product', 92, 'additional_images', '2020-08-09 16:43:03', '2020-08-09 16:43:03'),
(997, 560, 'Modules\\Product\\Entities\\Product', 92, 'additional_images', '2020-08-09 16:43:03', '2020-08-09 16:43:03'),
(998, 565, 'Modules\\Product\\Entities\\Product', 93, 'base_image', '2020-08-09 16:46:08', '2020-08-09 16:46:08'),
(999, 562, 'Modules\\Product\\Entities\\Product', 93, 'additional_images', '2020-08-09 16:46:08', '2020-08-09 16:46:08'),
(1000, 563, 'Modules\\Product\\Entities\\Product', 93, 'additional_images', '2020-08-09 16:46:08', '2020-08-09 16:46:08'),
(1001, 564, 'Modules\\Product\\Entities\\Product', 93, 'additional_images', '2020-08-09 16:46:08', '2020-08-09 16:46:08'),
(1002, 565, 'Modules\\Product\\Entities\\Product', 93, 'additional_images', '2020-08-09 16:46:08', '2020-08-09 16:46:08'),
(1003, 566, 'Modules\\Product\\Entities\\Product', 93, 'additional_images', '2020-08-09 16:46:08', '2020-08-09 16:46:08'),
(1004, 571, 'Modules\\Product\\Entities\\Product', 94, 'base_image', '2020-08-09 16:49:13', '2020-08-09 16:49:13'),
(1005, 568, 'Modules\\Product\\Entities\\Product', 94, 'additional_images', '2020-08-09 16:49:13', '2020-08-09 16:49:13'),
(1006, 567, 'Modules\\Product\\Entities\\Product', 94, 'additional_images', '2020-08-09 16:49:13', '2020-08-09 16:49:13'),
(1007, 570, 'Modules\\Product\\Entities\\Product', 94, 'additional_images', '2020-08-09 16:49:13', '2020-08-09 16:49:13'),
(1008, 569, 'Modules\\Product\\Entities\\Product', 94, 'additional_images', '2020-08-09 16:49:13', '2020-08-09 16:49:13'),
(1009, 571, 'Modules\\Product\\Entities\\Product', 94, 'additional_images', '2020-08-09 16:49:13', '2020-08-09 16:49:13'),
(1010, 574, 'Modules\\Product\\Entities\\Product', 95, 'base_image', '2020-08-09 16:57:34', '2020-08-09 16:57:34'),
(1011, 573, 'Modules\\Product\\Entities\\Product', 95, 'additional_images', '2020-08-09 16:57:34', '2020-08-09 16:57:34'),
(1012, 572, 'Modules\\Product\\Entities\\Product', 95, 'additional_images', '2020-08-09 16:57:34', '2020-08-09 16:57:34'),
(1013, 575, 'Modules\\Product\\Entities\\Product', 95, 'additional_images', '2020-08-09 16:57:34', '2020-08-09 16:57:34'),
(1014, 574, 'Modules\\Product\\Entities\\Product', 95, 'additional_images', '2020-08-09 16:57:34', '2020-08-09 16:57:34'),
(1018, 579, 'Modules\\Product\\Entities\\Product', 96, 'additional_images', '2020-08-09 17:00:26', '2020-08-09 17:00:26'),
(1020, 581, 'Modules\\Product\\Entities\\Product', 96, 'additional_images', '2020-08-09 17:00:26', '2020-08-09 17:00:26'),
(1021, 580, 'Modules\\Product\\Entities\\Product', 96, 'additional_images', '2020-08-09 17:00:26', '2020-08-09 17:00:26'),
(1022, 587, 'Modules\\Product\\Entities\\Product', 97, 'base_image', '2020-08-09 17:03:48', '2020-08-09 17:03:48'),
(1025, 585, 'Modules\\Product\\Entities\\Product', 97, 'additional_images', '2020-08-09 17:03:48', '2020-08-09 17:03:48'),
(1026, 584, 'Modules\\Product\\Entities\\Product', 97, 'additional_images', '2020-08-09 17:03:48', '2020-08-09 17:03:48'),
(1027, 587, 'Modules\\Product\\Entities\\Product', 97, 'additional_images', '2020-08-09 17:03:48', '2020-08-09 17:03:48'),
(1028, 586, 'Modules\\Product\\Entities\\Product', 97, 'additional_images', '2020-08-09 17:03:48', '2020-08-09 17:03:48'),
(1029, 592, 'Modules\\Product\\Entities\\Product', 98, 'base_image', '2020-08-09 17:06:40', '2020-08-09 17:06:40'),
(1030, 589, 'Modules\\Product\\Entities\\Product', 98, 'additional_images', '2020-08-09 17:06:40', '2020-08-09 17:06:40'),
(1032, 591, 'Modules\\Product\\Entities\\Product', 98, 'additional_images', '2020-08-09 17:06:40', '2020-08-09 17:06:40'),
(1033, 590, 'Modules\\Product\\Entities\\Product', 98, 'additional_images', '2020-08-09 17:06:40', '2020-08-09 17:06:40'),
(1034, 592, 'Modules\\Product\\Entities\\Product', 98, 'additional_images', '2020-08-09 17:06:40', '2020-08-09 17:06:40'),
(1035, 597, 'Modules\\Product\\Entities\\Product', 99, 'base_image', '2020-08-09 17:09:52', '2020-08-09 17:09:52'),
(1037, 594, 'Modules\\Product\\Entities\\Product', 99, 'additional_images', '2020-08-09 17:09:52', '2020-08-09 17:09:52'),
(1038, 596, 'Modules\\Product\\Entities\\Product', 99, 'additional_images', '2020-08-09 17:09:52', '2020-08-09 17:09:52'),
(1039, 595, 'Modules\\Product\\Entities\\Product', 99, 'additional_images', '2020-08-09 17:09:52', '2020-08-09 17:09:52'),
(1040, 598, 'Modules\\Product\\Entities\\Product', 99, 'additional_images', '2020-08-09 17:09:52', '2020-08-09 17:09:52'),
(1041, 597, 'Modules\\Product\\Entities\\Product', 99, 'additional_images', '2020-08-09 17:09:52', '2020-08-09 17:09:52'),
(1043, 603, 'Modules\\Product\\Entities\\Product', 100, 'additional_images', '2020-08-09 18:34:49', '2020-08-09 18:34:49'),
(1045, 602, 'Modules\\Product\\Entities\\Product', 100, 'additional_images', '2020-08-09 18:34:49', '2020-08-09 18:34:49'),
(1048, 604, 'Modules\\Product\\Entities\\Product', 101, 'base_image', '2020-08-09 18:37:13', '2020-08-09 18:37:13'),
(1052, 608, 'Modules\\Product\\Entities\\Product', 102, 'additional_images', '2020-08-09 18:41:00', '2020-08-09 18:41:00'),
(1054, 609, 'Modules\\Product\\Entities\\Product', 102, 'additional_images', '2020-08-09 18:41:00', '2020-08-09 18:41:00'),
(1076, 628, 'Modules\\Product\\Entities\\Product', 106, 'additional_images', '2020-08-09 19:04:36', '2020-08-09 19:04:36'),
(1078, 629, 'Modules\\Product\\Entities\\Product', 106, 'additional_images', '2020-08-09 19:04:36', '2020-08-09 19:04:36'),
(1079, 635, 'Modules\\Product\\Entities\\Product', 107, 'base_image', '2020-08-09 19:09:11', '2020-08-09 19:09:11'),
(1082, 633, 'Modules\\Product\\Entities\\Product', 107, 'additional_images', '2020-08-09 19:09:11', '2020-08-09 19:09:11'),
(1084, 635, 'Modules\\Product\\Entities\\Product', 107, 'additional_images', '2020-08-09 19:09:11', '2020-08-09 19:09:11'),
(1085, 634, 'Modules\\Product\\Entities\\Product', 107, 'additional_images', '2020-08-09 19:09:11', '2020-08-09 19:09:11'),
(1086, 640, 'Modules\\Product\\Entities\\Product', 108, 'base_image', '2020-08-09 19:11:29', '2020-08-09 19:11:29'),
(1088, 638, 'Modules\\Product\\Entities\\Product', 108, 'additional_images', '2020-08-09 19:11:29', '2020-08-09 19:11:29'),
(1090, 639, 'Modules\\Product\\Entities\\Product', 108, 'additional_images', '2020-08-09 19:11:29', '2020-08-09 19:11:29'),
(1091, 641, 'Modules\\Product\\Entities\\Product', 108, 'additional_images', '2020-08-09 19:11:29', '2020-08-09 19:11:29'),
(1092, 640, 'Modules\\Product\\Entities\\Product', 108, 'additional_images', '2020-08-09 19:11:29', '2020-08-09 19:11:29'),
(1093, 644, 'Modules\\Product\\Entities\\Product', 109, 'base_image', '2020-08-09 19:17:53', '2020-08-09 19:17:53'),
(1096, 645, 'Modules\\Product\\Entities\\Product', 109, 'additional_images', '2020-08-09 19:17:53', '2020-08-09 19:17:53'),
(1097, 644, 'Modules\\Product\\Entities\\Product', 109, 'additional_images', '2020-08-09 19:17:53', '2020-08-09 19:17:53'),
(1098, 646, 'Modules\\Product\\Entities\\Product', 109, 'additional_images', '2020-08-09 19:17:53', '2020-08-09 19:17:53'),
(1100, 651, 'Modules\\Product\\Entities\\Product', 110, 'additional_images', '2020-08-09 19:35:58', '2020-08-09 19:35:58'),
(1101, 652, 'Modules\\Product\\Entities\\Product', 110, 'additional_images', '2020-08-09 19:35:58', '2020-08-09 19:35:58'),
(1109, 656, 'Modules\\Product\\Entities\\Product', 111, 'additional_images', '2020-08-09 19:38:32', '2020-08-09 19:38:32'),
(1111, 658, 'Modules\\Product\\Entities\\Product', 111, 'additional_images', '2020-08-09 19:38:32', '2020-08-09 19:38:32'),
(1112, 657, 'Modules\\Product\\Entities\\Product', 111, 'additional_images', '2020-08-09 19:38:32', '2020-08-09 19:38:32'),
(1113, 659, 'Modules\\Product\\Entities\\Product', 112, 'base_image', '2020-08-09 19:41:24', '2020-08-09 19:41:24'),
(1114, 660, 'Modules\\Product\\Entities\\Product', 112, 'additional_images', '2020-08-09 19:41:24', '2020-08-09 19:41:24'),
(1115, 659, 'Modules\\Product\\Entities\\Product', 112, 'additional_images', '2020-08-09 19:41:24', '2020-08-09 19:41:24'),
(1116, 662, 'Modules\\Product\\Entities\\Product', 112, 'additional_images', '2020-08-09 19:41:24', '2020-08-09 19:41:24'),
(1117, 661, 'Modules\\Product\\Entities\\Product', 112, 'additional_images', '2020-08-09 19:41:24', '2020-08-09 19:41:24'),
(1118, 663, 'Modules\\Product\\Entities\\Product', 112, 'additional_images', '2020-08-09 19:41:24', '2020-08-09 19:41:24'),
(1120, 668, 'Modules\\Product\\Entities\\Product', 113, 'additional_images', '2020-08-09 19:44:18', '2020-08-09 19:44:18'),
(1121, 669, 'Modules\\Product\\Entities\\Product', 113, 'additional_images', '2020-08-09 19:44:18', '2020-08-09 19:44:18'),
(1123, 667, 'Modules\\Product\\Entities\\Product', 113, 'additional_images', '2020-08-09 19:44:18', '2020-08-09 19:44:18'),
(1126, 670, 'Modules\\Product\\Entities\\Product', 114, 'base_image', '2020-08-09 19:49:44', '2020-08-09 19:49:44'),
(1127, 671, 'Modules\\Product\\Entities\\Product', 115, 'base_image', '2020-08-09 19:51:57', '2020-08-09 19:51:57'),
(1128, 672, 'Modules\\Product\\Entities\\Product', 115, 'additional_images', '2020-08-09 19:51:57', '2020-08-09 19:51:57'),
(1129, 671, 'Modules\\Product\\Entities\\Product', 115, 'additional_images', '2020-08-09 19:51:57', '2020-08-09 19:51:57'),
(1130, 673, 'Modules\\Product\\Entities\\Product', 115, 'additional_images', '2020-08-09 19:51:57', '2020-08-09 19:51:57'),
(1131, 674, 'Modules\\Product\\Entities\\Product', 115, 'additional_images', '2020-08-09 19:51:57', '2020-08-09 19:51:57'),
(1132, 675, 'Modules\\Product\\Entities\\Product', 115, 'additional_images', '2020-08-09 19:51:57', '2020-08-09 19:51:57'),
(1135, 677, 'Modules\\Product\\Entities\\Product', 116, 'additional_images', '2020-08-09 19:55:53', '2020-08-09 19:55:53'),
(1136, 679, 'Modules\\Product\\Entities\\Product', 116, 'additional_images', '2020-08-09 19:55:53', '2020-08-09 19:55:53'),
(1137, 678, 'Modules\\Product\\Entities\\Product', 116, 'additional_images', '2020-08-09 19:55:53', '2020-08-09 19:55:53'),
(1138, 681, 'Modules\\Product\\Entities\\Product', 116, 'additional_images', '2020-08-09 19:55:53', '2020-08-09 19:55:53'),
(1139, 680, 'Modules\\Product\\Entities\\Product', 116, 'additional_images', '2020-08-09 19:55:53', '2020-08-09 19:55:53'),
(1140, 687, 'Modules\\Product\\Entities\\Product', 117, 'base_image', '2020-08-09 20:02:58', '2020-08-09 20:02:58'),
(1143, 685, 'Modules\\Product\\Entities\\Product', 117, 'additional_images', '2020-08-09 20:02:58', '2020-08-09 20:02:58'),
(1144, 684, 'Modules\\Product\\Entities\\Product', 117, 'additional_images', '2020-08-09 20:02:58', '2020-08-09 20:02:58'),
(1145, 687, 'Modules\\Product\\Entities\\Product', 117, 'additional_images', '2020-08-09 20:02:58', '2020-08-09 20:02:58'),
(1146, 686, 'Modules\\Product\\Entities\\Product', 117, 'additional_images', '2020-08-09 20:02:58', '2020-08-09 20:02:58'),
(1147, 690, 'Modules\\Product\\Entities\\Product', 118, 'base_image', '2020-08-09 20:07:48', '2020-08-09 20:07:48'),
(1150, 691, 'Modules\\Product\\Entities\\Product', 118, 'additional_images', '2020-08-09 20:07:48', '2020-08-09 20:07:48'),
(1151, 690, 'Modules\\Product\\Entities\\Product', 118, 'additional_images', '2020-08-09 20:07:48', '2020-08-09 20:07:48'),
(1152, 692, 'Modules\\Product\\Entities\\Product', 118, 'additional_images', '2020-08-09 20:07:48', '2020-08-09 20:07:48'),
(1156, 695, 'Modules\\Product\\Entities\\Product', 119, 'additional_images', '2020-08-09 20:16:13', '2020-08-09 20:16:13'),
(1158, 697, 'Modules\\Product\\Entities\\Product', 119, 'additional_images', '2020-08-09 20:16:13', '2020-08-09 20:16:13'),
(1159, 700, 'Modules\\Product\\Entities\\Product', 120, 'base_image', '2020-08-09 21:07:57', '2020-08-09 21:07:57'),
(1160, 700, 'Modules\\Product\\Entities\\Product', 120, 'additional_images', '2020-08-09 21:07:57', '2020-08-09 21:07:57'),
(1161, 699, 'Modules\\Product\\Entities\\Product', 120, 'additional_images', '2020-08-09 21:07:57', '2020-08-09 21:07:57'),
(1162, 698, 'Modules\\Product\\Entities\\Product', 120, 'additional_images', '2020-08-09 21:07:57', '2020-08-09 21:07:57'),
(1163, 701, 'Modules\\Product\\Entities\\Product', 120, 'additional_images', '2020-08-09 21:07:57', '2020-08-09 21:07:57'),
(1164, 702, 'Modules\\Product\\Entities\\Product', 120, 'additional_images', '2020-08-09 21:07:57', '2020-08-09 21:07:57'),
(1168, 706, 'Modules\\Product\\Entities\\Product', 121, 'additional_images', '2020-08-09 21:11:33', '2020-08-09 21:11:33'),
(1170, 707, 'Modules\\Product\\Entities\\Product', 121, 'additional_images', '2020-08-09 21:11:33', '2020-08-09 21:11:33'),
(1171, 712, 'Modules\\Product\\Entities\\Product', 122, 'base_image', '2020-08-09 21:14:45', '2020-08-09 21:14:45'),
(1172, 709, 'Modules\\Product\\Entities\\Product', 122, 'additional_images', '2020-08-09 21:14:45', '2020-08-09 21:14:45'),
(1173, 708, 'Modules\\Product\\Entities\\Product', 122, 'additional_images', '2020-08-09 21:14:45', '2020-08-09 21:14:45'),
(1174, 711, 'Modules\\Product\\Entities\\Product', 122, 'additional_images', '2020-08-09 21:14:45', '2020-08-09 21:14:45'),
(1175, 710, 'Modules\\Product\\Entities\\Product', 122, 'additional_images', '2020-08-09 21:14:45', '2020-08-09 21:14:45'),
(1176, 712, 'Modules\\Product\\Entities\\Product', 122, 'additional_images', '2020-08-09 21:14:45', '2020-08-09 21:14:45'),
(1177, 713, 'Modules\\Product\\Entities\\Product', 123, 'base_image', '2020-08-09 21:17:22', '2020-08-09 21:17:22'),
(1179, 713, 'Modules\\Product\\Entities\\Product', 123, 'additional_images', '2020-08-09 21:17:22', '2020-08-09 21:17:22'),
(1180, 715, 'Modules\\Product\\Entities\\Product', 123, 'additional_images', '2020-08-09 21:17:22', '2020-08-09 21:17:22'),
(1181, 716, 'Modules\\Product\\Entities\\Product', 123, 'additional_images', '2020-08-09 21:17:22', '2020-08-09 21:17:22'),
(1182, 717, 'Modules\\Product\\Entities\\Product', 123, 'additional_images', '2020-08-09 21:17:22', '2020-08-09 21:17:22'),
(1207, 721, 'Modules\\Product\\Entities\\Product', 124, 'base_image', '2020-08-09 21:39:52', '2020-08-09 21:39:52'),
(1210, 721, 'Modules\\Product\\Entities\\Product', 124, 'additional_images', '2020-08-09 21:39:52', '2020-08-09 21:39:52'),
(1211, 720, 'Modules\\Product\\Entities\\Product', 124, 'additional_images', '2020-08-09 21:39:52', '2020-08-09 21:39:52'),
(1212, 722, 'Modules\\Product\\Entities\\Product', 124, 'additional_images', '2020-08-09 21:39:52', '2020-08-09 21:39:52'),
(1219, 731, 'Modules\\Product\\Entities\\Product', 126, 'base_image', '2020-08-09 21:48:37', '2020-08-09 21:48:37'),
(1220, 729, 'Modules\\Product\\Entities\\Product', 126, 'additional_images', '2020-08-09 21:48:37', '2020-08-09 21:48:37'),
(1222, 731, 'Modules\\Product\\Entities\\Product', 126, 'additional_images', '2020-08-09 21:48:37', '2020-08-09 21:48:37'),
(1223, 730, 'Modules\\Product\\Entities\\Product', 126, 'additional_images', '2020-08-09 21:48:37', '2020-08-09 21:48:37'),
(1224, 733, 'Modules\\Product\\Entities\\Product', 126, 'additional_images', '2020-08-09 21:48:37', '2020-08-09 21:48:37'),
(1225, 732, 'Modules\\Product\\Entities\\Product', 126, 'additional_images', '2020-08-09 21:48:37', '2020-08-09 21:48:37'),
(1231, 734, 'Modules\\Product\\Entities\\Product', 127, 'base_image', '2020-08-09 21:52:37', '2020-08-09 21:52:37'),
(1233, 734, 'Modules\\Product\\Entities\\Product', 127, 'additional_images', '2020-08-09 21:52:37', '2020-08-09 21:52:37'),
(1234, 736, 'Modules\\Product\\Entities\\Product', 127, 'additional_images', '2020-08-09 21:52:37', '2020-08-09 21:52:37'),
(1383, 125, 'Modules\\Menu\\Entities\\MenuItem', 26, 'background_image', '2020-08-10 22:54:59', '2020-08-10 22:54:59'),
(1384, 161, 'Modules\\Product\\Entities\\Product', 25, 'base_image', '2020-08-11 23:01:26', '2020-08-11 23:01:26'),
(1387, 165, 'Modules\\Product\\Entities\\Product', 25, 'additional_images', '2020-08-11 23:01:26', '2020-08-11 23:01:26'),
(1389, 166, 'Modules\\Product\\Entities\\Product', 25, 'additional_images', '2020-08-11 23:01:26', '2020-08-11 23:01:26'),
(1524, 624, 'Modules\\Product\\Entities\\Product', 105, 'additional_images', '2021-01-05 14:17:34', '2021-01-05 14:17:34'),
(1526, 617, 'Modules\\Product\\Entities\\Product', 104, 'base_image', '2021-01-05 14:18:12', '2021-01-05 14:18:12'),
(1527, 615, 'Modules\\Product\\Entities\\Product', 104, 'additional_images', '2021-01-05 14:18:12', '2021-01-05 14:18:12'),
(1529, 617, 'Modules\\Product\\Entities\\Product', 104, 'additional_images', '2021-01-05 14:18:12', '2021-01-05 14:18:12'),
(1530, 616, 'Modules\\Product\\Entities\\Product', 104, 'additional_images', '2021-01-05 14:18:12', '2021-01-05 14:18:12'),
(1531, 618, 'Modules\\Product\\Entities\\Product', 104, 'additional_images', '2021-01-05 14:18:12', '2021-01-05 14:18:12'),
(1532, 612, 'Modules\\Product\\Entities\\Product', 103, 'base_image', '2021-01-05 14:18:33', '2021-01-05 14:18:33'),
(1533, 611, 'Modules\\Product\\Entities\\Product', 103, 'additional_images', '2021-01-05 14:18:33', '2021-01-05 14:18:33'),
(1534, 610, 'Modules\\Product\\Entities\\Product', 103, 'additional_images', '2021-01-05 14:18:33', '2021-01-05 14:18:33'),
(1535, 612, 'Modules\\Product\\Entities\\Product', 103, 'additional_images', '2021-01-05 14:18:33', '2021-01-05 14:18:33'),
(1536, 613, 'Modules\\Product\\Entities\\Product', 103, 'additional_images', '2021-01-05 14:18:33', '2021-01-05 14:18:33'),
(1537, 431, 'Modules\\Product\\Entities\\Product', 70, 'base_image', '2021-01-05 14:19:21', '2021-01-05 14:19:21'),
(1539, 432, 'Modules\\Product\\Entities\\Product', 70, 'additional_images', '2021-01-05 14:19:21', '2021-01-05 14:19:21'),
(1540, 434, 'Modules\\Product\\Entities\\Product', 70, 'additional_images', '2021-01-05 14:19:21', '2021-01-05 14:19:21'),
(1541, 433, 'Modules\\Product\\Entities\\Product', 70, 'additional_images', '2021-01-05 14:19:21', '2021-01-05 14:19:21'),
(1542, 429, 'Modules\\Product\\Entities\\Product', 69, 'base_image', '2021-01-05 14:20:02', '2021-01-05 14:20:02'),
(1543, 429, 'Modules\\Product\\Entities\\Product', 69, 'additional_images', '2021-01-05 14:20:02', '2021-01-05 14:20:02'),
(1544, 427, 'Modules\\Product\\Entities\\Product', 69, 'additional_images', '2021-01-05 14:20:02', '2021-01-05 14:20:02'),
(1545, 428, 'Modules\\Product\\Entities\\Product', 69, 'additional_images', '2021-01-05 14:20:02', '2021-01-05 14:20:02'),
(1547, 425, 'Modules\\Product\\Entities\\Product', 69, 'additional_images', '2021-01-05 14:20:02', '2021-01-05 14:20:02'),
(1548, 422, 'Modules\\Product\\Entities\\Product', 68, 'base_image', '2021-01-05 14:20:34', '2021-01-05 14:20:34'),
(1549, 421, 'Modules\\Product\\Entities\\Product', 68, 'additional_images', '2021-01-05 14:20:34', '2021-01-05 14:20:34'),
(1550, 420, 'Modules\\Product\\Entities\\Product', 68, 'additional_images', '2021-01-05 14:20:34', '2021-01-05 14:20:34'),
(1551, 423, 'Modules\\Product\\Entities\\Product', 68, 'additional_images', '2021-01-05 14:20:34', '2021-01-05 14:20:34'),
(1552, 422, 'Modules\\Product\\Entities\\Product', 68, 'additional_images', '2021-01-05 14:20:34', '2021-01-05 14:20:34'),
(1553, 424, 'Modules\\Product\\Entities\\Product', 68, 'additional_images', '2021-01-05 14:20:34', '2021-01-05 14:20:34'),
(1554, 419, 'Modules\\Product\\Entities\\Product', 67, 'base_image', '2021-01-05 14:21:01', '2021-01-05 14:21:01'),
(1555, 419, 'Modules\\Product\\Entities\\Product', 67, 'additional_images', '2021-01-05 14:21:01', '2021-01-05 14:21:01'),
(1557, 418, 'Modules\\Product\\Entities\\Product', 67, 'additional_images', '2021-01-05 14:21:01', '2021-01-05 14:21:01'),
(1574, 380, 'Modules\\Product\\Entities\\Product', 60, 'base_image', '2021-01-05 14:22:17', '2021-01-05 14:22:17'),
(1575, 379, 'Modules\\Product\\Entities\\Product', 60, 'additional_images', '2021-01-05 14:22:17', '2021-01-05 14:22:17'),
(1576, 380, 'Modules\\Product\\Entities\\Product', 60, 'additional_images', '2021-01-05 14:22:17', '2021-01-05 14:22:17'),
(1577, 377, 'Modules\\Product\\Entities\\Product', 60, 'additional_images', '2021-01-05 14:22:17', '2021-01-05 14:22:17'),
(1578, 378, 'Modules\\Product\\Entities\\Product', 60, 'additional_images', '2021-01-05 14:22:17', '2021-01-05 14:22:17'),
(1597, 359, 'Modules\\Product\\Entities\\Product', 57, 'base_image', '2021-01-05 14:24:21', '2021-01-05 14:24:21'),
(1598, 360, 'Modules\\Product\\Entities\\Product', 57, 'additional_images', '2021-01-05 14:24:21', '2021-01-05 14:24:21'),
(1599, 358, 'Modules\\Product\\Entities\\Product', 57, 'additional_images', '2021-01-05 14:24:21', '2021-01-05 14:24:21'),
(1600, 359, 'Modules\\Product\\Entities\\Product', 57, 'additional_images', '2021-01-05 14:24:21', '2021-01-05 14:24:21'),
(1601, 356, 'Modules\\Product\\Entities\\Product', 57, 'additional_images', '2021-01-05 14:24:21', '2021-01-05 14:24:21'),
(1603, 352, 'Modules\\Product\\Entities\\Product', 56, 'base_image', '2021-01-05 14:24:58', '2021-01-05 14:24:58'),
(1604, 355, 'Modules\\Product\\Entities\\Product', 56, 'additional_images', '2021-01-05 14:24:58', '2021-01-05 14:24:58'),
(1605, 353, 'Modules\\Product\\Entities\\Product', 56, 'additional_images', '2021-01-05 14:24:58', '2021-01-05 14:24:58'),
(1606, 354, 'Modules\\Product\\Entities\\Product', 56, 'additional_images', '2021-01-05 14:24:58', '2021-01-05 14:24:58'),
(1607, 351, 'Modules\\Product\\Entities\\Product', 56, 'additional_images', '2021-01-05 14:24:58', '2021-01-05 14:24:58'),
(1608, 352, 'Modules\\Product\\Entities\\Product', 56, 'additional_images', '2021-01-05 14:24:58', '2021-01-05 14:24:58'),
(1629, 327, 'Modules\\Product\\Entities\\Product', 51, 'base_image', '2021-01-05 14:30:58', '2021-01-05 14:30:58'),
(1630, 328, 'Modules\\Product\\Entities\\Product', 51, 'additional_images', '2021-01-05 14:30:58', '2021-01-05 14:30:58'),
(1631, 325, 'Modules\\Product\\Entities\\Product', 51, 'additional_images', '2021-01-05 14:30:58', '2021-01-05 14:30:58'),
(1632, 326, 'Modules\\Product\\Entities\\Product', 51, 'additional_images', '2021-01-05 14:30:58', '2021-01-05 14:30:58'),
(1633, 327, 'Modules\\Product\\Entities\\Product', 51, 'additional_images', '2021-01-05 14:30:58', '2021-01-05 14:30:58'),
(1636, 321, 'Modules\\Product\\Entities\\Product', 50, 'base_image', '2021-01-05 14:33:18', '2021-01-05 14:33:18'),
(1637, 321, 'Modules\\Product\\Entities\\Product', 50, 'additional_images', '2021-01-05 14:33:18', '2021-01-05 14:33:18'),
(1638, 320, 'Modules\\Product\\Entities\\Product', 50, 'additional_images', '2021-01-05 14:33:18', '2021-01-05 14:33:18'),
(1639, 322, 'Modules\\Product\\Entities\\Product', 50, 'additional_images', '2021-01-05 14:33:18', '2021-01-05 14:33:18'),
(1641, 300, 'Modules\\Product\\Entities\\Product', 46, 'additional_images', '2021-01-05 14:34:47', '2021-01-05 14:34:47'),
(1642, 301, 'Modules\\Product\\Entities\\Product', 46, 'additional_images', '2021-01-05 14:34:47', '2021-01-05 14:34:47'),
(1643, 298, 'Modules\\Product\\Entities\\Product', 46, 'additional_images', '2021-01-05 14:34:47', '2021-01-05 14:34:47'),
(1644, 299, 'Modules\\Product\\Entities\\Product', 46, 'additional_images', '2021-01-05 14:34:47', '2021-01-05 14:34:47'),
(1648, 293, 'Modules\\Product\\Entities\\Product', 45, 'additional_images', '2021-01-05 14:36:25', '2021-01-05 14:36:25'),
(1649, 294, 'Modules\\Product\\Entities\\Product', 45, 'additional_images', '2021-01-05 14:36:25', '2021-01-05 14:36:25'),
(1652, 278, 'Modules\\Product\\Entities\\Product', 43, 'base_image', '2021-01-05 14:40:21', '2021-01-05 14:40:21'),
(1653, 278, 'Modules\\Product\\Entities\\Product', 43, 'additional_images', '2021-01-05 14:40:21', '2021-01-05 14:40:21'),
(1654, 277, 'Modules\\Product\\Entities\\Product', 43, 'additional_images', '2021-01-05 14:40:21', '2021-01-05 14:40:21'),
(1655, 275, 'Modules\\Product\\Entities\\Product', 43, 'additional_images', '2021-01-05 14:40:21', '2021-01-05 14:40:21'),
(1656, 276, 'Modules\\Product\\Entities\\Product', 43, 'additional_images', '2021-01-05 14:40:21', '2021-01-05 14:40:21'),
(1660, 290, 'Modules\\Product\\Entities\\Product', 44, 'additional_images', '2021-01-05 14:45:33', '2021-01-05 14:45:33'),
(1661, 289, 'Modules\\Product\\Entities\\Product', 44, 'additional_images', '2021-01-05 14:45:33', '2021-01-05 14:45:33'),
(1662, 288, 'Modules\\Product\\Entities\\Product', 44, 'additional_images', '2021-01-05 14:45:33', '2021-01-05 14:45:33'),
(1678, 266, 'Modules\\Product\\Entities\\Product', 41, 'base_image', '2021-01-05 14:52:00', '2021-01-05 14:52:00'),
(1679, 268, 'Modules\\Product\\Entities\\Product', 41, 'additional_images', '2021-01-05 14:52:00', '2021-01-05 14:52:00'),
(1680, 267, 'Modules\\Product\\Entities\\Product', 41, 'additional_images', '2021-01-05 14:52:00', '2021-01-05 14:52:00'),
(1681, 265, 'Modules\\Product\\Entities\\Product', 41, 'additional_images', '2021-01-05 14:52:00', '2021-01-05 14:52:00'),
(1682, 266, 'Modules\\Product\\Entities\\Product', 41, 'additional_images', '2021-01-05 14:52:00', '2021-01-05 14:52:00'),
(1691, 256, 'Modules\\Product\\Entities\\Product', 39, 'base_image', '2021-01-05 14:57:05', '2021-01-05 14:57:05'),
(1692, 256, 'Modules\\Product\\Entities\\Product', 39, 'additional_images', '2021-01-05 14:57:05', '2021-01-05 14:57:05'),
(1693, 257, 'Modules\\Product\\Entities\\Product', 39, 'additional_images', '2021-01-05 14:57:05', '2021-01-05 14:57:05'),
(1695, 255, 'Modules\\Product\\Entities\\Product', 39, 'additional_images', '2021-01-05 14:57:05', '2021-01-05 14:57:05'),
(1733, 725, 'Modules\\Product\\Entities\\Product', 125, 'base_image', '2021-01-05 18:03:22', '2021-01-05 18:03:22'),
(1735, 725, 'Modules\\Product\\Entities\\Product', 125, 'additional_images', '2021-01-05 18:03:22', '2021-01-05 18:03:22'),
(1737, 727, 'Modules\\Product\\Entities\\Product', 125, 'additional_images', '2021-01-05 18:03:22', '2021-01-05 18:03:22'),
(1738, 726, 'Modules\\Product\\Entities\\Product', 125, 'additional_images', '2021-01-05 18:03:22', '2021-01-05 18:03:22'),
(1766, 126, 'Modules\\Menu\\Entities\\MenuItem', 10, 'background_image', '2021-01-06 13:20:27', '2021-01-06 13:20:27'),
(1767, 126, 'Modules\\Menu\\Entities\\MenuItem', 25, 'background_image', '2021-01-06 16:59:06', '2021-01-06 16:59:06'),
(1855, 346, 'Modules\\Product\\Entities\\Product', 55, 'base_image', '2021-01-07 15:29:45', '2021-01-07 15:29:45'),
(1856, 349, 'Modules\\Product\\Entities\\Product', 55, 'additional_images', '2021-01-07 15:29:45', '2021-01-07 15:29:45'),
(1857, 350, 'Modules\\Product\\Entities\\Product', 55, 'additional_images', '2021-01-07 15:29:45', '2021-01-07 15:29:45'),
(1858, 346, 'Modules\\Product\\Entities\\Product', 55, 'additional_images', '2021-01-07 15:29:45', '2021-01-07 15:29:45'),
(1859, 347, 'Modules\\Product\\Entities\\Product', 55, 'additional_images', '2021-01-07 15:29:45', '2021-01-07 15:29:45'),
(1860, 348, 'Modules\\Product\\Entities\\Product', 55, 'additional_images', '2021-01-07 15:29:45', '2021-01-07 15:29:45'),
(1878, 370, 'Modules\\Product\\Entities\\Product', 59, 'additional_images', '2021-01-07 15:34:31', '2021-01-07 15:34:31'),
(1879, 369, 'Modules\\Product\\Entities\\Product', 59, 'additional_images', '2021-01-07 15:34:31', '2021-01-07 15:34:31'),
(1880, 371, 'Modules\\Product\\Entities\\Product', 59, 'additional_images', '2021-01-07 15:34:31', '2021-01-07 15:34:31'),
(1881, 373, 'Modules\\Product\\Entities\\Product', 59, 'additional_images', '2021-01-07 15:34:31', '2021-01-07 15:34:31'),
(1882, 372, 'Modules\\Product\\Entities\\Product', 59, 'additional_images', '2021-01-07 15:34:31', '2021-01-07 15:34:31'),
(1888, 365, 'Modules\\Product\\Entities\\Product', 58, 'base_image', '2021-01-07 15:35:45', '2021-01-07 15:35:45'),
(1889, 365, 'Modules\\Product\\Entities\\Product', 58, 'additional_images', '2021-01-07 15:35:45', '2021-01-07 15:35:45'),
(1890, 366, 'Modules\\Product\\Entities\\Product', 58, 'additional_images', '2021-01-07 15:35:45', '2021-01-07 15:35:45');
INSERT INTO `entity_files` (`id`, `file_id`, `entity_type`, `entity_id`, `zone`, `created_at`, `updated_at`) VALUES
(1895, 339, 'Modules\\Product\\Entities\\Product', 53, 'base_image', '2021-01-07 15:36:20', '2021-01-07 15:36:20'),
(1896, 339, 'Modules\\Product\\Entities\\Product', 53, 'additional_images', '2021-01-07 15:36:20', '2021-01-07 15:36:20'),
(1901, 338, 'Modules\\Product\\Entities\\Product', 53, 'additional_images', '2021-01-07 15:36:20', '2021-01-07 15:36:20'),
(1902, 340, 'Modules\\Product\\Entities\\Product', 53, 'additional_images', '2021-01-07 15:36:20', '2021-01-07 15:36:20'),
(1910, 272, 'Modules\\Product\\Entities\\Product', 42, 'base_image', '2021-01-07 15:37:44', '2021-01-07 15:37:44'),
(1911, 270, 'Modules\\Product\\Entities\\Product', 42, 'additional_images', '2021-01-07 15:37:44', '2021-01-07 15:37:44'),
(1913, 272, 'Modules\\Product\\Entities\\Product', 42, 'additional_images', '2021-01-07 15:37:44', '2021-01-07 15:37:44'),
(1914, 271, 'Modules\\Product\\Entities\\Product', 42, 'additional_images', '2021-01-07 15:37:44', '2021-01-07 15:37:44'),
(1916, 261, 'Modules\\Product\\Entities\\Product', 40, 'additional_images', '2021-01-07 15:39:41', '2021-01-07 15:39:41'),
(1917, 262, 'Modules\\Product\\Entities\\Product', 40, 'additional_images', '2021-01-07 15:39:41', '2021-01-07 15:39:41'),
(1918, 260, 'Modules\\Product\\Entities\\Product', 40, 'additional_images', '2021-01-07 15:39:41', '2021-01-07 15:39:41'),
(2021, 89, 'Modules\\Category\\Entities\\Category', 38, 'banner', '2021-01-10 17:32:27', '2021-01-10 17:32:27'),
(2038, 384, 'Modules\\Product\\Entities\\Product', 61, 'additional_images', '2021-01-11 18:51:18', '2021-01-11 18:51:18'),
(2039, 383, 'Modules\\Product\\Entities\\Product', 61, 'additional_images', '2021-01-11 18:51:18', '2021-01-11 18:51:18'),
(2040, 386, 'Modules\\Product\\Entities\\Product', 61, 'additional_images', '2021-01-11 18:51:18', '2021-01-11 18:51:18'),
(2041, 385, 'Modules\\Product\\Entities\\Product', 61, 'additional_images', '2021-01-11 18:51:18', '2021-01-11 18:51:18'),
(2091, 130, 'Modules\\Category\\Entities\\Category', 47, 'logo', '2021-01-22 15:02:20', '2021-01-22 15:02:20'),
(2122, 119, 'Modules\\Category\\Entities\\Category', 21, 'logo', '2021-02-08 14:14:31', '2021-02-08 14:14:31'),
(2182, 250, 'Modules\\Product\\Entities\\Product', 38, 'additional_images', '2021-02-09 17:53:55', '2021-02-09 17:53:55'),
(2183, 251, 'Modules\\Product\\Entities\\Product', 38, 'additional_images', '2021-02-09 17:53:55', '2021-02-09 17:53:55'),
(2184, 248, 'Modules\\Product\\Entities\\Product', 38, 'additional_images', '2021-02-09 17:53:55', '2021-02-09 17:53:55'),
(2185, 249, 'Modules\\Product\\Entities\\Product', 38, 'additional_images', '2021-02-09 17:53:55', '2021-02-09 17:53:55'),
(2188, 345, 'Modules\\Product\\Entities\\Product', 54, 'base_image', '2021-02-09 17:54:37', '2021-02-09 17:54:37'),
(2189, 345, 'Modules\\Product\\Entities\\Product', 54, 'additional_images', '2021-02-09 17:54:37', '2021-02-09 17:54:37'),
(2191, 344, 'Modules\\Product\\Entities\\Product', 54, 'additional_images', '2021-02-09 17:54:37', '2021-02-09 17:54:37');

-- --------------------------------------------------------

--
-- Table structure for table `files`
--

DROP TABLE IF EXISTS `files`;
CREATE TABLE IF NOT EXISTS `files` (
  `id` int(10) UNSIGNED NOT NULL AUTO_INCREMENT,
  `user_id` int(10) UNSIGNED NOT NULL,
  `filename` varchar(191) COLLATE utf8mb4_unicode_ci NOT NULL,
  `disk` varchar(191) COLLATE utf8mb4_unicode_ci NOT NULL,
  `path` varchar(191) COLLATE utf8mb4_unicode_ci NOT NULL,
  `extension` varchar(191) COLLATE utf8mb4_unicode_ci NOT NULL,
  `mime` varchar(191) COLLATE utf8mb4_unicode_ci NOT NULL,
  `size` varchar(191) COLLATE utf8mb4_unicode_ci NOT NULL,
  `created_at` timestamp NULL DEFAULT NULL,
  `updated_at` timestamp NULL DEFAULT NULL,
  PRIMARY KEY (`id`),
  KEY `files_user_id_index` (`user_id`),
  KEY `files_filename_index` (`filename`)
) ENGINE=InnoDB AUTO_INCREMENT=1189 DEFAULT CHARSET=utf8mb4 COLLATE=utf8mb4_unicode_ci;

--
-- Dumping data for table `files`
--

INSERT INTO `files` (`id`, `user_id`, `filename`, `disk`, `path`, `extension`, `mime`, `size`, `created_at`, `updated_at`) VALUES
(83, 1, 'XIAOMI.webp', 'public_storage', 'media/Uht9tCy0Wu18PlyVOoKaGJAhYSqAeGwIYCyyR8LE.webp', 'webp', 'image/webp', '10110', '2020-07-20 09:29:39', '2020-07-20 09:29:39'),
(87, 1, 'yl6rNkswnKQzh7mouQ0HpagRLwBpnq3Mt9LZMRak.webp', 'public_storage', 'media/cFuFQ6mIyI2RO91pT8wcEKvgpOz4n7UObAlq7oHK.webp', 'webp', 'image/webp', '6674', '2020-07-20 09:49:04', '2020-07-20 09:49:04'),
(89, 1, 'txsKtAr43dI9aBTlfh4WhLMw4VGx8HUnLxawDpol.webp', 'public_storage', 'media/LcEGsuyB2Pfgd6KO78kTwXAKUWgHZxnZHBJItYiZ.webp', 'webp', 'image/webp', '9212', '2020-07-20 10:06:05', '2020-07-20 10:06:05'),
(91, 1, 'txsKtAr43dI9aBTlfh4WhLMw4VGx8HUnLxawDpol.webp', 'public_storage', 'media/oikFqxiQnwDfqHN7eyWnNl9KZmFnTXfwFmbFmzG6.webp', 'webp', 'image/webp', '11492', '2020-07-20 10:07:28', '2020-07-20 10:07:28'),
(114, 1, 'logo.png', 'public_storage', 'media/QUhEPvxvcG6ESEUnx3cAlKxF3HnuHtJVghpKER6d.png', 'png', 'image/png', '41494', '2020-07-31 21:12:21', '2020-07-31 21:12:21'),
(119, 1, 'mobile-145x145.webp', 'public_storage', 'media/xGJ6mybWoAniNtz8rV5QsozAp92lxiMLdQg8T3Bk.webp', 'webp', 'image/webp', '1262', '2020-07-31 21:28:32', '2020-07-31 21:28:32'),
(121, 1, 'laptop-145x145-min.webp', 'public_storage', 'media/J8835P86KvDftopR932J1gLykHmGnbtp4vtl41tF.webp', 'webp', 'image/webp', '2426', '2020-07-31 22:30:27', '2020-07-31 22:30:27'),
(122, 1, 'sunglass-145x145.webp', 'public_storage', 'media/HB0EpGa0MwY1KZDyiZnxkPVhS3UNh97cJ1AMj5Nw.webp', 'webp', 'image/webp', '1092', '2020-07-31 22:42:33', '2020-07-31 22:42:33'),
(124, 1, 'mens fashion.webp', 'public_storage', 'media/ncveoyla3e7OXj2aCB35PqjxR5JIDSTxjChKov4I.webp', 'webp', 'image/webp', '3710', '2020-07-31 23:26:13', '2020-07-31 23:26:13'),
(125, 1, 'mens fashion.jpg', 'public_storage', 'media/Lm3Y6HU8WDvP58ZsGzLc7b5GBeYptLVT7otgnaTa.jpeg', 'jpeg', 'image/jpeg', '17010', '2020-08-02 02:05:11', '2020-08-02 02:05:11'),
(126, 1, 'Untitled.jpg', 'public_storage', 'media/qfrvqsiD6i16884mS6D0iEkyfP49BddECwoURpWw.jpeg', 'jpeg', 'image/jpeg', '38333', '2020-08-02 02:08:03', '2020-08-02 02:08:03'),
(127, 1, 'watch-145x145.webp', 'public_storage', 'media/aDdnC5MsJWe1UJRIpl26L6UuMBgGh9ywZzyz5W2D.webp', 'webp', 'image/webp', '930', '2020-08-02 08:49:35', '2020-08-02 08:49:35'),
(129, 1, 'television-145x145-min.webp', 'public_storage', 'media/B5nucEggwdNvoGKGygoP3qhBA9gdOVmSBdU8rSLE.webp', 'webp', 'image/webp', '1626', '2020-08-02 08:52:47', '2020-08-02 08:52:47'),
(130, 1, 'tablet.webp', 'public_storage', 'media/RcgG53mXeh9GPTyUObk3y8SxF5cXSZYNyB2Mzhso.webp', 'webp', 'image/webp', '1628', '2020-08-02 08:56:34', '2020-08-02 08:56:34'),
(131, 1, 'left.jpg', 'public_storage', 'media/wl9sAyb4Xu1kH1rZXI58eKIZs0Hqncwxns46Kvkc.jpeg', 'jpeg', 'image/jpeg', '62143', '2020-08-02 09:10:19', '2020-08-02 09:10:19'),
(133, 1, 'right.jpg', 'public_storage', 'media/jBHAM16U9YCSdIxN7F5FUV0BXYyGByUC5ps0ToC4.jpeg', 'jpeg', 'image/jpeg', '61986', '2020-08-02 09:10:44', '2020-08-02 09:10:44'),
(158, 1, 'Free-Shipping-ar.jpg', 'public_storage', 'media/JLw2tB9DoDF4gTeppGfWAlnwLjLMSSGTMcjYSUHg.jpeg', 'jpeg', 'image/jpeg', '192205', '2020-08-02 10:20:21', '2020-08-02 10:20:21'),
(160, 1, 'vm21euwszrldK6E9iEtqsm2WtiJ4OyaA7VIGHPe3.webp', 'public_storage', 'media/JENwwALrNtL9FwTodORfmR71j7fWulCfcH00aXg0.webp', 'webp', 'image/webp', '7018', '2020-08-02 10:25:44', '2020-08-02 10:25:44'),
(161, 1, 'main.webp', 'public_storage', 'media/Xb2XLC4hOLKgiZixk65Vcv5p34LMKHc3DyCepGip.webp', 'webp', 'image/webp', '12974', '2020-08-02 11:15:57', '2020-08-02 11:15:57'),
(165, 1, 'uVIn12sWRQzXEW56BnVIy223NFajfer5i2uTo4ST.webp', 'public_storage', 'media/f1oqntpwSwmD2v1ZD9ensFm169iVNp51SHooCP7A.webp', 'webp', 'image/webp', '3028', '2020-08-02 11:16:12', '2020-08-02 11:16:12'),
(166, 1, 'XOrZwohY0hQKbOMRoQKeAjZfYG1SovyOhK0i7xgc.webp', 'public_storage', 'media/KAtjvauiHPpeNhG35f2xQ46rYQqru7aMQ5oosY6D.webp', 'webp', 'image/webp', '13208', '2020-08-02 11:16:13', '2020-08-02 11:16:13'),
(167, 1, 'news-letter.webp', 'public_storage', 'media/prx6dCtCAGez3lMZZVMdSAHj0DVVretC2syijxEA.webp', 'webp', 'image/webp', '53958', '2020-08-02 12:31:57', '2020-08-02 12:31:57'),
(168, 1, 'news-letter.webp', 'public_storage', 'media/N2w4H4C6QYEUgTEN07BVVMSnHogkQPoxfL4QAQk8.webp', 'webp', 'image/webp', '16646', '2020-08-02 12:35:21', '2020-08-02 12:35:21'),
(169, 1, 'payment-methods.webp', 'public_storage', 'media/QNrgF2SrXDM4raV72O00giDWkgdExY4iz0TTR4xC.webp', 'webp', 'image/webp', '2930', '2020-08-02 12:40:42', '2020-08-02 12:40:42'),
(197, 1, 'GSfYXOR3Y9TEuWHsdvVGy73OvyYwRdEvCe5QMROv.webp', 'public_storage', 'media/B0czPqYtD1iFBUz6coNmwof5d1rEYFRR2iR1RDOX.webp', 'webp', 'image/webp', '14024', '2020-08-08 15:14:45', '2020-08-08 15:14:45'),
(198, 1, 'KIFgMrA6v8rIm0zAwoY9x5d9EODazHdMJfVixLGl.webp', 'public_storage', 'media/fO5Ea2a9YmKsYX8RF2K3kz0BJI70aWSvOsnmtzwQ.webp', 'webp', 'image/webp', '14380', '2020-08-08 15:14:46', '2020-08-08 15:14:46'),
(199, 1, 'np0Gf17UUUAo7Alqha4hYdNFWP0JmEO5uI4MGjLm.webp', 'public_storage', 'media/5R3on4dxJB2lXFtyXC5SQOvR3o7tEWy5drIqxrIm.webp', 'webp', 'image/webp', '2344', '2020-08-08 15:14:46', '2020-08-08 15:14:46'),
(200, 1, 'S8EwdPox8v4d0STyERuNeFfb0V62jJ5HQpz3Bw4j.webp', 'public_storage', 'media/opAJbkiA2Ni0jiYIzQPuC2Hktbd58AynjTW8Rypq.webp', 'webp', 'image/webp', '5204', '2020-08-08 15:14:47', '2020-08-08 15:14:47'),
(201, 1, 'YXFIHEgHF4JOGhBdtehoqGzES93CfS2gaxRpIt1U.webp', 'public_storage', 'media/SDYfaIBEpCoBGvW7fp4xOVIUnCkfg1EpSSEyaMzm.webp', 'webp', 'image/webp', '33610', '2020-08-08 15:14:47', '2020-08-08 15:14:47'),
(204, 1, 'NqOOuVt2kLfNjwBpCAJng2oA8He5t0AUWG65ywMZ.webp', 'public_storage', 'media/bipulAwmIYy4FQYBYAaxv6XHb35oGQEpGIJf8xl0.webp', 'webp', 'image/webp', '1126', '2020-08-08 15:29:27', '2020-08-08 15:29:27'),
(206, 1, 'wHnWOQ09lnIwBKIrHdwKTpWnAjUOVVDs7L3XIduT.webp', 'public_storage', 'media/eGy9RDd8crLA8oLpfZnSjDezazDMbJj9qJs2gZuO.webp', 'webp', 'image/webp', '6324', '2020-08-08 15:29:28', '2020-08-08 15:29:28'),
(207, 1, 'p3CfI2829KDhno9fSXqI1FNs2qkMWYNsgLRExMK8.webp', 'public_storage', 'media/qWAyEFYZe4YaJzURq7VFFOaoHzzZffW85fkyAQas.webp', 'webp', 'image/webp', '3224', '2020-08-08 15:29:28', '2020-08-08 15:29:28'),
(209, 1, 'kUc1kVjkkmjEGiXYOz7AqBrzmG6iLssxYE5ZaSGU.webp', 'public_storage', 'media/OJEt53SMhIT07kwX7qkIUCZZbwERUJOnzKz1n2UG.webp', 'webp', 'image/webp', '23858', '2020-08-08 15:41:41', '2020-08-08 15:41:41'),
(210, 1, 'L5LOTN6bFQERMBisMPffOntLjDgRFbzzXAJe3w5M.webp', 'public_storage', 'media/R8WZIyzQeneqQAJwW9zQBamFa9WwE28Bm5AVD9Rj.webp', 'webp', 'image/webp', '12290', '2020-08-08 15:41:41', '2020-08-08 15:41:41'),
(211, 1, 'pamB8rBFzdupPjMZZ8C0CxLTEYM8jJLnHRjAaG9l.webp', 'public_storage', 'media/vX2xkaqM9szHBMhjnBb9Du69Nw9QyPQiHvh83IlL.webp', 'webp', 'image/webp', '18194', '2020-08-08 15:41:42', '2020-08-08 15:41:42'),
(212, 1, 'qscPBgFi2YAw150KfmrKtU2nDNWsnxMeoSNSZrpU.webp', 'public_storage', 'media/ivJahR2X3J49Ra3wspPsOdKBfvKVGvNNrkYoLe8h.webp', 'webp', 'image/webp', '10524', '2020-08-08 15:41:42', '2020-08-08 15:41:42'),
(213, 1, 'XVe0wkP52bzVQBe7BJhnRuovYiM1FD63oc4bv4gF.webp', 'public_storage', 'media/01fwDfyuOtgxyhb2T5wPGCLXvbnvXAVClZx9vsub.webp', 'webp', 'image/webp', '24262', '2020-08-08 15:41:42', '2020-08-08 15:41:42'),
(218, 1, 'L5LOTN6bFQERMBisMPffOntLjDgRFbzzXAJe3w5M.webp', 'public_storage', 'media/I8tE2m8DYDO4DYFNqljjAqkhXhxPa68lMfWxyhnQ.webp', 'webp', 'image/webp', '12290', '2020-08-08 15:48:33', '2020-08-08 15:48:33'),
(219, 1, 'MXT5DOSlN0iihMDXvkY0DELtL5pSNtqUEUOZef3t.webp', 'public_storage', 'media/xKBArCBNfWzlZYT3wvjjCVf5Zcqx2DUDikaWmOam.webp', 'webp', 'image/webp', '10408', '2020-08-08 15:48:33', '2020-08-08 15:48:33'),
(220, 1, 'T7o12YqNCvUCbJOSKNSTmUr1vkyVUuTOKbsMwsEg.webp', 'public_storage', 'media/2QbNNj8XRa4VU59ZnYVpoaU7IgI7bi6zeOe1g9An.webp', 'webp', 'image/webp', '2408', '2020-08-08 15:48:33', '2020-08-08 15:48:33'),
(221, 1, 'uLCGd9Qa5HqLQ2tk4KrDdj10q278T6UucM4XAoxp.webp', 'public_storage', 'media/wMYTy6ngBWXK0tmBjBDR9LE8VyoGXvLcRb0Rv6HL.webp', 'webp', 'image/webp', '37024', '2020-08-08 15:48:34', '2020-08-08 15:48:34'),
(224, 1, 'h8DqZUIVt3fdHuNevhE4TfS3rak8fVEWDJeKrMqv.webp', 'public_storage', 'media/p6dG2sDCyxcCrfW6wFL8luO4xu9i0q6876jpuGTP.webp', 'webp', 'image/webp', '16490', '2020-08-08 15:57:54', '2020-08-08 15:57:54'),
(225, 1, 'klD3yuHOYmnr6YeXjq3poyOsy4JNcoyHwFsphRS3.webp', 'public_storage', 'media/dalWfDubQq0GReAv2JJHsYuLs9bhdtXkSHTvoKXG.webp', 'webp', 'image/webp', '5684', '2020-08-08 15:57:54', '2020-08-08 15:57:54'),
(226, 1, 'ZnEkQzkjxU1zcqGBeH85AunvbSFMwQXpv68IBmBG.webp', 'public_storage', 'media/I04fUjGmm9OYlpSNbqB73BBy8o4Bip0MMgecxNgN.webp', 'webp', 'image/webp', '19348', '2020-08-08 15:57:55', '2020-08-08 15:57:55'),
(227, 1, 'oA4JKvTVXRnI7R8qXzcjxIBmZb18dcUhGcen64zI.webp', 'public_storage', 'media/K5s7RGAH5zO3uYQhmANqicucI6sYR5AiICwsTt0r.webp', 'webp', 'image/webp', '27774', '2020-08-08 15:57:55', '2020-08-08 15:57:55'),
(230, 1, 'HM5Of3kQtTAUEUl8rqjxWr6JTeWov3QKbaLWXrMN.webp', 'public_storage', 'media/l9UhKBEN3u0gTmXThbQ6fSQbPxrrfjVYCeXsi4Yn.webp', 'webp', 'image/webp', '5210', '2020-08-08 16:05:05', '2020-08-08 16:05:05'),
(231, 1, 'jVD4Qn9h4Ptzya3fUAv63dqnV6TCZu0fyTaV9sSC.webp', 'public_storage', 'media/r5g41hjqi71jjfCkxJwl1KQCQxkVN7vfkpMfBe1T.webp', 'webp', 'image/webp', '20140', '2020-08-08 16:05:05', '2020-08-08 16:05:05'),
(232, 1, 'UPMinobUUTvWvEmzX0Rb7SgB6unSmhIR2T6KznDj.webp', 'public_storage', 'media/uDDA2nVcDdX8qCNdye0mRJ133MkgGPuisJrioMIA.webp', 'webp', 'image/webp', '22308', '2020-08-08 16:05:06', '2020-08-08 16:05:06'),
(233, 1, 'yb9QU3ShyGb5nmpm3wdvhIF7J6ykuiiIZdq72Sim.webp', 'public_storage', 'media/36vTKt1xiYZ7ADeGj0c8E7ks2t0kWWU9ZPGJv2Cy.webp', 'webp', 'image/webp', '13462', '2020-08-08 16:05:06', '2020-08-08 16:05:06'),
(236, 1, 'Hgas6WQRQYcwOeQPwJ1VMYvgbwBeMSSI5A6SIL8D.webp', 'public_storage', 'media/X3N8SLAbUKiazjxuVOXHj51sdj4tzhRIUqRQXWeO.webp', 'webp', 'image/webp', '16782', '2020-08-08 16:12:36', '2020-08-08 16:12:36'),
(237, 1, 'isJK9gNePHHBlytCMeg7x39MaihsZ5VFoeiP8FXy.webp', 'public_storage', 'media/FA3UtsBt7i31WkS3Dj2edn4cLNsMjKWfYnEVBEEf.webp', 'webp', 'image/webp', '6616', '2020-08-08 16:12:37', '2020-08-08 16:12:37'),
(238, 1, 'PENPqkkHTarQ5TrB5wK87lF17XgIeTQLSeves99s.webp', 'public_storage', 'media/891hnPcDsMA92x9ra3JguWLfcSRgvKSkcktgc0kT.webp', 'webp', 'image/webp', '1022', '2020-08-08 16:12:37', '2020-08-08 16:12:37'),
(239, 1, 'UGrVUpBGXJYoo83qfDaKCtmsj374CAXFZ0wMtzdu.webp', 'public_storage', 'media/DI5ebYGWSQdNkmsM3K06NCmFCM7EMKljujQGJ398.webp', 'webp', 'image/webp', '6504', '2020-08-08 16:12:38', '2020-08-08 16:12:38'),
(240, 1, 'ZaOTS4e6iap2KgzBhL0xuBCxmPPu4qCHGx5qdL42.webp', 'public_storage', 'media/FhgpV6CeYuHP91Rm2UjY6bpzGJoB2PqHvhtEXL63.webp', 'webp', 'image/webp', '3426', '2020-08-08 16:12:38', '2020-08-08 16:12:38'),
(243, 1, 'LgjotLjgRgSVxgGmnENq9sL1MUteDeEad068ub6S.webp', 'public_storage', 'media/RTnqErLmI5rYLc4gHexxuAgBEGwZTWu9WBw20xM7.webp', 'webp', 'image/webp', '16414', '2020-08-08 16:18:36', '2020-08-08 16:18:36'),
(244, 1, 'nftvhihH4JZIOX29nWf846TQqcbjprWLSmmOb517.webp', 'public_storage', 'media/mWbufhepzhNX4EYcLfnmNmiQp98T2KEjpVWDRTGh.webp', 'webp', 'image/webp', '21950', '2020-08-08 16:18:37', '2020-08-08 16:18:37'),
(245, 1, 'QWwYmpxNOLyog7bqRXSv9Dtthy30idR9yshELtep.webp', 'public_storage', 'media/dAFsF3IJtm86uIhYsXp8plh4B8mqeuqaSP9DN2lH.webp', 'webp', 'image/webp', '16600', '2020-08-08 16:18:37', '2020-08-08 16:18:37'),
(248, 1, 'gGoLIGeRrqxOAX9fYsP4dqRcQIjIx6dRSEoqyinw.webp', 'public_storage', 'media/LJ8P1qRyGBEqybRppJa6fdv8LGiZU04U9nX2RveJ.webp', 'webp', 'image/webp', '49476', '2020-08-08 16:28:59', '2020-08-08 16:28:59'),
(249, 1, 'kxar2Eq7XZRNPBe5JYoT3EDtFLQYeMlzIsoyCH0j.webp', 'public_storage', 'media/ipjlPrYwa3rltKkdeMAYtVkkzWFapOrGBJl5xx60.webp', 'webp', 'image/webp', '2956', '2020-08-08 16:28:59', '2020-08-08 16:28:59'),
(250, 1, 'r28pf7XTBLB7GovQK7Yl7rijj5PAPBJd82jiGHDy.webp', 'public_storage', 'media/iAAv7V8FQkdvx4T2tDGRk1jXgozZPkcctXwMURBN.webp', 'webp', 'image/webp', '7376', '2020-08-08 16:29:00', '2020-08-08 16:29:00'),
(251, 1, 'Urr7JEZBn4ibvCb5ZyjkKbk8673OiMIxGmTzFond.webp', 'public_storage', 'media/EDJpCJLiwGH4rJ6rUPNMupEU8Zrn9gsXL9NqhMV5.webp', 'webp', 'image/webp', '43330', '2020-08-08 16:29:00', '2020-08-08 16:29:00'),
(255, 1, 'G7nd5yNhAiBiBJbprmaA4j0dlHzPxsw36EsE8I8c.webp', 'public_storage', 'media/OY9KlYRFNvr6uMdWXNrQsj6Bbjwk1BukPjn2l0nl.webp', 'webp', 'image/webp', '10754', '2020-08-08 16:36:44', '2020-08-08 16:36:44'),
(256, 1, 'UhVrqkxJ2otmsknijqNKbKiY48OnqkqfC3h76qqz.webp', 'public_storage', 'media/Wwxw98MKE7thI8lBPPxZlq7ZmIRATpKU6k8WhI85.webp', 'webp', 'image/webp', '28972', '2020-08-08 16:36:45', '2020-08-08 16:36:45'),
(257, 1, 'v6U9qrCZfOSiDlWKiyvRL2akwO8xyShkaOAnf5m0.webp', 'public_storage', 'media/m7cSuEDzY08T7AHr0xzopCqMw5AmyDjiI2P1ij31.webp', 'webp', 'image/webp', '4234', '2020-08-08 16:36:45', '2020-08-08 16:36:45'),
(260, 1, 'IgWwolamC5JWtXhpGdUKCS8fQIAvfToUGR9lKlHg.webp', 'public_storage', 'media/aBAc8F4m004ZqrqtfyuzXOIawbbPl0dFC65lXQNV.webp', 'webp', 'image/webp', '4390', '2020-08-08 17:03:34', '2020-08-08 17:03:34'),
(261, 1, 'JeNVKZXR9xCu2IywoXGbpLlgqG38g7pvcIyWyV9W.webp', 'public_storage', 'media/6QFWxdVuNUb4TzY6hEy4deIPwrdIXGmo9Yp7qZO3.webp', 'webp', 'image/webp', '13148', '2020-08-08 17:03:34', '2020-08-08 17:03:34'),
(262, 1, 'NBH7TyyYzyyCIoDZPV5UYbedQRucj0na3MgukWRd.webp', 'public_storage', 'media/KAD30fFBLlYqG0lKogZHg5PkYqjnnYbEfrqwc781.webp', 'webp', 'image/webp', '3396', '2020-08-08 17:03:35', '2020-08-08 17:03:35'),
(265, 1, 'HaBTtKvIcsL4Pu3M8UXjcM7UfhPn2SbrYfcTGwWp.webp', 'public_storage', 'media/UACCkgVtIaes7jqDj7eoFNyrQevdQ7qjgPWbvhXe.webp', 'webp', 'image/webp', '5808', '2020-08-08 17:13:56', '2020-08-08 17:13:56'),
(266, 1, 'LeJ49jY4NuqA4hXRxOHdJQhctUbE0JfiliM5W8KQ.webp', 'public_storage', 'media/llb6dysFC3jiaV1arh1R77lXjhxn5x8hBZQXNE7P.webp', 'webp', 'image/webp', '22804', '2020-08-08 17:13:56', '2020-08-08 17:13:56'),
(267, 1, 'OLQSBT4PnWk9Qup4kc7rAyhjpy3G7YT31dGHfOxU.webp', 'public_storage', 'media/lby5qBziRtsWgCq5wrY90YmiVW4k3bTAPUiDi5I7.webp', 'webp', 'image/webp', '22136', '2020-08-08 17:13:59', '2020-08-08 17:13:59'),
(268, 1, 'rd1gr6L8H7fU7Mcd0HsLkNHUgF8mhUoZ55AcYXLA.webp', 'public_storage', 'media/8xVWfphFCJ5OW7SJ6T18DzdGX4ROXtH99GfjSvdw.webp', 'webp', 'image/webp', '3860', '2020-08-08 17:14:01', '2020-08-08 17:14:01'),
(270, 1, 'FsABkGal9JyBFyEiTa4KqtEEGrN0zaABMzKUx2aM.webp', 'public_storage', 'media/bqhXRH1FXFL9WEUNHczrUPMTftOdwpPcOMHyVNrH.webp', 'webp', 'image/webp', '13260', '2020-08-08 17:22:53', '2020-08-08 17:22:53'),
(271, 1, 'LmE7l3I5MFygSob17Szm4aAEfk9nXr6qg3vH9Ova.webp', 'public_storage', 'media/bDclGs1fJli16zIBppJn7ztfZ5t2GD0xz582QzaB.webp', 'webp', 'image/webp', '2140', '2020-08-08 17:22:54', '2020-08-08 17:22:54'),
(272, 1, 'q5oxG0FvQqA3YEdcjtYQyhK8H5rnc7zXZ8MH7PVD.webp', 'public_storage', 'media/b0pJDivUi6InBUZDcUDwPnQUvSvH6NOYJzVJOBle.webp', 'webp', 'image/webp', '11392', '2020-08-08 17:22:54', '2020-08-08 17:22:54'),
(275, 1, 'm38UlixRRBZ7cwhqUTlfuMazwWt9hnqJL1Sqemgt.webp', 'public_storage', 'media/T9Oruj4bnHChpTwjQ8Ua2y2FJPtUUCAje0cnmjvB.webp', 'webp', 'image/webp', '1496', '2020-08-08 17:29:21', '2020-08-08 17:29:21'),
(276, 1, 'PhJ3dDBOzOyWsy4dfM45a4kpRngXYRnZmiRdkJNq.webp', 'public_storage', 'media/zAv8H0Uj8mPdFv3V4cn3mk64SU68JuOPUgNLZn6C.webp', 'webp', 'image/webp', '12446', '2020-08-08 17:29:21', '2020-08-08 17:29:21'),
(277, 1, 'r7E7bfkrJ07Kzdjweqs893OAou35pXZFOatiYMaf.webp', 'public_storage', 'media/UO2Q4iD7X7texksyIgYSBVZkKVBS3iZk37BLjM2x.webp', 'webp', 'image/webp', '7702', '2020-08-08 17:29:22', '2020-08-08 17:29:22'),
(278, 1, 'X8JZ9741BSxy5YSJ8v7nSICg0iYBLSEnwlxpBCeI.webp', 'public_storage', 'media/hu9buUy8gBvVVpDRQ9FZ62D19KwXz2cYNbrdCZAr.webp', 'webp', 'image/webp', '13768', '2020-08-08 17:29:22', '2020-08-08 17:29:22'),
(281, 1, 'm38UlixRRBZ7cwhqUTlfuMazwWt9hnqJL1Sqemgt.webp', 'public_storage', 'media/C8kGsFQvMNcwnXE1n8OwxWIfMfpvRWADhLuGTfS9.webp', 'webp', 'image/webp', '1496', '2020-08-08 17:34:41', '2020-08-08 17:34:41'),
(282, 1, 'PhJ3dDBOzOyWsy4dfM45a4kpRngXYRnZmiRdkJNq.webp', 'public_storage', 'media/i6uQQhYWXd9O2mlxuYAiPuuUGu3TEqSz9UTQ44P2.webp', 'webp', 'image/webp', '12446', '2020-08-08 17:34:41', '2020-08-08 17:34:41'),
(283, 1, 'r7E7bfkrJ07Kzdjweqs893OAou35pXZFOatiYMaf.webp', 'public_storage', 'media/HCQ6oLCApljLrAmnywWAEIZgblvqPPDubBqVqV83.webp', 'webp', 'image/webp', '7702', '2020-08-08 17:34:42', '2020-08-08 17:34:42'),
(284, 1, 'X8JZ9741BSxy5YSJ8v7nSICg0iYBLSEnwlxpBCeI.webp', 'public_storage', 'media/XeSUzGLMHztDzc6iaVlkaStmyBMqqlQV7LZlqneM.webp', 'webp', 'image/webp', '13768', '2020-08-08 17:34:42', '2020-08-08 17:34:42'),
(288, 1, 'IRDNO2cCnZYHkrJbaVuMzGyoFeHM1sR5oMMTOXp7.webp', 'public_storage', 'media/HXkE8Ps8fHYuh2dXlZPwBzpGSHI5aY866qNpUaLj.webp', 'webp', 'image/webp', '10324', '2020-08-08 17:35:00', '2020-08-08 17:35:00'),
(289, 1, 'VM0FA23xppj1qT8kU33zetUKIkINY8LCnzNDa5i9.webp', 'public_storage', 'media/4ngYTpD1bktioL6ozcCFEkGJXaltp9YzesIB60qf.webp', 'webp', 'image/webp', '352', '2020-08-08 17:35:01', '2020-08-08 17:35:01'),
(290, 1, 'ZiHGVhYVzUTYFxuxSb8OQnc6NUyHyxBBjS2EUXmk.webp', 'public_storage', 'media/uprY0Ijzcf1D7ylDnMYt7zqvWdWp723l0NAh9YWk.webp', 'webp', 'image/webp', '10936', '2020-08-08 17:35:03', '2020-08-08 17:35:03'),
(293, 1, 'hcTV9LA7ioqmbK9vPyZTNfW33tnk02Z6GWY4r9gs.webp', 'public_storage', 'media/8Mk0SX3Cmi9asldDydFwTvhUdX6sw4poKbePleh6.webp', 'webp', 'image/webp', '7260', '2020-08-08 17:40:36', '2020-08-08 17:40:36'),
(294, 1, 'NiyZKPtTlU2j0VMiUVHlnVhnnO9IOovZZAU90y9h.webp', 'public_storage', 'media/PKzuaFYuJMlBuoXG3cK5ktsbkmEFscYjRLKyfXy9.webp', 'webp', 'image/webp', '5190', '2020-08-08 17:40:36', '2020-08-08 17:40:36'),
(298, 1, 'iSAzH88aZlFD84oJ1RL3oJ5V5QZ4asFmIjK8Zreu.webp', 'public_storage', 'media/6Co15Z290PiiiaE6h3Z9OKuJLE0DcEyZHivdmqD0.webp', 'webp', 'image/webp', '4450', '2020-08-08 17:49:14', '2020-08-08 17:49:14'),
(299, 1, 'L7yVxff6WB0McVU43jYZHXF62tOTxPjWEyZnS7Su.webp', 'public_storage', 'media/sorCFTUsbnjudvn0RHi9HU7NMlSV47xduLVFDqIu.webp', 'webp', 'image/webp', '27904', '2020-08-08 17:49:14', '2020-08-08 17:49:14'),
(300, 1, 'VbZOA2ub8KoE6jGmNGSKxffpcxBfSyRdsKVysHY2.webp', 'public_storage', 'media/ksfk5RQvM7aMeyLHMpPNIjYGMSSquHKM4VR1WdGF.webp', 'webp', 'image/webp', '14738', '2020-08-08 17:49:15', '2020-08-08 17:49:15'),
(301, 1, 'vkZB03Re3FCIPPNSJURj7WqvIzoghrmRIJquQheW.webp', 'public_storage', 'media/61L6VQ74rtVfx02Q7G2BF4CRuiqAIHu1O5n2r32Y.webp', 'webp', 'image/webp', '21284', '2020-08-08 17:49:15', '2020-08-08 17:49:15'),
(302, 1, 'm2RjsMI8evkRwCSPVM06DL0wOwbdgnLakWztS6Z2.webp', 'public_storage', 'media/XwdqXv8UqVMFYOwOLozu2652lxjpRkdGVdw5fDgY.webp', 'webp', 'image/webp', '18184', '2020-08-08 17:56:49', '2020-08-08 17:56:49'),
(307, 1, 'NxiJpBLw3xQivhS9dFG6WhNF0ZbsnQYAgGO7H2GE.webp', 'public_storage', 'media/EqqV0SpDpkOyYb858nmqdao5ZX7EH3YPHr7fi3g6.webp', 'webp', 'image/webp', '14702', '2020-08-08 17:57:02', '2020-08-08 17:57:02'),
(308, 1, 'fnIDa1dpJCjkrKIINv7wy6QK9SGqeJTqMKi67qBr.webp', 'public_storage', 'media/fO3AXRG4oU1WgnyorZuD6dDwFe1rWhVKjFzZ4nGx.webp', 'webp', 'image/webp', '11392', '2020-08-08 18:03:47', '2020-08-08 18:03:47'),
(309, 1, 'iQTIKme3UGCGeioT3Hfylk4dZGERF2CPQuZf7Ean.webp', 'public_storage', 'media/Vzqm34DkNjqIjym7yxvioLPlMwa4ecYuOEJ6SMD6.webp', 'webp', 'image/webp', '11534', '2020-08-08 18:03:57', '2020-08-08 18:03:57'),
(310, 1, 'iW6lmEATqkq4zh1AUlCm4647qmWedmVzppFIq0nu.webp', 'public_storage', 'media/xf8uorn9vNRP5lK1uEZdm3FxV8gZHRi3WI98k7iL.webp', 'webp', 'image/webp', '16758', '2020-08-08 18:03:57', '2020-08-08 18:03:57'),
(311, 1, 'X2xplorfnZrCHvTPkz62EzyLzv9blK0kCVcOcsQd.webp', 'public_storage', 'media/uEyRg4jEwNZYBH8b8CROtnWiGI4AZ15JuC9Kgq41.webp', 'webp', 'image/webp', '12906', '2020-08-08 18:03:58', '2020-08-08 18:03:58'),
(312, 1, 'MIao4xE3LQhxOqhfAU1x6kfdjyFmCwQ2W6DeXbaB.webp', 'public_storage', 'media/Xh5XLoOIVzvYDFVYdS07E2mcMFo5rETOS5fj8xCb.webp', 'webp', 'image/webp', '14564', '2020-08-08 18:03:58', '2020-08-08 18:03:58'),
(313, 1, 'xJ9F2gDg0YImGbNlUNPPoVUcssdgYsuW9P0kqD5E.webp', 'public_storage', 'media/hTmZa5821RGwnQECdJ0bPDxM0Znjq4Zv2HuqpRq4.webp', 'webp', 'image/webp', '13442', '2020-08-08 18:03:59', '2020-08-08 18:03:59'),
(317, 1, 'JLAmladOsi4bz4EMvwIlh3hgc9KNcD9kGFCChhzq.webp', 'public_storage', 'media/5C6SV68mszoou8H1ur1Jhwe65pRayh1No6hPCW41.webp', 'webp', 'image/webp', '6736', '2020-08-08 18:08:54', '2020-08-08 18:08:54'),
(318, 1, 'q5I7WGsoFPLCXD2XM1E8YWerccOhfhCXiLeoGofh.webp', 'public_storage', 'media/YJHjcnvygrXYBiDzazSvh0DkDBzjBZTI2nGHQ9kJ.webp', 'webp', 'image/webp', '7080', '2020-08-08 18:08:55', '2020-08-08 18:08:55'),
(319, 1, 'WIuiBvUq4msKmtdvuhsMGOAIp2cObgoCLklxPXRF.webp', 'public_storage', 'media/iVWDzpc0mGB5V3LRrQ5yiu2g12TnnfPS3DG5u62w.webp', 'webp', 'image/webp', '1424', '2020-08-08 18:08:55', '2020-08-08 18:08:55'),
(320, 1, 'v7KXcwSR8dGmR75wVTsSPMTb807bZpFuURxlT5eI.webp', 'public_storage', 'media/2E2yqQtG2oYJTEMnzNLb55QFuAAWUwonwwE22EoC.webp', 'webp', 'image/webp', '6628', '2020-08-08 18:38:03', '2020-08-08 18:38:03'),
(321, 1, 'jBtPOto5sMH0AAjehCbdDTtxwpsvUM7JnnYudjTK.webp', 'public_storage', 'media/6BkBOIYw3X8SL80LTKA532MF2QsvC5bfnOOeSmuy.webp', 'webp', 'image/webp', '11640', '2020-08-08 18:38:03', '2020-08-08 18:38:03'),
(322, 1, 'Zp5VNUPbGFB5ay1MedZ9qTeOUJm2gAPowQIWUxlS.webp', 'public_storage', 'media/axFtDKszjfSAju9QG17O9tC7sUqVU54zaQnrtLRk.webp', 'webp', 'image/webp', '5518', '2020-08-08 18:38:03', '2020-08-08 18:38:03'),
(325, 1, 'jZgZdg2woixPtsAO59JNXnFkcJUAf2068pktdFHD.webp', 'public_storage', 'media/eDVNoNDBGPxGB9oiiJA2QtDmsBWOtgtLcK4Mfa3m.webp', 'webp', 'image/webp', '6274', '2020-08-08 18:46:52', '2020-08-08 18:46:52'),
(326, 1, 'oyW8XCcak30haT4TlzVy2FSB2BDE8j1pzQkx0Van.webp', 'public_storage', 'media/eeue8gTzOnlXR0o3wXxNM2TIxI7PM54ogRXvJeia.webp', 'webp', 'image/webp', '8754', '2020-08-08 18:46:52', '2020-08-08 18:46:52'),
(327, 1, 'ZKBH8Eh0DRs0hiwfM9Hd5oFsgejsQtOJOZWk8CWZ.webp', 'public_storage', 'media/Z8U0DNubYCJOsHK707J688jmzqluc0tmYytMcTu4.webp', 'webp', 'image/webp', '6306', '2020-08-08 18:46:52', '2020-08-08 18:46:52'),
(328, 1, 'ZViLjBceUH64d4DzqZvZ80la8TqYqtHXgzjnP9Rw.webp', 'public_storage', 'media/9HRqoUwZ8N6AR7v0qnMBjXeoWx96Dv0GmsWsh1L6.webp', 'webp', 'image/webp', '1800', '2020-08-08 18:46:53', '2020-08-08 18:46:53'),
(330, 1, 'g3fA099LUSHx5ZnYUN31MlyTo7jC91uruEAKODg6.webp', 'public_storage', 'media/JPjJxdxr3BkJlsUVznIS8YWBxdubL5vwpFucKL9G.webp', 'webp', 'image/webp', '11072', '2020-08-08 19:12:08', '2020-08-08 19:12:08'),
(331, 1, 'Htyl3ouzQQ7UxbKPgdmR3ojBc3gt6gVwSZn87xR5.webp', 'public_storage', 'media/FiIUDnGrqtmuTFFnPWT0X0GJjU4ARnRu3e5seyms.webp', 'webp', 'image/webp', '10936', '2020-08-08 19:12:09', '2020-08-08 19:12:09'),
(332, 1, 'lXkkXIe4E1IMeICGLvb7Btl3CsxkM9iG6pJmJyMc.webp', 'public_storage', 'media/kiwJF9h4KlSBtiV0JKczvvI9EjVAgqDHh1NDQvyL.webp', 'webp', 'image/webp', '10862', '2020-08-08 19:12:09', '2020-08-08 19:12:09'),
(333, 1, 'SBxGZG72FTunXSOYisKbYk92ABtZUT3rJQtFZc64.webp', 'public_storage', 'media/K5PSqB3Xkn1pc2KpTdfjP8pnMGY3W00kwbgKCytC.webp', 'webp', 'image/webp', '23230', '2020-08-08 19:12:10', '2020-08-08 19:12:10'),
(338, 1, 'Ll4J2hiLTf1zPBgbGb9wRPExTsNBBWKJNsfWoNK7.webp', 'public_storage', 'media/guyt4Q2nPfuGKqHH0HD43bTjF45qb79DOEjPjEDQ.webp', 'webp', 'image/webp', '10850', '2020-08-08 19:18:17', '2020-08-08 19:18:17'),
(339, 1, 'QAtEnnXEmiLuqahx0xpGINm31I3tkkh1wL3CImgp.webp', 'public_storage', 'media/OfRT4LK6apo7zhyVejzffJR1gjKqYeNd2P3hpmx6.webp', 'webp', 'image/webp', '8038', '2020-08-08 19:18:17', '2020-08-08 19:18:17'),
(340, 1, 'w1AYuzLaBqzKahmVtBLxiMI9C9uOq6OxPxC4Mt7b.webp', 'public_storage', 'media/9Ke9NpbDaDbMVl4bKiReWrEntYUWRDCBRn4oD5Ro.webp', 'webp', 'image/webp', '8894', '2020-08-08 19:18:18', '2020-08-08 19:18:18'),
(344, 1, 'nhbqiOu9JOVQix2tTKDfAmRIbOUG5E3O64tcwifN.webp', 'public_storage', 'media/FiQTAo4LCJFmuigdP63M6habRtnAQJ2XZP2Sp4qd.webp', 'webp', 'image/webp', '6214', '2020-08-08 19:25:22', '2020-08-08 19:25:22'),
(345, 1, 'OthhGJyFXCq57Ukxm4SpS2lr4TfTai9AId9sKZIB.webp', 'public_storage', 'media/jZSlANsXSC95gPLgBy1oX54uTNiaOgp74O1LHeys.webp', 'webp', 'image/webp', '10632', '2020-08-08 19:25:23', '2020-08-08 19:25:23'),
(346, 1, 'jecYzcUPsmRPQ98OFKK7WAEkkJd02UG5nsgoN8F1.webp', 'public_storage', 'media/l66Kzkwk6kKMLMONaD59ATnikOJiENTcTApl5noE.webp', 'webp', 'image/webp', '19416', '2020-08-08 19:31:46', '2020-08-08 19:31:46'),
(347, 1, 'Qd5Jjgt6iOyzD3anfpNXTGmmccyjxVuwIooEeZ3x.webp', 'public_storage', 'media/XQheb6aLcxwLW7xlsFYXpogBAgE0X6xoEtZVuatE.webp', 'webp', 'image/webp', '3768', '2020-08-08 19:31:46', '2020-08-08 19:31:46'),
(348, 1, 'qvEupkVinaLYwoPIWQ4QNAq2aGzYZqVykOmJu99h.webp', 'public_storage', 'media/M1xDPpKgGMvccJn7JysW2CdNzuOpZN0ov8JX19ec.webp', 'webp', 'image/webp', '3404', '2020-08-08 19:31:46', '2020-08-08 19:31:46'),
(349, 1, 'W0j1RvI3w7AxXV09qLx5DtrounwW5IyzMtrE5VUY.webp', 'public_storage', 'media/AjbXbpKphXUpAMyUeEhxoWiuBP61qX4dKdr5kT6M.webp', 'webp', 'image/webp', '19960', '2020-08-08 19:31:47', '2020-08-08 19:31:47'),
(350, 1, 'zwFVWBN7CFEX4hvLZFUkTwJSlO27CSuFC3nPIEfv.webp', 'public_storage', 'media/WSdNEpGXyDlAaWsQbdEOm6kbETUgLFaBmG0biq5O.webp', 'webp', 'image/webp', '914', '2020-08-08 19:31:47', '2020-08-08 19:31:47'),
(351, 1, 'I0iiGnM7FIzrfMHtluEp9Cxr4Jo0NSwDPwqYHf0w.webp', 'public_storage', 'media/GmmnKGyyJ0H8SNIpa1CNr9qS7zSK1q1i0XmGQlcF.webp', 'webp', 'image/webp', '6822', '2020-08-08 19:36:03', '2020-08-08 19:36:03'),
(352, 1, 'mUdWbtKbO9bx0ODEX7uw66GZ0ckbnC4Tnfsvp24g.webp', 'public_storage', 'media/eM1118mVjF17ZbuzZNoK7N6esgUrTfsTLVg24Yza.webp', 'webp', 'image/webp', '54846', '2020-08-08 19:36:03', '2020-08-08 19:36:03'),
(353, 1, 's10CPtoqvCiqyC0XVSoXV5ZPs75qpU2Yy3oDR3iC.webp', 'public_storage', 'media/eh1TwZdDmnOFLCH008rwQXde1bkYnDJgzZMufpaf.webp', 'webp', 'image/webp', '5108', '2020-08-08 19:36:04', '2020-08-08 19:36:04'),
(354, 1, 'vB8wz09OKaNWIcVMoiAzzUTw1QkjGZuK10j6wmRd.webp', 'public_storage', 'media/OLUW74X9LvTb4HthnnQeQBOLmM2mk9ymqSlWmQPz.webp', 'webp', 'image/webp', '40178', '2020-08-08 19:36:04', '2020-08-08 19:36:04'),
(355, 1, 'YkDlVl3ZvZ8bobqotxNTPjTpXD9fwhSf4XQREv7C.webp', 'public_storage', 'media/ZjZ5TLqhlgwAk9s06LfpgMPGLShGoBX2tbJWayZf.webp', 'webp', 'image/webp', '5212', '2020-08-08 19:36:05', '2020-08-08 19:36:05'),
(356, 1, 'FM94KigxJQSeentYH7tbenrJDtDmMVJ8nR4vQJfq.webp', 'public_storage', 'media/iD2uGuHvSx2NRpVe9HX9wEfeZxlId1570otTCE4o.webp', 'webp', 'image/webp', '30386', '2020-08-08 19:42:21', '2020-08-08 19:42:21'),
(358, 1, 'OezgM0KwmQDFnOv3YeDZ3WKOdUJZmU3xTPYWkl3k.webp', 'public_storage', 'media/5VnEhr54WaArCMwAau6QHmMdlrC6C71Awobl1GWe.webp', 'webp', 'image/webp', '22528', '2020-08-08 19:42:22', '2020-08-08 19:42:22'),
(359, 1, 'urv0jsKiJilo3dJXIe1ap1w978RrSSB7f2QbTQdY.webp', 'public_storage', 'media/YUm0Gcuf5iZVKnhJyMz3YYWL5ZtlGAz27tsEJLp4.webp', 'webp', 'image/webp', '29378', '2020-08-08 19:42:22', '2020-08-08 19:42:22'),
(360, 1, 'XnFhxp4UQajlJK0GpPlWuCTaovbdTeWdBUJPdaJk.webp', 'public_storage', 'media/ENRBOniz5QSgh1QSZNCJlMwJIdtjcm0KmgDmPEjK.webp', 'webp', 'image/webp', '36198', '2020-08-08 19:42:23', '2020-08-08 19:42:23'),
(365, 1, 'gH5oEihvnLMZmUtZ8byRzvDpa5yGGMr0SgLdPRVd.webp', 'public_storage', 'media/S9VRRug6nSrIufHHP0kHHoc3a2GNBS5nmfRxTYUa.webp', 'webp', 'image/webp', '12622', '2020-08-08 19:44:37', '2020-08-08 19:44:37'),
(366, 1, 'zLV70o1G7mJzcyzzx8LNZ751qjoXP21VBmM2omOi.webp', 'public_storage', 'media/qwOcsPmW38EbNpQhrKoYPT9ue9sWJ3hMdgTcxlZT.webp', 'webp', 'image/webp', '2938', '2020-08-08 19:44:37', '2020-08-08 19:44:37'),
(369, 1, 'LstK7UewmHpSbrCst88E8UKKpSeRya4V7DXr8reX.webp', 'public_storage', 'media/AGsfsMB5tD53IcPHYXvmD1Js2afnnz1NTd0qonkV.webp', 'webp', 'image/webp', '2468', '2020-08-08 19:49:35', '2020-08-08 19:49:35'),
(370, 1, 'm2RkNkPwpdMSsiHnbl3AH6tPngCxbcEb1HwDb3Ld.webp', 'public_storage', 'media/bNM5C5cGYuEgt4XIcl1goHgwiypwWYvDIDH6dlOO.webp', 'webp', 'image/webp', '2876', '2020-08-08 19:49:35', '2020-08-08 19:49:35'),
(371, 1, 'N0MDtFflmuGlE6Mr05gnOXEvsv0osn2JQhb4aBwA.webp', 'public_storage', 'media/5YCHcXwjqLFh2USHLP4PoP84ynLH1yx24fgbW1Z1.webp', 'webp', 'image/webp', '9594', '2020-08-08 19:49:36', '2020-08-08 19:49:36'),
(372, 1, 'pgs3UMPxP36zp0GUQDYzaPukjczGSlPINTiHNEG9.webp', 'public_storage', 'media/OFe7DMl4wzfg1WWxkjKSq1My0KUPn6FvG9KQCq7S.webp', 'webp', 'image/webp', '744', '2020-08-08 19:49:37', '2020-08-08 19:49:37'),
(373, 1, 'RUk3pNbHq4gzyinO7OAiIWn4PhQBXa8i0UabFwlR.webp', 'public_storage', 'media/hebsrDdfV8FVdfWFtynk0K0PnCtNclysX2O1fdwH.webp', 'webp', 'image/webp', '2950', '2020-08-08 19:49:37', '2020-08-08 19:49:37'),
(377, 1, 'mXAuCwLe5FPdvVubVTNaLTkjoYRNxdChzpf6WWJI.webp', 'public_storage', 'media/p9RLnXhciFwFpqCukUFW0Igb2QBKnEEPAditWrD7.webp', 'webp', 'image/webp', '24774', '2020-08-08 20:12:56', '2020-08-08 20:12:56'),
(378, 1, 'pdZC4wsmuxt7gfwFwnXL63ID249wlqdH9dhdVfrB.webp', 'public_storage', 'media/vuZ6p6wGlExhQTSBScckPXYscBiYEF6cwg5ADi6v.webp', 'webp', 'image/webp', '1694', '2020-08-08 20:12:56', '2020-08-08 20:12:56'),
(379, 1, 'PYa7tD1tRLEoPhgECFv2v1stH9IJrA5RLpFoRWMQ.webp', 'public_storage', 'media/X3D39HeZXhlI9Vykgktsb9ROeXEqTJ89P4SOgiP7.webp', 'webp', 'image/webp', '23350', '2020-08-08 20:12:57', '2020-08-08 20:12:57'),
(380, 1, 'tT1cCALhPsUAVAdryYr6Eesc9A2uHbDLkKbw97QT.webp', 'public_storage', 'media/2I3XYrIpMp5kCc7tQesQweLJvqFDsw9a6npLV5H2.webp', 'webp', 'image/webp', '15418', '2020-08-08 20:12:57', '2020-08-08 20:12:57'),
(383, 1, 'jzAGc6DztxflUd5ld2Z3CC4XPtSouLizPr34yRqP.webp', 'public_storage', 'media/8Pf4C47wxGeLz6qUXI7V3tntQzR9tpk4bpF8wUzF.webp', 'webp', 'image/webp', '508', '2020-08-08 20:16:59', '2020-08-08 20:16:59'),
(384, 1, 'koK9k3h6CsbGqs3mOHjaeTuK4deq2MUoLWJncrg3.webp', 'public_storage', 'media/y4voH6M7HsnQ7lUlLLMQuwQlkFR8pWfaUdKLwzQY.webp', 'webp', 'image/webp', '47986', '2020-08-08 20:16:59', '2020-08-08 20:16:59'),
(385, 1, 'MGv5sbWwExAbTyGsMejpxWcXfI3ZCdbn5MbRK7VS.webp', 'public_storage', 'media/7ClIJbK94ereMm97fylje7QOWDt6R1c1KL1P5Kmu.webp', 'webp', 'image/webp', '1812', '2020-08-08 20:17:00', '2020-08-08 20:17:00'),
(386, 1, 'TSL8IDfysi7eF7eYNznfEXrnwABKFh66phhxIBg5.webp', 'public_storage', 'media/GgYzMSlEMuWCeVQa7LWIuoiFr2C5FWacpsMZuY1B.webp', 'webp', 'image/webp', '11000', '2020-08-08 20:17:00', '2020-08-08 20:17:00'),
(391, 1, 'pD6qNdnW3gfkb28CrIoQdqo1e5O30R2AQpzRvBt0.webp', 'public_storage', 'media/BNG6Rq853XCJLuDTnSIOJ8RDt9KdwivRGiLFZ58C.webp', 'webp', 'image/webp', '13726', '2020-08-08 20:23:16', '2020-08-08 20:23:16'),
(392, 1, 'j4Ocbm1XbBcPxKYrIV6UQ4f1u4b0gzYFKzSRMR0u.webp', 'public_storage', 'media/ySuR2fjVv2u9JRtUSuLeqyltD1TRUnSdsPJCcdk2.webp', 'webp', 'image/webp', '2870', '2020-08-08 20:23:16', '2020-08-08 20:23:16'),
(393, 1, 'tgAqRJ0Yfkyz1X1aEQLpRR6GEMKAgBwpEZz5QGEn.webp', 'public_storage', 'media/i6errRIbGAzNPg3LDixJ1KrZ7EeGtQoNUVArvaty.webp', 'webp', 'image/webp', '21856', '2020-08-08 20:23:17', '2020-08-08 20:23:17'),
(396, 1, 'H3Y8c93acNHlXeX3zFESNkXMA0SXTR5YxlRDjZpR.webp', 'public_storage', 'media/VJ92CDcVQBt1B9sQpwAefT9F6T5HuOIonfssIU9K.webp', 'webp', 'image/webp', '13086', '2020-08-08 20:32:49', '2020-08-08 20:32:49'),
(397, 1, 'lzrjoa49otq4y3VNG8sBdUnQj6mgASiikC1ERPI3.webp', 'public_storage', 'media/CvVf6zdX2ubSkGPhSGd0vbPymPyeTQDSWjkb21It.webp', 'webp', 'image/webp', '7108', '2020-08-08 20:32:49', '2020-08-08 20:32:49'),
(398, 1, 'JI95cNcZw9JY1rzh6XOP103lApPi2kCF0GFBvg8j.webp', 'public_storage', 'media/TlaOu6DIIiFN4qJX9zFcLADRm7SN2pqbFPuUc2tL.webp', 'webp', 'image/webp', '2690', '2020-08-08 20:38:14', '2020-08-08 20:38:14'),
(400, 1, 'PSWmo2rKLwawav8GVWEew6rgiwMTNGl9lWgm4AgV.webp', 'public_storage', 'media/EvwRz05vt09Zz7GY0pIwXsRQbDLyR0jJkIkjrKWK.webp', 'webp', 'image/webp', '4790', '2020-08-08 20:38:15', '2020-08-08 20:38:15'),
(401, 1, 'sj9TlHIxwm8NCBEvDFqUDRJhSUNFMvGnG8UTsT6C.webp', 'public_storage', 'media/qOfTHkSNj0pIOMEG6ZzTZlwOBRP62cGIWhY9iIc9.webp', 'webp', 'image/webp', '2390', '2020-08-08 20:38:15', '2020-08-08 20:38:15'),
(402, 1, 'TmunRcILRSqMqESZZLxgYmiUdmzONzuiuGecczgx.webp', 'public_storage', 'media/L9OCIApuXYL3NmrKrcKVNoz8vyVbwkkey8S1jG8u.webp', 'webp', 'image/webp', '3588', '2020-08-08 20:38:16', '2020-08-08 20:38:16'),
(405, 1, 'pVT4OHCBHvnGxE4JTxCV3jrlWqY7AS9Os7Y8GRxv.webp', 'public_storage', 'media/hQas1BzHH05LSXU9bwvKZyg1y1KPJIwWDnO3Qbs6.webp', 'webp', 'image/webp', '12826', '2020-08-08 21:11:18', '2020-08-08 21:11:18'),
(406, 1, 'rqVKL58wsB5I8ggATmk72Qc6BNc9Irn7chlI6XSs.webp', 'public_storage', 'media/GMJQeGpJbPj6QW6nJNEb6RvuAAe2cpTmwUhMqnkd.webp', 'webp', 'image/webp', '10044', '2020-08-08 21:11:18', '2020-08-08 21:11:18'),
(407, 1, 'S20vL24kibhXYAMDdWHG0Rh63UFHem1rxgGI6rgH.webp', 'public_storage', 'media/FjRcIJdUZkGyyh1UZk8NTE1zQk1o4LhA2YhDYVFE.webp', 'webp', 'image/webp', '8626', '2020-08-08 21:11:26', '2020-08-08 21:11:26'),
(408, 1, 'Un5xW3OLgPlpon7XQK61CEWibmMy3KuMPY7k063B.webp', 'public_storage', 'media/5RuETsACD9tQDfgdZM6LSk3wSJyJ2hIee5Xfm1Hd.webp', 'webp', 'image/webp', '11714', '2020-08-08 21:11:28', '2020-08-08 21:11:28'),
(411, 1, 'lX0qvOLolWH1Ppfb2rzPh7yeG9ke6Ef2uWAxQ7BB.webp', 'public_storage', 'media/mewmW3fPgyFntGPdStZt8MhW4HT1tfRusHWCCAOG.webp', 'webp', 'image/webp', '1858', '2020-08-08 21:19:22', '2020-08-08 21:19:22'),
(412, 1, 'mMLJOkfoGbD3dbJsZuL6ks8ZJ5LQ6sUV9L13X81f.webp', 'public_storage', 'media/Hiy6cokWuNQ1EEU9y8Q0idqODiE6NnnCUFdu5zuq.webp', 'webp', 'image/webp', '4680', '2020-08-08 21:19:22', '2020-08-08 21:19:22'),
(413, 1, 'tTVELpjaCotEBQC9DpzcDQQDleDYGsEAZcXvCvvJ.webp', 'public_storage', 'media/esQ9TIVbYmrgv2rkXgkhD6dYK988FQ7OsCg2JLFs.webp', 'webp', 'image/webp', '2152', '2020-08-08 21:19:23', '2020-08-08 21:19:23'),
(414, 1, 'Vf6FOgFrmEmZ08ZAXN4pftAdQguT0XcnoQ7Zy7ee.webp', 'public_storage', 'media/rkIzl0hMJ3z050OZgsF7stFcRP9XfvxgYaPr4sf0.webp', 'webp', 'image/webp', '1816', '2020-08-08 21:19:23', '2020-08-08 21:19:23'),
(418, 1, 'wheg1l9HFRXNIy3FjjOnqVxkDXyfd3DuRPI5XX39.webp', 'public_storage', 'media/EWmDBaN3qHNo0JMpx4VCXFEmv2qjpU179FjjeA1x.webp', 'webp', 'image/webp', '35908', '2020-08-08 21:29:00', '2020-08-08 21:29:00'),
(419, 1, 'Y040ikF5cHXkHYkZTvP2sPJrYxu4JodBNXRsetPB.webp', 'public_storage', 'media/Ryxyv23TZ4DwhMwzFqDmMG3U5Firq68p8mfaebxw.webp', 'webp', 'image/webp', '20716', '2020-08-08 21:29:01', '2020-08-08 21:29:01'),
(420, 1, 'i0RZpPwxxBzOczV5zKZLTtSu5WCQRNiQkduxkv5y.webp', 'public_storage', 'media/1Adm25GLYCZdfB2BlkgqKXA37j5nv2l2eh3TwePt.webp', 'webp', 'image/webp', '21662', '2020-08-08 21:35:57', '2020-08-08 21:35:57'),
(421, 1, 'jkxeRu8sMcZz46HPdbkHUzDucLmLENy24ZwXU4So.webp', 'public_storage', 'media/q1iJof8Zgkm2qqCqpZ5PHlP23RZ6jJm6b6ifdiP5.webp', 'webp', 'image/webp', '42570', '2020-08-08 21:35:57', '2020-08-08 21:35:57'),
(422, 1, 'pnidyrV5nUd9FAHqvSfuzzb5BSS0392ge86jNaf2.webp', 'public_storage', 'media/fJEOepD2e3zKMrGbTujj03yOIzeoryyu40UTJBYq.webp', 'webp', 'image/webp', '103154', '2020-08-08 21:35:58', '2020-08-08 21:35:58'),
(423, 1, 'oq1Hd3GgWVr8yuWWJv5LxcLynzZzSZX2vL7I9Og0.webp', 'public_storage', 'media/EDiRcaE3M71dTgL0Eeb20qKzWpTrkeOQRJOxMDgp.webp', 'webp', 'image/webp', '105272', '2020-08-08 21:35:58', '2020-08-08 21:35:58'),
(424, 1, 'sn41cZ1aj5rtZ9pI1NQTcfrPVWHLWNQ1SN8kZbEL.webp', 'public_storage', 'media/VhiL5BrGBIcqCo1lSNio11iofmDeGkRrg1B3Xi2M.webp', 'webp', 'image/webp', '28594', '2020-08-08 21:35:59', '2020-08-08 21:35:59'),
(425, 1, 'IwC02Ntm3nBUkd9YuDYu4WLXEexvaclEuNFnu663.webp', 'public_storage', 'media/Al8W55f9gZoglj7zlVNlyYfDbelW3d6udpZB5Obm.webp', 'webp', 'image/webp', '57674', '2020-08-08 21:43:51', '2020-08-08 21:43:51'),
(427, 1, 'UuXjm0OW4LRm3mipxThMCa0f4vuVqzzejVPeUtW1.webp', 'public_storage', 'media/rooM78N2clEQf3QokI7HhACtzTstXv0Zm0FZkZTA.webp', 'webp', 'image/webp', '33972', '2020-08-08 21:43:53', '2020-08-08 21:43:53'),
(428, 1, 'XzcSZ1dwdlB5dOSHohTb5c9lUAxWW5xNzLrRyctU.webp', 'public_storage', 'media/kpXYdisHKAKpLaz4uEXKvmBdK8A5YjL0PVpIcvG1.webp', 'webp', 'image/webp', '29322', '2020-08-08 21:43:53', '2020-08-08 21:43:53'),
(429, 1, 'yCautEtLv0SBDJ2lzWrkdqpXkIeKd3nymuRfsiTJ.webp', 'public_storage', 'media/ttvDn7IhOl0fDMCsdCGOBQ1vcI9DRkiCrbybVhF9.webp', 'webp', 'image/webp', '113780', '2020-08-08 21:43:54', '2020-08-08 21:43:54'),
(431, 1, 'o5fjk3DCPhwPCUMlE8l3FcTRxxDkNSi57xaNCcYS.webp', 'public_storage', 'media/T7O7K9yMzkxC6VGti3VBFTrLVIKS2EfPrXZ4wuPn.webp', 'webp', 'image/webp', '18588', '2020-08-08 22:46:20', '2020-08-08 22:46:20'),
(432, 1, 'TPXPH39sDNGIro5En17cUPRYpToK5RwLzSjr7Ulj.webp', 'public_storage', 'media/0fHtI00lzzqcABSUJA5xpaNKaIBIye2aGKSnrDVV.webp', 'webp', 'image/webp', '2384', '2020-08-08 22:46:20', '2020-08-08 22:46:20'),
(433, 1, 'TwPI3V2iTJ5otK6xGUW8DIo7IgHOX8OVXLRd05cS.webp', 'public_storage', 'media/VtGPsVaCGDZ6TQjPjpMSSA0OWfaRlJBSwKlcy1DX.webp', 'webp', 'image/webp', '20256', '2020-08-08 22:46:21', '2020-08-08 22:46:21'),
(434, 1, 'v10ksJYeEYRw7dKeYtPLIUM3NTLpWuWcGa7PL2N2.webp', 'public_storage', 'media/AZ8qliHS65ui7xirGt6EO0hioHgDUMQsgBrv7MiU.webp', 'webp', 'image/webp', '14266', '2020-08-08 22:46:21', '2020-08-08 22:46:21'),
(437, 1, 'KFYehpbvEHGKxTBgcKRqlqNaKuG1mkAjjryjmBhp.webp', 'public_storage', 'media/ylYWIHxXTdDCdzd06n2Tj3z3246eaUdOlvMdgWci.webp', 'webp', 'image/webp', '19836', '2020-08-09 02:59:48', '2020-08-09 02:59:48'),
(438, 1, 'oftYQjQhn0DSd2O0W1NjStHsyAnZqSPxwA6iuliO.webp', 'public_storage', 'media/HDcDjp8CDRyUKAshLupik6j2SjddHuZ8VSbZkkZs.webp', 'webp', 'image/webp', '11322', '2020-08-09 02:59:48', '2020-08-09 02:59:48'),
(439, 1, 'wDUpvH97M31P3zaI4rdT7eVkiceZHjNBMMbbMywW.webp', 'public_storage', 'media/Ui433nWd9XW5kmsx9GtLEH7Vt5Cvf9HbaaneHnp2.webp', 'webp', 'image/webp', '29872', '2020-08-09 02:59:49', '2020-08-09 02:59:49'),
(443, 1, 'OkCVnb7XDa2gP5SuBMDG1dHCzPLCYMBHIfQ3cWEZ.webp', 'public_storage', 'media/ZLPKH4cLrMe8cHUXtC9AYhukJ62KLbR7Lz8r7gXd.webp', 'webp', 'image/webp', '2500', '2020-08-09 03:15:56', '2020-08-09 03:15:56'),
(444, 1, 'S3ByxmypkxxSe2JNsmriS8UovYa6G0Qy46q98q83.webp', 'public_storage', 'media/3Hiu3IEK6KyMmpAFIqncL8ELHJ1OFSU5WPp8abR2.webp', 'webp', 'image/webp', '9644', '2020-08-09 03:15:57', '2020-08-09 03:15:57'),
(445, 1, 'Yquk3hBrdDoSGB1MHpgMztrxlO6OteB9q0KY1gH1.webp', 'public_storage', 'media/93Z9rnsoFHzKCwrnHugI9YTbCT43n0xbW0p92TDH.webp', 'webp', 'image/webp', '9356', '2020-08-09 03:15:57', '2020-08-09 03:15:57'),
(449, 1, 'hc67ZEscohnBwbXVlGxUPowNubPNUn16AmzhoK6x.webp', 'public_storage', 'media/4egC1TDQJOqcERMEFmaqgU9ckytfc5vf06Y05gLP.webp', 'webp', 'image/webp', '30506', '2020-08-09 03:21:06', '2020-08-09 03:21:06'),
(450, 1, 'HKmiMtXCx9gdo81FXZu8P6eepzFmJadnMLcNpg8M.webp', 'public_storage', 'media/1kcO4LGdQFcgnuqE78Lp9hyB5jNQFxKS54AdgGev.webp', 'webp', 'image/webp', '37680', '2020-08-09 03:21:07', '2020-08-09 03:21:07'),
(451, 1, 'pBwR9KWnHBRsO3XwBLOj5o1zokiXBFyC1nFcP6I3.webp', 'public_storage', 'media/9kV7QwIJgif5uWJ70cXOVERqF1bjn65G9otQhNnu.webp', 'webp', 'image/webp', '5524', '2020-08-09 03:21:07', '2020-08-09 03:21:07'),
(453, 1, 'gHWwJD3yXDCIgVCdtHTdaEKPEpAvhPCByZBX7UNi.webp', 'public_storage', 'media/FvE5hPIAaeNTkimb6VhbSZNA5kGslVA3RmbZXU3W.webp', 'webp', 'image/webp', '11160', '2020-08-09 03:25:40', '2020-08-09 03:25:40'),
(454, 1, 'QoenZayYpEtyGzGet2ujEXswuXmzdxmTFxUAJKdW.webp', 'public_storage', 'media/1XvzyEVdPIxMywJ1x33s7RUvHOdVaYtRulhUW1jK.webp', 'webp', 'image/webp', '14522', '2020-08-09 03:25:42', '2020-08-09 03:25:42'),
(455, 1, 'RQSZZecqxmwaglxjzTiXBxVTOdmpyi4lgvRur7zQ.webp', 'public_storage', 'media/zwYxDdW4gboNVegCE7Q4e4wTX4e5tydrclAEAi0S.webp', 'webp', 'image/webp', '27844', '2020-08-09 03:25:42', '2020-08-09 03:25:42'),
(456, 1, 'sUXjp98NlWNrxS0QCzAehHiPknehoMJhYHFYEEkC.webp', 'public_storage', 'media/TptLYIPHo4NGldtTzkVlcMbX79o2V3X1uYzaHgTo.webp', 'webp', 'image/webp', '28306', '2020-08-09 03:25:43', '2020-08-09 03:25:43'),
(459, 1, 'hAMhuZ9lrZUOq441HEYDJy1E2ulRpA91RIv10lzu.webp', 'public_storage', 'media/ONAfBGMqRMVocyLtx1IdYBru1C9gePfTnFsvnSUO.webp', 'webp', 'image/webp', '20850', '2020-08-09 03:32:25', '2020-08-09 03:32:25'),
(460, 1, 'I22TKfyfunuJ4IkL9IVfNrmYiesphQ3ahuxhXivb.webp', 'public_storage', 'media/KJ9P8Ug459tGkZFCRmi9HAWe9zN4wBClaxZ5KnDi.webp', 'webp', 'image/webp', '6142', '2020-08-09 03:32:26', '2020-08-09 03:32:26'),
(461, 1, 'lOd1JeeR03R43hIpUCGz19o0v9mJ2oXmXR2p8LMJ.webp', 'public_storage', 'media/6IVddpIjtr1dgku91AnBI28rR7JDSMRm5E9yfudR.webp', 'webp', 'image/webp', '25940', '2020-08-09 03:32:27', '2020-08-09 03:32:27'),
(462, 1, 'NL4Zec1q6u1HSGmyE8vKRobAgjgNG5KmKl1euxZW.webp', 'public_storage', 'media/OTb5OjnkqucClZRZimq3RFwJCYOPoHvYGGk6vkM1.webp', 'webp', 'image/webp', '11220', '2020-08-09 03:32:27', '2020-08-09 03:32:27'),
(466, 1, 'IrSTsUuLiWwQnN0m2yuNMxOUtlhbrHGJK79jgaCl.webp', 'public_storage', 'media/mQ15RMnRCg69rDoWexzT60PjWjYT96uAA1Acjs7o.webp', 'webp', 'image/webp', '12018', '2020-08-09 03:38:55', '2020-08-09 03:38:55'),
(467, 1, 'wL09FKnwQCYQ6QleqcQ9fD8Wv1SRzMOZhNkkudEH.webp', 'public_storage', 'media/XW1yvYPBvYrpIboH5NDupJVzF90PGVduqW5UFSIh.webp', 'webp', 'image/webp', '13068', '2020-08-09 03:38:56', '2020-08-09 03:38:56'),
(468, 1, 'QXje62SIYAKAPMyOYTbtkVLgbG61pn8uO4Dm6Rrq.webp', 'public_storage', 'media/JhJciOA23wgtRXBYEUGQDor1RBpLLyxWCIded4IR.webp', 'webp', 'image/webp', '14708', '2020-08-09 03:38:57', '2020-08-09 03:38:57'),
(469, 1, 'o7j4fDmIe05JekfEDFVCbXPt0mXJyFfZSajfWhsb.webp', 'public_storage', 'media/DcPDrSj9SHzmGi6LvDlWyG0UQH6gvBP5Ushpg6aa.webp', 'webp', 'image/webp', '16434', '2020-08-09 03:43:52', '2020-08-09 03:43:52'),
(471, 1, 'PK69EaFoTeVFZCwaty91uBgVrKTyTZ2ZzUc0adts.webp', 'public_storage', 'media/SSARCxPruMIuzmCqG4jrh53tofk7vJ5mqvKXhAS1.webp', 'webp', 'image/webp', '6182', '2020-08-09 03:43:53', '2020-08-09 03:43:53'),
(472, 1, 'RLFr0cIwkmpMnqcneM2N95YBYez6OeCRLnx61YhX.webp', 'public_storage', 'media/7oW1n7cYgbXzE1PIpYv9lULWK7K0YmGRx7lo9EUZ.webp', 'webp', 'image/webp', '35138', '2020-08-09 03:43:53', '2020-08-09 03:43:53'),
(473, 1, 'tYS4oLPJUDnj9Tec2pU2Rl4zAiC97pRzCeLENc3k.webp', 'public_storage', 'media/wn8vferOwi0gtGrnkbIUSWGfTNOWgL6SDE00u1Er.webp', 'webp', 'image/webp', '55162', '2020-08-09 03:43:54', '2020-08-09 03:43:54'),
(474, 1, 'llXi9r3hixgpzZxT8GndShVBoaK6XzdY3q8wRlTb.webp', 'public_storage', 'media/ROSzqG3qLA7Fl5FH6VbXElWebxOQMkdRTVGH3qFL.webp', 'webp', 'image/webp', '15780', '2020-08-09 03:46:56', '2020-08-09 03:46:56'),
(476, 1, 'MPHOmXvyMoDz64dTxEybpqpY1mgIgK7TB4hTQSza.webp', 'public_storage', 'media/6P3DQBRv2mPJloHdHFUgTwsO1v3iiylW33jpTeJB.webp', 'webp', 'image/webp', '12000', '2020-08-09 03:46:57', '2020-08-09 03:46:57'),
(477, 1, 'QREzztVfkFUjJa6op9IQBHkO1T3rXuae1HQyQ8Re.webp', 'public_storage', 'media/ys4uFYUVxz8J4SRWBhL1QGjHnHFvNMhDLmGWodd4.webp', 'webp', 'image/webp', '13200', '2020-08-09 03:46:58', '2020-08-09 03:46:58'),
(478, 1, 'uLEBZGfgfndgnzlcdLhHjRDImyEZeSQJ5JxsJFzn.webp', 'public_storage', 'media/0UO8LIHcldpkBpWj1iqSkvOUWDg11NM1kpEoxkcP.webp', 'webp', 'image/webp', '23740', '2020-08-09 03:46:58', '2020-08-09 03:46:58'),
(479, 1, 'uO78tLwKSnPFWCiwTOMKvGGTMAPvjNioObwCP5dE.webp', 'public_storage', 'media/a2wyiRW5XfhDYXx6gvGcUiOnLAMQlkTnC44i07Je.webp', 'webp', 'image/webp', '21306', '2020-08-09 03:46:59', '2020-08-09 03:46:59'),
(483, 1, 'VOjSN0n0c3CMgWbkgkOT1lRsXKjziwIQKykUdUsJ.webp', 'public_storage', 'media/vfxclk1vPMS4oLGF95vnh8JzgDNFX2Hp8hb8CrMd.webp', 'webp', 'image/webp', '17974', '2020-08-09 03:50:59', '2020-08-09 03:50:59'),
(484, 1, 'WH8R7q7m5jqgdaNJnDUnhOf057lMCVBLHjnAkiln.webp', 'public_storage', 'media/VrYdvT1tN47tbcqKfhy0t356PSaBClPA9JrlCjUE.webp', 'webp', 'image/webp', '20206', '2020-08-09 03:51:00', '2020-08-09 03:51:00'),
(488, 1, 'J2PkC7UFerqv4mu68es4EoxbKCBmlTDBMzmMmqfX.webp', 'public_storage', 'media/nUFsO7mWKASO9O6vaCsmVyQEc5GDuDxtCtCEJsoK.webp', 'webp', 'image/webp', '7082', '2020-08-09 03:56:08', '2020-08-09 03:56:08'),
(489, 1, 'm8h4ZVnP4gG18pcp5ru9mmuLesRb0mnpncEXnZpV.webp', 'public_storage', 'media/6WcVfayvogKzTMHlSGbvq1yYrDltW4VIaTxXLXw2.webp', 'webp', 'image/webp', '6150', '2020-08-09 03:56:09', '2020-08-09 03:56:09'),
(490, 1, 'o4mCvO4iUUb7iOz9TFqi9p8f1Tybu8HU2PS1M5Xj.webp', 'public_storage', 'media/wKqOuauNw9WZoIi6hQWXJeL8ddgNOarGI352VVXo.webp', 'webp', 'image/webp', '5110', '2020-08-09 03:56:09', '2020-08-09 03:56:09'),
(491, 1, 'zNmJcN9zGr6zpfiRpxQvyqnB3QhXKsRC3hC1IOcr.webp', 'public_storage', 'media/zJQgpeN4A01FaHlrsVgkPKIE8J7qmph6rPp4djeA.webp', 'webp', 'image/webp', '5482', '2020-08-09 03:56:10', '2020-08-09 03:56:10'),
(494, 1, 'RX4V4TLvvuZ5Mungd2HlffhxB075tbJf0ckppbhH.webp', 'public_storage', 'media/no1MV9KmGthx64ecNADsTzbxc9kFrloKdBH5Bi8v.webp', 'webp', 'image/webp', '4370', '2020-08-09 04:11:43', '2020-08-09 04:11:43'),
(495, 1, 'TYWM3tTDAhRKRE5ngnafzkyfoohzXaiQ1NXnZigC.webp', 'public_storage', 'media/FBAViewzdk5z3r1PMmi7H0bFo0pCmmloNderB60Y.webp', 'webp', 'image/webp', '3560', '2020-08-09 04:11:43', '2020-08-09 04:11:43'),
(496, 1, 'wHWN2uyg8GIdtpvLOFDWDzIvwwFD2iKEWyVhyAJe.webp', 'public_storage', 'media/GypwtBmH6zCBRP0SfqC0KKe2k4gddUgRUVS5DzcQ.webp', 'webp', 'image/webp', '3042', '2020-08-09 04:11:44', '2020-08-09 04:11:44'),
(497, 1, 'xJ0Z9TET4qTrJ4HAwc8Ty6tdTeTTc9Tl2Zhf4d1S.webp', 'public_storage', 'media/PMJulH10afLCNby6KAVU7OaBi4IUGtuC7LCbSgWd.webp', 'webp', 'image/webp', '3560', '2020-08-09 04:11:44', '2020-08-09 04:11:44'),
(500, 1, 'N6Ma7pte79bDPKHchDwuOVIFxQuTnXl5zSJZauzI.webp', 'public_storage', 'media/LaKC1khD1HqnC0G6FyK08phKPc0XMgGsdiZt8ydc.webp', 'webp', 'image/webp', '13406', '2020-08-09 04:14:31', '2020-08-09 04:14:31'),
(502, 1, 'XcicC4S2SuS5X8AxLtjg0j6BtiS6V51Um2IQVDt6.webp', 'public_storage', 'media/TlhMJ5xyFjm90uhDfOy0e1IjbKRa3AJW9w6ooFGc.webp', 'webp', 'image/webp', '13586', '2020-08-09 04:14:32', '2020-08-09 04:14:32'),
(503, 1, 'OiuOZa2t9Kh25EJ46KdZOz85omJW7KvoA2eJWog5.webp', 'public_storage', 'media/LiQfMqXcTdgeE7IFLh2sNhngdzORMHh0QTwcuRwa.webp', 'webp', 'image/webp', '10896', '2020-08-09 04:14:32', '2020-08-09 04:14:32'),
(504, 1, 'it5xCApj5YugNPqGXMqbOVFvTHvCDDwFTN4fnmJ8.webp', 'public_storage', 'media/HP71V1bgOFzYZhEyYI2rZIkC5zOoQ5uHp0AmyWCi.webp', 'webp', 'image/webp', '3184', '2020-08-09 16:06:28', '2020-08-09 16:06:28'),
(505, 1, 'hIGekqcWfUTvXsas6C0lQtWscl6MkxR9Zv14ff2N.webp', 'public_storage', 'media/sHtzfpu7Q6QI3y5RgZbaVDNoIZgK18RWftLZ8MXZ.webp', 'webp', 'image/webp', '7222', '2020-08-09 16:06:28', '2020-08-09 16:06:28'),
(506, 1, 'M4ZI9rGTMixII7ckTDwrUxEfg60NImMyHp6UItdr.webp', 'public_storage', 'media/VECN59Xqg7QdDLoHbZQwwOgaBL4mAfLm9MMNAjbM.webp', 'webp', 'image/webp', '7222', '2020-08-09 16:06:30', '2020-08-09 16:06:30'),
(507, 1, 'n71Jv95vH3ayqmqNrFsAARVqPKfqUKrKfwYsYWnt (1).webp', 'public_storage', 'media/94IbkhIV3MalWMf0xxeSac77PqDrpCB041k5WkfW.webp', 'webp', 'image/webp', '4942', '2020-08-09 16:06:30', '2020-08-09 16:06:30'),
(508, 1, 'rhUlbMeTQYsZojDDtaYz07QWsHOEOVZt5iipg2XA.webp', 'public_storage', 'media/iLwcuUldAmDpWfiNofJcyFYzMxQHnsUGwdF4dLlm.webp', 'webp', 'image/webp', '5836', '2020-08-09 16:06:31', '2020-08-09 16:06:31'),
(509, 1, 'n71Jv95vH3ayqmqNrFsAARVqPKfqUKrKfwYsYWnt.webp', 'public_storage', 'media/XQgYVdYhN6eXwijvZyqYSw0JLHysYuyM0Anunjp7.webp', 'webp', 'image/webp', '4942', '2020-08-09 16:06:31', '2020-08-09 16:06:31'),
(513, 1, 'ioCxbET5p4APMgnCsBCHW8tzc8ec6hpIPShFbJi7.webp', 'public_storage', 'media/zZ8AWmTE01r7HCXDdv6Er7jRFHEHSS8H8D72Spq7.webp', 'webp', 'image/webp', '2996', '2020-08-09 16:14:12', '2020-08-09 16:14:12'),
(514, 1, 'wbfoibfaFCVzTZxyADBYGnVO8sJIWksP9C74NalI.webp', 'public_storage', 'media/G4dE92PjYEymH18MKnVASsYxDKYXFWuKtADmcGes.webp', 'webp', 'image/webp', '9092', '2020-08-09 16:14:13', '2020-08-09 16:14:13'),
(515, 1, 'snR4te672ETE0YpmlyG0GBUVuPaCW6rvCGGCgqlF.webp', 'public_storage', 'media/Mq7DdIOmibCJ9Y0FZg1e16WMsiX7H3yMUvcBu2KG.webp', 'webp', 'image/webp', '13834', '2020-08-09 16:14:13', '2020-08-09 16:14:13'),
(518, 1, 'kaR6V3AiMcnILVwxgbZFwdny0APtYIgaTsavjMxH.webp', 'public_storage', 'media/RmugEsLjZqcptJHdSj9MQZL8tvUE1cApZSOsCqZk.webp', 'webp', 'image/webp', '8184', '2020-08-09 16:19:53', '2020-08-09 16:19:53'),
(519, 1, 'wmZkTMFZbLzKKrgp0II5TuvNA0ZXs2vAnNdiN6zd.webp', 'public_storage', 'media/48h9IheF0h4fWlWQi8rvO83MxfSxgL8eIYuYyUde.webp', 'webp', 'image/webp', '9502', '2020-08-09 16:19:53', '2020-08-09 16:19:53'),
(520, 1, 'XASi3GwGTB8Yz2wqFBpjAXKhRpyPAHZzJHpj6Z5a.webp', 'public_storage', 'media/220hwMlasvDnQt3wd7IYUIqecrH1WEPUPkGnnqTP.webp', 'webp', 'image/webp', '15682', '2020-08-09 16:19:54', '2020-08-09 16:19:54'),
(523, 1, 'gY8h1FPqk0ABPmqXgS9LAot10KgbKGlxuHpTjL4u.webp', 'public_storage', 'media/WxOdn7dRsesXqUWQhXehJpgMD47aqbCGmyySZu8i.webp', 'webp', 'image/webp', '15682', '2020-08-09 16:22:57', '2020-08-09 16:22:57'),
(524, 1, 'NpB3nSPKb3rYfbQhaalL1pOV3TK6lfSUyLHxHd6q.webp', 'public_storage', 'media/idA6AYk5mM06T1fsrrqLFdM2Mc3H8pgelsARnQZF.webp', 'webp', 'image/webp', '36762', '2020-08-09 16:22:58', '2020-08-09 16:22:58'),
(525, 1, 'xDQruv62ySsR8cjqaQnfPYxL3D4r0dCiXkPj5pcj.webp', 'public_storage', 'media/sXGx2NpkqrrETHBmXiZhq7JYR6OUtUholtAKv0bk.webp', 'webp', 'image/webp', '4168', '2020-08-09 16:22:58', '2020-08-09 16:22:58'),
(529, 1, 'NKzNIg0NOkDD5SVdIXNWx4dPhEAThCPEabtYEBw6.webp', 'public_storage', 'media/kNvVRDWaJKY73cWKum8suBIvanpc6WfpWDAGXfx0.webp', 'webp', 'image/webp', '11464', '2020-08-09 16:26:25', '2020-08-09 16:26:25'),
(530, 1, 'ppwmhEes0Y7oTm0mIm4sX5T1rq2ByL5kAZZyEFfP.webp', 'public_storage', 'media/vbfIgLi7ElhrQ7he7AwR4Y7ifQo5AvGdklNQpqMj.webp', 'webp', 'image/webp', '1918', '2020-08-09 16:26:26', '2020-08-09 16:26:26'),
(531, 1, 'nZ25RQgdqW1cQpTG5EytAflbVNLtC1I0uI70A01J.webp', 'public_storage', 'media/ufBPwKHf3BnqL5sCsXwRt6a0cPQsWYr46lZivMDq.webp', 'webp', 'image/webp', '18650', '2020-08-09 16:26:26', '2020-08-09 16:26:26'),
(533, 1, 'hJdhrZwBw4HmZMEsPZAMNTOaODHfboWux19bUT1q.webp', 'public_storage', 'media/TDsFVMOYEeu1iTNNd1yebPnDlrly7hoPw7kS3TW5.webp', 'webp', 'image/webp', '9790', '2020-08-09 16:29:29', '2020-08-09 16:29:29'),
(534, 1, 'PMVTCr2eippaRtmkwDT9lE1uDIx0J1wBsxvfLvmR.webp', 'public_storage', 'media/EAAXJt7iNVMkFq4SDnkGQ2dZGnGcZMTV0x5krPue.webp', 'webp', 'image/webp', '1654', '2020-08-09 16:29:30', '2020-08-09 16:29:30'),
(535, 1, 'rgV8hSyyVgn5AqpAH7OeWMpfy6Kksd33xMnfBB2J.webp', 'public_storage', 'media/WbBREeWtHelc2D02GWwSfFLxdIvfesVFCI0LHSYB.webp', 'webp', 'image/webp', '21026', '2020-08-09 16:29:30', '2020-08-09 16:29:30'),
(536, 1, 'V8FBVO3gBNG5LYbWmlkd8qbEI4Om14G6tnvsRzAJ.webp', 'public_storage', 'media/0CfVNZdTnfgQVeGg7ICCf25sbaZNbT2YrFSXhjWi.webp', 'webp', 'image/webp', '5334', '2020-08-09 16:29:30', '2020-08-09 16:29:30'),
(537, 1, 'Y5peQDkPCl1eiY8v8WPfYlZwresUmTuq0zi1CnBm.webp', 'public_storage', 'media/G4PPUHLEm619Yc48gjzOCz1PFUPZhsgnUy6RCNMi.webp', 'webp', 'image/webp', '9560', '2020-08-09 16:29:31', '2020-08-09 16:29:31');
INSERT INTO `files` (`id`, `user_id`, `filename`, `disk`, `path`, `extension`, `mime`, `size`, `created_at`, `updated_at`) VALUES
(540, 1, 'I4Uzq5yUwfFR8eXpBFvuTLcgaasKHTNQNb6uuJfC.webp', 'public_storage', 'media/CsIVZLYA2mwk1zXf9yU5nsCJDAXsdgkVEtHGPITp.webp', 'webp', 'image/webp', '8090', '2020-08-09 16:32:37', '2020-08-09 16:32:37'),
(541, 1, 'JSBawnXuiglsclxQLYYcvKtTjpbgIXTVMM7q3N4L.webp', 'public_storage', 'media/d3tdfSDYbuwjElvn2yl2nDkxHF4k01SDnJj1bqmP.webp', 'webp', 'image/webp', '10308', '2020-08-09 16:32:37', '2020-08-09 16:32:37'),
(542, 1, 'NO6LY4fkgZAv5FJKaT76cViIWk7UJgjayvS8aKCO.webp', 'public_storage', 'media/NezoJ0qnaGItjl6lykYnIlq5PY9U4xCxkJCKVXkh.webp', 'webp', 'image/webp', '2324', '2020-08-09 16:32:38', '2020-08-09 16:32:38'),
(543, 1, 'ql8PUNP1ffXbkBXZKoRNpuU70GsYWibL7DSDflHp.webp', 'public_storage', 'media/kzlAMreDhz9sYZzo4M4fTvGQSj0qzPCD17wcuw7Z.webp', 'webp', 'image/webp', '3618', '2020-08-09 16:32:38', '2020-08-09 16:32:38'),
(544, 1, 'KBpDIxqSVpvMG6CXxNZtSVOaeRsiEx4dMFj6tqUY.webp', 'public_storage', 'media/DV4HPsebJLDFTKrPtbe33x7PsZmnFnIadECCCAvT.webp', 'webp', 'image/webp', '15848', '2020-08-09 16:36:02', '2020-08-09 16:36:02'),
(545, 1, 'MZPK9aVRsMo4QFcL68LqIWUGneR2XfyvRGOKmfCH.webp', 'public_storage', 'media/DeabV9UjmLOe97bT2fj8uSIzQhrtl56Dxu9t4Rcx.webp', 'webp', 'image/webp', '1338', '2020-08-09 16:36:02', '2020-08-09 16:36:02'),
(546, 1, 'SZ0ZMvkE1sGVrXPnIFa5hY1RN7HqozW1ZFZUTLEB.webp', 'public_storage', 'media/F2JJBOwOoHyYsmv74S8kdwGoSwZfsYKkGR6GclQQ.webp', 'webp', 'image/webp', '8670', '2020-08-09 16:36:03', '2020-08-09 16:36:03'),
(547, 1, 'xrYpk0FnbRPTZviAP1kZCqOEuFWg5UuVsPx2GNWK.webp', 'public_storage', 'media/8vdah9YyRgEs5Qj35RlqMnYW4Am3Zf0iCV6tprAd.webp', 'webp', 'image/webp', '37288', '2020-08-09 16:36:04', '2020-08-09 16:36:04'),
(548, 1, 'yKYuA2CcEj2M5seF6r4y7JMPZW7DGyOiaoH7Tb4s.webp', 'public_storage', 'media/55deVmr7luGIECnUWhhuwlM2jpszh2HDFqr30XFD.webp', 'webp', 'image/webp', '15674', '2020-08-09 16:36:04', '2020-08-09 16:36:04'),
(549, 1, 'YP8pqSKYfPk0eRYl16t92rT8CF9ss2dpATroqbz7.webp', 'public_storage', 'media/Xb6iwFuQNoRxtDKtx1B7mxoHNXuSU2grbynkjvE5.webp', 'webp', 'image/webp', '2258', '2020-08-09 16:36:05', '2020-08-09 16:36:05'),
(550, 1, 'HCnFzhPjhvHNJa3CqJLDkVSCYGEb8sQSLFbGqcD0.webp', 'public_storage', 'media/uATUbRv3LJGdP5jIl3N7qDTKBp1UBwnh1dgeeU95.webp', 'webp', 'image/webp', '11364', '2020-08-09 16:39:26', '2020-08-09 16:39:26'),
(551, 1, 'FZmhz7wiRPg12xK6KOpAKLVcKeAGfPTwcAP6rV5Y.webp', 'public_storage', 'media/xmLpoXEF15JJsksnydYnAoRqXMAdnAGQNE1SlxQE.webp', 'webp', 'image/webp', '20336', '2020-08-09 16:39:26', '2020-08-09 16:39:26'),
(552, 1, 'ML3zJk335LKRIopWhSZXyVYYs2KVRvZUEZxF16tb.webp', 'public_storage', 'media/wLkBr5XSBQPFAgWidEr2QfXQQotQwdVqdVpc8dK5.webp', 'webp', 'image/webp', '3694', '2020-08-09 16:39:27', '2020-08-09 16:39:27'),
(553, 1, 'hLxwUN5FrArFZMDNU80er47JFmVGoGFzcgsB8MXt.webp', 'public_storage', 'media/gTuiAN1NsJD8rei3ShIqbowbC7bsWJj1To2EmrFd.webp', 'webp', 'image/webp', '10798', '2020-08-09 16:39:27', '2020-08-09 16:39:27'),
(554, 1, 'SvepYWn4I0iTu3CxdMAhXngQOd8X1iXNWnjAiDIN.webp', 'public_storage', 'media/JK5R7gAJzKObrppOBbNIt8naKmbU26RQCQSPt8WP.webp', 'webp', 'image/webp', '906', '2020-08-09 16:39:28', '2020-08-09 16:39:28'),
(555, 1, 'N3l2dxyAAVdWYuB3KcaASJSbknQVgSPjSUY8kEXA.webp', 'public_storage', 'media/max0LkiytDTiXxlBlPfVlA82Je6kHau5ii6APev5.webp', 'webp', 'image/webp', '40936', '2020-08-09 16:39:28', '2020-08-09 16:39:28'),
(556, 1, 'YxbmC2r3ROsH8CabXzCB2B1fTq3msqOwV6bVApgl.webp', 'public_storage', 'media/Z9SzP8ySYexl40tPMxBn4DO4XbIrWsYRO8pKgYuN.webp', 'webp', 'image/webp', '42348', '2020-08-09 16:39:29', '2020-08-09 16:39:29'),
(558, 1, 'G9NTv78PyOutz8tobeUq3hEx6ayZmrYBR7FwoCKy.webp', 'public_storage', 'media/Uw2s0NIZ3lwReJI06Y92wEZCEIgW8iNkCRoUlOVs.webp', 'webp', 'image/webp', '76638', '2020-08-09 16:42:35', '2020-08-09 16:42:35'),
(559, 1, 'iS5TeuknZSATCr4m6CQLknCsdGkNbX1hfqj87zrr.webp', 'public_storage', 'media/4hq2xrIdwHtM7xoU3MWbqpUe1n6EpX0cmVIzKTRc.webp', 'webp', 'image/webp', '594', '2020-08-09 16:42:35', '2020-08-09 16:42:35'),
(560, 1, 'N7SHvUW5DDnnmbW21OijpQ6wpEIROu8BQaIoSd7d.webp', 'public_storage', 'media/lc1O0srCmeHWZRDK1obeoC7RwRLnHW6A8zeO1HdP.webp', 'webp', 'image/webp', '18302', '2020-08-09 16:42:36', '2020-08-09 16:42:36'),
(561, 1, 'wyxKpCZqrW6DFWr9ERLr91T4IpAEwTqn2V1Z4NgI.webp', 'public_storage', 'media/xt9r5TkMvw7Xd7acIY9Z9Oz4ZuKywToLhqs7jr9T.webp', 'webp', 'image/webp', '10688', '2020-08-09 16:42:36', '2020-08-09 16:42:36'),
(562, 1, 'g0OaZxxNxHq9FPwPOi5zEo6CO51trU17t53vbs9Q.webp', 'public_storage', 'media/4ZxS5AA7OE6DXOkZyuXjeJhy0V6smOOvLs4UmSjG.webp', 'webp', 'image/webp', '8696', '2020-08-09 16:44:33', '2020-08-09 16:44:33'),
(563, 1, 'J8ARcUT28frlEd12oIXk9ecbzz6lWIp9sctO1MPI.webp', 'public_storage', 'media/2X6avRtt9MGT9YXlboVhkFXmBdvEPra7warlrrNv.webp', 'webp', 'image/webp', '6786', '2020-08-09 16:44:34', '2020-08-09 16:44:34'),
(564, 1, 'kVxL1b1Sff29mS2bGmyw2hXPbaBE8896H5WJ0oOi.webp', 'public_storage', 'media/k7cmfIDaOsoE2XdEXhhgbfgCCxuJUbqrYZaefHSG.webp', 'webp', 'image/webp', '15018', '2020-08-09 16:44:35', '2020-08-09 16:44:35'),
(565, 1, 'oammDOl0E3uNAEUXbUk8Lmt1ZzIz9NQkkxboezYI.webp', 'public_storage', 'media/WGudMsA2aW8u4HZPbBcaJ57ZW7GIXtnjopQRfFS1.webp', 'webp', 'image/webp', '44850', '2020-08-09 16:44:36', '2020-08-09 16:44:36'),
(566, 1, 't0Pt2kmHKFm0SPSjKjhpJ5s5h1EkNWhVY14gNzY4.webp', 'public_storage', 'media/w4QOs8c3m300V60BJ0MY6nHHUIVC8ocA7dDpuoc2.webp', 'webp', 'image/webp', '11820', '2020-08-09 16:44:37', '2020-08-09 16:44:37'),
(567, 1, 'n9M0Op5syI4HDl4rE6s8b8wpVGsuLISeGRlQMWID.webp', 'public_storage', 'media/b17ZdiBMHfKLyTdf7Idt3T4Wpy6F20Tb6b3C0Bqn.webp', 'webp', 'image/webp', '1960', '2020-08-09 16:47:37', '2020-08-09 16:47:37'),
(568, 1, 'JmhGB3kmjnpOwCPX7MJEzmwoS31fBliWJ7ePD1om.webp', 'public_storage', 'media/IYjlTyP77Mibpusedzs54CvBLALuXSCSiP28WZRa.webp', 'webp', 'image/webp', '15752', '2020-08-09 16:47:37', '2020-08-09 16:47:37'),
(569, 1, 'sN8myIv2l69OSsIAVms2E1DR2hxskyBSZtLt2Jr0.webp', 'public_storage', 'media/NCKHAxNivlu5KscJQw68QDNT67uG3Cr7HRmTQphk.webp', 'webp', 'image/webp', '1544', '2020-08-09 16:47:38', '2020-08-09 16:47:38'),
(570, 1, 't0DE4OqJpd9fP2sMsSqPxbFqJFJfeIHwU35t7abK.webp', 'public_storage', 'media/VZ7p0HoNtkSaBalfu4kIBIDrPU7vexB7EKvkIWzK.webp', 'webp', 'image/webp', '6894', '2020-08-09 16:47:38', '2020-08-09 16:47:38'),
(571, 1, 'z5cdjW4F5oStfTljUpFWCPzFL2r1MVTR4k4lS0a9.webp', 'public_storage', 'media/DQBAccvESrO3wZfMjUJw4AeqTLUKsckVid7qbEaZ.webp', 'webp', 'image/webp', '37920', '2020-08-09 16:47:40', '2020-08-09 16:47:40'),
(572, 1, 'NJkNkAYAQEVtz1BjU1egOOmIdO6EoEHIHIV2AQvE.webp', 'public_storage', 'media/3Rr167WZmyEBRmLa5FqVBp6iNqv7ozVyOgVACiV2.webp', 'webp', 'image/webp', '76046', '2020-08-09 16:56:30', '2020-08-09 16:56:30'),
(573, 1, 'mnJ4yws5xK71O7xoHXdqw7QmQZPfOQLetO13sNgT.webp', 'public_storage', 'media/8mcRNbMyjym2UI9opeUQwWghtldkYZPtMCDZMrIa.webp', 'webp', 'image/webp', '75638', '2020-08-09 16:56:30', '2020-08-09 16:56:30'),
(574, 1, 'U24E7ib7Mz0UrnjgZLXGpTg803N8XtYlgErTbRhI.webp', 'public_storage', 'media/sDkHuiJ3kuoRvWrjDPBWZi754ZLXKCMom6wT943q.webp', 'webp', 'image/webp', '87534', '2020-08-09 16:56:31', '2020-08-09 16:56:31'),
(575, 1, 'X9vwZ29VqwsApAbrAi583n9BkIbe3EoCqajSRWmY.webp', 'public_storage', 'media/qkPqw1dlslS69A0RsN1y5puC4imQhosnvDR2jtna.webp', 'webp', 'image/webp', '94868', '2020-08-09 16:56:31', '2020-08-09 16:56:31'),
(579, 1, 'RZl5fJazz2gT5E4AvQwFuFcEeW5zKATEYkRWD5Re.webp', 'public_storage', 'media/h4tOZYEjWXoWAadl6rlWOPMJwvqmZI7eMA3o7ypZ.webp', 'webp', 'image/webp', '80330', '2020-08-09 16:59:47', '2020-08-09 16:59:47'),
(580, 1, 'sffRAIIWlBPhPJgui6w8qtPjBkHKdi4cRqbJo4UZ.webp', 'public_storage', 'media/u5MjJ8Fi5C0sbWsbbZq44XOOW3ngLtzuqrfGNecZ.webp', 'webp', 'image/webp', '69728', '2020-08-09 16:59:49', '2020-08-09 16:59:49'),
(581, 1, 'YU20DXBbTDi8b3vuw2gX0RD45yzUmMLQk2hH27wj.webp', 'public_storage', 'media/YeDynQ8Ip8oXHgWzDUDADRFx1FizHR3ltiHsUP1n.webp', 'webp', 'image/webp', '72412', '2020-08-09 16:59:49', '2020-08-09 16:59:49'),
(584, 1, 'ISp5R1gDDdt1pt1ZSKV8PO76MwqZga0NwuOsd8YN.webp', 'public_storage', 'media/Hvn5yM8uMj36wLDwrPTkcTAvW6uDZ2w0nx8n0Ouq.webp', 'webp', 'image/webp', '46348', '2020-08-09 17:02:28', '2020-08-09 17:02:28'),
(585, 1, 'Trqf6CRaTMPMl38JKwPrcDncOfKcFNyYmG5vP8Xc.webp', 'public_storage', 'media/IAELkX9PJdzei6dov5ee3RoNti0uE3AJW18kK2R8.webp', 'webp', 'image/webp', '46826', '2020-08-09 17:02:28', '2020-08-09 17:02:28'),
(586, 1, 'xXP2TW5p3hvRZDmGnarSCWe2NxyDCAwoHRp2fw1R.webp', 'public_storage', 'media/0xKSxUEItsTQW4nRdHx6eiIEh0t4xLVtnXxPoJQn.webp', 'webp', 'image/webp', '45144', '2020-08-09 17:02:29', '2020-08-09 17:02:29'),
(587, 1, 'YMWhL8BuOEiVpsniAl4ZUHBLW0cPOy2F6kXFL2xb.webp', 'public_storage', 'media/6NT3CcYc5Xy6VQtISEHunUOLWg4M9O71wS9Y7LkW.webp', 'webp', 'image/webp', '36948', '2020-08-09 17:02:29', '2020-08-09 17:02:29'),
(589, 1, 'HWnPT2LU641F6JmTP7ywSXEUjrxgZ2vUhHIqBr5e.webp', 'public_storage', 'media/Wraeemi4UIF0vrrFXTUMTNWlUy0YnxdMeL2Siya8.webp', 'webp', 'image/webp', '46390', '2020-08-09 17:05:42', '2020-08-09 17:05:42'),
(590, 1, 'UMdGLxGBtwCiGbzG2nKQXx3Yn3PugyiRBSBc7LAo.webp', 'public_storage', 'media/yTfaafXIV5xmgEpFRUCW8g3QywiQoeooCOdAEIvX.webp', 'webp', 'image/webp', '50836', '2020-08-09 17:05:43', '2020-08-09 17:05:43'),
(591, 1, 'UUSbwfW0piRnqvcQvWUMUW6nyMihSU9CErQbq5YN.webp', 'public_storage', 'media/yMkGRxnZjrTvH2Xs2pCXboge4dAFwAoWfWPPMmvx.webp', 'webp', 'image/webp', '38782', '2020-08-09 17:05:43', '2020-08-09 17:05:43'),
(592, 1, 'W87zayZQROTpaecWUJ8ZUaKF0E83BRGB0bzIFPNV.webp', 'public_storage', 'media/bpbhO2rlb9LH7ePXRk0mDuq3sPn3a8Jd7lnH6EcZ.webp', 'webp', 'image/webp', '20212', '2020-08-09 17:05:44', '2020-08-09 17:05:44'),
(594, 1, 'FqeOzTXj7N3YIKK5CuZ7rAtz0vcVSaoJkx9QzLy7.webp', 'public_storage', 'media/sxOpax1SxX1fMaPJU9dxHKI8kCFL14DQIG4jzn6s.webp', 'webp', 'image/webp', '103358', '2020-08-09 17:09:01', '2020-08-09 17:09:01'),
(595, 1, 'GcP1rMDcwQr7ZFrlITgq6qflXUYhqJw4zBSg9w3t.webp', 'public_storage', 'media/V9towXNfy54vVDtppkG1Mq8bfYtf9Vav73lB23Fb.webp', 'webp', 'image/webp', '93730', '2020-08-09 17:09:02', '2020-08-09 17:09:02'),
(596, 1, 'N0EGTcVa5bSdGhmGoES8SCrK68ms2EuFb54MRMai.webp', 'public_storage', 'media/0qP3n03oNS8kvQygVFxsB9Q1e8CeQkWWFhdrxgKO.webp', 'webp', 'image/webp', '52212', '2020-08-09 17:09:02', '2020-08-09 17:09:02'),
(597, 1, 'SyMOtxislbFiVcjobzA4QQhC8kfwXefQoFI7JakA.webp', 'public_storage', 'media/ekaIEPo6doFjJ2HcnV1EUPsksSWhTUUK6SEKfemH.webp', 'webp', 'image/webp', '39024', '2020-08-09 17:09:03', '2020-08-09 17:09:03'),
(598, 1, 'ziT8ehWy4pdnMElOf7HeHKB70STkQ7SXvdiaUpAE.webp', 'public_storage', 'media/krRCfLAitewspdrKzxsd8ecPl19RJaXkCWyMAOyO.webp', 'webp', 'image/webp', '103240', '2020-08-09 17:09:03', '2020-08-09 17:09:03'),
(602, 1, 'Por5otbrhHe1LYC54e169nccGgnc9hKYBuykGy1l.webp', 'public_storage', 'media/kmV7oy8DVOuIIrtjxDHI0k27yIpVQ3R5D2iTw9iL.webp', 'webp', 'image/webp', '7330', '2020-08-09 18:34:14', '2020-08-09 18:34:14'),
(603, 1, 'svf6S4Kb6s9ztIODUZsOu0uLw9pi5TxQfTMbYJEQ.webp', 'public_storage', 'media/h9ulCvLKVtNBuPpFIuslJHQfxwvATFC0hoq6tzJk.webp', 'webp', 'image/webp', '27688', '2020-08-09 18:34:15', '2020-08-09 18:34:15'),
(604, 1, 'PQIPkXoUQVvvaNTuybZm1uQyULI2gTGChHBmzKLZ.webp', 'public_storage', 'media/XoKu1xOtiAI3mw1zzJ8VbexLZHb99U70T0os3e4v.webp', 'webp', 'image/webp', '3762', '2020-08-09 18:36:45', '2020-08-09 18:36:45'),
(608, 1, 'GAmvhOaq8vdqbCiZvEAr49e4qf6xyYiIC1sxiPzK.webp', 'public_storage', 'media/NxTx8Ty15iK1esk7rjKAcjGN4y0bhKZCrEP9H995.webp', 'webp', 'image/webp', '5626', '2020-08-09 18:40:13', '2020-08-09 18:40:13'),
(609, 1, 'Qh2AjJGrNK9h8XBREBZ7BKKWl4e1Sb9XGFMm93yJ.webp', 'public_storage', 'media/FeDdlQLrlAP4hwIY2ngSVIRx6IKZNVzJgQvLFcdk.webp', 'webp', 'image/webp', '8166', '2020-08-09 18:40:14', '2020-08-09 18:40:14'),
(610, 1, 'SGCd86J1Fas2PO2ADI1oBkzd2XTmxp8zfwOWxMgn.webp', 'public_storage', 'media/3CbEYQal80fzGBMvcFoljmWioUKKphNEddKCBMue.webp', 'webp', 'image/webp', '3820', '2020-08-09 18:44:57', '2020-08-09 18:44:57'),
(611, 1, 'tx6UX9LEyvgCCudo0DTPaMxII5LYHLB2UTTDmoxs.webp', 'public_storage', 'media/n9xbjJKoJHVrvPNxJxLpW0XVnUUiXKy7bR7u2kjA.webp', 'webp', 'image/webp', '3492', '2020-08-09 18:44:57', '2020-08-09 18:44:57'),
(612, 1, 'yGH7ldQEon7l5dwc27zJFWFguLP9EnWjuguMWBy3.webp', 'public_storage', 'media/X3zoBNSWjR0aiFxAW45d1p9CKtN5vr3YAARN9nUv.webp', 'webp', 'image/webp', '6026', '2020-08-09 18:44:59', '2020-08-09 18:44:59'),
(613, 1, 'VQc3cgIZf9vP6P5k5N9pbMuvzhFvmfVpfE9hxKGX.webp', 'public_storage', 'media/rz0P8ycPQfPYsUswTx114fvev04rOf0gVlNf281j.webp', 'webp', 'image/webp', '4034', '2020-08-09 18:45:00', '2020-08-09 18:45:00'),
(615, 1, 'hFOjn9Zrl9pC15VUkPTEIQJlwRyGC68mK0uqPgwQ.webp', 'public_storage', 'media/uCRfcPTRgy5wAOaBiT6r0CD1IK7nYzo1nzWt9K2l.webp', 'webp', 'image/webp', '5400', '2020-08-09 18:55:42', '2020-08-09 18:55:42'),
(616, 1, 'HX8ijy6t6jyrylx2em6hnvNwp7RFlSoHvbQxDv2I.webp', 'public_storage', 'media/IISjwZDZt0rlrU39BpPA6VzsgUAvle6raJiBMjQd.webp', 'webp', 'image/webp', '10558', '2020-08-09 18:55:43', '2020-08-09 18:55:43'),
(617, 1, 'O88mYtHpqijjnMNokLUQMojpXDWp6qZq02CAkXIp.webp', 'public_storage', 'media/CtcElXpOBzkNGEcOhp59Lww85B8Du0RiuM5gjpFX.webp', 'webp', 'image/webp', '10146', '2020-08-09 18:55:43', '2020-08-09 18:55:43'),
(618, 1, 'ocC39eK1iMMRTg1QOJErgNVUzgBQvYW8baERuu7E.webp', 'public_storage', 'media/OmvqeHa7vQapbj3LVb1BT5vApDFqyxi6vsy2ov8S.webp', 'webp', 'image/webp', '6914', '2020-08-09 18:55:44', '2020-08-09 18:55:44'),
(624, 1, 'PevopjhC6rPkE931bh03yuZ8tawbIAj1CMmYfSW2.webp', 'public_storage', 'media/rCNKxREJYDyzWjkByOkJ6GJrYiqthVOB8GXgVSuu.webp', 'webp', 'image/webp', '562', '2020-08-09 18:59:09', '2020-08-09 18:59:09'),
(628, 1, 'rs66KAAUe9nIppPYih2kYHUftfolpkROu0f0N2iE.webp', 'public_storage', 'media/vuSHzAS2pexVwSSoh2xzBmD8XZxtjLH1gpQJsHgy.webp', 'webp', 'image/webp', '48862', '2020-08-09 19:02:43', '2020-08-09 19:02:43'),
(629, 1, 'VjSOw1jHEXq2sVM9Sag1IzobYWlvLYEox0oEhKFC.webp', 'public_storage', 'media/neld7RnwG4ErgDH7f36Fb0CwKuFJnjvb7irSEO3T.webp', 'webp', 'image/webp', '49582', '2020-08-09 19:02:44', '2020-08-09 19:02:44'),
(633, 1, 'KE1O5euA4t61bDFfmBqmExCpVjItdf9MQF2EnAtV.webp', 'public_storage', 'media/ytbkpbIF2CmhCg2BIB6Y4lBmcSqTghFdLu0ZqmC9.webp', 'webp', 'image/webp', '17010', '2020-08-09 19:08:23', '2020-08-09 19:08:23'),
(634, 1, 'u6b7bclsuHxSVD9Uwn1405neSBqyJLFThQbK10l4.webp', 'public_storage', 'media/0AXOcf4kFDq6Q1syB1xbHeHobBSHxCuqYO3jYo8s.webp', 'webp', 'image/webp', '7660', '2020-08-09 19:08:24', '2020-08-09 19:08:24'),
(635, 1, 'UDC1UdfVESfsrcBjMjwqDG3FgCk6Xosuf1XGbG60.webp', 'public_storage', 'media/4TQeTKcQQCd1f40JNu0YY4kKahlen9pe7HXTvKIt.webp', 'webp', 'image/webp', '19244', '2020-08-09 19:08:24', '2020-08-09 19:08:24'),
(638, 1, 'rpoB47OdBBGmTGuQsC4yXDzpUkmBUtiHZduzFNFS.webp', 'public_storage', 'media/NHtXvi2VvvGtY3KctpZkugiKbztEUAEKEw5ndnAM.webp', 'webp', 'image/webp', '64790', '2020-08-09 19:11:04', '2020-08-09 19:11:04'),
(639, 1, 'wmjSlhH3ygrIiik1oymsMOsefDYZTvh0JkgVczMG.webp', 'public_storage', 'media/CB1wmiw8rr9UC9ZoicOwiZEXx9aCSo5cn5tMx2ec.webp', 'webp', 'image/webp', '25282', '2020-08-09 19:11:05', '2020-08-09 19:11:05'),
(640, 1, 'WntwsPemFADhbQebj1vgCmyQNdxjsGLIFXR8aMa3.webp', 'public_storage', 'media/uMFU4mHoNzu2YF1vi2efYdcM0ufgzzj4HlxbC1lF.webp', 'webp', 'image/webp', '35196', '2020-08-09 19:11:06', '2020-08-09 19:11:06'),
(641, 1, 'zVcr4Fb8Mi1Cb0BH3SwjMthzgqd7x1lVAukkKpXF.webp', 'public_storage', 'media/XLdvpyLCN22jk03Hkwe2MgVExOhNTqchqcrCZHWr.webp', 'webp', 'image/webp', '38416', '2020-08-09 19:11:06', '2020-08-09 19:11:06'),
(644, 1, 'irRFYu0fYf0al4jJNqWSbAk246gKgcfAXSBpDzS7.webp', 'public_storage', 'media/MkXuPg8nikMD3LrwRcHeEkTniSLxfFfaAwl1zQIr.webp', 'webp', 'image/webp', '47374', '2020-08-09 19:17:32', '2020-08-09 19:17:32'),
(645, 1, 'R3ldoiQbuZ7yNUkYL70LNL8NksYSAu8mEHzbDS3Q.webp', 'public_storage', 'media/UGt6OGbMdEB5wDNEvAorgxadK4mlBdtTCQrR1mTC.webp', 'webp', 'image/webp', '15590', '2020-08-09 19:17:32', '2020-08-09 19:17:32'),
(646, 1, 's4TBBMH3XlJ216w9oTOSRW20mcLsx09QHkS9IC6f.webp', 'public_storage', 'media/FVc05P4aiRW21cFwu0XAGjJSECIVqR2cQJpvcV9L.webp', 'webp', 'image/webp', '39036', '2020-08-09 19:17:33', '2020-08-09 19:17:33'),
(651, 1, 'JfF55bo662ddXMTOzRUry8vWMWAadv1olUR4rlVY.webp', 'public_storage', 'media/M3kJOR7BvvWyJwez5xfDQ6vwlITayQVpWMNJxiMT.webp', 'webp', 'image/webp', '6450', '2020-08-09 19:34:56', '2020-08-09 19:34:56'),
(652, 1, 'ZgSbnYCtdX57rY7BpyNFwHiRpTsVQCbmQzbXdPRs.webp', 'public_storage', 'media/lZwk41RwmyqkcsEQp0zTAwwOyiRNNavwE8Kob3Ut.webp', 'webp', 'image/webp', '10302', '2020-08-09 19:34:56', '2020-08-09 19:34:56'),
(656, 1, 'jwJ8EtYE6RMBlFGW2NgDDMiqwMJdClGHzfYhMbww.webp', 'public_storage', 'media/QJtyDilVK0IzrVA2igi8yHEkgT9QzuJaSXTeT9q5.webp', 'webp', 'image/webp', '63110', '2020-08-09 19:37:30', '2020-08-09 19:37:30'),
(657, 1, 'MUfxc8vh6zVTkgT9tflQFt0Xd1DPojUF8EsVsZt7.webp', 'public_storage', 'media/jxwcJ9gCJxna2ORH7kBwhH5rajpW55aCeqhHXY77.webp', 'webp', 'image/webp', '33622', '2020-08-09 19:37:31', '2020-08-09 19:37:31'),
(658, 1, 'ySzGTGKkbVIGDKPV28YQ16vO2fgkJXkDQtIo37QM.webp', 'public_storage', 'media/0z7hzBJc4fzOClyRiphVzLEnZqSiuytOJ0WyH9UV.webp', 'webp', 'image/webp', '11266', '2020-08-09 19:37:31', '2020-08-09 19:37:31'),
(659, 1, 'GgVU5wP1meeyMqVwjmi8ctKxf94NTfLZq0Azk1f8.webp', 'public_storage', 'media/uqJZP7bQZOtBylvoA3nf7FzJendXc4TcgLlBoyMR.webp', 'webp', 'image/webp', '13882', '2020-08-09 19:40:03', '2020-08-09 19:40:03'),
(660, 1, 'FT2sVzyBolM7j0Gfu8FalEFYhP2WdruhJVlMe0wy.webp', 'public_storage', 'media/SLnemBbncyVazvTYHsnPQIDzaJzDDoFGIFATL30A.webp', 'webp', 'image/webp', '16544', '2020-08-09 19:40:03', '2020-08-09 19:40:03'),
(661, 1, 'jrGgWLIj72icrXXFQa3nzTUQTN8EMzCftyP6AWgp.webp', 'public_storage', 'media/4W7mUDPqXj9gCoWScTr0JcuMwazgzp7eEGGvXq9p.webp', 'webp', 'image/webp', '5772', '2020-08-09 19:40:04', '2020-08-09 19:40:04'),
(662, 1, 'OmtroziIP2b4Tu98DUAeWdeqPjhyjuKxlqEIAKc2.webp', 'public_storage', 'media/8wW4T6GXXnQvng8cG4T3eZTmcGlckkgV55J8yQzM.webp', 'webp', 'image/webp', '25380', '2020-08-09 19:40:04', '2020-08-09 19:40:04'),
(663, 1, 'yIZDpEjDb8Es5revIs0cn1TieKXi3xTCC6nw9bTv.webp', 'public_storage', 'media/ihUg0yLP7adnhSmW8z1QDQKJTKPLKKetTmWS2oPQ.webp', 'webp', 'image/webp', '14532', '2020-08-09 19:40:05', '2020-08-09 19:40:05'),
(667, 1, 'GfRx3sgI6DPw5ylC9nIktIjfhgocCBY8meWKZ4Vp.webp', 'public_storage', 'media/gDL2AkldnQNSwx3nARyYcqKumC5tskfwJqtdFinY.webp', 'webp', 'image/webp', '11884', '2020-08-09 19:43:08', '2020-08-09 19:43:08'),
(668, 1, 'rHs2uVHF3F1zJHwAVxrZBZnORm2b0MEIeXqvHViy.webp', 'public_storage', 'media/k1z9N05hL8C2fbyAhfK0vsJK2ZgqjPkxYwHmbCdO.webp', 'webp', 'image/webp', '15966', '2020-08-09 19:43:09', '2020-08-09 19:43:09'),
(669, 1, 'h6iXVkKF0aBHvywQaWScPSkfi48hpVi1JOYycixu.webp', 'public_storage', 'media/kGkvhfnGI9834WEbZyz7aVWjGOdHbnclPbleDW6t.webp', 'webp', 'image/webp', '48054', '2020-08-09 19:43:09', '2020-08-09 19:43:09'),
(670, 1, 'Nl8UXRpGSYQpfuf9fZe6EhzHBlKwwJdi1QJjtvSQ.webp', 'public_storage', 'media/TwTSmT6DBfgMYMWrwnIqQ0Wl7W13ihmDS272QGVs.webp', 'webp', 'image/webp', '16260', '2020-08-09 19:49:27', '2020-08-09 19:49:27'),
(671, 1, 'KfHRX0bFpPiquCMEvPpPhFEJZdzfh0A1lohB7yT6.webp', 'public_storage', 'media/RodTEGQxveK25baTaQlILWg57PWJK4rbfRtcsjEH.webp', 'webp', 'image/webp', '37568', '2020-08-09 19:51:29', '2020-08-09 19:51:29'),
(672, 1, 'msY35C8ab6WGMYZQHhQYzKOXbInZn0u1VHlaflfT.webp', 'public_storage', 'media/fDmQ5GAG0V28HLW4Jwsdt8VoSRhAW8GBNOvdHAtO.webp', 'webp', 'image/webp', '53624', '2020-08-09 19:51:29', '2020-08-09 19:51:29'),
(673, 1, 'NtnP9ktQfOAl3K4LGxAm7R3SrXkkEQdE6vbRiGRe.webp', 'public_storage', 'media/GD1l259fOaW9FNon0BsSxeT0Lb0bbn0xeAkaC2fP.webp', 'webp', 'image/webp', '60270', '2020-08-09 19:51:30', '2020-08-09 19:51:30'),
(674, 1, 'PiXLXLbAdkjhNVju7SEqb8WZfqedTo7XVW9s6NAX.webp', 'public_storage', 'media/SkQkhVzxDKu5R8cJHF6IUq72JyXqcmEgvMhyhKzq.webp', 'webp', 'image/webp', '71010', '2020-08-09 19:51:31', '2020-08-09 19:51:31'),
(675, 1, 'tL26LmJVQ6w86LJtKWF2PIIc1TccijL5CoXR2auu.webp', 'public_storage', 'media/q7MMp9RpM669lyQ8VcU2QtwObIsejhN7ibiHeJyY.webp', 'webp', 'image/webp', '65190', '2020-08-09 19:51:32', '2020-08-09 19:51:32'),
(677, 1, 'gWPH7V28cdxdbt446aSFzOV2v4eqaRAkMeSPp8cS.webp', 'public_storage', 'media/1xvQa1oq2ZUQT4oiGdtT1Ro5dxPcDsUK2iajfwVh.webp', 'webp', 'image/webp', '84514', '2020-08-09 19:55:11', '2020-08-09 19:55:11'),
(678, 1, 'hNv7cA6TCRWvGqw0YSPXMseGPld3Wr67mPrYAvCw.webp', 'public_storage', 'media/H2uuWsax9KtgjwB15ZeNyhMTtLRlTCIhbkntNYAt.webp', 'webp', 'image/webp', '86894', '2020-08-09 19:55:12', '2020-08-09 19:55:12'),
(679, 1, 'JlincUSG4D9TUqPJKIuIFnJzVyrF2lLRl9EUV6tY.webp', 'public_storage', 'media/yD4uZhjAWo6KtqoEeOMvMTP8crgHUgCrGKvlLNKG.webp', 'webp', 'image/webp', '27718', '2020-08-09 19:55:12', '2020-08-09 19:55:12'),
(680, 1, 'VGVMCpIZuKor0QE2OkZRZ3WWTbfNOLQQwTGMiAVT.webp', 'public_storage', 'media/sc4GCNWT92AiSe9BhqLv1KiisNMbEZkWzzekM2Jv.webp', 'webp', 'image/webp', '129000', '2020-08-09 19:55:14', '2020-08-09 19:55:14'),
(681, 1, 'rRIIpM7k4GiDaRb7yC4JlRXr8OABJi0Aa3JKaFHB.webp', 'public_storage', 'media/KrUsaoKApFZ1T6IZBO6KSFeB1tizjU9LUNjlCZ6H.webp', 'webp', 'image/webp', '24798', '2020-08-09 19:55:14', '2020-08-09 19:55:14'),
(684, 1, 'fVKVvVe360OOzYuVtiJAdzgLF6FUujhSxNKrkDuT.webp', 'public_storage', 'media/ssLp3Wnv6wYgItsE68pQfjO5RF6mkw9eUHGF4858.webp', 'webp', 'image/webp', '64552', '2020-08-09 20:02:13', '2020-08-09 20:02:13'),
(685, 1, 'lwQ5R37o66EjTFI3JGwc39GwjvwUpteYr3V0sHJz.webp', 'public_storage', 'media/UOAJQx67scUKWoIiZQMBzrDEBFCSZA06Fv4fC2oa.webp', 'webp', 'image/webp', '67584', '2020-08-09 20:02:13', '2020-08-09 20:02:13'),
(686, 1, 'wVkUEs7sOzlQB6JtHah90vjRlyQoQsCps4QIhoqJ.webp', 'public_storage', 'media/E2Y7gLduIHVCaUFtMPW7MPtzxUrGxxnelCSRJEvF.webp', 'webp', 'image/webp', '43404', '2020-08-09 20:02:14', '2020-08-09 20:02:14'),
(687, 1, 'ze48XWCHuPGNjxawHJsdGjLxjwLkp8J8k2akf0xr.webp', 'public_storage', 'media/r7aJEfxlh7rbdXMqvk0FUBWUK1jPjW4j74Dt1jOq.webp', 'webp', 'image/webp', '19798', '2020-08-09 20:02:14', '2020-08-09 20:02:14'),
(690, 1, 'fVEmW9YBbV47rVJMk3CzhyHUEWtAf8rENajz6Njc.webp', 'public_storage', 'media/BM54nUYcftL5ki2a8OJ9Dba86ohERdZKpaXdIyiX.webp', 'webp', 'image/webp', '17814', '2020-08-09 20:07:02', '2020-08-09 20:07:02'),
(691, 1, 'J79svOtGlpfop9MiDdgq9A8HwlKctgMeYeO2nslg.webp', 'public_storage', 'media/TMgf6YpuEsX49aqOc5hzu9uPauyNqvE5lfAt7Hje.webp', 'webp', 'image/webp', '45090', '2020-08-09 20:07:02', '2020-08-09 20:07:02'),
(692, 1, 'NpiKTK0oTgd3kh32DAXBJr0embqqHh14pFt4gCX9.webp', 'public_storage', 'media/K8qzC2UTLIG2xRFnhBJtNheZf9BqLQJM14PmavQT.webp', 'webp', 'image/webp', '94192', '2020-08-09 20:07:03', '2020-08-09 20:07:03'),
(695, 1, 'fNbphtBnenFim6o0GB1XMaYqYXKNaXSFbV9zbGvl.webp', 'public_storage', 'media/KwAY2wi56BH1vyLrNtux5PT1wkxDT5ebxPYgNTJ2.webp', 'webp', 'image/webp', '19882', '2020-08-09 20:15:33', '2020-08-09 20:15:33'),
(697, 1, 'PIfHKo1wXK4i74hqXZdAFKXrCLdbNJAU5lyBq3N1.webp', 'public_storage', 'media/lTgCsAUED0VCo75tXut4lLvRDzZaBW4M6g56rsjl.webp', 'webp', 'image/webp', '44906', '2020-08-09 20:15:35', '2020-08-09 20:15:35'),
(698, 1, 'JDFCaKzCio42EI9JdnqMieWt0vi9ESjl37Mo5Umr.webp', 'public_storage', 'media/Tp1Le0aOIXsRMmVYmS7Fdf6tjpIAOGP2vZZQPNrO.webp', 'webp', 'image/webp', '48902', '2020-08-09 21:06:37', '2020-08-09 21:06:37'),
(699, 1, 'jm3MibNpuMAlyoje0ddp9PbY9gP9NNdJfAtF7QAO.webp', 'public_storage', 'media/7f8scx9nhvMQWvJLjT2EBhtF2tzrqRKcpuyWqKxL.webp', 'webp', 'image/webp', '98450', '2020-08-09 21:06:37', '2020-08-09 21:06:37'),
(700, 1, 'T9ijKcaqg2jGlye1d5j3FZr9AD0rkri5JbiZsQ3B.webp', 'public_storage', 'media/0WbQbKiYh7MLTOF6P3smKHxBqJ3Od6y1KT8KrKzf.webp', 'webp', 'image/webp', '27224', '2020-08-09 21:06:38', '2020-08-09 21:06:38'),
(701, 1, 'wXxBHNyxWtwcl3EWnLLQp06gNsGeVRacrFaCxLSH.webp', 'public_storage', 'media/caXjGfLzrFJoA9x3r6VzoFFp9xowE0dusbBX6cGv.webp', 'webp', 'image/webp', '33310', '2020-08-09 21:06:38', '2020-08-09 21:06:38'),
(702, 1, 'YfbsJtKwQ3qVsB969NWAm9OmIzacb23Q5UuPq7gE.webp', 'public_storage', 'media/WSSC0QUzWeCO5WvAzlochxYbDyzzAa0KSMuzxTRO.webp', 'webp', 'image/webp', '35936', '2020-08-09 21:06:39', '2020-08-09 21:06:39'),
(706, 1, 'MTGem0MT9EeOlbIEVPDetfIthmdJTKE6opIQ6F9w.webp', 'public_storage', 'media/s8UM2dLKUbHje31nOSCFU4qfnjwAIVFpqQv9HXXp.webp', 'webp', 'image/webp', '46332', '2020-08-09 21:09:55', '2020-08-09 21:09:55'),
(707, 1, 't8ZqFoIjmPQiyvrcr33Rg4mxiHGflQ7Qd07rnaIJ.webp', 'public_storage', 'media/BocbEYWqm0xnKROf0zmAOLOBN3YGcqbWEruRsgRg.webp', 'webp', 'image/webp', '42342', '2020-08-09 21:09:56', '2020-08-09 21:09:56'),
(708, 1, 'hoN8RYdI4x9MbRfMGTgQUfghwojNXmA4wX8D2Hq1.webp', 'public_storage', 'media/iNsJJvgsztaWFg6ZtgESzckl9DSHbEgYaJYGYl13.webp', 'webp', 'image/webp', '23670', '2020-08-09 21:13:54', '2020-08-09 21:13:54'),
(709, 1, 'r0d9HSMpfbFQ86INX0As1t7NspwccluupX3O2HPj.webp', 'public_storage', 'media/20rNrsRdInO1MFYJ9w7OwsPYP2V3BEP1clDdGxwJ.webp', 'webp', 'image/webp', '22994', '2020-08-09 21:13:54', '2020-08-09 21:13:54'),
(710, 1, 'wgbQT0z6Yd727sRzxElRVUfs4ydhb7atqGTFxgqk.webp', 'public_storage', 'media/QvE6iu8Fz9qkJzhbF3xx9xWI7Ps47rtMq5HD7Saf.webp', 'webp', 'image/webp', '16176', '2020-08-09 21:13:55', '2020-08-09 21:13:55'),
(711, 1, 'UPcMMRg4cNRREdbA6FiNRyFjDNrYy1xrUIr7266n.webp', 'public_storage', 'media/6FKPzyr2492dgXkxbUcSx8Eg9mBx8vk2mUUY4bti.webp', 'webp', 'image/webp', '22074', '2020-08-09 21:13:55', '2020-08-09 21:13:55'),
(712, 1, 'YkJ65WzIUxv7QRkG37dkli29EYlXyaugoMnJEVt3.webp', 'public_storage', 'media/wuRSbV36T2FPy2YdrbmiIIvJaH0bNYjQwnKp1BYa.webp', 'webp', 'image/webp', '14482', '2020-08-09 21:13:56', '2020-08-09 21:13:56'),
(713, 1, 'h1ktCT7Ogkg4drLd4LWIO8jiaZi2lPJh9kGtBeaq.webp', 'public_storage', 'media/mczlQcFjfHi55FaID07Qzi3t4mlcp5V3MgPk50hx.webp', 'webp', 'image/webp', '22788', '2020-08-09 21:16:39', '2020-08-09 21:16:39'),
(715, 1, 'QI6Ci1nCzOZ7cVWLETpWgFXUZhzGrILHvvCJ2e4E.webp', 'public_storage', 'media/513zN79AyPJN3mXJUf63nHnGru039hsMhZ2f0a1O.webp', 'webp', 'image/webp', '54884', '2020-08-09 21:16:40', '2020-08-09 21:16:40'),
(716, 1, 'Up49VDSmclhofGER7eyN1nNk8Yd1XORfQeScvFc7.webp', 'public_storage', 'media/joIln2q0aX3Wsw97J91g3YVEDysenDVsPdH1xXVy.webp', 'webp', 'image/webp', '29660', '2020-08-09 21:16:41', '2020-08-09 21:16:41'),
(717, 1, 'w1hnAnfVzf5pU2p1wY2LkpmRBbWBrmeAHa4hZnsI.webp', 'public_storage', 'media/W7l5ZGvxX9U1JQe4TK7ednddGl3yDAZjh9Oxlivd.webp', 'webp', 'image/webp', '31580', '2020-08-09 21:16:42', '2020-08-09 21:16:42'),
(720, 1, 'rrB8BALXLIXyizlr0KGVEhMdKxGhD1KoK01skfIA.webp', 'public_storage', 'media/baBIKu4LIwDa7Cmp9Oz8VIIKvYuqh55WDBEVSJ6B.webp', 'webp', 'image/webp', '47382', '2020-08-09 21:21:10', '2020-08-09 21:21:10'),
(721, 1, 'T9hhgFKDnw98wDQwjF2krrnKQbbLC9CV0moMOAyF.webp', 'public_storage', 'media/ErZF9GBiXk5uTRKLXCVRvVRafFH0RqrPXQNOMOCY.webp', 'webp', 'image/webp', '76096', '2020-08-09 21:21:10', '2020-08-09 21:21:10'),
(722, 1, 'U958EHM89dcaHyd9JgUHq4sXjVlQPaLtf8n7pwk7.webp', 'public_storage', 'media/wmkjciBR1inRJeRC6jSGgOklFGcXjTtkhsBcFkUF.webp', 'webp', 'image/webp', '47982', '2020-08-09 21:21:11', '2020-08-09 21:21:11'),
(725, 1, 'vUB1ramAMdFKUnar3H75cWEeu4zgOTPLYI7nLVG7.webp', 'public_storage', 'media/fEy55aKirtmX5VSiT1I1FsUxGocuXGhIaFxir0wk.webp', 'webp', 'image/webp', '21118', '2020-08-09 21:43:35', '2020-08-09 21:43:35'),
(726, 1, 'XEDtGgkuvXp6sdrYpA7G6kEztZj8blqyvDDKoESB.webp', 'public_storage', 'media/hHaS1wGKKHBXkwKg2wBfZCToJtoPbNAwWBdijoyA.webp', 'webp', 'image/webp', '22248', '2020-08-09 21:43:36', '2020-08-09 21:43:36'),
(727, 1, 'zTFa9mdwD0CMrx4LICsSG39oi5A8JsesqAdOqCD5.webp', 'public_storage', 'media/h9DO1pVxcNBcWQu4fW08TRz8NmqryMIWM84RS10i.webp', 'webp', 'image/webp', '15204', '2020-08-09 21:43:36', '2020-08-09 21:43:36'),
(729, 1, 'gyT3OtbMI4uttFjKxHLaObeZpvUtA1b5tkeJy0vl.webp', 'public_storage', 'media/ipwU1sKpwNxkoqfUky1aVJPFOpKlHoA27bBQnW7E.webp', 'webp', 'image/webp', '9540', '2020-08-09 21:47:31', '2020-08-09 21:47:31'),
(730, 1, 'RuSHrG4IILvbGWwluxxacW9JTqrod2stL3HrPVnC.webp', 'public_storage', 'media/YUktFCGiz1GyfIB056Ahs3kw86RbkCQJmhBZPVx3.webp', 'webp', 'image/webp', '30450', '2020-08-09 21:47:32', '2020-08-09 21:47:32'),
(731, 1, 'TK44dVzcZXmcPoONFa4Ido5PKc6g13JczSetULpH.webp', 'public_storage', 'media/ygRQ3q2uwz8tnY40VxRCvTNKQigEqRbGPDdm5vWB.webp', 'webp', 'image/webp', '12586', '2020-08-09 21:47:32', '2020-08-09 21:47:32'),
(732, 1, 'WylPoinS4999fiUQgkX7LaKUezTy2keERPm9vXY7.webp', 'public_storage', 'media/lTrEdjAv9Tjlsk4Qp3IdaeK6Ty2jtrDrJOZ6Zwcs.webp', 'webp', 'image/webp', '12884', '2020-08-09 21:47:33', '2020-08-09 21:47:33'),
(733, 1, 'tOcaizQBOXkTBdcR1RPFZ1JhVVzhVuepDO5ahUbO.webp', 'public_storage', 'media/7MjhYl1KvlP8lHd2jKqUg8g03SN5EFTBIL7TxyL9.webp', 'webp', 'image/webp', '27534', '2020-08-09 21:47:33', '2020-08-09 21:47:33'),
(734, 1, 'LH4lQU0QyXpmIODDPbEQMPSV0CDJJoOhEBovbKy4.webp', 'public_storage', 'media/BICSoqNSnydbnRfxcZ3ykBNZyYJz4fTElWD4aUIy.webp', 'webp', 'image/webp', '36494', '2020-08-09 21:50:38', '2020-08-09 21:50:38'),
(736, 1, 'nuiAsAKagSD2SQvCksH84qV8yDQfJp5SaRpAYTku.webp', 'public_storage', 'media/kg36tbzQbe2fGXOaErU8vZQagaIjy9ZgVHG6ZVo9.webp', 'webp', 'image/webp', '33334', '2020-08-09 21:50:39', '2020-08-09 21:50:39'),
(1187, 1, 'Image 1.png', 'public_storage', 'media/sdiQ3YwhAoTL3CSoVXOOnCZ1QdIYmzjWPm0xEKGU.png', 'png', 'image/png', '42673', '2021-06-13 08:05:37', '2021-06-13 08:05:37'),
(1188, 1, 'akwHUpDVYTjknUqpFWFSyBbk6J3xvUhGw7KssBQ6.jpeg', 'public_storage', 'media/AuaoVB1uaQYOKPZRqhiqVtpbnWpfy7x3jydO1R4y.jpeg', 'jpeg', 'image/jpeg', '165698', '2021-06-13 08:09:58', '2021-06-13 08:09:58');

-- --------------------------------------------------------

--
-- Table structure for table `flash_sales`
--

DROP TABLE IF EXISTS `flash_sales`;
CREATE TABLE IF NOT EXISTS `flash_sales` (
  `id` int(10) UNSIGNED NOT NULL AUTO_INCREMENT,
  `created_at` timestamp NULL DEFAULT NULL,
  `updated_at` timestamp NULL DEFAULT NULL,
  PRIMARY KEY (`id`)
) ENGINE=InnoDB AUTO_INCREMENT=6 DEFAULT CHARSET=utf8mb4 COLLATE=utf8mb4_unicode_ci;

--
-- Dumping data for table `flash_sales`
--

INSERT INTO `flash_sales` (`id`, `created_at`, `updated_at`) VALUES
(2, '2021-01-03 04:27:46', '2021-01-03 04:27:46'),
(3, '2021-01-31 19:07:59', '2021-01-31 19:07:59'),
(4, '2021-02-15 11:04:00', '2021-02-15 11:04:00'),
(5, '2021-02-15 11:16:25', '2021-02-15 11:16:25');

-- --------------------------------------------------------

--
-- Table structure for table `flash_sale_products`
--

DROP TABLE IF EXISTS `flash_sale_products`;
CREATE TABLE IF NOT EXISTS `flash_sale_products` (
  `id` int(10) UNSIGNED NOT NULL AUTO_INCREMENT,
  `flash_sale_id` int(10) UNSIGNED NOT NULL,
  `product_id` int(10) UNSIGNED NOT NULL,
  `end_date` date NOT NULL,
  `price` decimal(18,4) UNSIGNED NOT NULL,
  `qty` int(11) NOT NULL,
  `position` int(11) NOT NULL,
  PRIMARY KEY (`id`),
  KEY `flash_sale_products_flash_sale_id_foreign` (`flash_sale_id`),
  KEY `flash_sale_products_product_id_foreign` (`product_id`)
) ENGINE=InnoDB AUTO_INCREMENT=14 DEFAULT CHARSET=utf8mb4 COLLATE=utf8mb4_unicode_ci;

--
-- Dumping data for table `flash_sale_products`
--

INSERT INTO `flash_sale_products` (`id`, `flash_sale_id`, `product_id`, `end_date`, `price`, `qty`, `position`) VALUES
(4, 2, 40, '2021-01-21', '6000.0000', 5, 0),
(5, 2, 67, '2021-01-12', '900.0000', 3, 1),
(7, 2, 44, '2021-01-14', '800.0000', 50, 2),
(8, 3, 159, '2021-02-28', '150.0000', 5, 0),
(9, 3, 70, '2021-02-28', '10000.0000', 5, 1),
(10, 3, 55, '2021-02-20', '20000.0000', 10, 2),
(12, 4, 42, '2021-04-29', '2999.0000', 10, 0),
(13, 5, 192, '2021-04-29', '60.0000', 20, 0);

-- --------------------------------------------------------

--
-- Table structure for table `flash_sale_product_orders`
--

DROP TABLE IF EXISTS `flash_sale_product_orders`;
CREATE TABLE IF NOT EXISTS `flash_sale_product_orders` (
  `flash_sale_product_id` int(10) UNSIGNED NOT NULL,
  `order_id` int(10) UNSIGNED NOT NULL,
  `qty` int(11) NOT NULL,
  PRIMARY KEY (`flash_sale_product_id`,`order_id`),
  KEY `flash_sale_product_orders_order_id_foreign` (`order_id`)
) ENGINE=InnoDB DEFAULT CHARSET=utf8mb4 COLLATE=utf8mb4_unicode_ci;

--
-- Dumping data for table `flash_sale_product_orders`
--

INSERT INTO `flash_sale_product_orders` (`flash_sale_product_id`, `order_id`, `qty`) VALUES
(12, 25, 1),
(12, 26, 2);

-- --------------------------------------------------------

--
-- Table structure for table `flash_sale_translations`
--

DROP TABLE IF EXISTS `flash_sale_translations`;
CREATE TABLE IF NOT EXISTS `flash_sale_translations` (
  `id` int(10) UNSIGNED NOT NULL AUTO_INCREMENT,
  `flash_sale_id` int(10) UNSIGNED NOT NULL,
  `locale` varchar(191) COLLATE utf8mb4_unicode_ci NOT NULL,
  `campaign_name` varchar(191) COLLATE utf8mb4_unicode_ci NOT NULL,
  PRIMARY KEY (`id`),
  UNIQUE KEY `flash_sale_translations_flash_sale_id_locale_unique` (`flash_sale_id`,`locale`)
) ENGINE=InnoDB AUTO_INCREMENT=6 DEFAULT CHARSET=utf8mb4 COLLATE=utf8mb4_unicode_ci;

--
-- Dumping data for table `flash_sale_translations`
--

INSERT INTO `flash_sale_translations` (`id`, `flash_sale_id`, `locale`, `campaign_name`) VALUES
(2, 2, 'ar', 'حمله تخفيض الساعات'),
(3, 3, 'ar', 'موبيلك'),
(4, 4, 'ar', 'حملات اعلانية'),
(5, 5, 'ar', 'عروض الاسبوع للموبيلات');

-- --------------------------------------------------------

--
-- Table structure for table `menus`
--

DROP TABLE IF EXISTS `menus`;
CREATE TABLE IF NOT EXISTS `menus` (
  `id` int(10) UNSIGNED NOT NULL AUTO_INCREMENT,
  `is_active` tinyint(1) NOT NULL,
  `created_at` timestamp NULL DEFAULT NULL,
  `updated_at` timestamp NULL DEFAULT NULL,
  PRIMARY KEY (`id`)
) ENGINE=InnoDB AUTO_INCREMENT=7 DEFAULT CHARSET=utf8mb4 COLLATE=utf8mb4_unicode_ci;

--
-- Dumping data for table `menus`
--

INSERT INTO `menus` (`id`, `is_active`, `created_at`, `updated_at`) VALUES
(4, 1, '2020-07-31 21:55:07', '2020-07-31 21:55:07'),
(5, 1, '2020-08-05 00:58:20', '2020-08-05 00:58:20'),
(6, 1, '2021-02-15 11:29:31', '2021-02-15 11:29:31');

-- --------------------------------------------------------

--
-- Table structure for table `menu_items`
--

DROP TABLE IF EXISTS `menu_items`;
CREATE TABLE IF NOT EXISTS `menu_items` (
  `id` int(10) UNSIGNED NOT NULL AUTO_INCREMENT,
  `menu_id` int(10) UNSIGNED NOT NULL,
  `parent_id` int(10) UNSIGNED DEFAULT NULL,
  `category_id` int(10) UNSIGNED DEFAULT NULL,
  `page_id` int(10) UNSIGNED DEFAULT NULL,
  `type` varchar(191) COLLATE utf8mb4_unicode_ci NOT NULL,
  `url` varchar(191) COLLATE utf8mb4_unicode_ci DEFAULT NULL,
  `icon` varchar(191) COLLATE utf8mb4_unicode_ci DEFAULT NULL,
  `target` varchar(191) COLLATE utf8mb4_unicode_ci NOT NULL,
  `position` int(10) UNSIGNED DEFAULT NULL,
  `is_root` tinyint(1) NOT NULL DEFAULT '0',
  `is_fluid` tinyint(1) NOT NULL,
  `is_active` tinyint(1) NOT NULL,
  `created_at` timestamp NULL DEFAULT NULL,
  `updated_at` timestamp NULL DEFAULT NULL,
  PRIMARY KEY (`id`),
  KEY `menu_items_parent_id_foreign` (`parent_id`),
  KEY `menu_items_category_id_foreign` (`category_id`),
  KEY `menu_items_page_id_foreign` (`page_id`),
  KEY `menu_items_menu_id_index` (`menu_id`)
) ENGINE=InnoDB AUTO_INCREMENT=42 DEFAULT CHARSET=utf8mb4 COLLATE=utf8mb4_unicode_ci;

--
-- Dumping data for table `menu_items`
--

INSERT INTO `menu_items` (`id`, `menu_id`, `parent_id`, `category_id`, `page_id`, `type`, `url`, `icon`, `target`, `position`, `is_root`, `is_fluid`, `is_active`, `created_at`, `updated_at`) VALUES
(9, 4, NULL, NULL, NULL, 'URL', NULL, NULL, '_self', 0, 1, 0, 1, '2020-07-31 21:55:07', '2020-07-31 21:55:07'),
(17, 4, 9, 22, NULL, 'category', 'categories/mobiles/products', 'las la-mobile', '_self', 2, 0, 0, 1, '2020-08-01 01:54:09', '2021-02-09 18:12:42'),
(24, 5, NULL, NULL, NULL, 'URL', NULL, NULL, '_self', 0, 1, 0, 1, '2020-08-05 00:58:20', '2020-08-05 00:58:20'),
(29, 5, 24, NULL, 1, 'page', NULL, NULL, '_blank', 0, 0, 0, 1, '2020-08-10 23:10:31', '2021-01-06 16:58:00'),
(30, 5, 24, NULL, 3, 'page', NULL, NULL, '_self', 2, 0, 0, 1, '2020-08-10 23:11:18', '2021-01-06 16:58:00'),
(34, 4, 9, 32, NULL, 'category', NULL, 'las la-battery-three-quarters', '_self', 6, 0, 0, 1, '2021-01-09 16:35:38', '2021-01-10 13:00:06'),
(35, 4, 9, 31, NULL, 'category', NULL, 'las la-plug', '_self', 7, 0, 0, 1, '2021-01-09 16:36:34', '2021-01-10 12:46:29'),
(36, 4, 9, 28, NULL, 'category', NULL, 'las la-mobile', '_self', 4, 0, 0, 1, '2021-01-09 16:37:56', '2021-01-09 16:56:00'),
(38, 4, 9, 150, NULL, 'category', NULL, 'las la-car', '_self', 8, 0, 0, 1, '2021-01-10 12:21:36', '2021-02-09 18:13:44'),
(39, 4, 9, 34, NULL, 'category', NULL, 'las la-headphones', '_blank', 5, 0, 0, 1, '2021-01-10 12:39:51', '2021-01-10 12:46:29'),
(40, 6, NULL, NULL, NULL, 'URL', NULL, NULL, '_self', 0, 1, 0, 1, '2021-02-15 11:29:31', '2021-02-15 11:29:31'),
(41, 6, 40, 158, NULL, 'category', NULL, 'las la-atom', '_self', NULL, 0, 0, 1, '2021-02-15 11:33:08', '2021-02-15 11:33:08');

-- --------------------------------------------------------

--
-- Table structure for table `menu_item_translations`
--

DROP TABLE IF EXISTS `menu_item_translations`;
CREATE TABLE IF NOT EXISTS `menu_item_translations` (
  `id` int(10) UNSIGNED NOT NULL AUTO_INCREMENT,
  `menu_item_id` int(10) UNSIGNED NOT NULL,
  `locale` varchar(191) COLLATE utf8mb4_unicode_ci NOT NULL,
  `name` varchar(191) COLLATE utf8mb4_unicode_ci NOT NULL,
  PRIMARY KEY (`id`),
  UNIQUE KEY `menu_item_translations_menu_item_id_locale_unique` (`menu_item_id`,`locale`)
) ENGINE=InnoDB AUTO_INCREMENT=65 DEFAULT CHARSET=utf8mb4 COLLATE=utf8mb4_unicode_ci;

--
-- Dumping data for table `menu_item_translations`
--

INSERT INTO `menu_item_translations` (`id`, `menu_item_id`, `locale`, `name`) VALUES
(12, 9, 'ar', 'root'),
(13, 9, 'en', 'root'),
(21, 17, 'ar', 'هواتف ذكيه'),
(31, 24, 'ar', 'root'),
(32, 24, 'en', 'root'),
(37, 29, 'ar', 'من نحن'),
(38, 30, 'ar', 'سياسة المتجر'),
(40, 29, 'en', 'who we are?'),
(42, 30, 'en', 'Store police'),
(44, 17, 'en', 'Smart Phones'),
(50, 34, 'ar', 'باور بانك محمول'),
(51, 35, 'ar', 'شواحن'),
(52, 36, 'ar', 'إكسسوارات الموبيل'),
(54, 38, 'ar', 'اكسسورات سيارات'),
(55, 39, 'ar', 'سماعات لاسلكية'),
(57, 36, 'en', 'Mobile accessories'),
(58, 39, 'en', 'Wireless headphone'),
(59, 34, 'en', 'Power banks'),
(60, 35, 'en', 'Chargers'),
(61, 38, 'en', 'Car accessories'),
(62, 40, 'ar', 'root'),
(63, 40, 'en', 'root'),
(64, 41, 'ar', 'المتجر الالكتروني');

-- --------------------------------------------------------

--
-- Table structure for table `menu_translations`
--

DROP TABLE IF EXISTS `menu_translations`;
CREATE TABLE IF NOT EXISTS `menu_translations` (
  `id` int(10) UNSIGNED NOT NULL AUTO_INCREMENT,
  `menu_id` int(10) UNSIGNED NOT NULL,
  `locale` varchar(191) COLLATE utf8mb4_unicode_ci NOT NULL,
  `name` varchar(191) COLLATE utf8mb4_unicode_ci NOT NULL,
  PRIMARY KEY (`id`),
  UNIQUE KEY `menu_translations_menu_id_locale_unique` (`menu_id`,`locale`)
) ENGINE=InnoDB AUTO_INCREMENT=7 DEFAULT CHARSET=utf8mb4 COLLATE=utf8mb4_unicode_ci;

--
-- Dumping data for table `menu_translations`
--

INSERT INTO `menu_translations` (`id`, `menu_id`, `locale`, `name`) VALUES
(4, 4, 'ar', 'السوبر ماركت'),
(5, 5, 'ar', 'القائمة العلوية'),
(6, 6, 'ar', 'سمارت كوميرس');

-- --------------------------------------------------------

--
-- Table structure for table `meta_data`
--

DROP TABLE IF EXISTS `meta_data`;
CREATE TABLE IF NOT EXISTS `meta_data` (
  `id` int(10) UNSIGNED NOT NULL AUTO_INCREMENT,
  `entity_type` varchar(191) COLLATE utf8mb4_unicode_ci NOT NULL,
  `entity_id` bigint(20) UNSIGNED NOT NULL,
  `created_at` timestamp NULL DEFAULT NULL,
  `updated_at` timestamp NULL DEFAULT NULL,
  PRIMARY KEY (`id`),
  KEY `meta_data_entity_type_entity_id_index` (`entity_type`,`entity_id`)
) ENGINE=InnoDB AUTO_INCREMENT=256 DEFAULT CHARSET=utf8mb4 COLLATE=utf8mb4_unicode_ci;

--
-- Dumping data for table `meta_data`
--

INSERT INTO `meta_data` (`id`, `entity_type`, `entity_id`, `created_at`, `updated_at`) VALUES
(1, 'Modules\\Brand\\Entities\\Brand', 1, '2020-06-11 12:49:08', '2020-06-11 12:49:08'),
(2, 'Modules\\Page\\Entities\\Page', 1, '2020-06-11 13:07:27', '2020-06-11 13:07:27'),
(3, 'Modules\\Product\\Entities\\Product', 1, '2020-06-11 13:28:52', '2020-06-11 13:28:52'),
(4, 'Modules\\Product\\Entities\\Product', 2, '2020-06-11 17:30:01', '2020-06-11 17:30:01'),
(5, 'Modules\\Brand\\Entities\\Brand', 2, '2020-06-14 10:38:04', '2020-06-14 10:38:04'),
(6, 'Modules\\Brand\\Entities\\Brand', 3, '2020-06-14 11:21:28', '2020-06-14 11:21:28'),
(7, 'Modules\\Brand\\Entities\\Brand', 4, '2020-06-14 11:23:44', '2020-06-14 11:23:44'),
(8, 'Modules\\Brand\\Entities\\Brand', 5, '2020-06-14 11:25:18', '2020-06-14 11:25:18'),
(9, 'Modules\\Brand\\Entities\\Brand', 6, '2020-06-14 11:32:15', '2020-06-14 11:32:15'),
(10, 'Modules\\Brand\\Entities\\Brand', 7, '2020-06-14 11:35:01', '2020-06-14 11:35:01'),
(11, 'Modules\\Product\\Entities\\Product', 3, '2020-06-14 12:29:16', '2020-06-14 12:29:16'),
(12, 'Modules\\Product\\Entities\\Product', 4, '2020-06-14 12:59:55', '2020-06-14 12:59:55'),
(13, 'Modules\\Product\\Entities\\Product', 5, '2020-06-14 13:29:19', '2020-06-14 13:29:19'),
(14, 'Modules\\Product\\Entities\\Product', 6, '2020-06-14 13:36:30', '2020-06-14 13:36:30'),
(15, 'Modules\\Product\\Entities\\Product', 7, '2020-06-14 14:12:02', '2020-06-14 14:12:02'),
(16, 'Modules\\Product\\Entities\\Product', 8, '2020-06-14 14:43:56', '2020-06-14 14:43:56'),
(17, 'Modules\\Product\\Entities\\Product', 9, '2020-06-14 17:53:08', '2020-06-14 17:53:08'),
(18, 'Modules\\Product\\Entities\\Product', 10, '2020-06-17 18:37:40', '2020-06-17 18:37:40'),
(19, 'Modules\\Product\\Entities\\Product', 11, '2020-06-17 18:41:55', '2020-06-17 18:41:55'),
(20, 'Modules\\Product\\Entities\\Product', 12, '2020-06-17 18:46:27', '2020-06-17 18:46:27'),
(21, 'Modules\\Product\\Entities\\Product', 13, '2020-06-17 18:51:26', '2020-06-17 18:51:26'),
(22, 'Modules\\Product\\Entities\\Product', 14, '2020-06-17 18:54:45', '2020-06-17 18:54:45'),
(23, 'Modules\\Product\\Entities\\Product', 15, '2020-06-17 19:10:59', '2020-06-17 19:10:59'),
(24, 'Modules\\Product\\Entities\\Product', 16, '2020-06-17 19:16:31', '2020-06-17 19:16:31'),
(25, 'Modules\\Product\\Entities\\Product', 17, '2020-06-17 19:19:56', '2020-06-17 19:19:56'),
(26, 'Modules\\Product\\Entities\\Product', 18, '2020-06-17 19:51:54', '2020-06-17 19:51:54'),
(27, 'Modules\\Product\\Entities\\Product', 19, '2020-06-17 19:54:02', '2020-06-17 19:54:02'),
(28, 'Modules\\Product\\Entities\\Product', 20, '2020-06-17 20:00:40', '2020-06-17 20:00:40'),
(29, 'Modules\\Product\\Entities\\Product', 21, '2020-06-17 20:10:53', '2020-06-17 20:10:53'),
(30, 'Modules\\Product\\Entities\\Product', 22, '2020-06-17 20:13:49', '2020-06-17 20:13:49'),
(31, 'Modules\\Product\\Entities\\Product', 23, '2020-06-17 20:17:15', '2020-06-17 20:17:15'),
(32, 'Modules\\Product\\Entities\\Product', 24, '2020-06-23 08:36:18', '2020-06-23 08:36:18'),
(33, 'Modules\\Brand\\Entities\\Brand', 8, '2020-07-20 10:06:12', '2020-07-20 10:06:12'),
(34, 'Modules\\Brand\\Entities\\Brand', 9, '2020-07-20 10:07:38', '2020-07-20 10:07:38'),
(35, 'Modules\\Brand\\Entities\\Brand', 10, '2020-08-02 09:22:38', '2020-08-02 09:22:38'),
(36, 'Modules\\Brand\\Entities\\Brand', 11, '2020-08-02 09:23:58', '2020-08-02 09:23:58'),
(37, 'Modules\\Brand\\Entities\\Brand', 12, '2020-08-02 09:24:46', '2020-08-02 09:24:46'),
(38, 'Modules\\Brand\\Entities\\Brand', 13, '2020-08-02 09:26:38', '2020-08-02 09:26:38'),
(39, 'Modules\\Brand\\Entities\\Brand', 14, '2020-08-02 09:27:20', '2020-08-02 09:27:20'),
(40, 'Modules\\Brand\\Entities\\Brand', 15, '2020-08-02 09:28:12', '2020-08-02 09:28:12'),
(41, 'Modules\\Brand\\Entities\\Brand', 16, '2020-08-02 09:28:43', '2020-08-02 09:28:43'),
(42, 'Modules\\Brand\\Entities\\Brand', 17, '2020-08-02 09:29:17', '2020-08-02 09:29:17'),
(43, 'Modules\\Brand\\Entities\\Brand', 18, '2020-08-02 09:30:00', '2020-08-02 09:30:00'),
(44, 'Modules\\Brand\\Entities\\Brand', 19, '2020-08-02 09:30:30', '2020-08-02 09:30:30'),
(45, 'Modules\\Brand\\Entities\\Brand', 20, '2020-08-02 09:31:18', '2020-08-02 09:31:18'),
(46, 'Modules\\Brand\\Entities\\Brand', 21, '2020-08-02 09:31:53', '2020-08-02 09:31:53'),
(47, 'Modules\\Brand\\Entities\\Brand', 22, '2020-08-02 09:32:49', '2020-08-02 09:32:49'),
(48, 'Modules\\Brand\\Entities\\Brand', 23, '2020-08-02 09:33:36', '2020-08-02 09:33:36'),
(49, 'Modules\\Brand\\Entities\\Brand', 24, '2020-08-02 09:34:22', '2020-08-02 09:34:22'),
(50, 'Modules\\Brand\\Entities\\Brand', 25, '2020-08-02 09:34:50', '2020-08-02 09:34:50'),
(51, 'Modules\\Product\\Entities\\Product', 25, '2020-08-02 11:17:36', '2020-08-02 11:17:36'),
(52, 'Modules\\Product\\Entities\\Product', 26, '2020-08-03 12:35:00', '2020-08-03 12:35:00'),
(53, 'Modules\\Product\\Entities\\Product', 27, '2020-08-03 12:46:02', '2020-08-03 12:46:02'),
(54, 'Modules\\Product\\Entities\\Product', 28, '2020-08-03 12:55:28', '2020-08-03 12:55:28'),
(55, 'Modules\\Product\\Entities\\Product', 29, '2020-08-03 13:06:24', '2020-08-03 13:06:24'),
(56, 'Modules\\Product\\Entities\\Product', 30, '2020-08-08 15:12:33', '2020-08-08 15:12:33'),
(57, 'Modules\\Product\\Entities\\Product', 31, '2020-08-08 15:28:42', '2020-08-08 15:28:42'),
(58, 'Modules\\Product\\Entities\\Product', 32, '2020-08-08 15:45:42', '2020-08-08 15:45:42'),
(59, 'Modules\\Product\\Entities\\Product', 33, '2020-08-08 15:52:53', '2020-08-08 15:52:53'),
(60, 'Modules\\Product\\Entities\\Product', 34, '2020-08-08 16:01:22', '2020-08-08 16:01:22'),
(61, 'Modules\\Product\\Entities\\Product', 35, '2020-08-08 16:10:12', '2020-08-08 16:10:12'),
(62, 'Modules\\Product\\Entities\\Product', 36, '2020-08-08 16:15:07', '2020-08-08 16:15:07'),
(63, 'Modules\\Product\\Entities\\Product', 37, '2020-08-08 16:22:11', '2020-08-08 16:22:11'),
(64, 'Modules\\Product\\Entities\\Product', 38, '2020-08-08 16:29:35', '2020-08-08 16:29:35'),
(65, 'Modules\\Product\\Entities\\Product', 39, '2020-08-08 16:39:38', '2020-08-08 16:39:38'),
(66, 'Modules\\Product\\Entities\\Product', 40, '2020-08-08 17:09:23', '2020-08-08 17:09:23'),
(67, 'Modules\\Product\\Entities\\Product', 41, '2020-08-08 17:17:43', '2020-08-08 17:17:43'),
(68, 'Modules\\Product\\Entities\\Product', 42, '2020-08-08 17:25:54', '2020-08-08 17:25:54'),
(69, 'Modules\\Product\\Entities\\Product', 43, '2020-08-08 17:32:22', '2020-08-08 17:32:22'),
(70, 'Modules\\Product\\Entities\\Product', 44, '2020-08-08 17:38:11', '2020-08-08 17:38:11'),
(71, 'Modules\\Product\\Entities\\Product', 45, '2020-08-08 17:43:59', '2020-08-08 17:43:59'),
(72, 'Modules\\Product\\Entities\\Product', 46, '2020-08-08 17:52:11', '2020-08-08 17:52:11'),
(73, 'Modules\\Product\\Entities\\Product', 47, '2020-08-08 18:01:17', '2020-08-08 18:01:17'),
(74, 'Modules\\Product\\Entities\\Product', 48, '2020-08-08 18:06:43', '2020-08-08 18:06:43'),
(75, 'Modules\\Product\\Entities\\Product', 49, '2020-08-08 18:11:32', '2020-08-08 18:11:32'),
(76, 'Modules\\Product\\Entities\\Product', 50, '2020-08-08 18:40:47', '2020-08-08 18:40:47'),
(77, 'Modules\\Product\\Entities\\Product', 51, '2020-08-08 18:49:28', '2020-08-08 18:49:28'),
(78, 'Modules\\Product\\Entities\\Product', 52, '2020-08-08 19:15:27', '2020-08-08 19:15:27'),
(79, 'Modules\\Product\\Entities\\Product', 53, '2020-08-08 19:22:43', '2020-08-08 19:22:43'),
(80, 'Modules\\Product\\Entities\\Product', 54, '2020-08-08 19:27:51', '2020-08-08 19:27:51'),
(81, 'Modules\\Product\\Entities\\Product', 55, '2020-08-08 19:34:01', '2020-08-08 19:34:01'),
(82, 'Modules\\Product\\Entities\\Product', 56, '2020-08-08 19:39:16', '2020-08-08 19:39:16'),
(83, 'Modules\\Product\\Entities\\Product', 57, '2020-08-08 19:42:54', '2020-08-08 19:42:54'),
(84, 'Modules\\Product\\Entities\\Product', 58, '2020-08-08 19:46:59', '2020-08-08 19:46:59'),
(85, 'Modules\\Product\\Entities\\Product', 59, '2020-08-08 19:52:27', '2020-08-08 19:52:27'),
(86, 'Modules\\Product\\Entities\\Product', 60, '2020-08-08 20:15:10', '2020-08-08 20:15:10'),
(87, 'Modules\\Product\\Entities\\Product', 61, '2020-08-08 20:19:24', '2020-08-08 20:19:24'),
(88, 'Modules\\Product\\Entities\\Product', 62, '2020-08-08 20:27:04', '2020-08-08 20:27:04'),
(89, 'Modules\\Product\\Entities\\Product', 63, '2020-08-08 20:36:22', '2020-08-08 20:36:22'),
(90, 'Modules\\Product\\Entities\\Product', 64, '2020-08-08 20:51:57', '2020-08-08 20:51:57'),
(91, 'Modules\\Product\\Entities\\Product', 65, '2020-08-08 21:16:31', '2020-08-08 21:16:31'),
(92, 'Modules\\Product\\Entities\\Product', 66, '2020-08-08 21:22:11', '2020-08-08 21:22:11'),
(93, 'Modules\\Product\\Entities\\Product', 67, '2020-08-08 21:31:30', '2020-08-08 21:31:30'),
(94, 'Modules\\Product\\Entities\\Product', 68, '2020-08-08 21:39:39', '2020-08-08 21:39:39'),
(95, 'Modules\\Product\\Entities\\Product', 69, '2020-08-08 21:51:20', '2020-08-08 21:51:20'),
(96, 'Modules\\Product\\Entities\\Product', 70, '2020-08-08 22:47:04', '2020-08-08 22:47:04'),
(97, 'Modules\\Product\\Entities\\Product', 71, '2020-08-09 03:06:42', '2020-08-09 03:06:42'),
(98, 'Modules\\Product\\Entities\\Product', 72, '2020-08-09 03:18:57', '2020-08-09 03:18:57'),
(99, 'Modules\\Product\\Entities\\Product', 73, '2020-08-09 03:23:03', '2020-08-09 03:23:03'),
(100, 'Modules\\Product\\Entities\\Product', 74, '2020-08-09 03:28:21', '2020-08-09 03:28:21'),
(101, 'Modules\\Product\\Entities\\Product', 75, '2020-08-09 03:35:40', '2020-08-09 03:35:40'),
(102, 'Modules\\Product\\Entities\\Product', 76, '2020-08-09 03:42:00', '2020-08-09 03:42:00'),
(103, 'Modules\\Product\\Entities\\Product', 77, '2020-08-09 03:44:25', '2020-08-09 03:44:25'),
(104, 'Modules\\Product\\Entities\\Product', 78, '2020-08-09 03:49:15', '2020-08-09 03:49:15'),
(105, 'Modules\\Product\\Entities\\Product', 79, '2020-08-09 03:53:35', '2020-08-09 03:53:35'),
(106, 'Modules\\Product\\Entities\\Product', 80, '2020-08-09 04:07:14', '2020-08-09 04:07:14'),
(107, 'Modules\\Product\\Entities\\Product', 81, '2020-08-09 04:12:51', '2020-08-09 04:12:51'),
(108, 'Modules\\Product\\Entities\\Product', 82, '2020-08-09 04:15:29', '2020-08-09 04:15:29'),
(109, 'Modules\\Product\\Entities\\Product', 83, '2020-08-09 16:09:34', '2020-08-09 16:09:34'),
(110, 'Modules\\Product\\Entities\\Product', 84, '2020-08-09 16:16:52', '2020-08-09 16:16:52'),
(111, 'Modules\\Product\\Entities\\Product', 85, '2020-08-09 16:21:11', '2020-08-09 16:21:11'),
(112, 'Modules\\Product\\Entities\\Product', 86, '2020-08-09 16:24:40', '2020-08-09 16:24:40'),
(113, 'Modules\\Product\\Entities\\Product', 87, '2020-08-09 16:27:55', '2020-08-09 16:27:55'),
(114, 'Modules\\Product\\Entities\\Product', 88, '2020-08-09 16:30:49', '2020-08-09 16:30:49'),
(115, 'Modules\\Product\\Entities\\Product', 89, '2020-08-09 16:34:09', '2020-08-09 16:34:09'),
(116, 'Modules\\Product\\Entities\\Product', 90, '2020-08-09 16:37:37', '2020-08-09 16:37:37'),
(117, 'Modules\\Product\\Entities\\Product', 91, '2020-08-09 16:41:01', '2020-08-09 16:41:01'),
(118, 'Modules\\Product\\Entities\\Product', 92, '2020-08-09 16:43:03', '2020-08-09 16:43:03'),
(119, 'Modules\\Product\\Entities\\Product', 93, '2020-08-09 16:46:08', '2020-08-09 16:46:08'),
(120, 'Modules\\Product\\Entities\\Product', 94, '2020-08-09 16:49:13', '2020-08-09 16:49:13'),
(121, 'Modules\\Product\\Entities\\Product', 95, '2020-08-09 16:57:34', '2020-08-09 16:57:34'),
(122, 'Modules\\Product\\Entities\\Product', 96, '2020-08-09 17:00:26', '2020-08-09 17:00:26'),
(123, 'Modules\\Product\\Entities\\Product', 97, '2020-08-09 17:01:43', '2020-08-09 17:01:43'),
(124, 'Modules\\Product\\Entities\\Product', 98, '2020-08-09 17:06:40', '2020-08-09 17:06:40'),
(125, 'Modules\\Product\\Entities\\Product', 99, '2020-08-09 17:09:52', '2020-08-09 17:09:52'),
(126, 'Modules\\Product\\Entities\\Product', 100, '2020-08-09 18:34:49', '2020-08-09 18:34:49'),
(127, 'Modules\\Product\\Entities\\Product', 101, '2020-08-09 18:37:13', '2020-08-09 18:37:13'),
(128, 'Modules\\Product\\Entities\\Product', 102, '2020-08-09 18:41:00', '2020-08-09 18:41:00'),
(129, 'Modules\\Product\\Entities\\Product', 103, '2020-08-09 18:45:32', '2020-08-09 18:45:32'),
(130, 'Modules\\Product\\Entities\\Product', 104, '2020-08-09 18:56:09', '2020-08-09 18:56:09'),
(131, 'Modules\\Product\\Entities\\Product', 105, '2020-08-09 18:59:37', '2020-08-09 18:59:37'),
(132, 'Modules\\Product\\Entities\\Product', 106, '2020-08-09 19:04:36', '2020-08-09 19:04:36'),
(133, 'Modules\\Product\\Entities\\Product', 107, '2020-08-09 19:09:11', '2020-08-09 19:09:11'),
(134, 'Modules\\Product\\Entities\\Product', 108, '2020-08-09 19:11:29', '2020-08-09 19:11:29'),
(135, 'Modules\\Product\\Entities\\Product', 109, '2020-08-09 19:15:46', '2020-08-09 19:15:46'),
(136, 'Modules\\Product\\Entities\\Product', 110, '2020-08-09 19:35:58', '2020-08-09 19:35:58'),
(137, 'Modules\\Product\\Entities\\Product', 111, '2020-08-09 19:38:32', '2020-08-09 19:38:32'),
(138, 'Modules\\Product\\Entities\\Product', 112, '2020-08-09 19:41:24', '2020-08-09 19:41:24'),
(139, 'Modules\\Product\\Entities\\Product', 113, '2020-08-09 19:44:18', '2020-08-09 19:44:18'),
(140, 'Modules\\Product\\Entities\\Product', 114, '2020-08-09 19:49:44', '2020-08-09 19:49:44'),
(141, 'Modules\\Product\\Entities\\Product', 115, '2020-08-09 19:51:57', '2020-08-09 19:51:57'),
(142, 'Modules\\Product\\Entities\\Product', 116, '2020-08-09 19:55:53', '2020-08-09 19:55:53'),
(143, 'Modules\\Product\\Entities\\Product', 117, '2020-08-09 20:02:58', '2020-08-09 20:02:58'),
(144, 'Modules\\Product\\Entities\\Product', 118, '2020-08-09 20:07:48', '2020-08-09 20:07:48'),
(145, 'Modules\\Product\\Entities\\Product', 119, '2020-08-09 20:16:13', '2020-08-09 20:16:13'),
(146, 'Modules\\Product\\Entities\\Product', 120, '2020-08-09 21:07:57', '2020-08-09 21:07:57'),
(147, 'Modules\\Product\\Entities\\Product', 121, '2020-08-09 21:11:33', '2020-08-09 21:11:33'),
(148, 'Modules\\Product\\Entities\\Product', 122, '2020-08-09 21:14:45', '2020-08-09 21:14:45'),
(149, 'Modules\\Product\\Entities\\Product', 123, '2020-08-09 21:17:22', '2020-08-09 21:17:22'),
(150, 'Modules\\Product\\Entities\\Product', 124, '2020-08-09 21:21:51', '2020-08-09 21:21:51'),
(151, 'Modules\\Product\\Entities\\Product', 125, '2020-08-09 21:44:05', '2020-08-09 21:44:05'),
(152, 'Modules\\Product\\Entities\\Product', 126, '2020-08-09 21:48:37', '2020-08-09 21:48:37'),
(153, 'Modules\\Product\\Entities\\Product', 127, '2020-08-09 21:52:14', '2020-08-09 21:52:14'),
(154, 'Modules\\Product\\Entities\\Product', 128, '2020-08-09 21:56:08', '2020-08-09 21:56:08'),
(155, 'Modules\\Product\\Entities\\Product', 129, '2020-08-09 22:01:54', '2020-08-09 22:01:54'),
(156, 'Modules\\Product\\Entities\\Product', 130, '2020-08-09 22:25:12', '2020-08-09 22:25:12'),
(157, 'Modules\\Product\\Entities\\Product', 131, '2020-08-09 22:26:42', '2020-08-09 22:26:42'),
(158, 'Modules\\Product\\Entities\\Product', 132, '2020-08-09 22:28:43', '2020-08-09 22:28:43'),
(159, 'Modules\\Product\\Entities\\Product', 133, '2020-08-09 22:31:36', '2020-08-09 22:31:36'),
(160, 'Modules\\Product\\Entities\\Product', 134, '2020-08-09 22:39:52', '2020-08-09 22:39:52'),
(161, 'Modules\\Product\\Entities\\Product', 135, '2020-08-09 22:44:17', '2020-08-09 22:44:17'),
(162, 'Modules\\Product\\Entities\\Product', 136, '2020-08-09 22:48:10', '2020-08-09 22:48:10'),
(163, 'Modules\\Product\\Entities\\Product', 137, '2020-08-09 22:53:17', '2020-08-09 22:53:17'),
(164, 'Modules\\Product\\Entities\\Product', 138, '2020-08-09 22:56:28', '2020-08-09 22:56:28'),
(165, 'Modules\\Product\\Entities\\Product', 139, '2020-08-09 22:59:15', '2020-08-09 22:59:15'),
(166, 'Modules\\Product\\Entities\\Product', 140, '2020-08-09 23:03:44', '2020-08-09 23:03:44'),
(167, 'Modules\\Product\\Entities\\Product', 141, '2020-08-09 23:06:24', '2020-08-09 23:06:24'),
(168, 'Modules\\Product\\Entities\\Product', 142, '2020-08-09 23:08:43', '2020-08-09 23:08:43'),
(169, 'Modules\\Product\\Entities\\Product', 143, '2020-08-09 23:10:57', '2020-08-09 23:10:57'),
(170, 'Modules\\Product\\Entities\\Product', 144, '2020-08-09 23:14:24', '2020-08-09 23:14:24'),
(171, 'Modules\\Product\\Entities\\Product', 145, '2020-08-09 23:17:21', '2020-08-09 23:17:21'),
(172, 'Modules\\Product\\Entities\\Product', 146, '2020-08-09 23:20:08', '2020-08-09 23:20:08'),
(173, 'Modules\\Product\\Entities\\Product', 147, '2020-08-09 23:24:04', '2020-08-09 23:24:04'),
(174, 'Modules\\Product\\Entities\\Product', 148, '2020-08-09 23:26:19', '2020-08-09 23:26:19'),
(175, 'Modules\\Product\\Entities\\Product', 149, '2020-08-09 23:29:01', '2020-08-09 23:29:01'),
(176, 'Modules\\Page\\Entities\\Page', 2, '2020-08-10 23:06:03', '2020-08-10 23:06:03'),
(177, 'Modules\\Page\\Entities\\Page', 3, '2020-08-10 23:09:53', '2020-08-10 23:09:53'),
(178, 'Modules\\Page\\Entities\\Page', 4, '2020-08-10 23:20:17', '2020-08-10 23:20:17'),
(179, 'Modules\\Product\\Entities\\Product', 150, '2020-09-10 01:00:21', '2020-09-10 01:00:21'),
(180, 'Modules\\Brand\\Entities\\Brand', 26, '2020-10-06 03:16:23', '2020-10-06 03:16:23'),
(181, 'Modules\\Brand\\Entities\\Brand', 27, '2021-01-03 03:04:45', '2021-01-03 03:04:45'),
(182, 'Modules\\Product\\Entities\\Product', 151, '2021-01-03 04:08:32', '2021-01-03 04:08:32'),
(183, 'Modules\\Product\\Entities\\Product', 152, '2021-01-03 04:20:26', '2021-01-03 04:20:26'),
(184, 'Modules\\Page\\Entities\\Page', 5, '2021-01-03 04:53:58', '2021-01-03 04:53:58'),
(185, 'Modules\\Product\\Entities\\Product', 153, '2021-01-03 16:39:43', '2021-01-03 16:39:43'),
(186, 'Modules\\Product\\Entities\\Product', 154, '2021-01-03 16:42:07', '2021-01-03 16:42:07'),
(187, 'Modules\\Brand\\Entities\\Brand', 28, '2021-01-04 12:30:45', '2021-01-04 12:30:45'),
(188, 'Modules\\Brand\\Entities\\Brand', 29, '2021-01-04 12:31:36', '2021-01-04 12:31:36'),
(189, 'Modules\\Brand\\Entities\\Brand', 30, '2021-01-04 12:32:13', '2021-01-04 12:32:13'),
(190, 'Modules\\Product\\Entities\\Product', 155, '2021-01-04 13:43:08', '2021-01-04 13:43:08'),
(191, 'Modules\\Product\\Entities\\Product', 156, '2021-01-04 16:41:50', '2021-01-04 16:41:50'),
(192, 'Modules\\Product\\Entities\\Product', 157, '2021-01-04 18:02:07', '2021-01-04 18:02:07'),
(193, 'Modules\\Product\\Entities\\Product', 158, '2021-01-06 19:27:19', '2021-01-06 19:27:19'),
(194, 'Modules\\Product\\Entities\\Product', 159, '2021-01-06 19:31:57', '2021-01-06 19:31:57'),
(195, 'Modules\\Product\\Entities\\Product', 160, '2021-01-06 19:35:04', '2021-01-06 19:35:04'),
(196, 'Modules\\Product\\Entities\\Product', 161, '2021-01-06 19:40:12', '2021-01-06 19:40:12'),
(197, 'Modules\\Product\\Entities\\Product', 162, '2021-01-06 19:44:07', '2021-01-06 19:44:07'),
(198, 'Modules\\Product\\Entities\\Product', 163, '2021-01-07 13:06:39', '2021-01-07 13:06:39'),
(199, 'Modules\\Product\\Entities\\Product', 164, '2021-01-07 13:09:30', '2021-01-07 13:09:30'),
(200, 'Modules\\Product\\Entities\\Product', 165, '2021-01-07 13:12:30', '2021-01-07 13:12:30'),
(201, 'Modules\\Product\\Entities\\Product', 166, '2021-01-07 13:15:50', '2021-01-07 13:15:50'),
(202, 'Modules\\Product\\Entities\\Product', 167, '2021-01-07 13:17:58', '2021-01-07 13:17:58'),
(203, 'Modules\\Product\\Entities\\Product', 168, '2021-01-07 13:29:12', '2021-01-07 13:29:12'),
(204, 'Modules\\Product\\Entities\\Product', 169, '2021-01-07 13:34:46', '2021-01-07 13:34:46'),
(205, 'Modules\\Product\\Entities\\Product', 170, '2021-01-07 13:41:15', '2021-01-07 13:41:15'),
(206, 'Modules\\Product\\Entities\\Product', 171, '2021-01-10 14:19:22', '2021-01-10 14:19:22'),
(207, 'Modules\\Product\\Entities\\Product', 172, '2021-01-10 14:22:09', '2021-01-10 14:22:09'),
(208, 'Modules\\Product\\Entities\\Product', 173, '2021-01-10 14:36:44', '2021-01-10 14:36:44'),
(209, 'Modules\\Product\\Entities\\Product', 174, '2021-01-10 17:21:54', '2021-01-10 17:21:54'),
(210, 'Modules\\Product\\Entities\\Product', 175, '2021-01-10 17:24:56', '2021-01-10 17:24:56'),
(211, 'Modules\\Product\\Entities\\Product', 176, '2021-01-10 17:27:42', '2021-01-10 17:27:42'),
(212, 'Modules\\Product\\Entities\\Product', 177, '2021-01-10 17:30:21', '2021-01-10 17:30:21'),
(213, 'Modules\\Product\\Entities\\Product', 178, '2021-01-22 21:06:30', '2021-01-22 21:06:30'),
(214, 'Modules\\Product\\Entities\\Product', 179, '2021-01-22 22:30:42', '2021-01-22 22:30:42'),
(215, 'Modules\\Product\\Entities\\Product', 180, '2021-01-31 16:23:53', '2021-01-31 16:23:53'),
(216, 'Modules\\Brand\\Entities\\Brand', 31, '2021-01-31 17:37:05', '2021-01-31 17:37:05'),
(217, 'Modules\\Product\\Entities\\Product', 181, '2021-01-31 17:53:35', '2021-01-31 17:53:35'),
(218, 'Modules\\Product\\Entities\\Product', 182, '2021-02-08 14:03:28', '2021-02-08 14:03:28'),
(219, 'Modules\\Product\\Entities\\Product', 183, '2021-02-08 16:16:51', '2021-02-08 16:16:51'),
(220, 'Modules\\Product\\Entities\\Product', 184, '2021-02-08 16:41:39', '2021-02-08 16:41:39'),
(221, 'Modules\\Product\\Entities\\Product', 185, '2021-02-08 16:45:35', '2021-02-08 16:45:35'),
(222, 'Modules\\Product\\Entities\\Product', 186, '2021-02-08 16:50:13', '2021-02-08 16:50:13'),
(223, 'Modules\\Product\\Entities\\Product', 187, '2021-02-09 17:05:52', '2021-02-09 17:05:52'),
(224, 'Modules\\Product\\Entities\\Product', 188, '2021-02-09 17:13:57', '2021-02-09 17:13:57'),
(225, 'Modules\\Product\\Entities\\Product', 189, '2021-02-09 17:41:51', '2021-02-09 17:41:51'),
(226, 'Modules\\Product\\Entities\\Product', 190, '2021-02-09 17:48:15', '2021-02-09 17:48:15'),
(227, 'Modules\\Product\\Entities\\Product', 191, '2021-02-09 18:00:44', '2021-02-09 18:00:44'),
(228, 'Modules\\Product\\Entities\\Product', 192, '2021-02-09 18:03:10', '2021-02-09 18:03:10'),
(229, 'Modules\\Product\\Entities\\Product', 193, '2021-02-09 18:05:21', '2021-02-09 18:05:21'),
(230, 'Modules\\Product\\Entities\\Product', 194, '2021-02-09 18:08:42', '2021-02-09 18:08:42'),
(231, 'Modules\\Product\\Entities\\Product', 195, '2021-02-09 18:10:54', '2021-02-09 18:10:54'),
(232, 'Modules\\Product\\Entities\\Product', 196, '2021-02-09 18:18:59', '2021-02-09 18:18:59'),
(233, 'Modules\\Product\\Entities\\Product', 197, '2021-02-10 14:13:03', '2021-02-10 14:13:03'),
(234, 'Modules\\Product\\Entities\\Product', 198, '2021-02-10 14:30:58', '2021-02-10 14:30:58'),
(235, 'Modules\\Product\\Entities\\Product', 199, '2021-02-10 14:37:58', '2021-02-10 14:37:58'),
(236, 'Modules\\Product\\Entities\\Product', 200, '2021-02-10 15:34:53', '2021-02-10 15:34:53'),
(237, 'Modules\\Product\\Entities\\Product', 201, '2021-02-10 15:38:08', '2021-02-10 15:38:08'),
(238, 'Modules\\Product\\Entities\\Product', 202, '2021-02-10 15:47:56', '2021-02-10 15:47:56'),
(239, 'Modules\\Product\\Entities\\Product', 203, '2021-02-10 15:53:22', '2021-02-10 15:53:22'),
(240, 'Modules\\Product\\Entities\\Product', 204, '2021-02-10 15:56:46', '2021-02-10 15:56:46'),
(241, 'Modules\\Product\\Entities\\Product', 205, '2021-02-10 15:59:58', '2021-02-10 15:59:58'),
(242, 'Modules\\Product\\Entities\\Product', 206, '2021-02-10 16:08:09', '2021-02-10 16:08:09'),
(243, 'Modules\\Product\\Entities\\Product', 207, '2021-02-10 16:09:28', '2021-02-10 16:09:28'),
(244, 'Modules\\Product\\Entities\\Product', 208, '2021-02-10 16:21:52', '2021-02-10 16:21:52'),
(245, 'Modules\\Product\\Entities\\Product', 209, '2021-02-10 16:26:06', '2021-02-10 16:26:06'),
(246, 'Modules\\Product\\Entities\\Product', 210, '2021-02-10 16:32:16', '2021-02-10 16:32:16'),
(247, 'Modules\\Product\\Entities\\Product', 211, '2021-02-10 16:36:19', '2021-02-10 16:36:19'),
(248, 'Modules\\Product\\Entities\\Product', 212, '2021-02-10 16:57:53', '2021-02-10 16:57:53'),
(249, 'Modules\\Product\\Entities\\Product', 213, '2021-02-13 19:57:26', '2021-02-13 19:57:26'),
(250, 'Modules\\Product\\Entities\\Product', 214, '2021-02-14 11:16:55', '2021-02-14 11:16:55'),
(251, 'Modules\\Product\\Entities\\Product', 215, '2021-02-14 13:03:14', '2021-02-14 13:03:14'),
(252, 'Modules\\Brand\\Entities\\Brand', 32, '2021-02-15 09:36:00', '2021-02-15 09:36:00'),
(253, 'Modules\\Page\\Entities\\Page', 6, '2021-02-15 11:11:07', '2021-02-15 11:11:07'),
(254, 'Modules\\Product\\Entities\\Product', 216, '2021-02-16 17:30:10', '2021-02-16 17:30:10'),
(255, 'Modules\\Product\\Entities\\Product', 217, '2021-02-16 17:49:19', '2021-02-16 17:49:19');

-- --------------------------------------------------------

--
-- Table structure for table `meta_data_translations`
--

DROP TABLE IF EXISTS `meta_data_translations`;
CREATE TABLE IF NOT EXISTS `meta_data_translations` (
  `id` int(10) UNSIGNED NOT NULL AUTO_INCREMENT,
  `meta_data_id` int(10) UNSIGNED NOT NULL,
  `locale` varchar(191) COLLATE utf8mb4_unicode_ci NOT NULL,
  `meta_title` varchar(191) COLLATE utf8mb4_unicode_ci DEFAULT NULL,
  `meta_description` text COLLATE utf8mb4_unicode_ci,
  PRIMARY KEY (`id`),
  UNIQUE KEY `meta_data_translations_meta_data_id_locale_unique` (`meta_data_id`,`locale`)
) ENGINE=InnoDB AUTO_INCREMENT=275 DEFAULT CHARSET=utf8mb4 COLLATE=utf8mb4_unicode_ci;

--
-- Dumping data for table `meta_data_translations`
--

INSERT INTO `meta_data_translations` (`id`, `meta_data_id`, `locale`, `meta_title`, `meta_description`) VALUES
(1, 1, 'ar', NULL, NULL),
(2, 2, 'ar', 'متجر الكترونى', 'Shopx هو نظام تجارة إلكترونية كامل يتكون من موقع الكترونى مع تطبيق اندرويد و تطبيق Ios لبدء عملك التجاري الإلكتروني عبر الإنترنت بسهولة. يحتوي على لوحة إدارة قوية لإدارة المنتجات والفئات والقسائم والطلبات والصفحات والمزيد. تم تحسين Shopx بشكل كبير لمنح العملاء أفضل تجربة شراء. النظام عالي الأداء ومحمي ضد حقن SQL و XSS و CSRF وغيرها من الهجمات'),
(3, 3, 'ar', NULL, NULL),
(4, 4, 'ar', NULL, NULL),
(5, 5, 'ar', NULL, NULL),
(6, 6, 'ar', NULL, NULL),
(7, 7, 'ar', NULL, NULL),
(8, 8, 'ar', NULL, NULL),
(9, 9, 'ar', NULL, NULL),
(10, 10, 'ar', NULL, NULL),
(11, 11, 'ar', 'كريم النهار الواقى', 'يأتي معادن البحر الميت المركب ومركب المنشئ الحيوي مع هذا النسيج الخاص من كريم الترطيب الخفيف الذي\r\nيساعد في تنظيم إفراز الزهم طوال اليوم .باإلضافة إلى حماية من األشعة فوق البنفسجية المتوازنة لتجنب جفاف\r\nالجلد وتلفه.'),
(12, 12, 'ar', NULL, NULL),
(13, 13, 'ar', NULL, NULL),
(14, 14, 'ar', NULL, NULL),
(15, 15, 'ar', NULL, NULL),
(16, 16, 'ar', NULL, NULL),
(17, 17, 'ar', NULL, NULL),
(18, 18, 'ar', NULL, NULL),
(19, 19, 'ar', NULL, NULL),
(20, 20, 'ar', NULL, NULL),
(21, 21, 'ar', NULL, NULL),
(22, 22, 'ar', NULL, NULL),
(23, 23, 'ar', NULL, NULL),
(24, 24, 'ar', NULL, NULL),
(25, 25, 'ar', NULL, NULL),
(26, 26, 'ar', NULL, NULL),
(27, 27, 'ar', NULL, NULL),
(28, 28, 'ar', NULL, NULL),
(29, 29, 'ar', NULL, NULL),
(30, 30, 'ar', NULL, NULL),
(31, 31, 'ar', NULL, NULL),
(32, 32, 'ar', NULL, NULL),
(33, 33, 'ar', NULL, NULL),
(34, 34, 'ar', NULL, NULL),
(35, 35, 'ar', NULL, NULL),
(36, 36, 'ar', NULL, NULL),
(37, 37, 'ar', NULL, NULL),
(38, 38, 'ar', NULL, NULL),
(39, 39, 'ar', NULL, NULL),
(40, 40, 'ar', NULL, NULL),
(41, 41, 'ar', NULL, NULL),
(42, 42, 'ar', NULL, NULL),
(43, 43, 'ar', NULL, NULL),
(44, 44, 'ar', NULL, NULL),
(45, 45, 'ar', NULL, NULL),
(46, 46, 'ar', NULL, NULL),
(47, 47, 'ar', NULL, NULL),
(48, 48, 'ar', NULL, NULL),
(49, 49, 'ar', NULL, NULL),
(50, 50, 'ar', NULL, NULL),
(51, 51, 'ar', NULL, NULL),
(52, 52, 'ar', NULL, NULL),
(53, 53, 'ar', NULL, NULL),
(54, 54, 'ar', NULL, NULL),
(55, 55, 'ar', NULL, NULL),
(56, 56, 'ar', NULL, NULL),
(57, 57, 'ar', NULL, NULL),
(58, 58, 'ar', NULL, NULL),
(59, 59, 'ar', NULL, NULL),
(60, 60, 'ar', NULL, NULL),
(61, 61, 'ar', NULL, NULL),
(62, 62, 'ar', NULL, NULL),
(63, 63, 'ar', NULL, NULL),
(64, 64, 'ar', NULL, NULL),
(65, 65, 'ar', NULL, NULL),
(66, 66, 'ar', NULL, NULL),
(67, 67, 'ar', NULL, NULL),
(68, 68, 'ar', NULL, NULL),
(69, 69, 'ar', NULL, NULL),
(70, 70, 'ar', NULL, NULL),
(71, 71, 'ar', NULL, NULL),
(72, 72, 'ar', NULL, NULL),
(73, 73, 'ar', NULL, NULL),
(74, 74, 'ar', NULL, NULL),
(75, 75, 'ar', NULL, NULL),
(76, 76, 'ar', NULL, NULL),
(77, 77, 'ar', NULL, NULL),
(78, 78, 'ar', NULL, NULL),
(79, 79, 'ar', NULL, NULL),
(80, 80, 'ar', NULL, NULL),
(81, 81, 'ar', NULL, NULL),
(82, 82, 'ar', NULL, NULL),
(83, 83, 'ar', NULL, NULL),
(84, 84, 'ar', NULL, NULL),
(85, 85, 'ar', NULL, NULL),
(86, 86, 'ar', NULL, NULL),
(87, 87, 'ar', NULL, NULL),
(88, 88, 'ar', NULL, NULL),
(89, 89, 'ar', NULL, NULL),
(90, 90, 'ar', NULL, NULL),
(91, 91, 'ar', NULL, NULL),
(92, 92, 'ar', NULL, NULL),
(93, 93, 'ar', NULL, NULL),
(94, 94, 'ar', NULL, NULL),
(95, 95, 'ar', NULL, NULL),
(96, 96, 'ar', NULL, NULL),
(97, 97, 'ar', NULL, NULL),
(98, 98, 'ar', NULL, NULL),
(99, 99, 'ar', NULL, NULL),
(100, 100, 'ar', NULL, NULL),
(101, 101, 'ar', NULL, NULL),
(102, 102, 'ar', NULL, NULL),
(103, 103, 'ar', NULL, NULL),
(104, 104, 'ar', NULL, NULL),
(105, 105, 'ar', NULL, NULL),
(106, 106, 'ar', NULL, NULL),
(107, 107, 'ar', NULL, NULL),
(108, 108, 'ar', NULL, NULL),
(109, 109, 'ar', NULL, NULL),
(110, 110, 'ar', NULL, NULL),
(111, 111, 'ar', NULL, NULL),
(112, 112, 'ar', NULL, NULL),
(113, 113, 'ar', NULL, NULL),
(114, 114, 'ar', NULL, NULL),
(115, 115, 'ar', NULL, NULL),
(116, 116, 'ar', NULL, NULL),
(117, 117, 'ar', NULL, NULL),
(118, 118, 'ar', NULL, NULL),
(119, 119, 'ar', NULL, NULL),
(120, 120, 'ar', NULL, NULL),
(121, 121, 'ar', NULL, NULL),
(122, 122, 'ar', NULL, NULL),
(123, 123, 'ar', NULL, NULL),
(124, 124, 'ar', NULL, NULL),
(125, 125, 'ar', NULL, NULL),
(126, 126, 'ar', NULL, NULL),
(127, 127, 'ar', NULL, NULL),
(128, 128, 'ar', NULL, NULL),
(129, 129, 'ar', NULL, NULL),
(130, 130, 'ar', NULL, NULL),
(131, 131, 'ar', NULL, NULL),
(132, 132, 'ar', NULL, NULL),
(133, 133, 'ar', NULL, NULL),
(134, 134, 'ar', NULL, NULL),
(135, 135, 'ar', NULL, NULL),
(136, 136, 'ar', NULL, NULL),
(137, 137, 'ar', NULL, NULL),
(138, 138, 'ar', NULL, NULL),
(139, 139, 'ar', NULL, NULL),
(140, 140, 'ar', NULL, NULL),
(141, 141, 'ar', NULL, NULL),
(142, 142, 'ar', NULL, NULL),
(143, 143, 'ar', NULL, NULL),
(144, 144, 'ar', NULL, NULL),
(145, 145, 'ar', NULL, NULL),
(146, 146, 'ar', NULL, NULL),
(147, 147, 'ar', NULL, NULL),
(148, 148, 'ar', NULL, NULL),
(149, 149, 'ar', NULL, NULL),
(150, 150, 'ar', NULL, NULL),
(151, 151, 'ar', NULL, NULL),
(152, 152, 'ar', NULL, NULL),
(153, 153, 'ar', NULL, NULL),
(154, 154, 'ar', NULL, NULL),
(155, 155, 'ar', NULL, NULL),
(156, 156, 'ar', NULL, NULL),
(157, 157, 'ar', NULL, NULL),
(158, 158, 'ar', NULL, NULL),
(159, 159, 'ar', NULL, NULL),
(160, 160, 'ar', NULL, NULL),
(161, 161, 'ar', NULL, NULL),
(162, 162, 'ar', NULL, NULL),
(163, 163, 'ar', NULL, NULL),
(164, 164, 'ar', NULL, NULL),
(165, 165, 'ar', NULL, NULL),
(166, 166, 'ar', NULL, NULL),
(167, 167, 'ar', NULL, NULL),
(168, 168, 'ar', NULL, NULL),
(169, 169, 'ar', NULL, NULL),
(170, 170, 'ar', NULL, NULL),
(171, 171, 'ar', NULL, NULL),
(172, 172, 'ar', NULL, NULL),
(173, 173, 'ar', NULL, NULL),
(174, 174, 'ar', NULL, NULL),
(175, 175, 'ar', NULL, NULL),
(176, 176, 'ar', NULL, NULL),
(177, 177, 'ar', NULL, NULL),
(178, 178, 'ar', NULL, NULL),
(179, 179, 'ar', NULL, NULL),
(180, 179, 'en', NULL, NULL),
(181, 180, 'ar', NULL, NULL),
(182, 181, 'ar', 'ساعات رولكس نسائيه', 'ساعات رولكس عاليه الدقه وبسعر ممتاز'),
(183, 182, 'ar', 'هنا العنوان الرئيسى للمنتج للظهور فى محركات البحث', 'هنا يكتب وصف للساعه للظهور فى محركات البحث'),
(184, 183, 'ar', NULL, NULL),
(185, 184, 'ar', 'الاسم المستخدم للصفحه للظهور فى محركات البحث', 'يكتب هنا الوصف للصفحه لتحسين منتجات البحث'),
(186, 185, 'ar', NULL, NULL),
(187, 186, 'ar', NULL, NULL),
(188, 183, 'en', NULL, NULL),
(189, 187, 'ar', NULL, NULL),
(190, 188, 'ar', NULL, NULL),
(191, 189, 'ar', NULL, NULL),
(192, 190, 'ar', 'ggmobile Samsung', 'mobile Ssamsung'),
(193, 191, 'ar', NULL, NULL),
(194, 192, 'ar', NULL, NULL),
(195, 193, 'ar', NULL, NULL),
(196, 194, 'ar', NULL, NULL),
(197, 195, 'ar', NULL, NULL),
(198, 196, 'ar', NULL, NULL),
(199, 197, 'ar', NULL, NULL),
(200, 198, 'ar', NULL, NULL),
(201, 199, 'ar', NULL, NULL),
(202, 200, 'ar', NULL, NULL),
(203, 201, 'ar', NULL, NULL),
(204, 202, 'ar', NULL, NULL),
(205, 203, 'ar', NULL, NULL),
(206, 204, 'ar', NULL, NULL),
(207, 205, 'ar', NULL, NULL),
(208, 190, 'en', NULL, NULL),
(209, 205, 'en', NULL, NULL),
(210, 203, 'en', NULL, NULL),
(211, 200, 'en', NULL, NULL),
(212, 193, 'en', NULL, NULL),
(213, 201, 'en', NULL, NULL),
(214, 194, 'en', NULL, NULL),
(215, 195, 'en', NULL, NULL),
(216, 197, 'en', NULL, NULL),
(217, 196, 'en', NULL, NULL),
(218, 202, 'en', NULL, NULL),
(219, 198, 'en', NULL, NULL),
(220, 204, 'en', NULL, NULL),
(221, 206, 'ar', NULL, NULL),
(222, 207, 'ar', NULL, NULL),
(223, 208, 'ar', NULL, NULL),
(224, 209, 'ar', NULL, NULL),
(225, 210, 'ar', NULL, NULL),
(226, 211, 'ar', NULL, NULL),
(227, 212, 'ar', NULL, NULL),
(228, 207, 'en', NULL, NULL),
(229, 206, 'en', NULL, NULL),
(230, 208, 'en', NULL, NULL),
(231, 213, 'ar', NULL, NULL),
(232, 214, 'ar', NULL, NULL),
(233, 215, 'ar', NULL, NULL),
(234, 216, 'ar', NULL, NULL),
(235, 217, 'ar', NULL, NULL),
(236, 217, 'en', NULL, NULL),
(237, 218, 'ar', NULL, NULL),
(238, 219, 'ar', NULL, NULL),
(239, 220, 'ar', NULL, NULL),
(240, 221, 'ar', NULL, NULL),
(241, 222, 'ar', NULL, NULL),
(242, 223, 'ar', NULL, NULL),
(243, 224, 'ar', NULL, NULL),
(244, 225, 'ar', NULL, NULL),
(245, 226, 'ar', NULL, NULL),
(246, 227, 'ar', NULL, NULL),
(247, 228, 'ar', NULL, NULL),
(248, 229, 'ar', NULL, NULL),
(249, 230, 'ar', NULL, NULL),
(250, 231, 'ar', NULL, NULL),
(251, 232, 'ar', NULL, NULL),
(252, 233, 'ar', NULL, NULL),
(253, 234, 'ar', NULL, NULL),
(254, 235, 'ar', NULL, NULL),
(255, 236, 'ar', NULL, NULL),
(256, 237, 'ar', NULL, NULL),
(257, 238, 'ar', NULL, NULL),
(258, 239, 'ar', NULL, NULL),
(259, 240, 'ar', NULL, NULL),
(260, 241, 'ar', NULL, NULL),
(261, 242, 'ar', NULL, NULL),
(262, 243, 'ar', NULL, NULL),
(263, 244, 'ar', NULL, NULL),
(264, 245, 'ar', NULL, NULL),
(265, 246, 'ar', NULL, NULL),
(266, 247, 'ar', NULL, NULL),
(267, 248, 'ar', NULL, NULL),
(268, 249, 'ar', NULL, NULL),
(269, 250, 'ar', 'موبيل اندرويد', 'وصف الموبيل'),
(270, 251, 'ar', NULL, NULL),
(271, 252, 'ar', NULL, NULL),
(272, 253, 'ar', NULL, NULL),
(273, 254, 'ar', NULL, NULL),
(274, 255, 'ar', NULL, NULL);

-- --------------------------------------------------------

--
-- Table structure for table `migrations`
--

DROP TABLE IF EXISTS `migrations`;
CREATE TABLE IF NOT EXISTS `migrations` (
  `id` int(10) UNSIGNED NOT NULL AUTO_INCREMENT,
  `migration` varchar(191) COLLATE utf8mb4_unicode_ci NOT NULL,
  `batch` int(11) NOT NULL,
  PRIMARY KEY (`id`)
) ENGINE=InnoDB AUTO_INCREMENT=83 DEFAULT CHARSET=utf8mb4 COLLATE=utf8mb4_unicode_ci;

--
-- Dumping data for table `migrations`
--

INSERT INTO `migrations` (`id`, `migration`, `batch`) VALUES
(1, '2014_07_02_230147_migration_cartalyst_sentinel', 1),
(2, '2014_10_14_200250_create_settings_table', 1),
(3, '2014_10_26_162751_create_files_table', 1),
(4, '2014_10_30_191858_create_pages_table', 1),
(5, '2014_11_31_125848_create_page_translations_table', 1),
(6, '2015_02_27_105241_create_entity_files_table', 1),
(7, '2015_11_20_184604486385_create_translations_table', 1),
(8, '2015_11_20_184604743083_create_translation_translations_table', 1),
(9, '2017_05_29_155126144426_create_products_table', 1),
(10, '2017_05_30_155126416338_create_product_translations_table', 1),
(11, '2017_08_02_153217_create_options_table', 1),
(12, '2017_08_02_153348_create_option_translations_table', 1),
(13, '2017_08_02_153406_create_option_values_table', 1),
(14, '2017_08_02_153736_create_option_value_translations_table', 1),
(15, '2017_08_03_156576_create_product_options_table', 1),
(16, '2017_08_17_170128_create_related_products_table', 1),
(17, '2017_08_17_175236_create_up_sell_products_table', 1),
(18, '2017_08_17_175828_create_cross_sell_products_table', 1),
(19, '2017_11_09_141332910964_create_categories_table', 1),
(20, '2017_11_09_141332931539_create_category_translations_table', 1),
(21, '2017_11_26_083614526622_create_meta_data_table', 1),
(22, '2017_11_26_083614526828_create_meta_data_translations_table', 1),
(23, '2018_01_24_125642_create_product_categories_table', 1),
(24, '2018_02_04_150917488267_create_coupons_table', 1),
(25, '2018_02_04_150917488698_create_coupon_translations_table', 1),
(26, '2018_03_11_181317_create_coupon_products_table', 1),
(27, '2018_03_15_091937_create_coupon_categories_table', 1),
(28, '2018_04_18_154028776225_create_reviews_table', 1),
(29, '2018_05_17_115822452977_create_currency_rates_table', 1),
(30, '2018_07_03_124153537506_create_sliders_table', 1),
(31, '2018_07_03_124153537695_create_slider_translations_table', 1),
(32, '2018_07_03_133107770172_create_slider_slides_table', 1),
(33, '2018_07_03_133107770486_create_slider_slide_translations_table', 1),
(34, '2018_07_28_190524758357_create_attribute_sets_table', 1),
(35, '2018_07_28_190524758497_create_attribute_set_translations_table', 1),
(36, '2018_07_28_190524758646_create_attributes_table', 1),
(37, '2018_07_28_190524758877_create_attribute_translations_table', 1),
(38, '2018_07_28_190524759461_create_product_attributes_table', 1),
(39, '2018_08_01_001919718631_create_tax_classes_table', 1),
(40, '2018_08_01_001919718935_create_tax_class_translations_table', 1),
(41, '2018_08_01_001919723551_create_tax_rates_table', 1),
(42, '2018_08_01_001919723781_create_tax_rate_translations_table', 1),
(43, '2018_08_03_195922206748_create_attribute_values_table', 1),
(44, '2018_08_03_195922207019_create_attribute_value_translations_table', 1),
(45, '2018_08_04_190524764275_create_product_attribute_values_table', 1),
(46, '2018_08_07_135631306565_create_orders_table', 1),
(47, '2018_08_07_135631309451_create_order_products_table', 1),
(48, '2018_08_07_135631309512_create_order_product_options_table', 1),
(49, '2018_08_07_135631309624_create_order_product_option_values_table', 1),
(50, '2018_09_11_213926106353_create_transactions_table', 1),
(51, '2018_09_19_081602135631_create_order_taxes_table', 1),
(52, '2018_09_19_103745_create_setting_translations_table', 1),
(53, '2018_10_01_224852175056_create_wish_lists_table', 1),
(54, '2018_10_04_185608_create_search_terms_table', 1),
(55, '2018_11_03_160015_create_menus_table', 1),
(56, '2018_11_03_160138_create_menu_translations_table', 1),
(57, '2018_11_03_160753_create_menu_items_table', 1),
(58, '2018_11_03_160804_create_menu_item_translation_table', 1),
(59, '2019_02_05_162605_add_position_to_slider_slides_table', 1),
(60, '2019_02_09_164343_remove_file_id_from_slider_slides_table', 1),
(61, '2019_02_09_164434_add_file_id_to_slider_slide_translations_table', 1),
(62, '2019_02_14_103408_create_attribute_categories_table', 1),
(63, '2019_08_09_164759_add_slug_column_to_attributes_table', 1),
(64, '2019_11_01_201511_add_special_price_type_column_to_products_table', 1),
(65, '2019_11_23_193101_add_value_column_to_order_product_options_table', 1),
(66, '2020_01_04_211424_add_icon_column_to_menu_items_table', 1),
(67, '2020_01_05_160502_add_direction_column_to_slider_slide_translations_table', 1),
(68, '2020_01_05_234014_add_speed_column_to_sliders_table', 1),
(69, '2020_01_05_235014_add_fade_column_to_sliders_table', 1),
(70, '2020_01_15_000346259038_create_flash_sales_table', 1),
(71, '2020_01_15_000346259349_create_flash_sale_translations_table', 1),
(72, '2020_01_23_011234_create_flash_sale_products_table', 1),
(73, '2020_01_30_015722_create_flash_sale_product_orders_table', 1),
(74, '2020_02_22_215943_delete_meta_keywords_column_from_meta_data_translations_table', 1),
(75, '2020_03_05_214602901973_create_brands_table', 1),
(76, '2020_03_05_214602902369_create_brand_translations_table', 1),
(77, '2020_03_06_234605_add_brand_id_column_to_products_table', 1),
(78, '2020_04_06_211526_add_note_column_to_orders_table', 1),
(79, '2020_04_28_034118164376_create_tags_table', 1),
(80, '2020_04_28_034118164618_create_tag_translations_table', 1),
(81, '2020_04_28_225657_create_product_tags_table', 1),
(82, '2020_05_10_041616_create_updater_scripts_table', 1);

-- --------------------------------------------------------

--
-- Table structure for table `mobile_tokens`
--

DROP TABLE IF EXISTS `mobile_tokens`;
CREATE TABLE IF NOT EXISTS `mobile_tokens` (
  `id` int(11) NOT NULL AUTO_INCREMENT,
  `token` varchar(255) NOT NULL,
  `os` varchar(255) NOT NULL DEFAULT 'android',
  PRIMARY KEY (`id`)
) ENGINE=InnoDB DEFAULT CHARSET=latin1;

-- --------------------------------------------------------

--
-- Table structure for table `notifications`
--

DROP TABLE IF EXISTS `notifications`;
CREATE TABLE IF NOT EXISTS `notifications` (
  `id` int(11) NOT NULL AUTO_INCREMENT,
  `image` varchar(255) CHARACTER SET utf8mb4 COLLATE utf8mb4_unicode_ci DEFAULT NULL,
  `title` varchar(255) CHARACTER SET utf8mb4 COLLATE utf8mb4_unicode_ci NOT NULL,
  `message` varchar(255) CHARACTER SET utf8mb4 COLLATE utf8mb4_unicode_ci NOT NULL,
  PRIMARY KEY (`id`)
) ENGINE=InnoDB DEFAULT CHARSET=latin1;

-- --------------------------------------------------------

--
-- Table structure for table `options`
--

DROP TABLE IF EXISTS `options`;
CREATE TABLE IF NOT EXISTS `options` (
  `id` int(10) UNSIGNED NOT NULL AUTO_INCREMENT,
  `type` varchar(191) COLLATE utf8mb4_unicode_ci NOT NULL,
  `is_required` tinyint(1) NOT NULL,
  `is_global` tinyint(1) NOT NULL DEFAULT '1',
  `position` int(10) UNSIGNED DEFAULT NULL,
  `deleted_at` timestamp NULL DEFAULT NULL,
  `created_at` timestamp NULL DEFAULT NULL,
  `updated_at` timestamp NULL DEFAULT NULL,
  PRIMARY KEY (`id`)
) ENGINE=InnoDB AUTO_INCREMENT=15 DEFAULT CHARSET=utf8mb4 COLLATE=utf8mb4_unicode_ci;

--
-- Dumping data for table `options`
--

INSERT INTO `options` (`id`, `type`, `is_required`, `is_global`, `position`, `deleted_at`, `created_at`, `updated_at`) VALUES
(1, 'dropdown', 0, 0, 0, NULL, '2020-06-23 08:47:15', '2020-06-23 08:51:34'),
(2, 'radio', 1, 0, 1, NULL, '2020-06-23 08:47:15', '2020-06-23 08:47:15'),
(3, 'field', 0, 1, NULL, '2021-02-14 12:19:28', '2021-01-03 04:04:07', '2021-02-14 12:19:28'),
(4, 'field', 1, 0, 0, NULL, '2021-01-03 04:16:51', '2021-01-03 04:16:51'),
(5, 'dropdown', 0, 0, 0, NULL, '2021-01-04 13:43:07', '2021-01-04 13:54:08'),
(6, 'checkbox', 0, 0, 0, NULL, '2021-01-31 16:23:52', '2021-01-31 16:23:52'),
(7, 'dropdown', 1, 0, 0, NULL, '2021-01-31 17:53:35', '2021-01-31 17:53:35'),
(8, 'radio_custom', 1, 0, 0, NULL, '2021-02-09 17:13:55', '2021-02-09 17:13:55'),
(9, 'dropdown', 1, 0, 0, NULL, '2021-02-14 11:16:54', '2021-02-14 11:16:54'),
(10, 'radio', 1, 0, 0, NULL, '2021-02-14 13:03:14', '2021-02-14 13:03:14'),
(11, 'textarea', 0, 1, NULL, NULL, '2021-02-15 09:43:28', '2021-02-15 09:43:28'),
(12, 'radio', 1, 1, NULL, NULL, '2021-02-15 09:46:30', '2021-02-15 09:46:30'),
(13, 'dropdown', 0, 0, 0, NULL, '2021-02-16 17:30:09', '2021-02-16 17:30:09'),
(14, 'dropdown', 0, 0, 0, NULL, '2021-02-16 17:49:19', '2021-02-16 17:49:19');

-- --------------------------------------------------------

--
-- Table structure for table `option_translations`
--

DROP TABLE IF EXISTS `option_translations`;
CREATE TABLE IF NOT EXISTS `option_translations` (
  `id` int(10) UNSIGNED NOT NULL AUTO_INCREMENT,
  `option_id` int(10) UNSIGNED NOT NULL,
  `locale` varchar(191) COLLATE utf8mb4_unicode_ci NOT NULL,
  `name` varchar(191) COLLATE utf8mb4_unicode_ci NOT NULL,
  PRIMARY KEY (`id`),
  UNIQUE KEY `option_translations_option_id_locale_unique` (`option_id`,`locale`)
) ENGINE=InnoDB AUTO_INCREMENT=17 DEFAULT CHARSET=utf8mb4 COLLATE=utf8mb4_unicode_ci;

--
-- Dumping data for table `option_translations`
--

INSERT INTO `option_translations` (`id`, `option_id`, `locale`, `name`) VALUES
(1, 1, 'ar', 'hh'),
(2, 2, 'ar', 'h'),
(3, 3, 'ar', 'ساعات نسائيه'),
(4, 4, 'ar', 'السعر'),
(5, 5, 'ar', 'رامات مختلفة'),
(6, 5, 'en', 'رامات مختلفة'),
(7, 6, 'ar', 'Rams'),
(8, 7, 'ar', 'ستاند'),
(9, 7, 'en', 'stand'),
(10, 8, 'ar', 'اختر الموديل'),
(11, 9, 'ar', 'مساحة الذاكرة الداخلية'),
(12, 10, 'ar', 'مساحة الموبيل'),
(13, 11, 'ar', 'ملحوظة'),
(14, 12, 'ar', 'النسخة'),
(15, 13, 'ar', 'نسخة المنتج'),
(16, 14, 'ar', 'نسحة الموبيل');

-- --------------------------------------------------------

--
-- Table structure for table `option_values`
--

DROP TABLE IF EXISTS `option_values`;
CREATE TABLE IF NOT EXISTS `option_values` (
  `id` int(10) UNSIGNED NOT NULL AUTO_INCREMENT,
  `option_id` int(10) UNSIGNED NOT NULL,
  `price` decimal(18,4) UNSIGNED DEFAULT NULL,
  `price_type` varchar(10) COLLATE utf8mb4_unicode_ci NOT NULL,
  `position` int(10) UNSIGNED NOT NULL,
  `created_at` timestamp NULL DEFAULT NULL,
  `updated_at` timestamp NULL DEFAULT NULL,
  PRIMARY KEY (`id`),
  KEY `option_values_option_id_index` (`option_id`)
) ENGINE=InnoDB AUTO_INCREMENT=30 DEFAULT CHARSET=utf8mb4 COLLATE=utf8mb4_unicode_ci;

--
-- Dumping data for table `option_values`
--

INSERT INTO `option_values` (`id`, `option_id`, `price`, `price_type`, `position`, `created_at`, `updated_at`) VALUES
(1, 1, '1.0000', 'fixed', 0, '2020-06-23 08:47:15', '2020-06-23 08:51:34'),
(2, 1, '2.0000', 'percent', 1, '2020-06-23 08:47:15', '2020-06-23 08:51:34'),
(3, 2, '44.0000', 'fixed', 0, '2020-06-23 08:47:15', '2020-06-23 08:47:15'),
(6, 4, '3500.0000', 'fixed', 0, '2021-01-03 16:56:25', '2021-01-03 16:56:25'),
(9, 5, '0.0000', 'fixed', 0, '2021-01-04 13:43:08', '2021-01-18 05:00:48'),
(10, 5, '200.0000', 'fixed', 1, '2021-01-04 13:43:08', '2021-01-18 05:00:48'),
(11, 5, '350.0000', 'fixed', 2, '2021-01-04 13:43:08', '2021-01-18 05:00:48'),
(12, 6, '0.0000', 'fixed', 0, '2021-01-31 16:23:53', '2021-01-31 16:24:47'),
(13, 6, '200.0000', 'fixed', 1, '2021-01-31 16:23:53', '2021-01-31 16:24:47'),
(14, 3, '2500.0000', 'fixed', 0, '2021-01-31 17:43:30', '2021-01-31 17:43:30'),
(15, 7, NULL, 'fixed', 0, '2021-01-31 17:53:35', '2021-01-31 17:53:35'),
(16, 7, '5.0000', 'percent', 1, '2021-01-31 17:53:35', '2021-01-31 17:53:35'),
(17, 8, '0.0000', 'fixed', 0, '2021-02-09 17:13:56', '2021-02-09 17:13:56'),
(18, 8, '550.0000', 'fixed', 1, '2021-02-09 17:13:56', '2021-02-09 17:13:56'),
(19, 9, '0.0000', 'fixed', 0, '2021-02-14 11:16:54', '2021-02-14 11:16:54'),
(20, 9, '500.0000', 'fixed', 1, '2021-02-14 11:16:54', '2021-02-14 11:16:54'),
(21, 10, '0.0000', 'fixed', 0, '2021-02-14 13:03:14', '2021-02-14 13:03:14'),
(22, 10, '350.0000', 'fixed', 1, '2021-02-14 13:03:14', '2021-02-14 13:03:14'),
(23, 11, '0.0000', 'fixed', 0, '2021-02-15 09:43:28', '2021-02-15 09:43:28'),
(24, 12, '0.0000', 'fixed', 0, '2021-02-15 09:46:30', '2021-02-15 09:46:30'),
(25, 12, '650.0000', 'fixed', 1, '2021-02-15 09:46:30', '2021-02-15 09:46:30'),
(26, 13, '0.0000', 'fixed', 0, '2021-02-16 17:30:10', '2021-02-16 17:30:10'),
(27, 13, '330.0000', 'fixed', 1, '2021-02-16 17:30:10', '2021-02-16 17:30:10'),
(28, 14, '0.0000', 'fixed', 0, '2021-02-16 17:49:19', '2021-02-16 17:49:19'),
(29, 14, '350.0000', 'fixed', 1, '2021-02-16 17:49:19', '2021-02-16 17:49:19');

-- --------------------------------------------------------

--
-- Table structure for table `option_value_translations`
--

DROP TABLE IF EXISTS `option_value_translations`;
CREATE TABLE IF NOT EXISTS `option_value_translations` (
  `id` int(10) UNSIGNED NOT NULL AUTO_INCREMENT,
  `option_value_id` int(10) UNSIGNED NOT NULL,
  `locale` varchar(191) COLLATE utf8mb4_unicode_ci NOT NULL,
  `label` varchar(191) COLLATE utf8mb4_unicode_ci NOT NULL,
  PRIMARY KEY (`id`),
  UNIQUE KEY `option_value_translations_option_value_id_locale_unique` (`option_value_id`,`locale`)
) ENGINE=InnoDB AUTO_INCREMENT=28 DEFAULT CHARSET=utf8mb4 COLLATE=utf8mb4_unicode_ci;

--
-- Dumping data for table `option_value_translations`
--

INSERT INTO `option_value_translations` (`id`, `option_value_id`, `locale`, `label`) VALUES
(1, 1, 'ar', 'عرض اول'),
(2, 2, 'ar', 'عرض تاني'),
(3, 3, 'ar', '4'),
(4, 9, 'ar', '4G'),
(5, 10, 'ar', '8G'),
(6, 11, 'ar', '16G'),
(7, 9, 'en', '4G'),
(8, 10, 'en', '8G'),
(9, 11, 'en', '16G'),
(10, 12, 'ar', '4Ram'),
(11, 13, 'ar', '8 Ram'),
(12, 15, 'ar', 'بدون استاند'),
(13, 16, 'ar', 'استاند'),
(14, 15, 'en', 'without stand'),
(15, 16, 'en', 'with stand'),
(16, 17, 'ar', 'ذاكرة 16 جيجا'),
(17, 18, 'ar', 'ذاكرة 32 جيجا'),
(18, 19, 'ar', 'مساحة 16 جيجا'),
(19, 20, 'ar', 'مساحة 32 جيجا'),
(20, 21, 'ar', '16 جيجا'),
(21, 22, 'ar', '32 جيجا'),
(22, 24, 'ar', 'النسخة الاولي'),
(23, 25, 'ar', 'النسخة التانية'),
(24, 26, 'ar', 'النسخة الاولي 16جيجا'),
(25, 27, 'ar', 'النسخة الثانية 32 جيجا'),
(26, 28, 'ar', 'النسخة الولي 16 جيجا'),
(27, 29, 'ar', 'النسخة التانية 32 جيجا');

-- --------------------------------------------------------

--
-- Table structure for table `orders`
--

DROP TABLE IF EXISTS `orders`;
CREATE TABLE IF NOT EXISTS `orders` (
  `id` int(10) UNSIGNED NOT NULL AUTO_INCREMENT,
  `customer_id` int(11) DEFAULT NULL,
  `customer_email` varchar(191) COLLATE utf8mb4_unicode_ci NOT NULL,
  `customer_phone` varchar(191) COLLATE utf8mb4_unicode_ci DEFAULT NULL,
  `customer_first_name` varchar(191) COLLATE utf8mb4_unicode_ci NOT NULL,
  `customer_last_name` varchar(191) COLLATE utf8mb4_unicode_ci NOT NULL,
  `billing_first_name` varchar(191) COLLATE utf8mb4_unicode_ci NOT NULL,
  `billing_last_name` varchar(191) COLLATE utf8mb4_unicode_ci NOT NULL,
  `billing_address_1` varchar(191) COLLATE utf8mb4_unicode_ci NOT NULL,
  `billing_address_2` varchar(191) COLLATE utf8mb4_unicode_ci DEFAULT NULL,
  `billing_city` varchar(191) COLLATE utf8mb4_unicode_ci NOT NULL,
  `billing_state` varchar(191) COLLATE utf8mb4_unicode_ci NOT NULL,
  `billing_zip` varchar(191) COLLATE utf8mb4_unicode_ci NOT NULL,
  `billing_country` varchar(191) COLLATE utf8mb4_unicode_ci DEFAULT NULL,
  `shipping_first_name` varchar(191) COLLATE utf8mb4_unicode_ci NOT NULL,
  `shipping_last_name` varchar(191) COLLATE utf8mb4_unicode_ci NOT NULL,
  `shipping_address_1` varchar(191) COLLATE utf8mb4_unicode_ci NOT NULL,
  `shipping_address_2` varchar(191) COLLATE utf8mb4_unicode_ci DEFAULT NULL,
  `shipping_city` varchar(191) COLLATE utf8mb4_unicode_ci NOT NULL,
  `shipping_state` varchar(191) COLLATE utf8mb4_unicode_ci NOT NULL,
  `shipping_zip` varchar(191) COLLATE utf8mb4_unicode_ci NOT NULL,
  `shipping_country` varchar(191) COLLATE utf8mb4_unicode_ci DEFAULT NULL,
  `sub_total` decimal(18,4) UNSIGNED NOT NULL,
  `shipping_method` varchar(191) COLLATE utf8mb4_unicode_ci NOT NULL,
  `shipping_cost` decimal(18,4) UNSIGNED NOT NULL,
  `coupon_id` int(11) DEFAULT NULL,
  `discount` decimal(18,4) UNSIGNED NOT NULL,
  `total` decimal(18,4) UNSIGNED NOT NULL,
  `payment_method` varchar(191) COLLATE utf8mb4_unicode_ci NOT NULL,
  `currency` varchar(191) COLLATE utf8mb4_unicode_ci NOT NULL,
  `currency_rate` decimal(18,4) NOT NULL,
  `locale` varchar(191) COLLATE utf8mb4_unicode_ci NOT NULL,
  `status` varchar(191) COLLATE utf8mb4_unicode_ci NOT NULL,
  `mobile_token` varchar(255) COLLATE utf8mb4_unicode_ci DEFAULT NULL,
  `note` varchar(255) COLLATE utf8mb4_unicode_ci DEFAULT NULL,
  `deleted_at` timestamp NULL DEFAULT NULL,
  `created_at` timestamp NULL DEFAULT NULL,
  `updated_at` timestamp NULL DEFAULT NULL,
  PRIMARY KEY (`id`),
  KEY `orders_customer_id_index` (`customer_id`),
  KEY `orders_coupon_id_index` (`coupon_id`)
) ENGINE=InnoDB AUTO_INCREMENT=28 DEFAULT CHARSET=utf8mb4 COLLATE=utf8mb4_unicode_ci;

--
-- Dumping data for table `orders`
--

INSERT INTO `orders` (`id`, `customer_id`, `customer_email`, `customer_phone`, `customer_first_name`, `customer_last_name`, `billing_first_name`, `billing_last_name`, `billing_address_1`, `billing_address_2`, `billing_city`, `billing_state`, `billing_zip`, `billing_country`, `shipping_first_name`, `shipping_last_name`, `shipping_address_1`, `shipping_address_2`, `shipping_city`, `shipping_state`, `shipping_zip`, `shipping_country`, `sub_total`, `shipping_method`, `shipping_cost`, `coupon_id`, `discount`, `total`, `payment_method`, `currency`, `currency_rate`, `locale`, `status`, `mobile_token`, `note`, `deleted_at`, `created_at`, `updated_at`) VALUES
(1, 1, 'engelshafiy6@gmail.com', '011111111111', 'ssssss', 'sssss', 'ssssss', 'sssss', 'sssssssssssssss', NULL, 'ssssssss', 'ssdsdsdsd', '11111', 'EG', 'ssssss', 'sssss', 'sssssssssssssss', NULL, 'ssssssss', 'ssdsdsdsd', '11111', 'EG', '699.9900', 'free_shipping', '0.0000', NULL, '0.0000', '699.9900', 'cod', 'USD', '1.0000', 'ar', 'completed', NULL, NULL, NULL, '2020-08-04 03:45:42', '2021-01-03 17:24:35'),
(2, 1, 'Test@gmail.com', '00249917446030', 'Mageed', 'Abdalla', 'Mageed', 'Abdalla', 'Umdurman', NULL, 'Khartoum', 'Cairo', '11111', 'EG', 'Mageed', 'Abdalla', 'Umdurman', NULL, 'Khartoum', 'Cairo', '11111', 'EG', '558.3600', 'free_shipping', '0.0000', NULL, '0.0000', '558.3600', 'cod', 'EGP', '1.0000', 'ar', 'pending', NULL, NULL, NULL, '2020-09-02 14:59:25', '2020-09-02 14:59:26'),
(3, 21, 'mahmoudaraby36@gmail.com', '+201150056420', 'mahmoud', 'araby', 'mahmoud', 'araby', '١١ ‏القاهرة', NULL, 'cairo', 'cairo', 'القاهرة', 'EG', 'mahmoud', 'araby', '١١ ‏القاهرة', NULL, 'cairo', 'cairo', 'القاهرة', 'EG', '555.0000', 'local_pickup', '0.0000', NULL, '0.0000', '555.0000', 'cod', 'EGP', '1.0000', 'en', 'pending_payment', NULL, NULL, NULL, '2020-10-05 16:39:54', '2020-10-05 16:39:54'),
(4, 27, 'kira@egtaz.com', '0109232591', 'kira', 'kira', 'kira', 'kira', 'test', NULL, 'test', 'test', 'test', NULL, 'kira', 'kira', 'test', NULL, 'test', 'test', '4558', NULL, '2500.0000', 'local_pickup', '100.0000', 0, '0.0000', '2500.0000', 'cod', 'EGP', '1.0000', 'ar', 'pending', NULL, NULL, NULL, '2020-12-22 19:07:10', '2021-01-02 17:36:51'),
(5, 27, 'kira@egtaz.com', '01145227769', 'kira', 'kira', 'kira', 'kira', 'cairo', NULL, 'cairo', 'cairo', '66666', NULL, 'kira', 'kira', 'cairo', NULL, 'cairo', 'cairo', '66666', NULL, '555.0000', 'local_pickup', '50.0000', NULL, '0.0000', '605.0000', 'cod', 'EGP', '1.0000', 'ar', 'completed', NULL, NULL, NULL, '2020-12-22 19:07:58', '2021-01-02 17:36:30'),
(6, 27, 'kira@egtaz.com', '01145227769', 'kira', 'kira', 'kira', 'kira', 'cairo', NULL, 'cairo', 'cairo', '66666', NULL, 'kira', 'kira', 'cairo', NULL, 'cairo', 'cairo', '66666', NULL, '1289.0000', 'local_pickup', '50.0000', NULL, '0.0000', '1339.0000', 'cod', 'EGP', '1.0000', 'ar', 'canceled', NULL, NULL, NULL, '2020-12-22 19:09:34', '2021-01-02 17:37:28'),
(7, 27, 'kira@egtaz.com', '01145227769', 'kira', 'kira', 'kira', 'kira', 'cairo', NULL, 'cairo', 'cairo', '66666', NULL, 'kira', 'kira', 'cairo', NULL, 'cairo', 'cairo', '66666', NULL, '233.9900', 'local_pickup', '50.0000', NULL, '0.0000', '283.9900', 'cod', 'EGP', '1.0000', 'ar', 'completed', NULL, NULL, NULL, '2020-12-22 19:11:48', '2021-01-02 17:36:03'),
(8, 27, 'kira@egtaz.com', '01145227769', 'kira', 'kira', 'kira', 'kira', 'giza', NULL, 'caior', 'caior', '5555', NULL, 'kira', 'kira', 'giza', NULL, 'caior', 'caior', '5555', NULL, '555.0000', 'local_pickup', '50.0000', NULL, '0.0000', '605.0000', 'cod', 'EGP', '1.0000', 'ar', 'completed', NULL, NULL, NULL, '2020-12-31 23:30:18', '2021-01-03 04:25:04'),
(9, 27, 'kira@egtaz.com', '01145227769', 'kira', 'kira', 'kira', 'kira', 'giza', NULL, 'caior', 'caior', '5555', NULL, 'kira', 'kira', 'giza', NULL, 'caior', 'caior', '5555', NULL, '4492.8300', 'local_pickup', '50.0000', NULL, '0.0000', '4542.8300', 'cod', 'EGP', '1.0000', 'ar', 'pending_payment', NULL, NULL, NULL, '2021-01-14 14:59:55', '2021-01-14 14:59:55'),
(10, 27, 'kira@egtaz.com', '01150850000', 'kira', 'kira', 'kira', 'kira', '١٢٤ كورنيش الدمام، جامعه الدول، الجيزه', NULL, 'القاهره', 'القاهره', '002', NULL, 'kira', 'kira', '١٢٤ كورنيش الدمام، جامعه الدول، الجيزه', NULL, 'القاهره', 'القاهره', '002', NULL, '7746.6300', 'local_pickup', '50.0000', NULL, '0.0000', '7796.6300', 'cod', 'EGP', '1.0000', 'ar', 'pending_payment', NULL, NULL, NULL, '2021-01-15 20:14:21', '2021-01-15 20:14:21'),
(11, 27, 'kira@egtaz.com', '01150850000', 'kira', 'kira', 'kira', 'kira', '١٢٤ كورنيش الدمام، جامعه الدول، الجيزه', NULL, 'القاهره', 'القاهره', '002', NULL, 'kira', 'kira', '١٢٤ كورنيش الدمام، جامعه الدول، الجيزه', NULL, 'القاهره', 'القاهره', '002', NULL, '7746.6300', 'local_pickup', '50.0000', NULL, '0.0000', '7796.6300', 'cod', 'EGP', '1.0000', 'ar', 'pending_payment', NULL, NULL, NULL, '2021-01-15 20:15:30', '2021-01-15 20:15:30'),
(12, 27, 'kira@egtaz.com', '1145227769', 'kira', 'kira', 'kira', 'kira', '5555555', NULL, 'giza', 'giza', '55555', NULL, 'kira', 'kira', '5555555', NULL, 'giza', 'giza', '55555', NULL, '8344.9800', 'local_pickup', '50.0000', NULL, '0.0000', '8394.9800', 'cod', 'EGP', '1.0000', 'ar', 'pending_payment', NULL, NULL, NULL, '2021-01-16 15:06:31', '2021-01-16 15:06:31'),
(13, 27, 'kira@egtaz.com', '1145227769', 'kira', 'kira', 'kira', 'kira', '5555555', NULL, 'giza', 'giza', '55555', NULL, 'kira', 'kira', '5555555', NULL, 'giza', 'giza', '55555', NULL, '349.9900', 'local_pickup', '50.0000', NULL, '0.0000', '399.9900', 'cod', 'EGP', '1.0000', 'ar', 'pending_payment', NULL, NULL, NULL, '2021-01-16 16:14:52', '2021-01-16 16:14:52'),
(14, 27, 'kira@egtaz.com', '1145227769', 'kira', 'kira', 'kira', 'kira', '5555555', NULL, 'giza', 'giza', '55555', NULL, 'kira', 'kira', '5555555', NULL, 'giza', 'giza', '55555', NULL, '999.9900', 'local_pickup', '50.0000', NULL, '0.0000', '1049.9900', 'cod', 'EGP', '1.0000', 'ar', 'pending_payment', NULL, NULL, NULL, '2021-01-16 16:15:45', '2021-01-16 16:15:45'),
(15, 27, 'kira@egtaz.com', '1145227769', 'kira', 'kira', 'kira', 'kira', '5555555', NULL, 'giza', 'giza', '55555', NULL, 'kira', 'kira', '5555555', NULL, 'giza', 'giza', '55555', NULL, '6000.0000', 'local_pickup', '0.0000', 2, '200.0000', '5800.0000', 'cod', 'EGP', '1.0000', 'ar', 'pending_payment', NULL, NULL, NULL, '2021-01-16 16:24:40', '2021-01-16 16:24:40'),
(16, 27, 'kira@egtaz.com', '01150850000', 'kira', 'kira', 'kira', 'kira', '١٢٤ كورنيش الدمام، جامعه الدول، الجيزه', NULL, 'القاهره', 'القاهره', '002', NULL, 'kira', 'kira', '١٢٤ كورنيش الدمام، جامعه الدول، الجيزه', NULL, 'القاهره', 'القاهره', '002', NULL, '7746.6300', 'local_pickup', '50.0000', NULL, '0.0000', '7796.6300', 'cod', 'EGP', '1.0000', 'ar', 'pending_payment', NULL, NULL, NULL, '2021-01-16 16:25:00', '2021-01-16 16:25:00'),
(17, 27, 'kira@egtaz.com', '01150850000', 'kira', 'kira', 'kira', 'kira', '١٢٤ كورنيش الدمام، جامعه الدول، الجيزه', NULL, 'القاهره', 'القاهره', '002', NULL, 'kira', 'kira', '١٢٤ كورنيش الدمام، جامعه الدول، الجيزه', NULL, 'القاهره', 'القاهره', '002', NULL, '7746.6300', 'local_pickup', '50.0000', NULL, '0.0000', '7796.6300', 'cod', 'EGP', '1.0000', 'ar', 'pending_payment', NULL, NULL, NULL, '2021-01-16 16:25:02', '2021-01-16 16:25:02'),
(18, 27, 'kira@egtaz.com', '1145227769', 'kira', 'kira', 'kira', 'kira', '5555555', NULL, 'giza', 'giza', '55555', NULL, 'kira', 'kira', '5555555', NULL, 'giza', 'giza', '55555', NULL, '58.0000', 'local_pickup', '50.0000', NULL, '0.0000', '108.0000', 'cod', 'EGP', '1.0000', 'ar', 'pending_payment', NULL, NULL, NULL, '2021-01-16 16:33:20', '2021-01-16 16:33:20'),
(19, 27, 'kira@egtaz.com', '1145227769', 'kira', 'kira', 'kira', 'kira', '5555555', NULL, 'giza', 'giza', '55555', NULL, 'kira', 'kira', '5555555', NULL, 'giza', 'giza', '55555', NULL, '6000.0000', 'local_pickup', '50.0000', NULL, '0.0000', '6050.0000', 'cod', 'EGP', '1.0000', 'ar', 'pending_payment', NULL, NULL, NULL, '2021-01-16 16:33:58', '2021-01-16 16:33:58'),
(20, 27, 'kira@egtaz.com', '1145227769', 'kira', 'kira', 'kira', 'kira', '5555555', NULL, 'giza', 'giza', '55555', NULL, 'kira', 'kira', '5555555', NULL, 'giza', 'giza', '55555', NULL, '54.9900', 'local_pickup', '50.0000', NULL, '0.0000', '104.9900', 'cod', 'EGP', '1.0000', 'ar', 'pending_payment', NULL, NULL, NULL, '2021-01-16 16:38:13', '2021-01-16 16:38:13'),
(21, 27, 'kira@egtaz.com', '01145227769', 'kira', 'kira', 'kira', 'kira', 'القاهره المعادى', NULL, 'القاهره', 'القاهره', '5555', NULL, 'kira', 'kira', 'القاهره المعادى', NULL, 'القاهره', 'القاهره', '5555', NULL, '999.9900', 'local_pickup', '50.0000', NULL, '0.0000', '1049.9900', 'cod', 'EGP', '1.0000', 'ar', 'pending_payment', NULL, NULL, NULL, '2021-01-16 17:01:36', '2021-01-16 17:01:36'),
(22, 27, 'kira@egtaz.com', '01145227769', 'kira', 'kira', 'kira', 'kira', 'القاهره المعادى', NULL, 'القاهره', 'القاهره', '5555', NULL, 'kira', 'kira', 'القاهره المعادى', NULL, 'القاهره', 'القاهره', '5555', NULL, '6750.0000', 'local_pickup', '50.0000', NULL, '0.0000', '6800.0000', 'cod', 'EGP', '1.0000', 'ar', 'pending_payment', NULL, NULL, NULL, '2021-01-16 21:35:38', '2021-01-16 21:35:38'),
(23, 30, 'esmaelm885@gmail.com', '01111346560', 'Mohamed', 'Abd El-samie', 'Mohamed', 'Abd El-samie', 'Hkfbv', NULL, 'Giza', 'Giza', '7839', NULL, 'Mohamed', 'Abd El-samie', 'Hkfbv', NULL, 'Giza', 'Giza', '7839', NULL, '1094.9900', 'local_pickup', '50.0000', NULL, '0.0000', '1144.9900', 'cod', 'EGP', '1.0000', 'ar', 'pending_payment', NULL, NULL, NULL, '2021-01-17 01:36:56', '2021-01-17 01:36:56'),
(24, 27, 'kira@egtaz.com', '01145227769', 'kira', 'kira', 'kira', 'kira', 'القاهره المعادى', NULL, 'القاهره', 'القاهره', '5555', NULL, 'kira', 'kira', 'القاهره المعادى', NULL, 'القاهره', 'القاهره', '5555', NULL, '6000.0000', 'local_pickup', '50.0000', NULL, '0.0000', '6050.0000', 'cod', 'EGP', '1.0000', 'ar', 'processing', NULL, NULL, NULL, '2021-01-18 20:55:03', '2021-02-14 18:18:16'),
(25, 1, 'kamalmary04@gmail.com', '01092328591', 'marysm', 'kamal', 'marysm', 'kamal', 'test address', 'test', 'test', 'test', '123456', 'EG', 'marysm', 'kamal', 'test address', 'test', 'test', 'test', '123456', 'EG', '2999.0000', 'free_shipping', '0.0000', NULL, '0.0000', '2999.0000', 'cod', 'EGP', '1.0000', 'ar', 'pending', NULL, NULL, NULL, '2021-03-06 10:38:56', '2021-03-06 10:38:56'),
(26, 1, 'kamalmary04@gmail.com', '01092328591', 'maryam', 'kamal', 'maryam', 'kamal', 'test', 'test', 'test', 'test', '12345', 'EG', 'maryam', 'kamal', 'test', 'test', 'test', 'test', '12345', 'EG', '5998.0000', 'free_shipping', '0.0000', NULL, '0.0000', '5998.0000', 'cod', 'EGP', '1.0000', 'ar', 'canceled', NULL, NULL, NULL, '2021-03-06 10:44:10', '2021-06-13 00:38:38'),
(27, 33, 'kokofamily93@gmail.com', '01210739710', 'كيرلس', 'عبدالله ثابت', 'كيرلس', 'عبدالله ثابت', 'مدينة دشنا شارع المزارع بجوار بنك مصر', NULL, 'مدينة دشنا-محافظة قنا', 'محافظة قنا', '83611', 'EG', 'كيرلس', 'عبدالله ثابت', 'مدينة دشنا شارع المزارع بجوار بنك مصر', NULL, 'مدينة دشنا-محافظة قنا', 'محافظة قنا', '83611', 'EG', '475.0000', 'free_shipping', '0.0000', NULL, '0.0000', '475.0000', 'cod', 'EGP', '1.0000', 'ar', 'pending', NULL, NULL, NULL, '2021-03-06 12:18:53', '2021-03-06 12:18:54');

-- --------------------------------------------------------

--
-- Table structure for table `order_products`
--

DROP TABLE IF EXISTS `order_products`;
CREATE TABLE IF NOT EXISTS `order_products` (
  `id` int(10) UNSIGNED NOT NULL AUTO_INCREMENT,
  `order_id` int(10) UNSIGNED NOT NULL,
  `product_id` int(10) UNSIGNED NOT NULL,
  `unit_price` decimal(18,4) UNSIGNED NOT NULL,
  `qty` int(11) NOT NULL,
  `line_total` decimal(18,4) UNSIGNED NOT NULL,
  PRIMARY KEY (`id`),
  KEY `order_products_order_id_foreign` (`order_id`),
  KEY `order_products_product_id_foreign` (`product_id`)
) ENGINE=InnoDB AUTO_INCREMENT=63 DEFAULT CHARSET=utf8mb4 COLLATE=utf8mb4_unicode_ci;

--
-- Dumping data for table `order_products`
--

INSERT INTO `order_products` (`id`, `order_id`, `product_id`, `unit_price`, `qty`, `line_total`) VALUES
(1, 1, 29, '699.9900', 1, '699.9900'),
(2, 2, 71, '158.3600', 1, '158.3600'),
(3, 2, 72, '400.0000', 1, '400.0000'),
(4, 3, 26, '555.0000', 1, '555.0000'),
(5, 4, 71, '1000.0000', 2, '2000.0000'),
(6, 4, 73, '200.0000', 2, '400.0000'),
(7, 5, 26, '555.0000', 1, '555.0000'),
(8, 6, 79, '299.0000', 1, '299.0000'),
(9, 6, 85, '990.0000', 1, '990.0000'),
(10, 7, 105, '179.0000', 1, '179.0000'),
(11, 7, 125, '54.9900', 1, '54.9900'),
(12, 8, 26, '555.0000', 1, '555.0000'),
(13, 9, 26, '555.0000', 1, '555.0000'),
(14, 9, 37, '1581.0000', 1, '1581.0000'),
(15, 9, 38, '1350.0000', 1, '1350.0000'),
(16, 9, 45, '579.6600', 1, '579.6600'),
(17, 9, 46, '399.9800', 1, '399.9800'),
(18, 9, 97, '27.1900', 1, '27.1900'),
(19, 10, 39, '349.9900', 1, '349.9900'),
(20, 10, 40, '6000.0000', 1, '6000.0000'),
(21, 10, 45, '579.6600', 1, '579.6600'),
(22, 10, 46, '399.9800', 1, '399.9800'),
(23, 10, 68, '399.0000', 1, '399.0000'),
(25, 11, 39, '349.9900', 1, '349.9900'),
(26, 11, 40, '6000.0000', 1, '6000.0000'),
(27, 11, 45, '579.6600', 1, '579.6600'),
(28, 11, 46, '399.9800', 1, '399.9800'),
(29, 11, 68, '399.0000', 1, '399.0000'),
(31, 12, 26, '555.0000', 1, '555.0000'),
(32, 12, 39, '349.9900', 1, '349.9900'),
(33, 12, 40, '6000.0000', 1, '6000.0000'),
(34, 12, 41, '639.9900', 1, '639.9900'),
(35, 12, 42, '800.0000', 1, '800.0000'),
(36, 13, 39, '349.9900', 1, '349.9900'),
(37, 14, 44, '999.9900', 1, '999.9900'),
(38, 15, 40, '6000.0000', 1, '6000.0000'),
(39, 16, 39, '349.9900', 1, '349.9900'),
(40, 16, 40, '6000.0000', 1, '6000.0000'),
(41, 16, 45, '579.6600', 1, '579.6600'),
(42, 16, 46, '399.9800', 1, '399.9800'),
(43, 16, 68, '399.0000', 1, '399.0000'),
(45, 17, 39, '349.9900', 1, '349.9900'),
(46, 17, 40, '6000.0000', 1, '6000.0000'),
(47, 17, 45, '579.6600', 1, '579.6600'),
(48, 17, 46, '399.9800', 1, '399.9800'),
(49, 17, 68, '399.0000', 1, '399.0000'),
(51, 18, 104, '58.0000', 1, '58.0000'),
(52, 19, 40, '6000.0000', 1, '6000.0000'),
(53, 20, 125, '54.9900', 1, '54.9900'),
(54, 21, 44, '999.9900', 1, '999.9900'),
(55, 22, 40, '6000.0000', 1, '6000.0000'),
(56, 22, 174, '250.0000', 3, '750.0000'),
(57, 23, 44, '999.9900', 1, '999.9900'),
(58, 23, 165, '95.0000', 1, '95.0000'),
(59, 24, 40, '6000.0000', 1, '6000.0000'),
(60, 25, 42, '2999.0000', 1, '2999.0000'),
(61, 26, 42, '2999.0000', 2, '5998.0000'),
(62, 27, 212, '475.0000', 1, '475.0000');

-- --------------------------------------------------------

--
-- Table structure for table `order_product_options`
--

DROP TABLE IF EXISTS `order_product_options`;
CREATE TABLE IF NOT EXISTS `order_product_options` (
  `id` int(10) UNSIGNED NOT NULL AUTO_INCREMENT,
  `order_product_id` int(10) UNSIGNED NOT NULL,
  `option_id` int(10) UNSIGNED NOT NULL,
  `value` text COLLATE utf8mb4_unicode_ci,
  PRIMARY KEY (`id`),
  UNIQUE KEY `order_product_options_order_product_id_option_id_unique` (`order_product_id`,`option_id`),
  KEY `order_product_options_option_id_foreign` (`option_id`)
) ENGINE=InnoDB DEFAULT CHARSET=utf8mb4 COLLATE=utf8mb4_unicode_ci;

-- --------------------------------------------------------

--
-- Table structure for table `order_product_option_values`
--

DROP TABLE IF EXISTS `order_product_option_values`;
CREATE TABLE IF NOT EXISTS `order_product_option_values` (
  `order_product_option_id` int(10) UNSIGNED NOT NULL,
  `option_value_id` int(10) UNSIGNED NOT NULL,
  `price` decimal(18,4) UNSIGNED DEFAULT NULL,
  PRIMARY KEY (`order_product_option_id`,`option_value_id`),
  KEY `order_product_option_values_option_value_id_foreign` (`option_value_id`)
) ENGINE=InnoDB DEFAULT CHARSET=utf8mb4 COLLATE=utf8mb4_unicode_ci;

-- --------------------------------------------------------

--
-- Table structure for table `order_taxes`
--

DROP TABLE IF EXISTS `order_taxes`;
CREATE TABLE IF NOT EXISTS `order_taxes` (
  `order_id` int(10) UNSIGNED NOT NULL,
  `tax_rate_id` int(10) UNSIGNED NOT NULL,
  `amount` decimal(15,4) UNSIGNED NOT NULL,
  PRIMARY KEY (`order_id`,`tax_rate_id`),
  KEY `order_taxes_tax_rate_id_foreign` (`tax_rate_id`)
) ENGINE=InnoDB DEFAULT CHARSET=utf8mb4 COLLATE=utf8mb4_unicode_ci;

-- --------------------------------------------------------

--
-- Table structure for table `pages`
--

DROP TABLE IF EXISTS `pages`;
CREATE TABLE IF NOT EXISTS `pages` (
  `id` int(10) UNSIGNED NOT NULL AUTO_INCREMENT,
  `slug` varchar(191) COLLATE utf8mb4_unicode_ci NOT NULL,
  `is_active` tinyint(1) NOT NULL,
  `created_at` timestamp NULL DEFAULT NULL,
  `updated_at` timestamp NULL DEFAULT NULL,
  PRIMARY KEY (`id`),
  UNIQUE KEY `pages_slug_unique` (`slug`)
) ENGINE=InnoDB AUTO_INCREMENT=7 DEFAULT CHARSET=utf8mb4 COLLATE=utf8mb4_unicode_ci;

--
-- Dumping data for table `pages`
--

INSERT INTO `pages` (`id`, `slug`, `is_active`, `created_at`, `updated_at`) VALUES
(1, 'mn-nhn', 1, '2020-06-11 13:07:27', '2020-06-11 13:07:27'),
(2, 'alshrot-oalahkam', 1, '2020-08-10 23:06:03', '2020-08-10 23:06:03'),
(3, 'syas-almtgr', 1, '2020-08-10 23:09:53', '2020-08-10 23:09:53'),
(6, 'alasyl-alshayaa', 1, '2021-02-15 11:11:07', '2021-02-15 11:11:07');

-- --------------------------------------------------------

--
-- Table structure for table `page_translations`
--

DROP TABLE IF EXISTS `page_translations`;
CREATE TABLE IF NOT EXISTS `page_translations` (
  `id` int(10) UNSIGNED NOT NULL AUTO_INCREMENT,
  `page_id` int(10) UNSIGNED NOT NULL,
  `locale` varchar(191) COLLATE utf8mb4_unicode_ci NOT NULL,
  `name` varchar(191) COLLATE utf8mb4_unicode_ci NOT NULL,
  `body` longtext COLLATE utf8mb4_unicode_ci NOT NULL,
  PRIMARY KEY (`id`),
  UNIQUE KEY `page_translations_page_id_locale_unique` (`page_id`,`locale`)
) ENGINE=InnoDB AUTO_INCREMENT=7 DEFAULT CHARSET=utf8mb4 COLLATE=utf8mb4_unicode_ci;

--
-- Dumping data for table `page_translations`
--

INSERT INTO `page_translations` (`id`, `page_id`, `locale`, `name`, `body`) VALUES
(1, 1, 'ar', 'من نحن', '<div class=\"section-header left-style mb-olpo text-right\" dir=\"rtl\">\r\n<p style=\"text-align: center;\">shopx هو نظام تجارة إلكترونية كامل يتكون من موقع الكترونى مع تطبيق اندرويد و تطبيق Ios لبدء عملك التجاري الإلكتروني عبر الإنترنت بسهولة. يحتوي على لوحة إدارة قوية لإدارة المنتجات والفئات والقسائم والطلبات والصفحات والمزيد. تم تحسين Shopx بشكل كبير لمنح العملاء أفضل تجربة شراء. النظام عالي الأداء ومحمي ضد حقن SQL و XSS و CSRF وغيرها من الهجمات</p>\r\n</div>'),
(2, 2, 'ar', 'الشروط والأحكام', '<p style=\"text-align: center;\">هذا النص هو مثال لنص يمكن أن يستبدل في نفس المساحة، لقد تم توليد هذا النص من مولد النص العربى، حيث يمكنك أن تولد مثل هذا النص أو العديد من النصوص الأخرى إضافة إلى زيادة عدد الحروف التى يولدها التطبيق.<br class=\"line-break\" />إذا كنت تحتاج إلى عدد أكبر من الفقرات يتيح لك مولد النص العربى زيادة عدد الفقرات كما تريد، النص لن يبدو مقسما ولا يحوي أخطاء لغوية، مولد النص العربى مفيد لمصممي المواقع على وجه الخصوص، حيث يحتاج العميل فى كثير من الأحيان أن يطلع على صورة حقيقية لتصميم الموقع.<br class=\"line-break\" />ومن هنا وجب على المصمم أن يضع نصوصا مؤقتة على التصميم ليظهر للعميل الشكل كاملاً،دور مولد النص العربى أن يوفر على المصمم عناء البحث عن نص بديل لا علاقة له بالموضوع الذى يتحدث عنه التصميم فيظهر بشكل لا يليق.<br class=\"line-break\" />هذا النص يمكن أن يتم تركيبه على أي تصميم دون مشكلة فلن يبدو وكأنه نص منسوخ، غير منظم، غير منسق، أو حتى غير مفهوم. لأنه مازال نصاً بديلاً ومؤقتاً.</p>'),
(3, 3, 'ar', 'سياسة المتجر', '<p style=\"text-align: right;\"><strong>سياسة الخصوصية<br /></strong><br />هذا النص هو مثال لنص يمكن أن يستبدل في نفس المساحة، لقد تم توليد هذا النص من مولد النص العربى، حيث يمكنك أن تولد مثل هذا النص أو العديد من النصوص الأخرى إضافة إلى زيادة عدد الحروف التى يولدها التطبيق.<br class=\"line-break\" />إذا كنت تحتاج إلى عدد أكبر من الفقرات يتيح لك مولد النص العربى زيادة عدد الفقرات كما تريد، النص لن يبدو مقسما ولا يحوي أخطاء لغوية، مولد النص العربى مفيد لمصممي المواقع على وجه الخصوص، حيث يحتاج العميل فى كثير من الأحيان أن يطلع على صورة حقيقية لتصميم الموقع.<br class=\"line-break\" />&nbsp;<br /><strong>سياسة الشحن<br /><br /></strong>هذا النص هو مثال لنص يمكن أن يستبدل في نفس المساحة، لقد تم توليد هذا النص من مولد النص العربى، حيث يمكنك أن تولد مثل هذا النص أو العديد من النصوص الأخرى إضافة إلى زيادة عدد الحروف التى يولدها التطبيق.<br class=\"line-break\" />إذا كنت تحتاج إلى عدد أكبر من الفقرات يتيح لك مولد النص العربى زيادة عدد الفقرات كما تريد، النص لن يبدو مقسما ولا يحوي أخطاء لغوية، مولد النص العربى مفيد لمصممي المواقع على وجه الخصوص، حيث يحتاج العميل فى كثير من الأحيان أن يطلع على صورة حقيقية لتصميم الموقع.<br /><br /><strong>سياسة الإرجاع و الإسترداد النقدى&nbsp;<br /><br /></strong>هذا النص هو مثال لنص يمكن أن يستبدل في نفس المساحة، لقد تم توليد هذا النص من مولد النص العربى، حيث يمكنك أن تولد مثل هذا النص أو العديد من النصوص الأخرى إضافة إلى زيادة عدد الحروف التى يولدها التطبيق.<br class=\"line-break\" />إذا كنت تحتاج إلى عدد أكبر من الفقرات يتيح لك مولد النص العربى زيادة عدد الفقرات كما تريد، النص لن يبدو مقسما ولا يحوي أخطاء لغوية، مولد النص العربى مفيد لمصممي المواقع على وجه الخصوص، حيث يحتاج العميل فى كثير من الأحيان أن يطلع على صورة حقيقية لتصميم الموقع.<br /><br /><strong>طرق الدفع</strong></p>\r\n<p style=\"text-align: right;\">&nbsp;</p>\r\n<p style=\"text-align: right;\">هذا النص هو مثال لنص يمكن أن يستبدل في نفس المساحة، لقد تم توليد هذا النص من مولد النص العربى، حيث يمكنك أن تولد مثل هذا النص أو العديد من النصوص الأخرى إضافة إلى زيادة عدد الحروف التى يولدها التطبيق.<br class=\"line-break\" />إذا كنت تحتاج إلى عدد أكبر من الفقرات يتيح لك مولد النص العربى زيادة عدد الفقرات كما تريد، النص لن يبدو مقسما ولا يحوي أخطاء لغوية، مولد النص العربى مفيد لمصممي المواقع على وجه الخصوص، حيث يحتاج العميل فى كثير من الأحيان أن يطلع على صورة حقيقية لتصميم الموقع.</p>\r\n<p style=\"text-align: right;\">&nbsp;</p>\r\n<p style=\"text-align: right;\"><strong>كيفية عمل طلب<br /><br /></strong></p>\r\n<p style=\"text-align: right;\">هذا النص هو مثال لنص يمكن أن يستبدل في نفس المساحة، لقد تم توليد هذا النص من مولد النص العربى، حيث يمكنك أن تولد مثل هذا النص أو العديد من النصوص الأخرى إضافة إلى زيادة عدد الحروف التى يولدها التطبيق.<br class=\"line-break\" />إذا كنت تحتاج إلى عدد أكبر من الفقرات يتيح لك مولد النص العربى زيادة عدد الفقرات كما تريد، النص لن يبدو مقسما ولا يحوي أخطاء لغوية، مولد النص العربى مفيد لمصممي المواقع على وجه الخصوص، حيث يحتاج العميل فى كثير من الأحيان أن يطلع على صورة حقيقية لتصميم الموقع.</p>'),
(6, 6, 'ar', 'الاسئلة الشائعة', '<p><strong>ماهو شوبكس ؟</strong></p>\r\n<p>Shopx هو نظام تجارة إلكترونية كامل يتكون من موقع الكترونى مع تطبيق اندرويد و تطبيق Ios لبدء عملك التجاري الإلكتروني عبر الإنترنت بسهولة. يحتوي على لوحة إدارة قوية لإدارة المنتجات والفئات والقسائم والطلبات والصفحات والمزيد. تم تحسين Shopx بشكل كبير لمنح العملاء أفضل تجربة شراء. النظام عالي الأداء ومحمي ضد حقن SQL و XSS و CSRF وغيرها من الهجمات</p>\r\n<p>&nbsp;</p>\r\n<h4 class=\"title text-right\" dir=\"rtl\">كيف يمكننى شراء shopx ؟&nbsp;</h4>\r\n<p>يمكنك ان تتواصل مع احد اعضاء فريق المبيعات من خلال هذا الرقم 00201090250088 وطلب نسختك بعد ان تختار الخطة المناسبة لك ومن ثم سوف يطلعك موظف المبيعات على باقى خطوات الشراء</p>\r\n<p>&nbsp;</p>\r\n<h4 class=\"title\">ماهى المتطلبات اللازمه لشراء نسختى ؟&nbsp;</h4>\r\n<p>يجب ان تمتلك استضافه او سيرفر و نطاق (domain) لرفع و تثبيت الموقع عليه اما بالنسبه للتطبيق يتوجب عليك شراء حساب مطور من جوجل بلاى و حساب مطور من App store لرفع التطبيقات عليهم<br /><br /></p>\r\n<h4 class=\"title\">هل تقدم خدمة دعم فنى ؟</h4>\r\n<div class=\"faq-item\">\r\n<div class=\"faq-content text-right\" dir=\"rtl\">\r\n<p>نحن نقدم خدمة دعم فنى لمدة 6 أشهر لكل المشترين طوال الاسبوع عادا ايام العطلات الرسمية إذا كان لديك اى استفسارات يمكن التواصل واتساب من خلال هذا الرقم 00201090250088</p>\r\n</div>\r\n</div>\r\n<div class=\"faq-item\">\r\n<h4 class=\"title\">هل علي ان ادفع مبلغ شهريا ؟</h4>\r\n<div class=\"faq-item\">\r\n<div class=\"faq-content text-right\" dir=\"rtl\">\r\n<section class=\"faq-section padding-top\">\r\n<div class=\"container\">\r\n<div class=\"row\">\r\n<div class=\"col-lg-6\">\r\n<div class=\"faq-wrapper mb--38\">\r\n<div class=\"faq-item\">\r\n<div class=\"faq-content text-right\" dir=\"rtl\">\r\n<p>ان شوبكس هو منتج للبيع وليس للاشتراك شهريا لذلك اذا قمت بشراء متجر شوبكس ف هذا يعنى انه ملك لك الى الابد ولن يتم طلب اشتراكات شهريه منك</p>\r\n</div>\r\n</div>\r\n</div>\r\n</div>\r\n</div>\r\n</div>\r\n</section>\r\n</div>\r\n</div>\r\n<div class=\"faq-item\">\r\n<h4 class=\"title\">&nbsp;</h4>\r\n</div>\r\n</div>');

-- --------------------------------------------------------

--
-- Table structure for table `persistences`
--

DROP TABLE IF EXISTS `persistences`;
CREATE TABLE IF NOT EXISTS `persistences` (
  `id` int(10) UNSIGNED NOT NULL AUTO_INCREMENT,
  `user_id` int(10) UNSIGNED NOT NULL,
  `code` varchar(191) COLLATE utf8mb4_unicode_ci NOT NULL,
  `created_at` timestamp NULL DEFAULT NULL,
  `updated_at` timestamp NULL DEFAULT NULL,
  PRIMARY KEY (`id`),
  UNIQUE KEY `persistences_code_unique` (`code`),
  KEY `persistences_user_id_foreign` (`user_id`)
) ENGINE=InnoDB AUTO_INCREMENT=193 DEFAULT CHARSET=utf8mb4 COLLATE=utf8mb4_unicode_ci;

--
-- Dumping data for table `persistences`
--

INSERT INTO `persistences` (`id`, `user_id`, `code`, `created_at`, `updated_at`) VALUES
(1, 1, 'VzyWoimNeLggrVmTJL39tzLm9Kdbm4X1', '2020-06-10 12:38:13', '2020-06-10 12:38:13'),
(2, 1, 'pFp1wiYPMHAb9VZYGlY4Ag0hCaCZsb0v', '2020-06-10 12:02:27', '2020-06-10 12:02:27'),
(3, 1, '4sbpEJfLgdAwbjdrp0UEDGuwkyx1jBnx', '2020-06-11 03:44:07', '2020-06-11 03:44:07'),
(4, 1, 'quaudDDaVgZkel4rTCZSpticInpKQsz5', '2020-06-11 03:46:15', '2020-06-11 03:46:15'),
(5, 1, 'ZzgmTDwxhzgz47cvVWpXCgdS14W5tYhE', '2020-06-11 05:49:31', '2020-06-11 05:49:31'),
(7, 1, 'KiII60rl2AUU44yAJFwDCkV8ZyY1gtLI', '2020-06-11 16:53:30', '2020-06-11 16:53:30'),
(8, 1, 'kw6E4pduH144OgJsHQLplPok78hfEAio', '2020-06-11 18:26:56', '2020-06-11 18:26:56'),
(9, 1, 'Ul1wFYb9tjjsbZySsV2CObpONo7fcnn3', '2020-06-11 23:03:00', '2020-06-11 23:03:00'),
(10, 1, '25nQxsQZpdaa0DkErtb2OFVXrbtBlDNz', '2020-06-14 03:39:11', '2020-06-14 03:39:11'),
(12, 1, 'rvolC3bVHnOZAuzIOVB8CdEi2KRmMwtx', '2020-06-15 15:54:25', '2020-06-15 15:54:25'),
(15, 1, 'jS3RHjI5yTfyrpEBlDJSmFE9GQXIqAcT', '2020-06-15 17:03:10', '2020-06-15 17:03:10'),
(21, 1, 'Gm0XqRjokwmiW4eQeIkju5gzDLGHSUpa', '2020-06-17 08:37:59', '2020-06-17 08:37:59'),
(23, 1, 'Ta6bwJdtBDwJ22KjhMIc8RxCMzA9N0CL', '2020-06-17 15:18:43', '2020-06-17 15:18:43'),
(24, 1, 'wUE81u6zV28tDanMClTu2pUJ1HeoPl6w', '2020-06-17 18:01:27', '2020-06-17 18:01:27'),
(25, 1, '4yUqnrczMjWhsRp7QT4myAjuQJtS2rcu', '2020-06-17 18:41:47', '2020-06-17 18:41:47'),
(27, 1, 'ZaluILyXOKAgdNEY0Hktn7QmpoIpcfIX', '2020-06-18 08:05:44', '2020-06-18 08:05:44'),
(28, 1, 'yrVaTigeTqokBXdYnRn7Jqau5ISmomCn', '2020-06-18 23:05:26', '2020-06-18 23:05:26'),
(34, 1, 'zXvSM9Jss2ClcP87kt5kRU66wBOtj5Ai', '2020-06-23 05:35:25', '2020-06-23 05:35:25'),
(35, 1, 'aFovcZMGUd4A693SRGz73a51nEWeR814', '2020-06-23 19:18:36', '2020-06-23 19:18:36'),
(36, 1, '7yEFVvOyCeGODIiJ5cAANbEbODOY6MJb', '2020-06-24 05:06:20', '2020-06-24 05:06:20'),
(37, 1, 'vlShHmZk3gsXsEnDuZuyFoKqWmVc8e7T', '2020-06-24 08:52:34', '2020-06-24 08:52:34'),
(39, 1, 'xd87LpZrrfehnEdfZex1UGtHKZ2nqgp9', '2020-06-25 22:49:22', '2020-06-25 22:49:22'),
(40, 1, 'HYDofzPRW98zbmT4ErENvxk7kR21wjDG', '2020-06-27 20:42:43', '2020-06-27 20:42:43'),
(41, 1, 'Yl73WINuZLMCHP5y3YEUIwAy3xRdKWaU', '2020-06-28 07:00:07', '2020-06-28 07:00:07'),
(42, 1, '2l3WDhpoZK39JgRzx1q0XzWF0xilqO6N', '2020-06-28 22:28:47', '2020-06-28 22:28:47'),
(43, 1, 'ZSRfhSXpbyKA26uUFnCmmDQOpWGUC2j7', '2020-06-30 16:19:05', '2020-06-30 16:19:05'),
(44, 1, 'dUV86AopHsRCTntQaHoEikrCS52M4Z0o', '2020-06-30 22:13:00', '2020-06-30 22:13:00'),
(45, 1, 'NPKEgjt8aKaWBsOVVRwkXkyzGgTy6yFf', '2020-07-01 03:29:17', '2020-07-01 03:29:17'),
(46, 1, 'fCatzBwsFdO2ZCt2RMd17V6uEmb2HYvi', '2020-07-05 06:35:18', '2020-07-05 06:35:18'),
(47, 1, '4PHnji7JLXOYDIYduyq2A8DmmkJa3lmH', '2020-07-20 08:30:29', '2020-07-20 08:30:29'),
(48, 1, 'QPOxRL8PXInjhZ8mI8BdK6t8rEMYMbzm', '2020-07-20 08:46:15', '2020-07-20 08:46:15'),
(49, 1, 'aH0c8BpQakmRKVDK2ySwaP6UCSBfOD3H', '2020-07-23 21:14:57', '2020-07-23 21:14:57'),
(52, 1, '4YyIp3HQZqJDa0K5kz6BtAtbu3JK31xn', '2020-07-29 07:28:08', '2020-07-29 07:28:08'),
(54, 1, 'cDxePO3u2Lcq9Oy6fHxPBpGx2DZTepBF', '2020-08-01 02:38:54', '2020-08-01 02:38:54'),
(55, 1, 'Sw5KLrLXGGMTclcBvNREmHstETN3ODLY', '2020-08-01 02:52:58', '2020-08-01 02:52:58'),
(56, 1, 'cVZG7kfiS6RseNtZEf83bOBYQ9csvB9V', '2020-08-01 20:35:40', '2020-08-01 20:35:40'),
(58, 1, 'YE5dVBbxeMc2GvjdJCyGtcyxD7ZSkapy', '2020-08-02 08:52:10', '2020-08-02 08:52:10'),
(59, 1, 'lMjjNlFJLprSyGLCncJUBRrsVnVfHVhv', '2020-08-03 10:28:11', '2020-08-03 10:28:11'),
(60, 15, 'IoaSC4F8Grp79MN34FBEdjVElaPdfATz', '2020-08-03 10:41:24', '2020-08-03 10:41:24'),
(61, 1, 'tmzGKOgXqXTIpeSMvzpk41c4VzKlKSo1', '2020-08-04 03:39:38', '2020-08-04 03:39:38'),
(62, 15, 'DGlKHNs4Gt9SdwYf9G7eVEMCsalKkavb', '2020-08-04 08:14:35', '2020-08-04 08:14:35'),
(63, 1, 'PwLL1ykmdtQSz60zGhQwULOX4NADY3vG', '2020-08-04 09:11:42', '2020-08-04 09:11:42'),
(64, 1, 'Bastvhhe9htwKRnNN3NVsDqeTanqtwBR', '2020-08-04 19:14:09', '2020-08-04 19:14:09'),
(65, 1, 'q9Q1saRLImZEHr8atFpDmIBtSJ78phkx', '2020-08-05 00:17:39', '2020-08-05 00:17:39'),
(66, 1, 'JkISz9HswIj7Axa2HZxdGj9B33byKHaQ', '2020-08-05 00:42:23', '2020-08-05 00:42:23'),
(68, 15, 'OccvHbdQ0vHwc59RWeBEtdjbEKA8mAw6', '2020-08-05 22:33:42', '2020-08-05 22:33:42'),
(69, 1, 'V2fQr5mVyDFOdr2mbvcs4zoj6QrxpYVG', '2020-08-05 22:46:56', '2020-08-05 22:46:56'),
(70, 1, '5ojhhNuBh6kAImsJt4rjnBPo1I2HbWUb', '2020-08-05 23:45:48', '2020-08-05 23:45:48'),
(71, 1, 'ovUlDiljxBd4LyQGSK7591iIRbjud5yP', '2020-08-06 19:04:52', '2020-08-06 19:04:52'),
(72, 1, 'nV5al1KWB6cnfQtA2BT4IVhhU0O2NgbG', '2020-08-08 01:38:00', '2020-08-08 01:38:00'),
(73, 1, 'KNMt8fnKuXTkGXOp3qZJ3bvOaDfNPSY9', '2020-08-08 15:03:27', '2020-08-08 15:03:27'),
(74, 1, 'hZeTNf5pbzS8aBu42kmLRNBH8ukPHefO', '2020-08-08 15:12:09', '2020-08-08 15:12:09'),
(75, 1, 'eNdfw8J2CHc1wPKFRRYW0Kcg7Bd3Nj8y', '2020-08-09 02:15:32', '2020-08-09 02:15:32'),
(76, 1, 'doSAU0lDxgncLrWm4AToQoyTziYFBbdO', '2020-08-09 16:06:13', '2020-08-09 16:06:13'),
(77, 1, 'AZVYRGm4FJ1Z23RLEa4Lsga7QVoomfOE', '2020-08-09 19:05:43', '2020-08-09 19:05:43'),
(78, 1, 'bqC31tdd6OuI7SU01qyYSL9kECBebELi', '2020-08-09 19:07:17', '2020-08-09 19:07:17'),
(79, 1, 'ZyorD5arh8GKzuUOEl5XfToYXS5jI0jt', '2020-08-09 19:30:58', '2020-08-09 19:30:58'),
(80, 1, 'ZrQYI2y6eod0gDi7sBKnBC4mECoAVPxU', '2020-08-09 19:43:26', '2020-08-09 19:43:26'),
(81, 1, 'FUJ9WJBeORNLWvrZ3LemB0jhGykrshqB', '2020-08-09 21:30:52', '2020-08-09 21:30:52'),
(82, 1, 'tOgna8sTMggMl2v5Gv7sx64Kz1yCjQPO', '2020-08-09 21:35:32', '2020-08-09 21:35:32'),
(83, 1, 'Dt358tESA88r1KcqycLUlweso238EDwz', '2020-08-09 21:37:43', '2020-08-09 21:37:43'),
(84, 1, 'I5o38aoVsrQGMrEaHjweAqt7CeEMcehT', '2020-08-09 21:38:38', '2020-08-09 21:38:38'),
(85, 1, 'uC4s23rHq14olGSLgbLtkWXYd9VcY7ji', '2020-08-10 09:09:05', '2020-08-10 09:09:05'),
(86, 1, 'mPnJXPIDaeOooIrwd4JOIh88MEkoY7k8', '2020-08-10 17:13:04', '2020-08-10 17:13:04'),
(87, 1, 'O8Jy01z3wwM1UF3qdLXU66MAB7Xc6pFe', '2020-08-10 20:58:25', '2020-08-10 20:58:25'),
(88, 1, 'QjJITC63Zt1yUx3vAVeVHkE1xDjyKc1P', '2020-08-11 22:57:54', '2020-08-11 22:57:54'),
(89, 1, 'kt7BdEXhWCh1meaZk2jUiXSFlYRq6VcL', '2020-08-15 23:45:25', '2020-08-15 23:45:25'),
(90, 1, 'Nf0O1baYJXDROcemu02WiqA161yh8n6y', '2020-08-16 07:55:21', '2020-08-16 07:55:21'),
(91, 1, 'VAo5XkYmD80Q5cMv0EGYUaA1SfWMcbRk', '2020-08-18 20:01:44', '2020-08-18 20:01:44'),
(92, 1, 'W39rGk0K1ndUf8lvWFK9lrNiHYoYOt63', '2020-08-25 22:56:31', '2020-08-25 22:56:31'),
(93, 23, 'ZX9IMw0ZI0yoX1oQVGhTaye8CRYkrGqN', '2020-09-02 14:59:25', '2020-09-02 14:59:25'),
(94, 1, 'OVrqEy6C3oQUbPBwg8jXPQNmY0zPJlHn', '2020-09-10 00:44:51', '2020-09-10 00:44:51'),
(95, 1, 'eEJ4uXsOiCQweVv6hxlYjpcJ9jzPJoAz', '2020-09-10 16:02:47', '2020-09-10 16:02:47'),
(96, 1, 'EnVRjAlr4A5MjtMGNJyGY2t4ga4OT8eu', '2020-09-12 00:11:08', '2020-09-12 00:11:08'),
(97, 1, 'TLELQXlpVKGjU6YT0UN72qH2AglLNFAD', '2020-09-15 03:23:27', '2020-09-15 03:23:27'),
(98, 1, 'lJ4E2CbyHU3GBJKubVuGhTWIOCx2WJI3', '2020-10-05 08:55:09', '2020-10-05 08:55:09'),
(99, 1, 'ApqAKIiA48qvPZxPbW3lbo2w9UGafwLx', '2020-10-05 01:03:07', '2020-10-05 01:03:07'),
(100, 1, '6Tz0EBvMOEq54m9NB1EM8yU57uo6Habn', '2020-10-05 16:26:13', '2020-10-05 16:26:13'),
(101, 1, '1swNvMo8pC3MdHAmShHZvkHSabiWXDBN', '2020-10-05 17:15:23', '2020-10-05 17:15:23'),
(102, 1, 'fSloTRNmBqiK17q9FHsTZBxBqmpgTPKd', '2020-10-05 21:18:46', '2020-10-05 21:18:46'),
(105, 1, 'TLKtWpJnVgNXwCURlUMrIKn62nbg2NBL', '2020-10-05 22:21:49', '2020-10-05 22:21:49'),
(106, 1, 'EuLsZcbmBigrCzkTWB6DIPBXPORr8HDT', '2020-10-06 02:58:57', '2020-10-06 02:58:57'),
(107, 1, 'YUpBkciAi3QxmETynXUnmLcvCdqRWokG', '2020-12-21 21:03:39', '2020-12-21 21:03:39'),
(108, 1, '3L6mFs07fqcHIQoNtRH0DtfA3zgbUG1o', '2020-12-22 17:23:33', '2020-12-22 17:23:33'),
(109, 1, '7qdCNIMOwBv6cN0CdmpR6fXVDjr9bFfr', '2020-12-22 19:30:44', '2020-12-22 19:30:44'),
(110, 1, 'diR3qx53s7m6kGyNZyO0zBsASZIlm0kK', '2021-01-02 17:35:35', '2021-01-02 17:35:35'),
(118, 29, 'I5CBpYgUbLlDcdUj4tkSm4hUjLRynfuN', '2021-01-03 02:58:19', '2021-01-03 02:58:19'),
(119, 29, 'O2RPZXZUYqQpV43xdWCIxZ8o73SmBoWp', '2021-01-03 16:28:12', '2021-01-03 16:28:12'),
(120, 29, 'qi7g2g5QZVKCFeKPpdV6gu13RNscobcW', '2021-01-03 16:36:48', '2021-01-03 16:36:48'),
(122, 29, 'MNEtDDdYjkCc1bs3gWQ7La1xqFw06GRL', '2021-01-04 11:53:32', '2021-01-04 11:53:32'),
(124, 29, 'Hx1uBKtXI8PfsALj81tbksVXJZu2jL5M', '2021-01-07 02:44:02', '2021-01-07 02:44:02'),
(125, 1, '4iktGYidcRg94d5qQXFD3DPrYCVZ0R8L', '2021-01-08 23:12:56', '2021-01-08 23:12:56'),
(127, 1, '3qDwqCMUdX8uDoCg9AKzCvTxEG1HknDo', '2021-01-09 18:24:31', '2021-01-09 18:24:31'),
(128, 1, 'j4R6sFXy2xN1mLKXhZnsLu6Y5pzfRoO9', '2021-01-10 02:49:37', '2021-01-10 02:49:37'),
(129, 29, 'Wsd80Jrq4xA28JObGGQM8ZVplzG0ySGM', '2021-01-10 14:27:53', '2021-01-10 14:27:53'),
(130, 29, '09MKnMerTuibkMUXhAPcXKMzrxpBE0de', '2021-01-10 15:41:53', '2021-01-10 15:41:53'),
(131, 29, 'Y4bHe7Hmzbi86ZmLhjrz7xj3oWQWXJCJ', '2021-01-10 16:45:20', '2021-01-10 16:45:20'),
(132, 1, '1V5NiB4gsxl7QeC29RlhwDp12bBUD9v1', '2021-01-10 17:59:23', '2021-01-10 17:59:23'),
(133, 1, 'fC28oNJue2F6WGDO3j51KWCWNyv7gN5r', '2021-01-10 20:22:47', '2021-01-10 20:22:47'),
(134, 29, 'B1uHuyi9SDru0JvtH1MAom26x7CKdg02', '2021-01-11 17:02:10', '2021-01-11 17:02:10'),
(135, 1, 'm05JHK94CrwAMBDaoyy6Pvr1hakuKscI', '2021-01-11 18:37:45', '2021-01-11 18:37:45'),
(136, 29, 'izQruTZchKe21FxYwo3gLjZGrV0KBafQ', '2021-01-12 08:58:56', '2021-01-12 08:58:56'),
(137, 29, 'eJi8mqQaR4NuIfHhUqroiPa6qYx4RoPh', '2021-01-12 10:03:02', '2021-01-12 10:03:02'),
(138, 1, 'MKwXRJvFzh51efKHvJZSZyLtN7fT53Ci', '2021-01-16 16:58:15', '2021-01-16 16:58:15'),
(139, 1, 'WtXMeHEByC0PsP9apqzN6zEM8nrtX62J', '2021-01-18 04:54:52', '2021-01-18 04:54:52'),
(140, 29, 'zAM1TVS0fsWv7YtHhN6fku9vpD4OofcX', '2021-01-18 18:58:30', '2021-01-18 18:58:30'),
(141, 29, 'k0uQSXuaUjvSGTRg84UPgiM516afO61z', '2021-01-19 12:55:38', '2021-01-19 12:55:38'),
(142, 29, '7M9xul5KtwgwwAJFlFbZVCD5IiAxghTQ', '2021-01-20 12:43:55', '2021-01-20 12:43:55'),
(143, 29, 'sxXHtZ6JNxKVh2VX4PvKk1AB8JUnA37G', '2021-01-21 21:28:46', '2021-01-21 21:28:46'),
(144, 29, 'tu0vGuhFelPznV6EFwdVGkLsnJg2e5us', '2021-01-22 09:49:05', '2021-01-22 09:49:05'),
(145, 29, 'yvZqGiMlLbGtVPI2f3n4tPvu8gFGoCXI', '2021-01-22 14:51:25', '2021-01-22 14:51:25'),
(146, 1, 'cUdQnO87U16hWfdsdKbGeYilyhPTATIT', '2021-01-22 19:35:08', '2021-01-22 19:35:08'),
(147, 29, 'vhLaJl7yztz2mBhblP7N8bo4AxHinTeQ', '2021-01-30 19:34:34', '2021-01-30 19:34:34'),
(149, 29, '2UAU9Q2t4GwUsOOzj0Rj7yV8h3GnML2K', '2021-01-30 19:40:29', '2021-01-30 19:40:29'),
(151, 29, 'qyOgVHngiBU2hZgzg5RRl32xm4jtUfll', '2021-01-31 15:57:05', '2021-01-31 15:57:05'),
(152, 29, '4RpWI0ve5X2HKFVvttmOG8FBVoxgRD84', '2021-01-31 16:13:30', '2021-01-31 16:13:30'),
(153, 29, 'XANwK0FOGnwjavpoeiXjoBeIcIL1w0Gf', '2021-01-31 17:34:18', '2021-01-31 17:34:18'),
(154, 29, 'HSfDkOhY7Dpgm5W2ebPFG3fMA7zu1cG8', '2021-02-01 13:53:15', '2021-02-01 13:53:15'),
(155, 29, 'lv2IVwcN32fArf3NXoOdMlMqZKcXkAoE', '2021-02-01 15:50:49', '2021-02-01 15:50:49'),
(156, 1, 'H3kRWenaWWoB4Zv9BIEN3RQlenPERBIH', '2021-02-02 17:37:09', '2021-02-02 17:37:09'),
(157, 29, 'ZtuBjzP5dM3P0GaYYPVlIcMxFscZYz4H', '2021-02-04 12:49:24', '2021-02-04 12:49:24'),
(158, 1, 'ItpTp1mEYQczbMqECNb0ztiwQe26GpHO', '2021-02-08 12:42:45', '2021-02-08 12:42:45'),
(161, 1, 'Ki2KG3f7H97JFeSMis6jj1r2EcE8DD4s', '2021-02-10 11:28:57', '2021-02-10 11:28:57'),
(162, 29, 'icSUtTec98OY1z0LPm5RSxUKLJmQw75m', '2021-02-13 19:35:10', '2021-02-13 19:35:10'),
(163, 29, 'ZfFiMwtIUV7Eb0EXJC04S3K77p4VdcjX', '2021-02-14 10:40:47', '2021-02-14 10:40:47'),
(164, 1, '2TCKrxrTWadq3Xw1aiIsPhZV1OnW0lKn', '2021-02-14 18:17:04', '2021-02-14 18:17:04'),
(165, 29, 'wgt6w9YYfdbzIsA6zgC1yeJSIpqBhrQc', '2021-02-14 18:25:14', '2021-02-14 18:25:14'),
(166, 29, 'M7ansCH8IGg2VBGzWIUhPbLwj58nAHT9', '2021-02-15 08:47:39', '2021-02-15 08:47:39'),
(168, 29, '52vnRUXTDD9oaM04rkEkJsMr0SQcjJiL', '2021-02-16 17:00:18', '2021-02-16 17:00:18'),
(169, 1, 'uG7tU802BId2vfDb9iW5doFxPX6XgKMN', '2021-03-01 02:33:36', '2021-03-01 02:33:36'),
(170, 1, 'j0aJcqMZXnZk66ld8b75CkcaXRjxpBKt', '2021-03-01 05:14:09', '2021-03-01 05:14:09'),
(171, 1, '0gv4V10pkQs69KVKclIK1sPyiHYqLxQg', '2021-03-05 00:33:11', '2021-03-05 00:33:11'),
(172, 1, 'TAdyFvfNURoaTX8UzqYdYQT3jysQPutG', '2021-03-06 10:32:42', '2021-03-06 10:32:42'),
(173, 33, 'slCKukYCiv6QeAmqjuTkIdQ5EDczlt8W', '2021-03-06 12:16:02', '2021-03-06 12:16:02'),
(174, 33, '3I3kLqnDJPmGlVgdxaUmwZuEOHKRTucx', '2021-03-06 19:46:36', '2021-03-06 19:46:36'),
(175, 33, 'z7FKjhqC2vQfRhQKtFXSuRCCokB9T5DX', '2021-03-06 23:21:05', '2021-03-06 23:21:05'),
(176, 33, 'NyJ6ri2fjNJ0gEdbGacRSBZJFEjXNg2w', '2021-03-07 11:25:11', '2021-03-07 11:25:11'),
(177, 33, 'DPR0eofp5ZS7nYGZH305wrTiw7UUPMj8', '2021-03-07 16:29:32', '2021-03-07 16:29:32'),
(178, 33, 'YwH8sdtf5BN6uYTr96uWNOeLisbudAnU', '2021-03-07 21:04:56', '2021-03-07 21:04:56'),
(179, 33, 'tc8LMGdojBlxsbj8haDRoa6nsB5jf3rO', '2021-03-08 11:26:01', '2021-03-08 11:26:01'),
(180, 33, 'KRKZnTDyMcE7nmRIOcLYIVmt8iqNSD0e', '2021-03-08 15:14:20', '2021-03-08 15:14:20'),
(181, 33, 'VBTym9dG66CYs3FFMhxzgN2gcKVbGOLh', '2021-03-08 20:19:46', '2021-03-08 20:19:46'),
(182, 33, 'Z0Ym6FpztZncc8QK6eHT5ZY10gxkwNjm', '2021-03-08 23:51:47', '2021-03-08 23:51:47'),
(183, 33, '5rglGto22FmMjo9EDQJnGLxcqk1X5zsS', '2021-03-09 13:21:36', '2021-03-09 13:21:36'),
(184, 33, 'xKi4RQOhdCv90hZMCeFCzGkTUhAIVTq9', '2021-03-10 01:29:40', '2021-03-10 01:29:40'),
(185, 33, 'MO5nmuQUd959BeVbS1sfszlElSg2eX6u', '2021-03-10 11:06:00', '2021-03-10 11:06:00'),
(186, 33, 'CTHFEu5p313ut78icxFOArLhkeo4bbrn', '2021-03-10 16:50:25', '2021-03-10 16:50:25'),
(187, 33, 'giT1amazD9gG5APVdaTeakanjNkw2ULt', '2021-03-11 14:18:31', '2021-03-11 14:18:31'),
(188, 33, 'zvwj0aiwEgtPkIBfr0FvPrrU9QcdO4mr', '2021-03-12 12:57:33', '2021-03-12 12:57:33'),
(189, 33, '1vpkjVlWcZXhW7597iWZV7aSIB4KrV1E', '2021-03-19 22:58:54', '2021-03-19 22:58:54'),
(190, 1, 'KxXXbvI8hrqs7OxhHnlId0FpP1a9inmE', '2021-03-30 20:50:06', '2021-03-30 20:50:06'),
(191, 1, '3yKzYkWR9qKU1rsNF5AYwAJ1O0drrUyD', '2021-06-12 23:11:07', '2021-06-12 23:11:07'),
(192, 1, 'GcdM8ibBchT5MwNWDJV7hDWBcGRmuppq', '2021-06-13 07:53:13', '2021-06-13 07:53:13');

-- --------------------------------------------------------

--
-- Table structure for table `products`
--

DROP TABLE IF EXISTS `products`;
CREATE TABLE IF NOT EXISTS `products` (
  `id` int(10) UNSIGNED NOT NULL AUTO_INCREMENT,
  `brand_id` int(10) UNSIGNED DEFAULT NULL,
  `supplier_id` int(11) DEFAULT NULL,
  `tax_class_id` int(10) UNSIGNED DEFAULT NULL,
  `slug` varchar(191) COLLATE utf8mb4_unicode_ci NOT NULL,
  `price` decimal(18,4) UNSIGNED NOT NULL,
  `special_price` decimal(18,4) UNSIGNED DEFAULT NULL,
  `special_price_type` varchar(191) COLLATE utf8mb4_unicode_ci DEFAULT NULL,
  `special_price_start` date DEFAULT NULL,
  `special_price_end` date DEFAULT NULL,
  `selling_price` decimal(18,4) UNSIGNED DEFAULT NULL,
  `sku` varchar(191) COLLATE utf8mb4_unicode_ci DEFAULT NULL,
  `manage_stock` tinyint(1) NOT NULL,
  `qty` int(11) DEFAULT NULL,
  `in_stock` tinyint(1) NOT NULL,
  `viewed` int(10) UNSIGNED NOT NULL DEFAULT '0',
  `is_active` tinyint(1) NOT NULL,
  `new_from` datetime DEFAULT NULL,
  `new_to` datetime DEFAULT NULL,
  `deleted_at` timestamp NULL DEFAULT NULL,
  `created_at` timestamp NULL DEFAULT NULL,
  `updated_at` timestamp NULL DEFAULT NULL,
  PRIMARY KEY (`id`),
  UNIQUE KEY `products_slug_unique` (`slug`),
  KEY `products_brand_id_foreign` (`brand_id`)
) ENGINE=InnoDB AUTO_INCREMENT=218 DEFAULT CHARSET=utf8mb4 COLLATE=utf8mb4_unicode_ci;

--
-- Dumping data for table `products`
--

INSERT INTO `products` (`id`, `brand_id`, `supplier_id`, `tax_class_id`, `slug`, `price`, `special_price`, `special_price_type`, `special_price_start`, `special_price_end`, `selling_price`, `sku`, `manage_stock`, `qty`, `in_stock`, `viewed`, `is_active`, `new_from`, `new_to`, `deleted_at`, `created_at`, `updated_at`) VALUES
(1, 8, NULL, NULL, 'alasm', '4.0000', '3.0000', 'fixed', '2020-06-11', '2020-06-10', '4.0000', NULL, 0, NULL, 1, 2, 1, NULL, NULL, '2020-08-02 11:07:49', '2020-06-11 13:28:52', '2020-08-02 11:07:49'),
(2, 8, NULL, NULL, 'krym-allyl', '17.0000', NULL, 'fixed', NULL, NULL, '17.0000', NULL, 0, NULL, 1, 22, 1, NULL, NULL, '2020-08-02 11:07:49', '2020-06-11 17:30:01', '2020-08-02 11:07:49'),
(3, 9, NULL, NULL, 'krym-alnhar-aloak', '17.0000', NULL, 'fixed', NULL, NULL, '17.0000', 'LC122', 0, NULL, 1, 33, 1, '2020-06-01 00:00:00', '2020-06-02 00:00:00', '2020-08-02 11:07:49', '2020-06-14 12:29:16', '2020-08-02 11:07:49'),
(4, 9, NULL, NULL, 'krym-tbyyd', '17.0000', NULL, 'fixed', NULL, NULL, '17.0000', 'LC126', 0, NULL, 1, 9, 1, NULL, NULL, '2020-08-02 11:07:49', '2020-06-14 12:59:55', '2020-08-02 11:07:49'),
(5, NULL, NULL, NULL, 'gl-alaayon-31', '12.9000', NULL, 'fixed', NULL, NULL, '12.9000', 'LC125', 0, NULL, 1, 3, 1, NULL, NULL, '2020-07-20 08:36:29', '2020-06-14 13:29:19', '2020-07-20 08:36:29'),
(6, NULL, NULL, NULL, 'krym-khaly-mn-altgaaayd', '17.0000', NULL, 'fixed', NULL, NULL, '17.0000', 'LC124', 0, NULL, 1, 3, 1, NULL, NULL, '2020-07-20 08:36:29', '2020-06-14 13:36:30', '2020-07-20 08:36:29'),
(7, NULL, NULL, NULL, 'gl-altnthyf-alaamyk', '13.0000', NULL, 'fixed', NULL, NULL, '13.0000', 'LC131', 0, NULL, 1, 0, 1, NULL, NULL, '2020-07-20 08:36:29', '2020-06-14 14:12:02', '2020-07-20 08:36:29'),
(8, NULL, NULL, NULL, 'mkshr-algsm-bmlh-albhr-almyt-7', '13.0000', NULL, 'fixed', NULL, NULL, '13.0000', NULL, 0, NULL, 0, 5, 1, NULL, NULL, '2020-07-20 08:36:29', '2020-06-14 14:43:56', '2020-07-20 08:36:29'),
(9, NULL, NULL, NULL, 'zyt-altdlyk-150', '10.0000', NULL, 'fixed', NULL, NULL, '10.0000', NULL, 0, NULL, 0, 1, 1, NULL, NULL, '2020-07-20 08:36:29', '2020-06-14 17:53:07', '2020-07-20 08:36:29'),
(10, NULL, NULL, NULL, 'zbd-algsm', '14.0000', NULL, 'fixed', NULL, NULL, '14.0000', 'LH112', 0, NULL, 1, 8, 1, NULL, NULL, '2020-07-20 08:36:29', '2020-06-17 18:37:40', '2020-07-20 08:36:29'),
(11, NULL, NULL, NULL, 'krym-altbyyd', '13.0000', NULL, 'fixed', NULL, NULL, '13.0000', 'LC130', 0, NULL, 1, 3, 1, NULL, NULL, '2020-07-20 08:36:29', '2020-06-17 18:41:55', '2020-07-20 08:36:29'),
(12, NULL, NULL, NULL, 'mkshr-llogh', '13.0000', NULL, 'fixed', NULL, NULL, '13.0000', 'LC129', 0, NULL, 1, 4, 1, NULL, NULL, '2020-07-20 08:36:29', '2020-06-17 18:46:27', '2020-07-20 08:36:29'),
(13, NULL, NULL, NULL, 'krym-alaanay-balydyn', '12.0000', NULL, 'fixed', NULL, NULL, '12.0000', ': LC128', 0, NULL, 1, 0, 1, NULL, NULL, '2020-07-20 08:36:29', '2020-06-17 18:51:26', '2020-07-20 08:36:29'),
(14, NULL, NULL, NULL, 'krym-alaanay-balkdm', '12.0000', NULL, 'fixed', NULL, NULL, '12.0000', 'LC127', 0, NULL, 1, 1, 1, NULL, NULL, '2020-07-20 08:36:29', '2020-06-17 18:54:45', '2020-07-20 08:36:29'),
(15, NULL, NULL, NULL, 'amlah-albhr-almyt-altbyaa', '15.0000', NULL, 'fixed', NULL, NULL, '15.0000', 'LB118', 0, NULL, 1, 1, 1, NULL, NULL, '2020-07-20 08:36:29', '2020-06-17 19:10:59', '2020-07-20 08:36:29'),
(16, NULL, NULL, NULL, 'sabon-altyn-alasod', '5.5000', NULL, 'fixed', NULL, NULL, '5.5000', 'LF118', 0, NULL, 0, 0, 1, NULL, NULL, '2020-07-20 08:36:29', '2020-06-17 19:16:31', '2020-07-20 08:36:29'),
(17, NULL, NULL, NULL, 'sabon-maadny', '5.5000', NULL, 'fixed', NULL, NULL, '5.5000', 'LF119', 0, NULL, 1, 0, 1, NULL, NULL, '2020-07-20 08:36:29', '2020-06-17 19:19:56', '2020-07-20 08:36:29'),
(18, NULL, NULL, NULL, 'sabon-tnthyf', '5.5000', NULL, 'fixed', NULL, NULL, '5.5000', 'LF120', 0, NULL, 1, 1, 1, NULL, NULL, '2020-07-20 08:36:29', '2020-06-17 19:51:54', '2020-07-20 08:36:29'),
(19, NULL, NULL, NULL, 'sabon-allof-altbyaay', '5.5000', NULL, 'fixed', NULL, NULL, '5.5000', 'LF122', 0, NULL, 1, 2, 1, NULL, NULL, '2020-07-20 08:36:29', '2020-06-17 19:54:02', '2020-07-20 08:36:29'),
(20, NULL, NULL, NULL, 'shambo-blsm-tyn-aaady-zyty-gaf', '10.0000', NULL, 'fixed', NULL, NULL, '10.0000', 'LH111, LH112, LH113', 0, NULL, 1, 2, 1, NULL, NULL, '2020-07-20 08:36:29', '2020-06-17 20:00:40', '2020-07-20 08:36:29'),
(21, NULL, NULL, NULL, 'tyn-algsm', '13.0000', NULL, 'fixed', NULL, NULL, '13.0000', 'LB111', 0, NULL, 1, 2, 1, NULL, NULL, '2020-07-20 08:36:29', '2020-06-17 20:10:53', '2020-07-20 08:36:29'),
(22, NULL, NULL, NULL, 'tyn-algsm-3JKxLH87', '6.5000', NULL, 'fixed', NULL, NULL, '6.5000', 'LB112', 0, NULL, 1, 1, 1, NULL, NULL, '2020-07-20 08:36:29', '2020-06-17 20:13:49', '2020-07-20 08:36:29'),
(23, NULL, NULL, NULL, 'knaaa-altyn-llogh', '5.5000', NULL, 'fixed', NULL, NULL, '5.5000', '(LF188 - LF155)', 1, 11, 1, 22, 1, NULL, NULL, '2020-07-20 08:36:29', '2020-06-17 20:17:15', '2020-07-20 08:36:29'),
(24, NULL, NULL, NULL, 'shay', '50.0000', '60.0000', 'fixed', NULL, NULL, '60.0000', NULL, 1, 20, 1, 3, 1, NULL, '2020-06-24 00:00:00', '2020-06-23 08:44:05', '2020-06-23 08:36:18', '2020-06-23 08:44:05'),
(25, 8, NULL, NULL, 'apple-macbook-pro-2019-model-13-inch-intel-core-i5-14ghz-8gb-128gb', '999.0000', NULL, 'fixed', NULL, NULL, '999.0000', 'PUYNR7RX', 0, NULL, 1, 48, 1, NULL, NULL, '2021-01-06 18:22:50', '2020-08-02 11:17:36', '2021-01-06 18:22:50'),
(26, 9, NULL, 1, 'oneplus-7-pro-gm1910-256gb-8gb-dual-sim-667-inch-48mp-main-lens-triple-camera', '558.9700', '558.9700', 'fixed', NULL, NULL, '558.9700', 'ZGY58TBF', 0, NULL, 1, 81, 1, '2021-01-05 00:00:00', '2021-01-24 00:00:00', NULL, '2020-08-03 12:35:00', '2021-03-21 06:24:25'),
(27, 12, NULL, NULL, 'hp-spectre-x360-2-in-1-156-4k-ultra-hd-touch-screen-laptop-intel-i7-8th-gen', '1499.7700', '1300.0000', 'fixed', '2020-08-03', '2020-08-25', '1499.7700', 'RASK3ZKJ', 0, NULL, 1, 10, 1, NULL, NULL, '2021-01-06 18:22:50', '2020-08-03 12:46:01', '2021-01-06 18:22:50'),
(28, 13, NULL, NULL, 'dell-xps-13-9380-133-4k-uhd-3840x2160-multi-touch-ips-display-intel-core-i7-8565u', '1199.6600', NULL, 'fixed', NULL, NULL, '1199.6600', 'R7Q933ML', 0, NULL, 1, 10, 1, NULL, NULL, '2021-01-06 18:22:50', '2020-08-03 12:55:28', '2021-01-06 18:22:50'),
(29, 10, NULL, NULL, 'huawei-kepler-matebook-d-14-amd-r5-8gb256gb-mystic-silver', '699.9900', NULL, 'fixed', NULL, NULL, '699.9900', '4EH3ZYEY', 0, NULL, 1, 16, 1, NULL, NULL, '2021-01-06 18:22:50', '2020-08-03 13:06:24', '2021-01-06 18:22:50'),
(30, 14, NULL, 1, 'acer-swift-3-sf315-41g-r6mp-laptop-156-full-hd-ips-display-amd-ryzen-7-2700u-amd-radeon-rx-540-graphics', '901.0000', '750.0000', 'fixed', '2020-08-01', NULL, '750.0000', 'ZX7BFKDK', 1, 0, 1, 5, 1, NULL, NULL, '2021-01-06 18:22:50', '2020-08-08 15:12:33', '2021-01-06 18:22:50'),
(31, 8, NULL, 1, 'apple-macbook-air-13-inch-8gb-ram-256gb-storage-16ghz-intel-core-i5-gold', '949.9900', NULL, 'fixed', NULL, NULL, '949.9900', '8KK26Y52', 1, 0, 1, 4, 1, NULL, NULL, '2021-01-06 18:22:50', '2020-08-08 15:28:42', '2021-01-06 18:22:50'),
(32, 15, NULL, 1, 'asus-rog-zephyrus-s-gx502gv-gaming-laptop-intel-i7-9750h-32gb-ram', '1799.4500', NULL, 'fixed', NULL, NULL, '1799.4500', 'AGWNZRDL', 1, 46, 1, 6, 1, NULL, NULL, '2021-01-06 18:22:50', '2020-08-08 15:45:42', '2021-01-06 18:22:50'),
(33, 13, NULL, 1, 'dell-g5-15-gaming-laptop-intel-core-i7-9750h-nvidia-gtx-1650-156-fhd-lcd-screen', '1099.9800', NULL, 'fixed', NULL, NULL, '1099.9800', '6JTHPVRM', 0, NULL, 1, 4, 1, NULL, NULL, '2021-01-06 18:22:50', '2020-08-08 15:52:52', '2021-01-06 18:22:50'),
(34, 15, NULL, NULL, 'zenbook-pro-duo-ux581-touchscreen-laptop-with-screenpad-plus-intel-i9-9980hk-geforce-rtx-2060', '3399.9900', '3000.0000', 'fixed', NULL, NULL, '3000.0000', 'K92BA8TM', 1, 42, 1, 5, 1, NULL, NULL, '2021-01-06 18:22:50', '2020-08-08 16:01:22', '2021-01-06 18:22:50'),
(35, 15, NULL, 1, 'asus-mothership-x-laptop-intel-i9-9980hk-8-core-64gb-ram-2tb-pcie-ssd-173-full-hd', '6749.0000', NULL, 'fixed', NULL, NULL, '6749.0000', 'A5M6USA3', 0, NULL, 1, 4, 1, NULL, NULL, '2021-01-06 18:22:50', '2020-08-08 16:10:12', '2021-01-06 18:22:50'),
(36, 12, NULL, 1, 'hp-elite-dragonfly-notebook-pc8th-generation-core-i5', '1624.6500', NULL, 'fixed', NULL, NULL, '1624.6500', 'EBQJB9KS', 0, NULL, 0, 3, 1, NULL, NULL, '2021-01-06 18:22:50', '2020-08-08 16:15:06', '2021-01-06 18:22:50'),
(37, 8, NULL, 1, 'iphone-11-pro-max-64g-65-inch-genuine-phone-with-dual-card-and-full-screen', '1581.0000', NULL, 'fixed', NULL, NULL, '1581.0000', '5TBP2XTQ', 0, NULL, 1, 12, 1, NULL, NULL, NULL, '2020-08-08 16:22:11', '2021-03-22 06:37:35'),
(38, 9, NULL, NULL, 'samsung-galaxy-s20-sm-g980fds-dual-sim-128gb-62-international-version', '1499.0000', '1350.0000', 'fixed', NULL, NULL, '1350.0000', 'MK26ZBJQ', 1, 0, 0, 35, 1, NULL, NULL, NULL, '2020-08-08 16:29:35', '2021-03-14 17:08:35'),
(39, 9, NULL, 2, 'samsung-galaxy-a51-sm-a515fds-dual-sim-128gb-gsm-unlocked', '349.9900', NULL, 'fixed', NULL, NULL, '349.9900', '259364BH', 0, NULL, 1, 20, 1, '2021-01-05 00:00:00', '2021-01-19 00:00:00', NULL, '2020-08-08 16:39:38', '2021-03-13 17:13:30'),
(40, 10, NULL, 1, 'huawei-mate-30-662-no-google-play-tas-al00ds-128gb-8gb-ram-gsm-only-no-cdma-factory-unlocked', '1450.4500', NULL, 'fixed', NULL, NULL, '1450.4500', 'Y28NPPAF', 0, NULL, 1, 123, 1, '2021-01-05 00:00:00', '2021-01-25 00:00:00', NULL, '2020-08-08 17:09:23', '2021-03-21 23:01:46'),
(41, 10, 8, 1, 'huawei-p30-pro-128gb8gb-ram-vog-l29-40mp-lte-factory-unlocked-gsm-smartphone', '639.9900', NULL, 'fixed', NULL, NULL, '639.9900', 'QPRU2UNF', 1, 41, 1, 26, 1, NULL, NULL, NULL, '2020-08-08 17:17:43', '2021-03-21 04:15:51'),
(42, 10, 2, 1, 'huawei-mate-30-pro-653-128gb-8gb-ram-gsm-only-no-cdma-factory-unlocked', '840.0000', '800.0000', 'fixed', NULL, NULL, '800.0000', '6F6KDHTU', 0, NULL, 1, 23, 1, '2021-01-05 00:00:00', '2021-01-25 00:00:00', NULL, '2020-08-08 17:25:54', '2021-03-20 23:23:38'),
(43, 8, 2, 1, 'apple-ipad-pro-11-inch-wi-fi-64gb-silver-1st-generation', '1059.0000', NULL, 'fixed', NULL, NULL, '1059.0000', 'UKAH4VT7', 0, NULL, 1, 13, 1, NULL, NULL, NULL, '2020-08-08 17:32:22', '2021-03-21 21:21:37'),
(44, 8, NULL, 1, 'apple-ipad-pro-129-inch-wi-fi-256gb-space-gray-3rd-generation', '999.9900', NULL, 'fixed', NULL, NULL, '999.9900', 'W3VFKNWK', 0, NULL, 1, 26, 1, '2021-01-05 00:00:00', '2021-01-31 00:00:00', NULL, '2020-08-08 17:38:11', '2021-03-21 18:09:06'),
(45, 9, 7, 1, 'samsung-galaxy-tab-s6-105-128gb-wifi-tablet-cloud-blue', '579.6600', NULL, 'fixed', NULL, NULL, '579.6600', 'LDV8H4ZJ', 0, NULL, 1, 10, 1, '2021-01-05 00:00:00', '2021-01-16 00:00:00', NULL, '2020-08-08 17:43:59', '2021-03-21 07:01:54'),
(46, 8, NULL, 1, 'new-apple-ipad-102-inch-wi-fi-128gb-space-gray-latest-model', '399.9800', NULL, 'fixed', NULL, NULL, '399.9800', 'FZ6MKG6Y', 0, NULL, 1, 17, 1, '2021-01-23 00:00:00', NULL, NULL, '2020-08-08 17:52:11', '2021-03-21 19:51:41'),
(47, 17, NULL, NULL, 'lenovo-flex-14-2-in-1-convertible-laptop-14-inch-fhd-touchscreen-display-amd-ryzen-5-3500u-processor', '699.7700', '650.0000', 'fixed', NULL, NULL, '650.0000', 'B69JK7GB', 0, NULL, 0, 7, 1, NULL, NULL, '2021-01-06 18:22:25', '2020-08-08 18:01:16', '2021-01-06 18:22:25'),
(48, 16, NULL, 1, 'microsoft-surface-pro-6-intel-core-i5-8gb-ram-128gb', '530.0000', NULL, 'fixed', NULL, NULL, '530.0000', 'T3XKLUHS', 1, 47, 1, 6, 1, NULL, NULL, '2021-01-06 18:22:25', '2020-08-08 18:06:42', '2021-01-06 18:22:25'),
(49, 16, NULL, 1, 'microsoft-surface-laptop-3-135-touch-screen-intel-core-i5-8gb-memory-256gb', '1299.0000', NULL, 'fixed', NULL, NULL, '1299.0000', 'RZNLZYTC', 0, NULL, 1, 3, 1, NULL, NULL, '2021-01-06 18:22:25', '2020-08-08 18:11:31', '2021-01-06 18:22:25'),
(50, NULL, 2, NULL, 'zte-nubia-red-magic-3-665-128gb-8gb-dual-sim-factory-unlocked-international-stock', '999.9900', NULL, 'fixed', NULL, NULL, '999.9900', 'TGJ4EZ4D', 1, 31, 1, 14, 1, NULL, NULL, NULL, '2020-08-08 18:40:47', '2021-03-25 04:38:12'),
(51, NULL, NULL, NULL, 'xiaomi-black-shark-skr-h0-64gb-6gb-ram-60-snapdragon-845-liquid-cooled-dual-cameras', '444.0000', NULL, 'fixed', NULL, NULL, '444.0000', 'UQ3TG4NJ', 0, NULL, 1, 8, 1, '2021-01-05 00:00:00', '2021-01-10 00:00:00', NULL, '2020-08-08 18:49:27', '2021-03-21 12:43:15'),
(52, 15, NULL, NULL, 'asus-rog-phone-2-zs660kl-smartphone-128gb-rom-8gb-ram-snapdragon-855-plus', '819.0000', NULL, 'fixed', NULL, NULL, '819.0000', 'H662NGH9', 1, 33, 1, 5, 1, NULL, NULL, NULL, '2020-08-08 19:15:27', '2021-01-09 16:06:11'),
(53, 15, NULL, NULL, 'asus-rog-gaming-phone-zs600kl-snapdragon-845-8gbram-128gb-storage', '750.0000', NULL, 'fixed', NULL, NULL, '750.0000', 'KGUGBQ7J', 0, NULL, 1, 13, 1, '2021-01-05 00:00:00', '2021-01-19 00:00:00', NULL, '2020-08-08 19:22:43', '2021-03-21 09:36:42'),
(54, 9, NULL, 2, 'samsung-galaxy-note-10-plus-factory-unlocked-cell-phone-with-256gb-us-warranty-aura-white-note10', '1199.9900', '1100.0000', 'fixed', NULL, NULL, '1100.0000', 'L87LWQMC', 1, 33, 1, 11, 1, NULL, NULL, NULL, '2020-08-08 19:27:49', '2021-03-21 16:38:04'),
(55, NULL, 1, 1, 'google-pixel-2-64gb-google-unlocked-smartphone-kinda-blue', '399.0000', NULL, 'fixed', NULL, NULL, '399.0000', 'U675NKVX', 0, NULL, 1, 14, 1, NULL, NULL, NULL, '2020-08-08 19:34:01', '2021-03-21 15:27:00'),
(56, NULL, NULL, NULL, 'google-pixel-3a-with-64gb-memory-cell-phone-unlocked-just-black-g020g', '235.7100', NULL, 'fixed', NULL, NULL, '235.7100', 'NE65HWGX', 0, NULL, 1, 13, 1, NULL, NULL, NULL, '2020-08-08 19:39:16', '2021-03-21 22:00:50'),
(57, NULL, NULL, 1, 'zte-axon-m-z999-64gb-unlocked-gsm-dual-screen-phone-w-20mp-camera-black', '599.0000', '500.0000', 'fixed', NULL, NULL, '500.0000', '7DS66AE4', 0, NULL, 1, 13, 1, NULL, NULL, NULL, '2020-08-08 19:42:54', '2021-03-22 05:23:39'),
(58, NULL, NULL, NULL, 'xiaomi-redmi-note-9s-667-48mp-international-global-version-aurora-blue-6gb128gb', '790.0000', NULL, 'fixed', NULL, NULL, '790.0000', 'BNJ3ZPLQ', 0, NULL, 1, 12, 1, NULL, NULL, NULL, '2020-08-08 19:46:58', '2021-03-22 03:32:44'),
(59, NULL, NULL, 1, 'xiaomi-mi-note-10white-128gb-108mp-penta-camera-647-lte-factory-unlocked', '454.9900', '440.0000', 'fixed', NULL, NULL, '440.0000', '7GC36ETH', 0, NULL, 1, 10, 1, NULL, NULL, NULL, '2020-08-08 19:52:27', '2021-03-13 12:47:40'),
(60, NULL, NULL, NULL, 'xiaomi-mi-9t-64gb-6gb-ram-639-amoled-fhd-full-screen-display', '274.9900', NULL, 'fixed', NULL, NULL, '274.9900', 'JK6YJSAT', 0, NULL, 0, 12, 1, NULL, NULL, NULL, '2020-08-08 20:15:10', '2021-03-23 06:21:48'),
(61, NULL, NULL, 1, 'xiaomi-redmi-note-8-pro-64gb-6gb-ram-653-lte-gsm-64mp-mineral-grey', '214.9000', NULL, 'fixed', NULL, NULL, '214.9000', 'RHSJQ9YK', 0, NULL, 1, 5, 1, NULL, NULL, NULL, '2020-08-08 20:19:24', '2021-03-13 01:08:09'),
(62, 19, NULL, NULL, 'msi-modern-14-a10m-460-14-ultra-thin-and-light-professional-laptop-intel-core-i5', '719.9900', NULL, 'fixed', NULL, NULL, '719.9900', 'HSWLDXKG', 0, NULL, 1, 3, 1, NULL, NULL, '2021-01-06 18:22:25', '2020-08-08 20:27:04', '2021-01-06 18:22:25'),
(63, 19, NULL, NULL, 'msi-gs65-stealth-006-156-144hz-intel-core-i7-8750h-nvidia-rtx-2060', '1579.0000', '1450.0000', 'fixed', NULL, NULL, '1450.0000', 'K4FMF7RL', 1, 13, 1, 3, 1, NULL, NULL, '2021-01-06 18:22:25', '2020-08-08 20:36:22', '2021-01-06 18:22:25'),
(64, 18, NULL, 1, 'razer-blade-worlds-smallest-156in-gaming-laptop-144hz-full-hd-8th-gen-intel-core-i7-8750h', '1699.9900', '1500.0000', 'fixed', NULL, NULL, '1500.0000', 'K957SLMG', 1, 50, 1, 4, 1, NULL, NULL, '2021-01-06 18:23:10', '2020-08-08 20:51:57', '2021-01-06 18:23:10'),
(65, NULL, NULL, 1, 'razer-blade-stealth-133-qhd-intel-quad-core-i7-8550u-16gb-ram-512gb-ssd-windows-10', '1199.7700', NULL, 'fixed', NULL, NULL, '1199.7700', 'R3RKPLPD', 0, NULL, 1, 4, 1, NULL, NULL, '2021-01-06 18:22:02', '2020-08-08 21:16:31', '2021-01-06 18:22:02'),
(66, 20, NULL, NULL, 'lg-gram-laptop-133-full-hd-display-intel-8th-gen-core-i5-8gb-ram-256gb-ssd', '2426.7500', '12.0000', 'fixed', NULL, NULL, '12.0000', '4H3GPN2G', 1, 44, 1, 4, 1, NULL, NULL, '2021-01-06 18:21:54', '2020-08-08 21:22:11', '2021-01-06 18:21:54'),
(67, 8, NULL, 1, 'apple-iphone-xs-64gb-space-gray', '1199.9900', NULL, 'fixed', NULL, NULL, '1199.9900', 'HERQ8L7Y', 0, NULL, 1, 22, 1, NULL, NULL, NULL, '2020-08-08 21:31:30', '2021-03-20 15:44:19'),
(68, 8, NULL, 1, 'new-apple-iphone-se-64gb-white', '399.0000', NULL, 'fixed', NULL, NULL, '399.0000', '86A7LR3A', 0, NULL, 1, 8, 1, NULL, NULL, NULL, '2020-08-08 21:39:39', '2021-02-25 08:02:34'),
(69, 8, NULL, NULL, 'new-apple-iphone-se-64gb-product-red', '399.0000', NULL, 'fixed', NULL, NULL, '399.0000', 'TEX8F9D8', 0, NULL, 1, 10, 1, NULL, NULL, NULL, '2020-08-08 21:51:20', '2021-03-21 01:36:26'),
(70, 8, NULL, NULL, 'apple-iphone-xs-max-64gb-white', '1400.0000', '1300.0000', 'fixed', NULL, NULL, '1300.0000', '4H75RLT2', 1, 0, 0, 7, 1, NULL, NULL, NULL, '2020-08-08 22:47:03', '2021-03-12 19:31:47'),
(71, NULL, NULL, 1, 'fossil-gen-5-carlyle-stainless-steel-touchscreen-smartwatch', '158.3600', NULL, 'fixed', NULL, NULL, '158.3600', 'P5H4FH65', 0, NULL, 1, 10, 1, NULL, NULL, '2021-01-06 18:21:42', '2020-08-09 03:06:42', '2021-01-06 18:21:42'),
(72, 8, NULL, NULL, 'apple-watch-series-3-gps-42mm-space-gray', '448.0000', '400.0000', 'fixed', NULL, NULL, '400.0000', 'C52EN32L', 1, 4, 1, 2, 1, NULL, NULL, '2021-01-06 18:21:42', '2020-08-09 03:18:56', '2021-01-06 18:21:42'),
(73, 9, NULL, 1, 'samsung-galaxy-watch-active-40mm-gps-bluetooth-black', '114.9900', NULL, 'fixed', NULL, NULL, '114.9900', '64W2LWBY', 0, NULL, 0, 8, 1, NULL, NULL, '2021-01-06 18:21:42', '2020-08-09 03:23:03', '2021-01-06 18:21:42'),
(74, 9, NULL, NULL, 'samsung-galaxy-watch-smartwatch-46mm-gps-bluetooth-silverblack', '209.9900', NULL, 'fixed', NULL, NULL, '209.9900', 'BSG869FN', 1, 36, 1, 1, 1, NULL, NULL, '2021-01-06 18:21:42', '2020-08-09 03:28:21', '2021-01-06 18:21:42'),
(75, NULL, NULL, 1, 'fossil-mens-gen-4-explorist-hr-stainless-steel-touchscreen-smartwatch', '118.6800', '110.0000', 'fixed', NULL, NULL, '110.0000', 'ZL4N6ULY', 0, NULL, 0, 1, 1, NULL, NULL, '2021-01-06 18:21:29', '2020-08-09 03:35:40', '2021-01-06 18:21:29'),
(76, 8, NULL, NULL, 'apple-watch-series-5-gps-40mm-gold-aluminum', '650.0000', NULL, 'fixed', NULL, NULL, '650.0000', 'DWSWVTRW', 0, NULL, 1, 3, 1, NULL, NULL, '2021-01-06 18:21:29', '2020-08-09 03:42:00', '2021-01-06 18:21:29'),
(77, NULL, NULL, 1, 'michael-kors-access-gen-3-sofie-touchscreen-smartwatch', '299.0000', NULL, 'fixed', NULL, NULL, '299.0000', 'ADVYMPLF', 0, NULL, 1, 2, 1, NULL, NULL, '2021-01-06 18:21:29', '2020-08-09 03:44:25', '2021-01-06 18:21:29'),
(78, NULL, NULL, 1, 'fossil-mens-sport-metal-and-silicone-touchscreen-smartwatch-with-heart-rate', '275.0000', '99.0000', 'fixed', NULL, NULL, '99.0000', 'AZ3FBR8T', 1, 13, 1, 2, 1, NULL, NULL, '2021-01-06 18:21:29', '2020-08-09 03:49:15', '2021-01-06 18:21:29'),
(79, NULL, NULL, 1, 'fossil-womens-gen-4-venture-hr-stainless-steel-touchscreen-smartwatch', '299.0000', NULL, 'fixed', NULL, NULL, '299.0000', 'E4ZQYB48', 0, NULL, 1, 4, 1, NULL, NULL, '2021-01-06 18:21:29', '2020-08-09 03:53:35', '2021-01-06 18:21:29'),
(80, NULL, NULL, NULL, 'dji-spark-portable-mini-drone-alpine-white', '399.0000', '300.0000', 'fixed', NULL, NULL, '300.0000', 'U7QYUVG8', 1, 50, 1, 1, 1, NULL, NULL, '2021-01-06 18:21:16', '2020-08-09 04:07:14', '2021-01-06 18:21:16'),
(81, NULL, NULL, 1, 'dji-phantom-3-professional-quadcopter-4k', '949.0000', NULL, 'fixed', NULL, NULL, '949.0000', 'VNXXZEDV', 0, NULL, 1, 3, 1, NULL, NULL, '2021-01-06 18:21:16', '2020-08-09 04:12:51', '2021-01-06 18:21:16'),
(82, NULL, NULL, 1, 'dji-mavic-air-quadcopter-with-remote-controller', '699.0000', NULL, 'fixed', NULL, NULL, '699.0000', 'A9WZCV8K', 0, NULL, 0, 1, 1, NULL, NULL, '2021-01-06 18:21:16', '2020-08-09 04:15:29', '2021-01-06 18:21:16'),
(83, NULL, NULL, 1, 'dji-mavic-mini-drone-flycam-quadcopter-uav-with-27k-camera', '399.9900', NULL, 'fixed', NULL, NULL, '399.9900', 'LMXSVMB2', 1, 43, 1, 1, 1, NULL, NULL, '2021-01-06 18:21:16', '2020-08-09 16:09:34', '2021-01-06 18:21:16'),
(84, 9, NULL, 1, 'samsung-qn32q50rafxza-flat-32-qled', '999.0000', NULL, 'fixed', NULL, NULL, '999.0000', '75QCWJQ9', 0, NULL, 1, 4, 1, NULL, NULL, '2021-01-06 18:21:16', '2020-08-09 16:16:52', '2021-01-06 18:21:16'),
(85, 9, NULL, 1, 'samsung-qn55q80rafxza-flat-55-inch-qled-4k', '990.0000', NULL, 'fixed', NULL, NULL, '990.0000', 'PR6XZ37Z', 1, 6, 1, 4, 1, NULL, NULL, '2021-01-06 18:21:04', '2020-08-09 16:21:11', '2021-01-06 18:21:04'),
(86, 9, NULL, 1, 'samsung-qn65q90rafxza-flat-65-inch-qled-4k', '1299.0000', '1200.0000', 'fixed', NULL, NULL, '1200.0000', 'SX8LMK4K', 0, NULL, 0, 5, 1, NULL, NULL, '2021-01-06 18:21:04', '2020-08-09 16:24:40', '2021-01-06 18:21:04'),
(87, 20, NULL, 1, 'lg-electronics-lg-signature-oled77g7p-77-inch-4k', '3999.9900', '15.0000', 'percent', NULL, NULL, '3399.9915', '27DCSUHV', 0, NULL, 1, 1, 1, NULL, NULL, '2021-01-06 18:21:04', '2020-08-09 16:27:55', '2021-01-06 18:21:04'),
(88, 20, NULL, 1, 'lg-electronics-oled65e8pua-65-inch-4k-ultra-hd', '1599.0000', '1500.0000', 'fixed', NULL, NULL, '1500.0000', 'CF7LB2VT', 1, 96, 1, 1, 1, NULL, NULL, '2021-01-06 18:21:04', '2020-08-09 16:30:49', '2021-01-06 18:21:04'),
(89, NULL, NULL, 1, 'tcl-55s425-55-inch-4k-smart-led-roku-tv', '1200.0000', NULL, 'fixed', NULL, NULL, '1200.0000', 'PJBUEXCM', 1, 399, 1, 1, 1, NULL, NULL, '2021-01-06 18:21:04', '2020-08-09 16:34:09', '2021-01-06 18:21:04'),
(90, 20, NULL, 1, 'lg-86sm9070pua-alexa-built-in-nano-9-series-86-4k', '2700.0000', NULL, 'fixed', NULL, NULL, '2700.0000', '4QWAEF3U', 0, NULL, 1, 4, 1, NULL, NULL, '2021-01-06 18:20:52', '2020-08-09 16:37:37', '2021-01-06 18:20:52'),
(91, 20, NULL, 1, 'lg-electronics-75uh6550-75-inch-4k-ultra-hd-smart-led-tv', '1599.0000', NULL, 'fixed', NULL, NULL, '1599.0000', 'EP4S9YVJ', 0, NULL, 1, 1, 1, NULL, NULL, '2021-01-06 18:20:52', '2020-08-09 16:41:01', '2021-01-06 18:20:52'),
(92, 20, NULL, 1, 'lg-oled65cxpua-alexa-built-in-cx-series-65-4k-ultra-hd-smart-oled-tv', '2700.0000', '26.0000', 'percent', NULL, NULL, '1998.0000', NULL, 1, 65, 1, 1, 1, NULL, NULL, '2021-01-06 18:20:52', '2020-08-09 16:43:03', '2021-01-06 18:20:52'),
(93, 24, NULL, 1, 'sony-x950g-55-inch-tv-4k-ultra-hd-smart-led-tv', '1200.0000', NULL, 'fixed', NULL, NULL, '1200.0000', '92T5DC8J', 0, NULL, 1, 3, 1, NULL, NULL, '2021-01-06 18:20:52', '2020-08-09 16:46:08', '2021-01-06 18:20:52'),
(94, 24, NULL, 1, 'sony-xbr49x900f-49-inch-4k-ultra-hd-smart-led-tv', '544.0000', NULL, 'fixed', NULL, NULL, '544.0000', 'Y4UY65V3', 0, NULL, 0, 1, 1, NULL, NULL, '2021-01-06 18:20:52', '2020-08-09 16:49:13', '2021-01-06 18:20:52'),
(95, NULL, NULL, 1, 'henchiry-new-mens-winter-jean-jacket', '36.4100', NULL, 'fixed', NULL, NULL, '36.4100', '6SJL492G', 1, 100, 1, 6, 1, NULL, NULL, '2021-01-06 18:20:38', '2020-08-09 16:57:34', '2021-01-06 18:20:38'),
(96, 23, NULL, 1, 'naranjasabor-mens-denim-jackets', '25.9900', '22.9900', 'fixed', NULL, NULL, '22.9900', 'QA5UKS3K', 1, 13, 1, 6, 1, NULL, NULL, '2021-01-06 18:20:38', '2020-08-09 17:00:26', '2021-01-06 18:20:38'),
(97, NULL, NULL, 1, '6xl-men-jacket-jeans-military-army-soldier-cotton-mens-bomber-jackets', '27.1900', NULL, 'fixed', NULL, NULL, '27.1900', 'RTUB57Y2', 0, NULL, 1, 8, 1, NULL, NULL, '2021-01-06 18:20:38', '2020-08-09 17:01:43', '2021-01-06 18:20:38'),
(98, NULL, NULL, 1, '0-degree-super-warm-winter-ski-jacket-men-waterproof', '70.5000', NULL, 'fixed', NULL, NULL, '70.5000', 'S9NHU6XW', 0, NULL, 1, 1, 1, NULL, NULL, '2021-01-06 18:20:38', '2020-08-09 17:06:40', '2021-01-06 18:20:38'),
(99, NULL, NULL, NULL, 'waterproof-jacket-men-outdoor-camping-ski', '33.6900', '30.0000', 'fixed', NULL, NULL, '30.0000', 'DZ8M7SZV', 0, NULL, 0, 9, 1, NULL, NULL, '2021-01-06 18:20:38', '2020-08-09 17:09:52', '2021-01-06 18:20:38'),
(100, 24, NULL, 1, 'sony-srs-xb12-mini-bluetooth-speaker-loud-extra-bass-portable', '65.0000', NULL, 'fixed', NULL, NULL, '65.0000', 'USU3TW48', 0, NULL, 1, 12, 1, NULL, NULL, NULL, '2020-08-09 18:34:49', '2021-03-22 00:21:37'),
(101, 20, NULL, 1, 'lg-lhd657-bluetooth-multi-region-free-51-channel-home-theater', '399.9900', NULL, 'fixed', NULL, NULL, '399.9900', '6EV4V8V5', 1, 50, 1, 6, 1, NULL, NULL, NULL, '2020-08-09 18:37:13', '2021-03-21 09:12:50'),
(102, NULL, NULL, 1, 'polk-51-channel-4k-3d-av-surround-sound-multimedia-home-theater', '659.9500', '600.0000', 'fixed', NULL, NULL, '600.0000', '8YGCQS75', 1, 10, 1, 1, 1, NULL, NULL, NULL, '2020-08-09 18:41:00', '2020-12-22 16:13:24'),
(103, 21, NULL, 1, 'bose-soundsport-wireless-earbuds-sweatproof-bluetooth-headphones', '129.0000', '99.0000', 'fixed', NULL, NULL, '99.0000', 'EENKRBSB', 0, NULL, 1, 5, 1, NULL, NULL, NULL, '2020-08-09 18:45:32', '2021-01-10 17:44:59'),
(104, 21, NULL, 1, 'powerbeats3-wireless-in-ear-headphones-black', '58.0000', NULL, 'fixed', NULL, NULL, '58.0000', 'S4L5EGFD', 0, NULL, 1, 10, 1, NULL, NULL, NULL, '2020-08-09 18:56:09', '2021-03-21 16:47:27'),
(105, 21, NULL, 1, 'beats-solo3-wireless-on-ear-headphones-apple-w1-headphone-chip-class-1-bluetooth', '199.9500', '179.0000', 'fixed', NULL, NULL, '179.0000', '8LEMG26A', 0, NULL, 0, 9, 1, NULL, NULL, NULL, '2020-08-09 18:59:37', '2021-03-21 15:57:58'),
(106, NULL, NULL, 1, 'dudalina-men-long-sleeve-shirt-men-casual-men-shirt-social-plus-size-m-5xl', '17.2000', NULL, 'fixed', NULL, NULL, '17.2000', 'BFYJV4G6', 0, NULL, 1, 1, 1, NULL, NULL, '2021-01-06 18:20:22', '2020-08-09 19:04:36', '2021-01-06 18:20:22'),
(107, NULL, NULL, 1, '5xl-plus-size-brand-clothing-cotton-mens-clothing-solid-soft-men-shirt', '7.9700', NULL, 'fixed', NULL, NULL, '7.9700', 'GVTP3Z74', 1, 11, 1, 26, 1, NULL, NULL, '2021-01-06 18:20:22', '2020-08-09 19:09:11', '2021-01-06 18:20:22'),
(108, NULL, NULL, 1, '2019-brand-casual-spring-luxury-plaid-long-sleeve-slim-fit-men-shirt', '30.0500', '11.0000', 'percent', NULL, NULL, '26.7445', 'WCXPFSF6', 1, 1, 0, 2, 1, NULL, NULL, '2021-01-06 18:20:22', '2020-08-09 19:11:29', '2021-01-06 18:20:22'),
(109, NULL, NULL, 1, 'long-sleeved-camisa-masculina-chemise-men-public-club-fancy-shirt', '6.8500', NULL, 'fixed', NULL, NULL, '6.8500', 'YBETKKYH', 1, 71, 1, 0, 1, NULL, NULL, '2021-01-06 18:20:22', '2020-08-09 19:15:46', '2021-01-06 18:20:22'),
(110, NULL, NULL, 1, 'europe-size-summer-short-sleeve-solid-polo-shirt', '8.3500', NULL, 'fixed', NULL, NULL, '8.3500', 'QEVWYDVJ', 1, 494, 1, 0, 1, NULL, NULL, '2021-01-06 18:20:22', '2020-08-09 19:35:58', '2021-01-06 18:20:22'),
(111, NULL, NULL, 1, 'men-embroidery-polo-giraffe-shirt', '8.6600', NULL, 'fixed', NULL, NULL, '8.6600', 'VHQMXR4D', 0, NULL, 1, 0, 1, NULL, NULL, '2021-01-06 18:20:22', '2020-08-09 19:38:32', '2021-01-06 18:20:22'),
(112, NULL, NULL, 1, 'negizber-new-man-polo-shirt', '7.9900', '6.0000', 'fixed', NULL, NULL, '6.0000', 'GH9UMMUZ', 1, 0, 0, 0, 1, NULL, NULL, '2021-01-06 18:20:22', '2020-08-09 19:41:24', '2021-01-06 18:20:22'),
(113, NULL, NULL, 1, 'men-casual-deer-embroidery-polo-shirt', '7.4200', NULL, 'fixed', NULL, NULL, '7.4200', 'U82H2WE2', 0, NULL, 1, 0, 1, NULL, NULL, '2021-01-06 18:20:22', '2020-08-09 19:44:18', '2021-01-06 18:20:22'),
(114, NULL, NULL, 1, '2019-fashion-automatic-metal-buckle-strap-male-belt', '9.9900', NULL, 'fixed', NULL, NULL, '9.9900', 'MC2DQA8N', 0, NULL, 1, 0, 1, NULL, NULL, '2021-01-06 18:20:22', '2020-08-09 19:49:44', '2021-01-06 18:20:22'),
(115, NULL, NULL, 1, 'williampolo-fashion-men-leather-belts-solid-buckle', '21.2500', '19.0000', 'fixed', NULL, NULL, '19.0000', 'VJALULY3', 1, 9, 1, 0, 1, NULL, NULL, '2021-01-06 18:20:22', '2020-08-09 19:51:57', '2021-01-06 18:20:22'),
(116, NULL, NULL, 1, 'kstun-mens-jeans-classic-direct-stretch-dark-blue-business-casual-denim-pants', '21.0600', NULL, 'fixed', NULL, NULL, '21.0600', '99E4QHA8', 0, NULL, 1, 0, 1, NULL, NULL, '2021-01-06 18:20:22', '2020-08-09 19:55:53', '2021-01-06 18:20:22'),
(117, NULL, NULL, 1, 'classic-men-casual-mid-rise-straight-slim-denim-jeans-youth-long-pants', '7.9700', '6.1100', 'fixed', NULL, NULL, '6.1100', 'U3K9XNKU', 0, NULL, 0, 1, 1, NULL, NULL, '2021-01-06 18:19:58', '2020-08-09 20:02:58', '2021-01-06 18:19:58'),
(118, NULL, NULL, 1, 'sauce-origin-910-cl-selvedge-jeans-raw-jeans-mens', '129.5600', NULL, 'fixed', NULL, NULL, '129.5600', 'YTD9SZUJ', 1, 500, 1, 6, 1, NULL, NULL, '2021-01-06 18:19:58', '2020-08-09 20:07:47', '2021-01-06 18:19:58'),
(119, NULL, NULL, 1, 'women-bag-pu-leather-handbag-for-female', '14.3900', NULL, 'fixed', NULL, NULL, '14.3900', 'C3N3CP3K', 0, NULL, 1, 0, 1, NULL, NULL, '2021-01-06 18:19:58', '2020-08-09 20:16:13', '2021-01-06 18:19:58'),
(120, NULL, NULL, 1, 'women-oxford-backpack-for-girls', '13.9900', NULL, 'fixed', NULL, NULL, '13.9900', '6NYXGARN', 1, 19, 1, 1, 1, NULL, NULL, '2021-01-06 18:19:58', '2020-08-09 21:07:57', '2021-01-06 18:19:58'),
(121, NULL, NULL, 1, 'fashion-woman-bag-female-hand-tote-bag', '14.9800', '15.0000', 'percent', NULL, NULL, '12.7330', 'X7F6NQHC', 0, NULL, 1, 0, 1, NULL, NULL, '2021-01-06 18:19:58', '2020-08-09 21:11:32', '2021-01-06 18:19:58'),
(122, NULL, NULL, 1, 'wenyujh-2019-new-large-capacity-student-schoolbag', '12.6200', NULL, 'fixed', NULL, NULL, '12.6200', 'L958SZRD', 0, NULL, 0, 3, 1, NULL, NULL, '2021-01-06 18:19:58', '2020-08-09 21:14:45', '2021-01-06 18:19:58'),
(123, NULL, NULL, 1, 'puimentiua-men-backpack-laptop-bag-brand', '14.7900', '10.9900', 'fixed', NULL, NULL, '10.9900', 'KPBDTCJJ', 0, NULL, 1, 1, 1, NULL, NULL, '2021-01-06 18:19:58', '2020-08-09 21:17:22', '2021-01-06 18:19:58'),
(124, NULL, NULL, 1, 'backpack-school-bag-for-teenagers', '11.9900', NULL, 'fixed', NULL, NULL, '11.9900', '4N2MTH23', 0, NULL, 1, 3, 1, NULL, NULL, '2021-01-06 18:19:58', '2020-08-09 21:21:51', '2021-01-06 18:19:58'),
(125, 30, 2, 1, 'xiaomi-xiaoai-bluetooth-speaker-pro-hifi-audio-chip', '54.9900', NULL, 'fixed', NULL, NULL, '54.9900', 'GTC2WCYR', 0, NULL, 1, 11, 1, NULL, NULL, NULL, '2020-08-09 21:44:05', '2021-03-21 10:21:18'),
(126, 10, NULL, 1, 'huawei-bluetooth-subwoofer-speakers', '21.9900', '20.7900', 'fixed', NULL, NULL, '20.7900', 'FGF9CT6K', 1, 0, 0, 6, 1, NULL, NULL, NULL, '2020-08-09 21:48:37', '2021-03-13 11:18:20'),
(127, NULL, NULL, 1, 'reebok-black-men-casual-shoes-cn6749', '65.1900', NULL, 'fixed', NULL, NULL, '65.1900', '796MC4SP', 0, NULL, 1, 1, 1, NULL, NULL, '2021-01-06 18:05:54', '2020-08-09 21:52:14', '2021-01-06 18:05:54'),
(128, 22, NULL, 1, 'adidas-blue-women-casual-shoes-ef0152-runfalcon', '88.7200', NULL, 'fixed', NULL, NULL, '88.7200', 'QB72PYZV', 0, NULL, 0, 2, 1, NULL, NULL, '2021-01-06 18:05:54', '2020-08-09 21:56:08', '2021-01-06 18:05:54'),
(129, 22, NULL, 1, 'adidas-men-s-running-shoe-ef8904', '246.6100', '240.0000', 'fixed', NULL, NULL, '240.0000', '5CBFL73Q', 0, NULL, 1, 3, 1, NULL, NULL, '2021-01-06 18:05:54', '2020-08-09 22:01:54', '2021-01-06 18:05:54'),
(130, 23, NULL, 1, 'nike-air-max-270-parent-child-shoes-original', '77.8600', NULL, 'fixed', NULL, NULL, '77.8600', '27CWSFZF', 0, NULL, 1, 1, 1, NULL, NULL, '2021-01-04 16:07:28', '2020-08-09 22:25:12', '2021-01-04 16:07:28'),
(131, NULL, NULL, 1, 'evo-vr-virtual-reality-headset-for-all-smartphones', '5.9900', NULL, 'fixed', NULL, NULL, '5.9900', 'WAGN8CN6', 0, NULL, 1, 10, 1, NULL, NULL, NULL, '2020-08-09 22:26:42', '2021-03-21 23:26:18'),
(132, NULL, NULL, 1, 'oculus-rift-s-pc-powered-vr-gaming-headset', '653.0000', '15.0000', 'fixed', NULL, NULL, '15.0000', 'LEJX85DG', 1, 29, 1, 5, 1, NULL, NULL, NULL, '2020-08-09 22:28:43', '2021-03-17 18:43:50'),
(133, NULL, NULL, 1, 'oculus-quest-all-in-one-vr-gaming-headset-128gb', '643.0000', NULL, 'fixed', NULL, NULL, '643.0000', 'FAZYDQ3G', 0, NULL, 1, 3, 1, NULL, NULL, NULL, '2020-08-09 22:31:36', '2020-12-22 01:25:24'),
(134, 8, NULL, 1, 'apple-imac-27-inch-desktop-34-ghz-intel-core-i7-processor-16-gb-memory', '2200.0000', '2000.0000', 'fixed', NULL, NULL, '2000.0000', '2ZKXJGE2', 0, NULL, 0, 3, 1, NULL, NULL, '2021-01-06 18:19:58', '2020-08-09 22:39:52', '2021-01-06 18:19:58'),
(135, 8, NULL, 1, 'apple-imac-pro-27-with-5k-retina-display', '6749.0000', NULL, 'fixed', NULL, NULL, '6749.0000', 'AADV99B9', 0, NULL, 1, 3, 1, NULL, NULL, '2021-01-06 18:19:58', '2020-08-09 22:44:17', '2021-01-06 18:19:58'),
(136, 8, NULL, 1, 'apple-imac-me089lla-27in-intel-core-i7-4771-35ghz', '3300.0000', NULL, 'fixed', NULL, NULL, '3300.0000', 'UVMXZ7Y6', 1, 8, 1, 5, 1, NULL, NULL, '2021-01-06 18:19:58', '2020-08-09 22:48:09', '2021-01-06 18:19:58'),
(137, NULL, NULL, 1, 'wong-rain-classic-100-925-sterling-silver', '2.0700', NULL, 'fixed', NULL, NULL, '2.0700', '7BPL4TDJ', 1, 49, 1, 0, 1, NULL, NULL, '2021-01-04 16:07:28', '2020-08-09 22:53:17', '2021-01-04 16:07:28'),
(138, NULL, NULL, 1, 'sterling-silver-heart-in-heart-pendant-necklace', '29.9900', '25.0000', 'fixed', NULL, NULL, '25.0000', 'ZWTBBXCZ', 1, 49, 1, 1, 1, NULL, NULL, '2021-01-04 16:07:28', '2020-08-09 22:56:28', '2021-01-04 16:07:28'),
(139, NULL, NULL, 1, 'meolin-charm-creative-twisted-crystal-pendant-necklace-fashion-stylish', '15.0000', '11.0000', 'percent', NULL, NULL, '13.3500', 'Z5K3FA86', 0, NULL, 1, 0, 1, NULL, NULL, '2021-01-04 16:07:28', '2020-08-09 22:59:15', '2021-01-04 16:07:28'),
(140, NULL, NULL, 1, 'vintage-polarized-sunglasses-women-men', '12.2600', NULL, 'fixed', NULL, NULL, '12.2600', '2H26GNL3', 0, NULL, 1, 1, 1, NULL, NULL, '2021-01-04 16:07:28', '2020-08-09 23:03:44', '2021-01-04 16:07:28'),
(141, NULL, NULL, 1, 'men-uv400-sunglasses-men-women-luxury-vintage-semi-rimless-brand-designer-fashion-mirror-shades', '3.5900', NULL, 'fixed', NULL, NULL, '3.5900', 'KJFSPACD', 1, 13, 1, 1, 1, NULL, NULL, '2021-01-04 16:07:28', '2020-08-09 23:06:24', '2021-01-04 16:07:28'),
(142, NULL, NULL, 1, 'tony-stark-sunglasses-men-eye-wear-vintage-retro-mens-glasses', '3.0000', NULL, 'fixed', NULL, NULL, '3.0000', 'H7UXFWRU', 1, 41, 1, 4, 1, NULL, NULL, '2021-01-04 16:07:28', '2020-08-09 23:08:43', '2021-01-04 16:07:28'),
(143, NULL, NULL, 1, 'round-sunglasses-polarized-women-men-2018-new-fashion', '4.8800', NULL, 'fixed', NULL, NULL, '4.8800', 'RKNRA44H', 0, NULL, 1, 1, 1, NULL, NULL, '2021-01-04 16:07:28', '2020-08-09 23:10:57', '2021-01-04 16:07:28'),
(144, NULL, NULL, 1, 'naranjasabor-fashion-thin-mens-jackets', '18.8900', '15.0000', 'percent', NULL, NULL, '16.0565', 'TM83PYJD', 0, NULL, 1, 1, 1, NULL, NULL, '2021-01-04 16:07:28', '2020-08-09 23:14:24', '2021-01-04 16:07:28'),
(145, NULL, NULL, 1, 'new-spring-summer-thin-casual-jacket-mens-fashion', '25.7200', NULL, 'fixed', NULL, NULL, '25.7200', '2SN6LZ7U', 1, 11, 1, 2, 1, NULL, NULL, '2021-01-04 16:07:28', '2020-08-09 23:17:21', '2021-01-04 16:07:28'),
(146, NULL, NULL, 1, 'hot-mens-parka-coats-men-winter-warm-hooded', '35.0500', NULL, 'fixed', NULL, NULL, '35.0500', '6SMWPF3W', 0, NULL, 1, 4, 1, NULL, NULL, '2021-01-04 16:07:28', '2020-08-09 23:20:08', '2021-01-04 16:07:28'),
(147, NULL, NULL, 1, 'apple-32-inch-pro-display-xdr-with-retina-6k-display', '5899.0000', NULL, 'fixed', NULL, NULL, '5899.0000', 'VS4R9TSD', 0, NULL, 1, 1, 1, NULL, NULL, '2021-01-04 16:07:28', '2020-08-09 23:24:04', '2021-01-04 16:07:28'),
(148, 8, NULL, NULL, 'new-apple-mac-mini-36ghz-quad-core-8th-generation', '759.0000', NULL, 'fixed', NULL, NULL, '759.0000', 'TRG63QZK', 1, 0, 0, 4, 1, NULL, NULL, '2021-01-06 18:24:10', '2020-08-09 23:26:19', '2021-01-06 18:24:10'),
(149, NULL, NULL, 1, 'fanmis-mens-luxury-analog-quartz-gold-wrist-watches', '17.9900', '11.5000', 'fixed', NULL, NULL, '11.5000', '6SJL492G', 0, NULL, 1, 8, 1, NULL, NULL, '2021-01-04 16:06:49', '2020-08-09 23:29:01', '2021-01-04 16:06:49'),
(150, NULL, NULL, 1, 'tlyfon', '1000.0000', '1.0000', 'percent', '2020-09-09', NULL, '990.0000', NULL, 0, 13, 1, 8, 1, NULL, NULL, '2021-01-03 04:05:29', '2020-09-10 01:00:21', '2021-01-03 04:05:29'),
(151, NULL, 6, 1, 'هذا اسم المنتج الذى يظهر فى الرابط للموقع فى محركات البحث', '4000.0000', '3500.0000', 'fixed', '2021-01-03', '2021-03-11', '3500.0000', '255546789', 1, 25, 1, 6, 1, '2021-01-03 00:00:00', '2021-03-10 00:00:00', '2021-01-04 16:06:49', '2021-01-03 04:08:32', '2021-01-04 16:06:49'),
(152, NULL, 6, 1, 'saaah-nsayyh', '2500.0000', '2000.0000', 'fixed', '2021-01-03', '2021-03-20', '2000.0000', '2555555', 1, 40, 1, 9, 1, NULL, NULL, '2021-01-04 16:06:49', '2021-01-03 04:20:26', '2021-01-04 16:06:49'),
(153, 8, 1, 1, 'phone', '2000.0000', '3.0000', 'fixed', '2021-01-01', '2021-01-21', '3.0000', NULL, 0, NULL, 0, 0, 0, NULL, NULL, '2021-01-04 16:06:49', '2021-01-03 16:39:43', '2021-01-04 16:06:49'),
(154, 12, 1, 1, 'mntg-22', '100.0000', '90.0000', 'fixed', '2021-01-03', '2021-01-10', '90.0000', '5569sa5', 1, 5000, 1, 0, 0, NULL, NULL, '2021-01-04 16:06:49', '2021-01-03 16:42:07', '2021-01-04 16:06:49'),
(156, 8, 8, 1, 'apple-iphone-12-pro-max-with-facetime-256gb-pacific-blue', '25000.0000', '24999.0000', 'fixed', '2021-01-04', '2021-01-11', '24999.0000', 'APPPLE55SL', 1, 10, 1, 15, 1, NULL, NULL, NULL, '2021-01-04 16:41:49', '2021-03-20 12:56:31'),
(157, 8, 7, 1, 'apple-iphone-11-pro-64gb-gold', '18999.0000', NULL, 'fixed', NULL, NULL, '18999.0000', 'APPLE50AS', 0, NULL, 1, 17, 1, '2021-01-04 00:00:00', '2021-01-11 00:00:00', NULL, '2021-01-04 18:02:07', '2021-03-20 13:03:12'),
(158, 8, 7, NULL, 'kabl-shhn-omzamn-byanat-lightning-1mtr-abyd', '99.9900', '10.0000', 'percent', NULL, NULL, '89.9910', NULL, 0, NULL, 1, 13, 1, '2021-01-06 00:00:00', '2021-01-24 00:00:00', NULL, '2021-01-06 19:27:19', '2021-03-21 00:16:22'),
(159, 30, 2, 1, 'baor-bank-mhmol-llshhn-alsryaa-10000-mlly-ambyr-saaa-asod', '150.9900', '140.9900', 'fixed', '2021-01-06', '2021-01-24', '150.9900', NULL, 0, NULL, 1, 8, 1, '2021-01-06 00:00:00', '2021-01-04 00:00:00', NULL, '2021-01-06 19:31:57', '2021-03-21 22:44:55'),
(160, 8, 7, 1, 'smaaaat-athn-ayr-bodz-maa-hafth-shhn-abyd', '900.0000', NULL, 'fixed', NULL, NULL, '900.0000', NULL, 0, NULL, 1, 8, 1, NULL, NULL, NULL, '2021-01-06 19:35:03', '2021-03-22 23:18:10'),
(161, NULL, NULL, NULL, 'kabl-shhn-mghnatysy-3-fy-1-asod', '60.0000', NULL, 'fixed', NULL, NULL, '60.0000', NULL, 0, NULL, 0, 11, 1, NULL, NULL, NULL, '2021-01-06 19:40:12', '2021-03-21 10:02:31'),
(162, 28, NULL, NULL, 'mhol-llshhn-alsryaa-mnasb-llsfr-mzod-bnfth-maykro-usb-abyd', '60.0000', '55.0000', 'fixed', '2021-01-06', '2021-01-12', '60.0000', NULL, 0, NULL, 1, 9, 1, NULL, NULL, NULL, '2021-01-06 19:44:07', '2021-03-20 17:16:57'),
(163, 30, 8, NULL, 'ghtaaa-hmay-lhatf-shaomy-my-9t-shfaf', '40.0000', '0.0000', 'fixed', NULL, NULL, '0.0000', NULL, 0, NULL, 1, 7, 1, NULL, NULL, NULL, '2021-01-07 13:06:39', '2021-02-25 08:08:04'),
(164, 10, NULL, NULL, 'ilove-math-back-cover-for-xiaomi-mi-note-10-lite-647bos-abydahmrasod', '60.0000', '55.0000', 'fixed', '2021-01-07', '2021-01-26', '60.0000', NULL, 0, NULL, 1, 7, 1, NULL, NULL, NULL, '2021-01-07 13:09:29', '2021-03-20 22:03:10'),
(165, 8, 2, 2, 'ghtaaa-hmay-mghnatysy-lhatf-abl-ayfon-x-shfaf-asod', '100.0000', '5.0000', 'percent', '2021-01-07', '2021-01-11', '100.0000', NULL, 0, NULL, 1, 16, 1, NULL, NULL, NULL, '2021-01-07 13:12:29', '2021-03-20 21:47:13'),
(166, 8, 2, NULL, 'ghtaaa-hmay-lhatf-ayfon-11-bro-shfaf', '22.0000', NULL, 'fixed', NULL, NULL, '22.0000', NULL, 0, NULL, 1, 9, 1, NULL, NULL, NULL, '2021-01-07 13:15:50', '2021-03-20 15:26:35'),
(167, 28, NULL, NULL, 'ghtaaa-hmay-oak-lhatf-samsong-galaksy-s9-shfaf', '50.0000', NULL, 'fixed', NULL, NULL, '50.0000', NULL, 0, NULL, 1, 9, 1, NULL, NULL, NULL, '2021-01-07 13:17:58', '2021-03-21 23:37:53'),
(168, 14, 2, NULL, 'mhol-altak-almhmol-5000-mlly-ambyr-saaa-asod-asfr', '550.0000', '33.0000', 'percent', NULL, NULL, '368.5000', NULL, 0, NULL, 1, 11, 1, NULL, NULL, NULL, '2021-01-07 13:29:12', '2021-03-22 00:00:46'),
(169, 20, 7, NULL, 'baor-bank-laslky-yaaml-bko-1000-mlly-amby-fy-alsaaa-laghz-abl-10000-mlly-ambyr-saaa-asod', '600.0000', NULL, 'fixed', NULL, NULL, '600.0000', NULL, 0, NULL, 1, 7, 1, NULL, NULL, NULL, '2021-01-07 13:34:45', '2021-03-22 09:36:29'),
(170, NULL, 2, NULL, 'baor-bnk-3-fy-1-llshhn-alsryaa-10000-mlly-ambyr-saaa-asod', '350.0000', '299.0000', 'fixed', NULL, NULL, '299.0000', NULL, 0, NULL, 1, 10, 1, NULL, NULL, NULL, '2021-01-07 13:41:14', '2021-03-17 23:17:26'),
(171, 18, 2, NULL, 'haml-mobayl-lltabloh-ayz-oan-tatsh-lay-noaa-mobayl', '60.0000', NULL, 'fixed', NULL, NULL, '60.0000', NULL, 0, NULL, 1, 5, 1, NULL, NULL, NULL, '2021-01-10 14:19:21', '2021-03-13 01:53:41'),
(172, 17, 7, NULL, 'haml-mobayl-llsyar-973', '77.0000', NULL, 'fixed', NULL, NULL, '77.0000', NULL, 0, NULL, 1, 10, 1, NULL, NULL, NULL, '2021-01-10 14:22:09', '2021-03-19 07:37:19'),
(173, 18, 2, NULL, 'car-quick-charge-30-dual-usb-adapter-fast-charging', '20.0000', '5.0000', 'percent', NULL, NULL, '19.0000', NULL, 0, NULL, 1, 22, 1, '2021-01-10 00:00:00', '2021-01-31 00:00:00', NULL, '2021-01-10 14:36:44', '2021-03-21 18:52:23'),
(174, 16, 7, NULL, 'joyroom-cl02-bluetooth-car-fm-transmitter-charger-black', '250.0000', NULL, 'fixed', NULL, NULL, '250.0000', NULL, 0, NULL, 1, 9, 1, NULL, NULL, NULL, '2021-01-10 17:21:54', '2021-03-20 17:57:04'),
(175, 18, NULL, NULL, 'joyroom-jr-h16-over-ear-headset-black', '505.0000', NULL, 'fixed', NULL, NULL, '505.0000', NULL, 0, NULL, 1, 5, 1, NULL, NULL, NULL, '2021-01-10 17:24:56', '2021-03-12 23:41:20'),
(176, 21, 8, NULL, 'sodo-sd-1007-bluetooth-wiredwireless-headphone-black', '300.0000', NULL, 'fixed', NULL, NULL, '300.0000', NULL, 0, NULL, 1, 8, 1, NULL, NULL, NULL, '2021-01-10 17:27:41', '2021-03-20 14:58:32'),
(177, 21, 7, NULL, 'remax-rb-s5-sports-bluetooth-headset-black', '300.0000', '250.0000', 'fixed', '2021-01-10', '2021-01-31', '250.0000', NULL, 0, NULL, 1, 2, 1, NULL, NULL, NULL, '2021-01-10 17:30:21', '2021-03-14 11:18:29'),
(178, NULL, 2, 1, 'mntg-tgryb-1', '155.0000', '150.0000', 'fixed', '2021-01-22', '2021-01-31', '155.0000', NULL, 0, NULL, 0, 8, 1, NULL, NULL, NULL, '2021-01-22 21:06:30', '2021-02-25 13:43:02'),
(179, 20, 2, 1, 'mntg-tgryb-2', '1200.0000', '1000.0000', 'fixed', '2021-01-22', '2021-01-24', '1000.0000', NULL, 0, NULL, 0, 3, 1, NULL, NULL, NULL, '2021-01-22 22:30:42', '2021-02-25 13:37:25'),
(180, 8, 2, 1, 'mobile', '18500.0000', NULL, 'fixed', '2021-01-31', '2021-02-01', '18500.0000', 'APPPLE55SL', 1, 500, 1, 11, 1, '2021-01-31 00:00:00', '2021-02-09 00:00:00', NULL, '2021-01-31 16:23:52', '2021-03-14 02:25:05'),
(181, NULL, 9, NULL, 'kamyra', '8000.0000', '5.0000', 'percent', '2021-01-31', '2021-02-26', '7600.0000', 'KAdkf55Ak', 1, 20, 1, 1, 1, '2021-01-31 00:00:00', '2021-02-13 00:00:00', '2021-02-08 17:06:09', '2021-01-31 17:53:35', '2021-02-08 17:06:09'),
(182, NULL, 8, NULL, 'grab-hmay-kso-dd-alsdmat-bdbl-maadny-o-ktaa-maadny-lltthbyth-fy-haml-alsyar-lhatf-samsong-am-51-samsung-m51-asod', '700.0000', '59.0000', 'fixed', NULL, NULL, '59.0000', NULL, 0, NULL, 1, 4, 1, NULL, NULL, NULL, '2021-02-08 14:03:28', '2021-03-20 22:24:47'),
(183, 8, 2, NULL, 'iphone-xs-max-bkl-hagth', '9800.0000', NULL, 'fixed', NULL, NULL, '9800.0000', NULL, 0, NULL, 1, 4, 1, NULL, NULL, NULL, '2021-02-08 16:16:51', '2021-03-20 22:21:41'),
(184, NULL, NULL, NULL, 'one-plus-6t', '3300.0000', NULL, 'fixed', NULL, NULL, '3300.0000', NULL, 0, NULL, 1, 4, 1, NULL, NULL, NULL, '2021-02-08 16:41:39', '2021-03-20 14:58:53'),
(185, 28, 2, NULL, 'mobaylat-mstaamlh-bsaar-mhdod-honor-9-x', '3300.0000', NULL, 'fixed', NULL, NULL, '3300.0000', NULL, 0, NULL, 1, 6, 1, NULL, NULL, NULL, '2021-02-08 16:45:35', '2021-03-20 19:27:37'),
(186, NULL, 2, NULL, 'ghaz-c15-lm-ystkhdm', '3100.0000', NULL, 'fixed', NULL, NULL, '3100.0000', NULL, 0, NULL, 1, 3, 1, NULL, NULL, NULL, '2021-02-08 16:50:13', '2021-03-13 08:25:49'),
(187, 30, 9, 1, 'oppo-a1k-4g-thnay-alshryh-61-bos-32-gygabayt-2-gyga-bayt-asod', '2500.0000', '2450.0000', 'fixed', '2021-02-09', NULL, '2450.0000', 'KAdkf55Ak', 1, 50, 1, 5, 1, '2021-02-09 00:00:00', NULL, NULL, '2021-02-09 17:05:52', '2021-03-20 20:34:34'),
(188, 30, 4, 2, 'oppo-reno4-64-inch-128gb8gb-dual-sim-4g-mobile-phone-mo-salah-edition', '6500.0000', '16.0000', 'percent', '2021-02-09', '2021-02-28', '5460.0000', 'KAdkf55Ak', 1, 30, 1, 5, 1, '2021-02-09 00:00:00', '2021-02-28 00:00:00', NULL, '2021-02-09 17:13:55', '2021-03-21 14:47:56'),
(189, 9, 8, 1, 'samsung-galaxy-s21-67-inch-256gb8gb-dual-sim-5g-mobile-phone-phantom-violet', '18333.0000', '15.0000', 'percent', '2021-02-09', NULL, '15583.0500', 'KAdkf55Ak', 0, NULL, 1, 6, 1, NULL, NULL, NULL, '2021-02-09 17:41:51', '2021-03-28 05:56:17'),
(190, 9, 4, 2, 'samsung-galaxy-note20-ultra-69-inch-256gb8gb-dual-sim-4g-mobile-phone-mystic-black', '18700.0000', '3.0000', 'fixed', NULL, NULL, '3.0000', 'KAdkf55Ak', 1, 20, 1, 8, 1, '2021-02-09 00:00:00', '2021-02-28 00:00:00', NULL, '2021-02-09 17:48:14', '2021-03-20 22:47:40'),
(191, NULL, NULL, 1, 'promate-4k-hdmi-cable-15-meter-black', '150.0000', NULL, 'fixed', NULL, NULL, '150.0000', NULL, 0, NULL, 0, 7, 1, '2021-02-09 00:00:00', '2021-02-28 00:00:00', NULL, '2021-02-09 18:00:44', '2021-03-21 01:51:28'),
(192, NULL, NULL, NULL, 'kabl-sot-aaaly-algod-ltosyl-smaaaat-alkmbyotr-thy-2-gak-balmobayl-oallabtob-alhdyth-1-thkr-al-2-ntay', '85.0000', '17.0000', 'fixed', NULL, NULL, '17.0000', NULL, 0, NULL, 1, 3, 1, '2021-02-09 00:00:00', '2021-02-21 00:00:00', NULL, '2021-02-09 18:03:10', '2021-03-12 19:10:13'),
(193, NULL, NULL, 1, 'choseal-q304-35-to-2rca-18-m', '115.0000', '41.0000', 'percent', NULL, NULL, '67.8500', 'KAdkf55Ak', 0, NULL, 1, 6, 1, NULL, NULL, NULL, '2021-02-09 18:05:21', '2021-03-20 09:54:09'),
(194, NULL, NULL, NULL, 'remax-rm-512-smaaa-slk-abydroz', '120.0000', '53.0000', 'percent', NULL, NULL, '56.4000', NULL, 0, NULL, 1, 4, 1, '2021-02-09 00:00:00', '2021-02-28 00:00:00', NULL, '2021-02-09 18:08:42', '2021-03-20 20:35:15'),
(195, NULL, NULL, NULL, 'yison-cx300-extra-bass-smaaa-athn-maanatysy-mnfth-35-mlm-abyd', '99.0000', '35.0000', 'percent', NULL, NULL, '64.3500', NULL, 0, NULL, 1, 0, 1, NULL, NULL, NULL, '2021-02-09 18:10:54', '2021-02-09 18:10:54'),
(196, NULL, NULL, NULL, 'bor-bank-mhmol-sghyr-alhgm-20000-ml-ambyr-azrk-ghamk', '670.0000', '5.0000', 'percent', NULL, NULL, '636.5000', NULL, 0, NULL, 1, 4, 1, '2021-02-09 00:00:00', '2021-02-28 00:00:00', NULL, '2021-02-09 18:18:58', '2021-03-20 23:34:24'),
(197, NULL, 2, NULL, 'for-huawei-matepad-104-protective-note-book-case-black', '500.0000', '250.0000', 'fixed', NULL, NULL, '250.0000', NULL, 0, NULL, 1, 4, 1, NULL, NULL, NULL, '2021-02-10 14:13:03', '2021-03-13 20:50:08'),
(198, NULL, 2, NULL, 'cartoon-shockproof-case-stand-for-ipad-97-2017-air-2-air-purple', '420.0000', '333.0000', 'fixed', NULL, NULL, '333.0000', NULL, 0, NULL, 1, 4, 1, NULL, NULL, NULL, '2021-02-10 14:30:57', '2021-03-21 09:40:09'),
(199, NULL, 2, NULL, 'nillikin-bumper-leather-case-for-apple-ipad-pro-129-2020-black', '999.0000', '399.0000', 'fixed', NULL, NULL, '399.0000', NULL, 0, NULL, 1, 8, 1, NULL, NULL, NULL, '2021-02-10 14:37:57', '2021-03-26 11:37:28'),
(200, NULL, 2, NULL, 'smart-case-flip-cover-for-apple-ipad-air-3-2019-105-inch', '265.0000', NULL, 'fixed', NULL, NULL, '265.0000', NULL, 0, NULL, 1, 8, 1, NULL, NULL, NULL, '2021-02-10 15:34:53', '2021-03-30 13:50:19'),
(201, NULL, NULL, NULL, 'armor-glass-back-cover-for-huawei-honor-8x-white', '119.0000', NULL, 'fixed', NULL, NULL, '119.0000', NULL, 0, NULL, 1, 4, 1, NULL, NULL, NULL, '2021-02-10 15:38:08', '2021-03-21 06:28:40'),
(202, NULL, 2, NULL, 'i99-digital-double-wireless-bluetooth-earphones-white', '400.0000', '198.0000', 'fixed', NULL, NULL, '198.0000', NULL, 0, NULL, 1, 8, 1, NULL, NULL, NULL, '2021-02-10 15:47:56', '2021-04-26 15:05:43'),
(203, NULL, 2, NULL, 'joyroom-jr-t03s-last-version-tws-bluetooth-double-headset-silicone-case-white', '899.0000', '589.0000', 'fixed', NULL, NULL, '589.0000', NULL, 0, NULL, 1, 16, 1, NULL, NULL, NULL, '2021-02-10 15:53:22', '2021-04-26 16:37:56'),
(204, NULL, 2, NULL, 'smaaaat-laslky-llhatf-almhmol-smaaa-maa-maykrofon-oalthkm-fy-msto-alsot', '250.0000', '78.0000', 'fixed', NULL, NULL, '78.0000', NULL, 0, NULL, 1, 6, 1, NULL, NULL, NULL, '2021-02-10 15:56:46', '2021-03-28 23:33:30'),
(205, 9, 2, NULL, 'samsung-level-u-bluetooth-wireless-in-ear-headphones-with-microphone-gold', '889.0000', '649.0000', 'fixed', NULL, NULL, '649.0000', NULL, 0, NULL, 1, 6, 1, NULL, NULL, NULL, '2021-02-10 15:59:58', '2021-03-21 20:49:38'),
(206, NULL, 2, NULL, 'ldnio-ls371-micro-usb-data-cable-1m-white', '40.0000', '25.0000', 'fixed', NULL, NULL, '25.0000', NULL, 0, NULL, 1, 3, 1, NULL, NULL, NULL, '2021-02-10 16:08:09', '2021-03-17 14:34:14'),
(207, NULL, 2, NULL, 'hoco-type-c-to-lightning-x36-swift-pd-charging-data-sync-cable-white-1m', '325.0000', '85.0000', 'fixed', NULL, NULL, '85.0000', NULL, 0, NULL, 1, 4, 1, NULL, NULL, NULL, '2021-02-10 16:09:28', '2021-03-20 18:21:49'),
(208, NULL, 1, NULL, 'ugreen-35mm-stereo-auxiliary-cable-with-slim-aluminum-case-3m-black', '135.0000', NULL, 'fixed', NULL, NULL, '135.0000', NULL, 0, NULL, 1, 4, 1, NULL, NULL, NULL, '2021-02-10 16:21:52', '2021-03-20 22:42:59'),
(209, NULL, 2, NULL, 'hoco-u5-full-metal-charging-lightning-cable-12m-silver', '190.0000', '75.0000', 'fixed', NULL, NULL, '75.0000', NULL, 0, NULL, 1, 6, 1, NULL, NULL, NULL, '2021-02-10 16:26:06', '2021-03-21 16:50:03'),
(210, NULL, 2, NULL, 'baor-bank-mydaly', '199.0000', '145.0000', 'fixed', NULL, NULL, '145.0000', NULL, 0, NULL, 1, 8, 1, NULL, NULL, NULL, '2021-02-10 16:32:16', '2021-03-23 11:00:46'),
(211, NULL, 2, NULL, 'remax-rpp-149-bodi-series-10000mah-powerbank-black', '333.0000', '139.0000', 'fixed', NULL, NULL, '139.0000', NULL, 0, NULL, 1, 7, 1, NULL, NULL, NULL, '2021-02-10 16:36:19', '2021-03-21 00:10:57'),
(212, NULL, 2, NULL, 'energizer-ue20011pq-fast-charger-power-bank-20000mah-225w-black', '999.0000', '475.0000', 'fixed', NULL, NULL, '475.0000', NULL, 0, NULL, 1, 19, 1, NULL, NULL, NULL, '2021-02-10 16:57:52', '2021-03-28 02:13:11'),
(213, 30, 7, 1, 'mobile-8lCCbnjL', '3000.0000', '5.0000', 'percent', '2021-02-13', '2021-02-28', '2850.0000', 'ABS556ZA', 1, 300, 1, 1, 1, '2021-02-13 00:00:00', '2021-02-28 00:00:00', '2021-02-14 11:21:10', '2021-02-13 19:57:25', '2021-02-14 11:21:10'),
(214, 30, 9, 1, 'mobile-mG68nhY8', '3000.0000', '10.0000', 'percent', '2021-02-14', '2021-02-28', '2700.0000', 'APPPLE55SL', 1, 500, 1, 1, 1, '2021-02-14 00:00:00', '2021-02-28 00:00:00', '2021-02-14 11:21:10', '2021-02-14 11:16:54', '2021-02-14 11:21:10');
INSERT INTO `products` (`id`, `brand_id`, `supplier_id`, `tax_class_id`, `slug`, `price`, `special_price`, `special_price_type`, `special_price_start`, `special_price_end`, `selling_price`, `sku`, `manage_stock`, `qty`, `in_stock`, `viewed`, `is_active`, `new_from`, `new_to`, `deleted_at`, `created_at`, `updated_at`) VALUES
(215, 10, 9, 1, 'huawei-y7a-667-inch-128gb4gb-mobile-phone-midnight-black', '3300.0000', '2999.0000', 'fixed', '2021-02-14', '2021-02-28', '2999.0000', 'MO15976HI3', 1, 100, 1, 1, 1, '2021-02-14 00:00:00', '2021-02-28 00:00:00', '2021-02-16 17:02:08', '2021-02-14 13:03:14', '2021-02-16 17:02:08'),
(216, 28, 9, 1, 'mobyl-hoaoy-y7a', '3300.0000', '10.0000', 'percent', '2021-02-16', '2021-02-21', '2970.0000', 'ABS556ZA', 1, 50, 1, 0, 1, '2021-02-16 00:00:00', '2021-02-28 00:00:00', '2021-02-16 17:38:41', '2021-02-16 17:30:08', '2021-02-16 17:38:41'),
(217, 10, 9, 1, 'mobyl-hoaoy-y7a-Bvv7trfw', '3300.0000', '10.0000', 'percent', '2021-02-16', '2021-02-28', '2970.0000', 'APPPLE55SL', 1, 210, 1, 3, 1, '2021-02-16 00:00:00', '2021-02-28 00:00:00', NULL, '2021-02-16 17:49:19', '2021-03-13 01:46:57');

-- --------------------------------------------------------

--
-- Table structure for table `product_attributes`
--

DROP TABLE IF EXISTS `product_attributes`;
CREATE TABLE IF NOT EXISTS `product_attributes` (
  `id` int(10) UNSIGNED NOT NULL AUTO_INCREMENT,
  `product_id` int(10) UNSIGNED NOT NULL,
  `attribute_id` int(10) UNSIGNED NOT NULL,
  PRIMARY KEY (`id`),
  KEY `product_attributes_product_id_index` (`product_id`),
  KEY `product_attributes_attribute_id_index` (`attribute_id`)
) ENGINE=InnoDB AUTO_INCREMENT=1719 DEFAULT CHARSET=utf8mb4 COLLATE=utf8mb4_unicode_ci;

--
-- Dumping data for table `product_attributes`
--

INSERT INTO `product_attributes` (`id`, `product_id`, `attribute_id`) VALUES
(1505, 157, 50),
(1506, 157, 49),
(1507, 157, 31),
(1508, 157, 30),
(1509, 157, 52),
(1510, 157, 23),
(1511, 157, 44),
(1512, 157, 48),
(1513, 157, 51),
(1514, 157, 47),
(1515, 157, 45),
(1655, 181, 53),
(1656, 181, 49),
(1657, 181, 23),
(1658, 187, 52),
(1659, 187, 23),
(1660, 187, 44),
(1661, 187, 47),
(1662, 187, 49),
(1663, 187, 30),
(1664, 187, 31),
(1671, 188, 52),
(1672, 188, 30),
(1673, 188, 31),
(1674, 188, 21),
(1675, 188, 23),
(1676, 188, 47),
(1683, 213, 52),
(1684, 213, 30),
(1685, 213, 31),
(1686, 213, 49),
(1687, 213, 21),
(1688, 213, 47),
(1689, 214, 52),
(1690, 214, 31),
(1691, 214, 30),
(1692, 214, 44),
(1693, 214, 48),
(1694, 214, 47),
(1695, 214, 23),
(1696, 215, 54),
(1697, 215, 55),
(1698, 215, 58),
(1699, 215, 59),
(1700, 215, 68),
(1701, 215, 56),
(1702, 215, 57),
(1703, 215, 60),
(1704, 215, 61),
(1705, 215, 66),
(1706, 215, 67),
(1707, 215, 62),
(1708, 215, 63),
(1709, 216, 67),
(1710, 216, 66),
(1711, 216, 63),
(1712, 216, 54),
(1713, 216, 55),
(1714, 217, 63),
(1715, 217, 66),
(1716, 217, 54),
(1717, 217, 56),
(1718, 217, 62);

-- --------------------------------------------------------

--
-- Table structure for table `product_attribute_values`
--

DROP TABLE IF EXISTS `product_attribute_values`;
CREATE TABLE IF NOT EXISTS `product_attribute_values` (
  `product_attribute_id` int(10) UNSIGNED NOT NULL,
  `attribute_value_id` int(10) UNSIGNED NOT NULL,
  PRIMARY KEY (`product_attribute_id`,`attribute_value_id`),
  KEY `product_attribute_values_attribute_value_id_foreign` (`attribute_value_id`)
) ENGINE=InnoDB DEFAULT CHARSET=utf8mb4 COLLATE=utf8mb4_unicode_ci;

--
-- Dumping data for table `product_attribute_values`
--

INSERT INTO `product_attribute_values` (`product_attribute_id`, `attribute_value_id`) VALUES
(1674, 129),
(1674, 131),
(1687, 131),
(1674, 133),
(1510, 140),
(1657, 141),
(1657, 142),
(1659, 143),
(1675, 144),
(1695, 145),
(1508, 166),
(1663, 166),
(1672, 166),
(1691, 166),
(1508, 167),
(1684, 167),
(1507, 168),
(1690, 169),
(1507, 172),
(1673, 173),
(1685, 173),
(1664, 174),
(1511, 217),
(1692, 217),
(1660, 218),
(1692, 218),
(1515, 224),
(1676, 233),
(1694, 233),
(1661, 234),
(1676, 234),
(1688, 234),
(1514, 235),
(1661, 235),
(1512, 240),
(1693, 240),
(1506, 241),
(1662, 241),
(1506, 242),
(1656, 242),
(1662, 242),
(1686, 242),
(1656, 243),
(1686, 243),
(1656, 244),
(1686, 244),
(1505, 246),
(1513, 249),
(1509, 254),
(1658, 255),
(1683, 255),
(1689, 255),
(1671, 256),
(1655, 258),
(1696, 261),
(1712, 261),
(1716, 261),
(1696, 262),
(1712, 262),
(1716, 262),
(1696, 263),
(1712, 263),
(1716, 263),
(1696, 264),
(1712, 264),
(1716, 264),
(1697, 265),
(1713, 265),
(1701, 266),
(1717, 266),
(1702, 267),
(1698, 268),
(1699, 269),
(1703, 270),
(1704, 271),
(1707, 272),
(1718, 272),
(1708, 273),
(1711, 273),
(1714, 273),
(1705, 276),
(1710, 276),
(1715, 276),
(1706, 277),
(1709, 277),
(1700, 278);

-- --------------------------------------------------------

--
-- Table structure for table `product_categories`
--

DROP TABLE IF EXISTS `product_categories`;
CREATE TABLE IF NOT EXISTS `product_categories` (
  `product_id` int(10) UNSIGNED NOT NULL,
  `category_id` int(10) UNSIGNED NOT NULL,
  PRIMARY KEY (`product_id`,`category_id`),
  KEY `product_categories_category_id_foreign` (`category_id`)
) ENGINE=InnoDB DEFAULT CHARSET=utf8mb4 COLLATE=utf8mb4_unicode_ci;

--
-- Dumping data for table `product_categories`
--

INSERT INTO `product_categories` (`product_id`, `category_id`) VALUES
(38, 22),
(39, 22),
(40, 22),
(41, 22),
(42, 22),
(46, 22),
(50, 22),
(51, 22),
(53, 22),
(54, 22),
(55, 22),
(56, 22),
(57, 22),
(58, 22),
(59, 22),
(60, 22),
(61, 22),
(67, 22),
(68, 22),
(69, 22),
(187, 22),
(188, 22),
(189, 22),
(190, 22),
(213, 22),
(214, 22),
(215, 22),
(216, 22),
(217, 22),
(38, 24),
(39, 24),
(40, 24),
(41, 24),
(42, 24),
(50, 24),
(51, 24),
(53, 24),
(54, 24),
(55, 24),
(56, 24),
(57, 24),
(58, 24),
(59, 24),
(60, 24),
(61, 24),
(187, 24),
(188, 24),
(189, 24),
(190, 24),
(213, 24),
(214, 24),
(215, 24),
(216, 24),
(217, 24),
(67, 25),
(68, 25),
(69, 25),
(70, 25),
(156, 25),
(157, 25),
(103, 28),
(104, 28),
(105, 28),
(125, 28),
(158, 28),
(159, 28),
(160, 28),
(161, 28),
(162, 28),
(163, 28),
(164, 28),
(165, 28),
(166, 28),
(167, 28),
(168, 28),
(169, 28),
(170, 28),
(171, 28),
(172, 28),
(173, 28),
(174, 28),
(175, 28),
(176, 28),
(177, 28),
(194, 28),
(195, 28),
(197, 28),
(198, 28),
(199, 28),
(200, 28),
(201, 28),
(202, 28),
(203, 28),
(204, 28),
(205, 28),
(163, 29),
(164, 29),
(165, 29),
(166, 29),
(167, 29),
(197, 29),
(198, 29),
(199, 29),
(200, 29),
(201, 29),
(158, 31),
(161, 31),
(162, 31),
(168, 31),
(206, 31),
(154, 32),
(159, 32),
(169, 32),
(170, 32),
(196, 32),
(210, 32),
(211, 32),
(212, 32),
(103, 33),
(104, 33),
(160, 33),
(175, 33),
(176, 33),
(202, 33),
(203, 33),
(204, 33),
(205, 33),
(105, 34),
(177, 34),
(194, 34),
(195, 34),
(38, 37),
(39, 37),
(40, 37),
(41, 37),
(42, 37),
(43, 37),
(44, 37),
(54, 37),
(142, 37),
(144, 37),
(187, 37),
(188, 37),
(189, 37),
(190, 37),
(215, 37),
(216, 37),
(217, 37),
(38, 39),
(39, 39),
(54, 39),
(189, 39),
(190, 39),
(53, 40),
(58, 40),
(187, 40),
(188, 40),
(40, 41),
(41, 41),
(42, 41),
(58, 41),
(215, 41),
(216, 41),
(217, 41),
(180, 94),
(180, 95),
(183, 95),
(41, 96),
(184, 96),
(185, 96),
(186, 96),
(180, 146),
(183, 146),
(184, 146),
(185, 146),
(186, 146),
(161, 147),
(168, 147),
(169, 147),
(170, 147),
(163, 148),
(165, 148),
(166, 148),
(167, 148),
(199, 148),
(201, 148),
(158, 149),
(191, 149),
(192, 149),
(193, 149),
(207, 149),
(208, 149),
(209, 149),
(171, 150),
(172, 150),
(173, 150),
(174, 150);

-- --------------------------------------------------------

--
-- Table structure for table `product_options`
--

DROP TABLE IF EXISTS `product_options`;
CREATE TABLE IF NOT EXISTS `product_options` (
  `product_id` int(10) UNSIGNED NOT NULL,
  `option_id` int(10) UNSIGNED NOT NULL,
  PRIMARY KEY (`product_id`,`option_id`),
  KEY `product_options_option_id_foreign` (`option_id`)
) ENGINE=InnoDB DEFAULT CHARSET=utf8mb4 COLLATE=utf8mb4_unicode_ci;

--
-- Dumping data for table `product_options`
--

INSERT INTO `product_options` (`product_id`, `option_id`) VALUES
(23, 1),
(151, 4),
(181, 7),
(188, 8),
(214, 9),
(215, 10),
(216, 13),
(217, 14);

-- --------------------------------------------------------

--
-- Table structure for table `product_tags`
--

DROP TABLE IF EXISTS `product_tags`;
CREATE TABLE IF NOT EXISTS `product_tags` (
  `product_id` int(10) UNSIGNED NOT NULL,
  `tag_id` int(10) UNSIGNED NOT NULL,
  PRIMARY KEY (`product_id`,`tag_id`),
  KEY `product_tags_tag_id_foreign` (`tag_id`)
) ENGINE=InnoDB DEFAULT CHARSET=utf8mb4 COLLATE=utf8mb4_unicode_ci;

--
-- Dumping data for table `product_tags`
--

INSERT INTO `product_tags` (`product_id`, `tag_id`) VALUES
(178, 14),
(179, 14),
(38, 17),
(54, 17),
(156, 17),
(157, 17),
(180, 17),
(187, 17),
(188, 17),
(189, 17),
(190, 17),
(213, 17),
(214, 17),
(38, 18),
(54, 18),
(156, 18),
(162, 18),
(165, 18),
(166, 18),
(170, 18),
(180, 18),
(187, 18),
(188, 18),
(189, 18),
(190, 18),
(214, 18),
(215, 18),
(216, 18),
(217, 18),
(131, 26),
(132, 26),
(139, 26),
(140, 26),
(141, 26),
(142, 26),
(158, 26),
(165, 26),
(166, 26),
(167, 26),
(168, 26),
(169, 26),
(170, 26),
(213, 26),
(38, 27),
(54, 27),
(114, 27),
(115, 27),
(116, 27),
(119, 27),
(121, 27),
(128, 27),
(139, 27),
(140, 27),
(141, 27),
(142, 27),
(158, 27),
(161, 27),
(162, 27),
(165, 27),
(166, 27),
(167, 27),
(168, 27),
(169, 27),
(170, 27),
(180, 27),
(188, 27),
(189, 27),
(190, 27),
(216, 27),
(217, 27),
(38, 32),
(54, 32),
(181, 32),
(187, 32),
(188, 32),
(189, 32),
(190, 32),
(214, 32),
(217, 32),
(215, 33),
(216, 33),
(217, 33),
(215, 34),
(216, 34),
(217, 34);

-- --------------------------------------------------------

--
-- Table structure for table `product_translations`
--

DROP TABLE IF EXISTS `product_translations`;
CREATE TABLE IF NOT EXISTS `product_translations` (
  `id` int(10) UNSIGNED NOT NULL AUTO_INCREMENT,
  `product_id` int(10) UNSIGNED NOT NULL,
  `locale` varchar(191) COLLATE utf8mb4_unicode_ci NOT NULL,
  `name` varchar(191) COLLATE utf8mb4_unicode_ci NOT NULL,
  `description` longtext COLLATE utf8mb4_unicode_ci NOT NULL,
  `short_description` text COLLATE utf8mb4_unicode_ci,
  PRIMARY KEY (`id`),
  UNIQUE KEY `product_translations_product_id_locale_unique` (`product_id`,`locale`)
) ENGINE=InnoDB AUTO_INCREMENT=237 DEFAULT CHARSET=utf8mb4 COLLATE=utf8mb4_unicode_ci;

--
-- Dumping data for table `product_translations`
--

INSERT INTO `product_translations` (`id`, `product_id`, `locale`, `name`, `description`, `short_description`) VALUES
(1, 1, 'ar', 'الأسم', '<p>وصف</p>', NULL),
(7, 7, 'ar', 'جل التنظيف العميق ( مع فيتامين E )', '<p>منظف لطيف للوجه واليدين والجسم يستخدم يوميًا إلزالة جميع الشوائب والزيوت ، ويترك بشرتك<br />رطبة وناعمة</p>', NULL),
(8, 8, 'ar', 'مقشر الجسم بملح البحر الميت *7', '<p>الميتة الخاليا إزالة على يعمل الذي األوكالبتوس زيت على يحتوي الدونا الميت البحر الجسم مقشر<br />.الزهم إفراز أجل من الشابة الدم خاليا تجديد على ويعمل ، الجلد تنفس على ويحافظ</p>', 'الميتة الخاليا إزالة على يعمل الذي األوكالبتوس زيت على يحتوي الدونا الميت البحر الجسم مقشر\r\n.الزهم إفراز أجل من الشابة الدم خاليا تجديد على ويعمل ، الجلد تنفس على ويحافظ'),
(9, 9, 'ar', 'زيت التدليك ( 150 )', '<p>زيت تدليك البحر الميت الدونا يحتوي على زيت المعادن وزيت اللوز الحلو وزيت الجوجوبا<br />المكونات النشطة األخرى التي تترك البشرة رطبة وناعمة.</p>', 'زيت تدليك البحر الميت الدونا يحتوي على زيت المعادن وزيت اللوز الحلو وزيت الجوجوبا\r\nالمكونات النشطة األخرى التي تترك البشرة رطبة وناعمة.'),
(12, 12, 'ar', 'مقشر للوجه', '<p>تستغرق دورة تجديد الجلد 90 يو ًما من منتصف العمر حتى نهايتها ، وخالل هذه الفترة تكتسب البشرة مظهًرا<br />باهتًا غير مرغوب فيه ، وسوف يعالج تقشير الوجه هذا الجلد لضمان اإلزالة السريعة للخاليا الميتة ، مما يسمح<br />على الفور بتشكيل خاليا جديدة .يعمل هذا العالج على تنقية بشرتك وتحويلها لتصبح ناعمة وسلسة.</p>', 'تستغرق دورة تجديد الجلد 90 يو ًما من منتصف العمر حتى نهايتها ، وخالل هذه الفترة تكتسب البشرة مظهًرا\r\nباهتًا غير مرغوب فيه ، وسوف يعالج تقشير الوجه هذا الجلد لضمان اإلزالة السريعة للخاليا الميتة ، مما يسمح\r\nعلى الفور بتشكيل خاليا جديدة .يعمل هذا العالج على تنقية بشرتك وتحويلها لتصبح ناعمة وسلسة.'),
(16, 16, 'ar', 'صابون الطين الاسود', '<p>يحتوي هذا الصابون الفاخر على مزيج فريد من طين البحر الميت المعالج والعناصر األساسية بما في ذلك حبيبات<br />زيت الزيتون والزيوت األساسية من البرتقال والباتشولي والفلفل بالنعناع مع صابون فيتامين يزيل الشوائب وينظف<br />بشرتك ويحافظ على رطوبة بشرتك وترطيبها.مثالي لجميع أنواع البشرة .يوضع يوميا على الوجه و / أو الجسم.</p>', 'يحتوي هذا الصابون الفاخر على مزيج فريد من طين البحر الميت المعالج والعناصر األساسية بما في ذلك حبيبات\r\nزيت الزيتون والزيوت األساسية من البرتقال والباتشولي والفلفل بالنعناع مع صابون فيتامين يزيل الشوائب وينظف\r\nبشرتك ويحافظ على رطوبة بشرتك وترطيبها.مثالي لجميع أنواع البشرة .يوضع يوميا على الوجه و / أو الجسم.'),
(17, 17, 'ar', 'صابون معدني', '<p>تركيبة شطف نظيفة لطيفة تجمع بين أمالح البحر الميت والزيوت األساسية من الليمون والالفندر مع فيتامين أ و ه<br />لموازنة وتجديد وتنعيم جميع أنواع البشرة مع ترك البشرة بدون بقايا .يوضع يوميا على الوجه و / أو الجسم.</p>', 'تركيبة شطف نظيفة لطيفة تجمع بين أمالح البحر الميت والزيوت األساسية من الليمون والالفندر مع فيتامين أ و ه\r\nلموازنة وتجديد وتنعيم جميع أنواع البشرة مع ترك البشرة بدون بقايا .يوضع يوميا على الوجه و / أو الجسم.'),
(18, 18, 'ar', 'صابون تنظيف', '<p>تركيبة استثنائية ولطيفة ، يحتوي هذا الصابون الفاخر على حبوب تقشير تزيل خاليا الجلد الميتة وتحفز تدفق الدم .<br />إثراء بشرتك بالزيوت األساسية من فاكهة العنب والبرتقال والجير مع فيتامين أ و ه لتقليل تكوين التجاعيد المستحثة<br />لألشعة فوق البنفسجية وترطيب البشرة .مثالي لجميع أنواع البشرة .يوضع يوميا على الوجه و / أو الجسم.</p>', 'تركيبة استثنائية ولطيفة ، يحتوي هذا الصابون الفاخر على حبوب تقشير تزيل خاليا الجلد الميتة وتحفز تدفق الدم .\r\nإثراء بشرتك بالزيوت األساسية من فاكهة العنب والبرتقال والجير مع فيتامين أ و ه لتقليل تكوين التجاعيد المستحثة\r\nلألشعة فوق البنفسجية وترطيب البشرة .مثالي لجميع أنواع البشرة .يوضع يوميا على الوجه و / أو الجسم.'),
(20, 20, 'ar', 'شامبو بلسم طين ( عادي ، زيتي ، جاف)', '<p>شامبو الدونا مع بلسم الطين لديه عناية مركزة للشعر الدهني ، هذا الشامبو المعدني مصنوع من مركب العناية<br />المزدوجة الحاصل على براءة اختراع وتركيز عال من ظروف الطين ومعادن البحر الميت التي تنظف بلطف<br />وتنشط فروة الرأس والجذور ، وتعطي نتائج طبيعية ومشرقة.</p>', 'شامبو الدونا مع بلسم الطين لديه عناية مركزة للشعر الدهني ، هذا الشامبو المعدني مصنوع من مركب العناية\r\nالمزدوجة الحاصل على براءة اختراع وتركيز عال من ظروف الطين ومعادن البحر الميت التي تنظف بلطف\r\nوتنشط فروة الرأس والجذور ، وتعطي نتائج طبيعية ومشرقة.'),
(21, 21, 'ar', 'طين الجسم  ( 500جرام )', '<p>من أعماق البقعة على األرض مع أعلى تركيز من المعادن الطبيعية المعززة للصحة ، LADONNA ، Choice يجلب لك<br />طين البحر الميت المعدني األسود.<br />المكونات الطبيعية الخاصة تطهر وتطهر الجلد ، بينما تنعش وتنشط وتحافظ على مستويات الرطوبة الطبيعية للبشرة.<br />يُعرف طين الجسم من البحر الميت بعالج أمراض الجلد من خالل تقوية أنسجة الجلد ، والحفاظ على التوازن الكيميائي للجلد<br />، وتحفيز الدورة الدموية وإزالة السموم من الجلد.</p>', 'من أعماق البقعة على األرض مع أعلى تركيز من المعادن الطبيعية المعززة للصحة ، LADONNA ، Choice يجلب لك\r\nطين البحر الميت المعدني األسود.\r\nالمكونات الطبيعية الخاصة تطهر وتطهر الجلد ، بينما تنعش وتنشط وتحافظ على مستويات الرطوبة الطبيعية للبشرة.\r\nيُعرف طين الجسم من البحر الميت بعالج أمراض الجلد من خالل تقوية أنسجة الجلد ، والحفاظ على التوازن الكيميائي للجلد\r\n، وتحفيز الدورة الدموية وإزالة السموم من الجلد.'),
(22, 22, 'ar', 'طين الجسم  ( 250جرام )', '<p>من أعماق البقعة على الارض مع أعلى تركيز من المعادن الطبيعية المعززة للصحة ، LADONNA ، Choice يجلب لك<br />طين البحر الميت المعدني الاسود.<br />المكونات الطبيعية الخاصة تطهر وتطهر الجلد ، بينما تنعش وتنشط وتحافظ على مستويات الرطوبة الطبيعية للبشرة.<br />يُعرف طين الجسم من البحر الميت بعالج أمراض الجلد من خالل تقوية أنسجة الجلد ، والحفاظ على التوازن الكيميائي للجلد<br />، وتحفيز الدورة الدموية وإزالة السموم من الجلد</p>', 'من أعماق البقعة على األرض مع أعلى تركيز من المعادن الطبيعية المعززة للصحة ، LADONNA ، Choice يجلب لك\r\nطين البحر الميت المعدني األسود.\r\nالمكونات الطبيعية الخاصة تطهر وتطهر الجلد ، بينما تنعش وتنشط وتحافظ على مستويات الرطوبة الطبيعية للبشرة.\r\nيُعرف طين الجسم من البحر الميت بعالج أمراض الجلد من خالل تقوية أنسجة الجلد ، والحفاظ على التوازن الكيميائي للجلد\r\n، وتحفيز الدورة الدموية وإزالة السموم من الجلد.'),
(23, 23, 'ar', 'قناع الطين للوجه', '<p><span style=\"vertical-align: inherit;\"><span style=\"vertical-align: inherit;\"><span style=\"vertical-align: inherit;\"><span style=\"vertical-align: inherit;\"><span style=\"vertical-align: inherit;\"><span style=\"vertical-align: inherit;\"><span style=\"vertical-align: inherit;\"><span style=\"vertical-align: inherit;\"><span style=\"vertical-align: inherit;\"><span style=\"vertical-align: inherit;\"><span style=\"vertical-align: inherit;\"><span style=\"vertical-align: inherit;\">An extraordinary facial mud mask, specially purified for facial skin, sourced from the </span></span></span></span></span></span></span></span></span></span></span></span><br /><span style=\"vertical-align: inherit;\"><span style=\"vertical-align: inherit;\"><span style=\"vertical-align: inherit;\"><span style=\"vertical-align: inherit;\"><span style=\"vertical-align: inherit;\"><span style=\"vertical-align: inherit;\"><span style=\"vertical-align: inherit;\"><span style=\"vertical-align: inherit;\"><span style=\"vertical-align: inherit;\"><span style=\"vertical-align: inherit;\"><span style=\"vertical-align: inherit;\"><span style=\"vertical-align: inherit;\">world- </span></span></span></span></span></span></span></span></span></span></span><span style=\"vertical-align: inherit;\"><span style=\"vertical-align: inherit;\"><span style=\"vertical-align: inherit;\"><span style=\"vertical-align: inherit;\"><span style=\"vertical-align: inherit;\"><span style=\"vertical-align: inherit;\"><span style=\"vertical-align: inherit;\"><span style=\"vertical-align: inherit;\"><span style=\"vertical-align: inherit;\"><span style=\"vertical-align: inherit;\"><span style=\"vertical-align: inherit;\">famous legendary Dead Sea Spa </span></span></span></span></span></span></span></span></span></span></span><span style=\"vertical-align: inherit;\"><span style=\"vertical-align: inherit;\"><span style=\"vertical-align: inherit;\"><span style=\"vertical-align: inherit;\"><span style=\"vertical-align: inherit;\"><span style=\"vertical-align: inherit;\"><span style=\"vertical-align: inherit;\"><span style=\"vertical-align: inherit;\"><span style=\"vertical-align: inherit;\"><span style=\"vertical-align: inherit;\"><span style=\"vertical-align: inherit;\">. </span></span></span></span></span></span></span></span></span></span></span><span style=\"vertical-align: inherit;\"><span style=\"vertical-align: inherit;\"><span style=\"vertical-align: inherit;\"><span style=\"vertical-align: inherit;\"><span style=\"vertical-align: inherit;\"><span style=\"vertical-align: inherit;\"><span style=\"vertical-align: inherit;\"><span style=\"vertical-align: inherit;\"><span style=\"vertical-align: inherit;\"><span style=\"vertical-align: inherit;\"><span style=\"vertical-align: inherit;\">It absorbs excess oil, removes impurities, removes dead cells and promotes natural skin regeneration. </span></span></span></span></span></span></span></span></span></span></span></span><br /><span style=\"vertical-align: inherit;\"><span style=\"vertical-align: inherit;\"><span style=\"vertical-align: inherit;\"><span style=\"vertical-align: inherit;\"><span style=\"vertical-align: inherit;\"><span style=\"vertical-align: inherit;\"><span style=\"vertical-align: inherit;\"><span style=\"vertical-align: inherit;\"><span style=\"vertical-align: inherit;\"><span style=\"vertical-align: inherit;\"><span style=\"vertical-align: inherit;\"><span style=\"vertical-align: inherit;\">Combined with essential oils of geranium and neroli to balance, promotes healing and revitalizing stressed skin. </span></span></span></span></span></span></span></span></span></span></span></span><br /><span style=\"vertical-align: inherit;\"><span style=\"vertical-align: inherit;\"><span style=\"vertical-align: inherit;\"><span style=\"vertical-align: inherit;\"><span style=\"vertical-align: inherit;\"><span style=\"vertical-align: inherit;\"><span style=\"vertical-align: inherit;\"><span style=\"vertical-align: inherit;\"><span style=\"vertical-align: inherit;\"><span style=\"vertical-align: inherit;\"><span style=\"vertical-align: inherit;\"><span style=\"vertical-align: inherit;\">Available with: </span></span></span></span></span></span></span></span></span></span></span></span><br /><span style=\"vertical-align: inherit;\"><span style=\"vertical-align: inherit;\"><span style=\"vertical-align: inherit;\"><span style=\"vertical-align: inherit;\"><span style=\"vertical-align: inherit;\"><span style=\"vertical-align: inherit;\"><span style=\"vertical-align: inherit;\"><span style=\"vertical-align: inherit;\"><span style=\"vertical-align: inherit;\"><span style=\"vertical-align: inherit;\"><span style=\"vertical-align: inherit;\"><span style=\"vertical-align: inherit;\">&bull; Carrot and cucumber </span></span></span></span></span></span></span></span></span></span></span></span><br /><span style=\"vertical-align: inherit;\"><span style=\"vertical-align: inherit;\"><span style=\"vertical-align: inherit;\"><span style=\"vertical-align: inherit;\"><span style=\"vertical-align: inherit;\"><span style=\"vertical-align: inherit;\"><span style=\"vertical-align: inherit;\"><span style=\"vertical-align: inherit;\"><span style=\"vertical-align: inherit;\"><span style=\"vertical-align: inherit;\"><span style=\"vertical-align: inherit;\"><span style=\"vertical-align: inherit;\">extract &bull; </span></span></span></span></span></span></span></span></span></span></span><span style=\"vertical-align: inherit;\"><span style=\"vertical-align: inherit;\"><span style=\"vertical-align: inherit;\"><span style=\"vertical-align: inherit;\"><span style=\"vertical-align: inherit;\"><span style=\"vertical-align: inherit;\"><span style=\"vertical-align: inherit;\"><span style=\"vertical-align: inherit;\"><span style=\"vertical-align: inherit;\"><span style=\"vertical-align: inherit;\"><span style=\"vertical-align: inherit;\">Wheat germ oil </span></span></span></span></span></span></span></span></span></span></span><span style=\"vertical-align: inherit;\"><span style=\"vertical-align: inherit;\"><span style=\"vertical-align: inherit;\"><span style=\"vertical-align: inherit;\"><span style=\"vertical-align: inherit;\"><span style=\"vertical-align: inherit;\"><span style=\"vertical-align: inherit;\"><span style=\"vertical-align: inherit;\"><span style=\"vertical-align: inherit;\"><span style=\"vertical-align: inherit;\"><span style=\"vertical-align: inherit;\">&bull; Milk and honey extract </span></span></span></span></span></span></span></span></span></span></span></span><br /><span style=\"vertical-align: inherit;\"><span style=\"vertical-align: inherit;\"><span style=\"vertical-align: inherit;\"><span style=\"vertical-align: inherit;\"><span style=\"vertical-align: inherit;\"><span style=\"vertical-align: inherit;\"><span style=\"vertical-align: inherit;\"><span style=\"vertical-align: inherit;\"><span style=\"vertical-align: inherit;\"><span style=\"vertical-align: inherit;\"><span style=\"vertical-align: inherit;\"><span style=\"vertical-align: inherit;\">&bull; </span></span></span></span></span></span></span></span></span></span></span><span style=\"vertical-align: inherit;\"><span style=\"vertical-align: inherit;\"><span style=\"vertical-align: inherit;\"><span style=\"vertical-align: inherit;\"><span style=\"vertical-align: inherit;\"><span style=\"vertical-align: inherit;\"><span style=\"vertical-align: inherit;\"><span style=\"vertical-align: inherit;\"><span style=\"vertical-align: inherit;\"><span style=\"vertical-align: inherit;\"><span style=\"vertical-align: inherit;\">Marine collagen extract </span></span></span></span></span></span></span></span></span></span></span><span style=\"vertical-align: inherit;\"><span style=\"vertical-align: inherit;\"><span style=\"vertical-align: inherit;\"><span style=\"vertical-align: inherit;\"><span style=\"vertical-align: inherit;\"><span style=\"vertical-align: inherit;\"><span style=\"vertical-align: inherit;\"><span style=\"vertical-align: inherit;\"><span style=\"vertical-align: inherit;\"><span style=\"vertical-align: inherit;\"><span style=\"vertical-align: inherit;\">&bull; Kiwi and avocado extract &bull; Citrus </span></span></span></span></span></span></span></span></span></span></span></span><br /><span style=\"vertical-align: inherit;\"><span style=\"vertical-align: inherit;\"><span style=\"vertical-align: inherit;\"><span style=\"vertical-align: inherit;\"><span style=\"vertical-align: inherit;\"><span style=\"vertical-align: inherit;\"><span style=\"vertical-align: inherit;\"><span style=\"vertical-align: inherit;\"><span style=\"vertical-align: inherit;\"><span style=\"vertical-align: inherit;\"><span style=\"vertical-align: inherit;\"><span style=\"vertical-align: inherit;\">extract &bull; Chamomile extract &bull; Aloe extract</span></span></span></span></span></span></span></span></span></span></span></span></p>', 'ماسك طيني للوجه غير عادي ، تم تنقيته خصي ًصا لبشرة الوجه ، مصدره سبا البحر الميت األسطوري المشهور\r\nعالميا. ًً يمتص الزيوت الزائدة ويزيل الشوائب ويزيل الخاليا الميتة ويعزز التجدد الطبيعي للبشرة.\r\nجنبا إلى جنب مع الزيوت األساسية من إبرة الراعي وزهر البرتقال لتحقيق التوازن ، يعزز الشفاء وتنشيط الجلد المجهد.\r\nمتاح مع:\r\n•خالصة الجزر والخيار •خالصة زيت جنين القمح\r\n•خالصة الحليب والعسل •مستخرج الكوالجين البحري\r\n•خالصة الكيوي واألفوكادو •خالصة الحمضيات\r\n•خالصة البابونج •مستخلص الصبار'),
(24, 24, 'ar', 'شاي', '<p>شاي اخضر فتله</p>', NULL),
(25, 25, 'ar', 'Apple MacBook Pro 2019 Model (13-Inch, Intel Core i5, 1.4Ghz, 8GB, 128GB)', '<h1 style=\"text-align: center;\">Apple MacBook Pro 2019</h1>', NULL),
(26, 26, 'ar', 'Oneplus 7 Pro GM1910 256GB, 8GB, Dual Sim, 6.67 inch, 48MP Main Lens Triple Camera', '<p>Oneplus 7 Pro GM1910 (China Model), DispIay Size: 6.67\", QHD+ AMOLED | ResoIution: 1440 x 3120 pixeIs | Type: AMOLED | Cover Glass: 3D Corning Gorilla, Triple Rear Camera: 48MP Main + 16MP Ultra Wide Angle + 8MP Telephoto . Memory: 256GB+8GB, Dual LED Flash, Video: 4K resolution at 30/60 fps | 1080p resolution at 30/60 fps | Super Slow Motion: 1080p videos at 240 fps | 720p video at 480 fps, Time-Lapse, Video Editor. Pop-up front camera: 16MP.<br />UnIocked ceII phones are compatible with GSM carrier such as AT&amp;T and T-Mobile, but are not compatible with CDMA carriers such as Verizon and Sprint.<br />PIease check if your GSM ceIIular carrier supports the bands for this model before purchasing, LTE may not be available in all areas: FDD LTE: Band B1/2/3/4/5/7/8/12/13/17/18/19/20/25/26/28/29/30/66/71, TDD-LTE: Band B34/38/39/41/46/48, UMTS(WCDMA): Band B1/2/4/5/8/9/19, CDMA: BC0/BC1, GSM: 850/900/1800/1900 MHz.<br />This device may not incIude a US warranty as some manufacturers do not honor warranties for internationaI items. PIease contact the seller for specific warranty information.<br />The box contains: Your new device, USB cabIe, Charger, CIear Case, Documentation.</p>', NULL),
(27, 27, 'ar', 'HP Spectre x360 2-in-1 15.6\" 4K Ultra HD Touch-Screen Laptop, Intel i7 8th Gen', '<p style=\"text-align: right;\">أحدث معالج من الجيل الثامن: Intel Core i7-8500</p>\r\n<p style=\"text-align: right;\">&nbsp;</p>\r\n<p style=\"text-align: right;\"><br />أداء لا مثيل له: ذاكرة DDR4-2133 SDRAM بسعة 16 جيجابايت (2 &times; 8 جيجابايت) من ذاكرة النظام لتعدد المهام والألعاب بشكل مكثف ، وتشغيل ألعاب الكمبيوتر ذات الرسوميات الثقيلة وتحرير الفيديو بسلاسة</p>\r\n<p style=\"text-align: right;\">&nbsp;</p>\r\n<p style=\"text-align: right;\"><br />سرعة فائقة واتصال لاسلكي متقدم: وصول سريع للبيانات مع محرك أقراص ذو حالة صلبة سعة 512 جيجابايت PCIe NVMe 4x3 Lane ، ومحرك أقراص صلبة مزود بذاكرة فلاش مع عدم وجود أجزاء متحركة ، مما يؤدي إلى الوصول إلى البيانات بسرعة أكبر. اتصال لاسلكي متقدم: Intel 802.11ac (2x2) Wi-Fi و Bluetooth 4.2 Combo</p>\r\n<p style=\"text-align: right;\">&nbsp;</p>\r\n<p style=\"text-align: right;\"><br />تخصيص:</p>\r\n<p style=\"text-align: right;\">حجم الشاشة 15.6 بوصة<br />دقة الشاشة 3840 &times; 2160<br />دقة الشاشة القصوى 3840 &times; 2160<br />معالج 1.8 جيجا هرتز Intel Core i7<br />رام 16 جيجا بايت DDR<br />سرعة الذاكرة 2400 ميجاهرتز<br />القرص الصلب 512 جيجا بايت SSD<br />معالج الرسومات NVIDIA GeForce MX150<br />مجموعة شرائح NVIDIA<br />وصف البطاقة مخصص<br />كارت ذاكرة رام حجم 2 جيجا<br />النوع اللاسلكي 802.11ac<br />متوسط عمر البطارية (بالساعات) 13 ساعة</p>', NULL),
(28, 28, 'ar', 'Dell XPS 13 9380, 13.3\" 4K UHD (3840X2160) Multi-Touch IPS Display, Intel Core i7-8565U', '<p style=\"text-align: right;\">أصغر كمبيوتر محمول في العالم مقاس 13 بوصة ؛ جهاز 4K Ultra HD XPS 13 الأصغر والأرفع والأخف وزنًا جاهز للإقلاع وأيضًا أداء النجوم مع معالجات Intel Core الجديدة من الجيل الثامن ، المزيد من النوى يعني زيادة الأداء.</p>\r\n<p style=\"text-align: right;\">&nbsp;</p>\r\n<p style=\"text-align: right;\"><br />كاميرا الويب عالية الدقة الأكثر ابتكارًا في العالم ؛ لقد صغرنا كاميرا الويب عالية الدقة لتلائم الحد الأعلى المتطور مما يجعل الكمبيوتر المحمول مقاس 13 بوصة أكثر روعة من أي وقت مضى.</p>\r\n<p style=\"text-align: right;\">&nbsp;</p>\r\n<p style=\"text-align: right;\"><br />الجيل التالي من Dell Cinema ؛ تنفجر الألوان ، ويدوي الصوت ، والجري سلس ، وقد جمعت Dell بين الأجهزة والبرامج المتخصصة لجعل كل مشهد أكثر روعة.</p>\r\n<p style=\"text-align: right;\">&nbsp;</p>\r\n<p style=\"text-align: right;\"><br />سهل إعادة التدوير: يمكن إعادة تدوير 90٪ من أجزاء الكمبيوتر المحمول أو إعادة استخدامها بسهولة ، وصواني التغليف المصنوعة من الخيزران الأبيض قابلة لإعادة التدوير بنسبة 100٪.</p>\r\n<p style=\"text-align: right;\">&nbsp;</p>\r\n<p style=\"text-align: right;\"><br />يتم قطع الطراز XPS 13 من كتلة واحدة من الألومنيوم ، لذا فهو أكثر متانة من الماكينة المجمعة معًا. مستوحاة من صناعة الطيران ، تسمح ألياف الكربون والألياف الزجاجية المنسوجة لمسند راحة اليد بأقصى قوة وأقل وزن. زجاج Corning Gorilla Glass 4 قوي ومقاوم للتلف ودائم وأنيق وأكثر قدرة على تحمل الضرر الناتج عن السقوط.</p>\r\n<p style=\"text-align: right;\">&nbsp;</p>\r\n<p style=\"text-align: right;\"><br />مواصفات:</p>\r\n<p style=\"text-align: right;\">حجم الشاشة 13.3 بوصة<br />دقة الشاشة القصوى 3840 &times; 2160 بكسل<br />معالج 1.8 جيجاهيرتز Core i7 8550U<br />رام 16 جيجا بايت LPDDR3<br />سرعة الذاكرة 4.6 جيجا هرتز<br />القرص الصلب 512 جيجا بايت SSD<br />معالج الرسومات Intel UHD Graphics<br />شرائح انتل<br />وصف البطاقة المتكاملة<br />النوع اللاسلكي 802.11ac</p>', NULL),
(29, 29, 'ar', 'Huawei Kepler MateBook D 14\" - AMD R5 - 8GB+256GB, Mystic Silver', '<p style=\"text-align: right;\">ممتاز وأنيق: جسم معدني لامع من الفضة الصوفي ، بسمك 0.62 بوصة فقط و 3.5 رطل</p>\r\n<p style=\"text-align: right;\">&nbsp;</p>\r\n<p style=\"text-align: right;\"><br />زيادة الإنتاجية: لوحة مفاتيح كاملة الحجم بإضاءة خلفية chiclet ، وأكبر لوحة نقر ممكنة لجهاز كمبيوتر محمول مقاس 14 بوصة ، ومنافذ USB-C ، و USB-A ، ومنافذ HDMI ، وبطارية ذات سعة كبيرة تبلغ 57.4 واط في الساعة معبأة في هيكل نحيف</p>\r\n<p style=\"text-align: right;\">&nbsp;</p>\r\n<p style=\"text-align: right;\"><br />سريع وقوي: يأتي إصدار Windows 10 Signature Edition نظيفًا بدون برامج bloatware لإبطائك وتشغيله بواسطة معالج AMD R5</p>\r\n<p style=\"text-align: right;\">&nbsp;</p>\r\n<p style=\"text-align: right;\"><br />شاشة تعمل باللمس: إطار فائق النحافة بدقة 5.2 مم فقط ، 1920 &times; 1080 كاملة الوضوح العالي (FHD) ، وشاشة IPS LCD عريضة 16: 9</p>\r\n<p style=\"text-align: right;\">&nbsp;</p>\r\n<p style=\"text-align: right;\"><br />صوت المسرح المنزلي: نظام صوت Dolby ATMOS رباعي مكبر الصوت وإعداد تردد مقسم مع أصوات تتدفق فوقك ومن حولك للحصول على تجربة غامرة</p>\r\n<p style=\"text-align: right;\">&nbsp;</p>\r\n<p style=\"text-align: right;\"><br />مواصفات:</p>\r\n<p style=\"text-align: right;\">&nbsp;</p>\r\n<p style=\"text-align: right;\"><br />حجم الشاشة 14 بوصة<br />دقة الشاشة القصوى 1920 &times; 1080 بكسل<br />معالج 2 جيجا هرتز 8032<br />رام 8 جيجا DDR4<br />القرص الصلب 256 جيجا بايت ذاكرة فلاش الحالة الصلبة<br />معالج الرسومات AMD Radeon Vega 8<br />مجموعة الشرائح amd<br />وصف البطاقة مخصص<br />كارت ذاكرة رام حجم 2 جيجا<br />النوع اللاسلكي 802.11abg<br />عدد منافذ USB 2.0 1<br />عدد منافذ USB 3.0 1</p>', NULL),
(30, 30, 'ar', 'Acer Swift 3 SF315-41G-R6MP Laptop, 15.6\" Full HD IPS Display, AMD Ryzen 7 2700U', '<p>Acer Swift 3 SF315-41G-R6MP comes with these high level specs: AMD Ryzen 7 2700U Quad-Core Processor 2.2GHz with Precision Boost up to 3.8GHz (Up to 4MB L3 Cache), Windows 10 Home, 15.6\" Full HD Widescreen IPS LED-backlit Display with Corning Gorilla Glass, 1920 x 1080 resolution, 16:9 aspect ratio, AMD Radeon RX 540 with 2 GB of dedicated GDDR5 VRAM, 8GB DDR4 Onboard Memory, 256GB SSD, Secure Digital (SD) card reader, Acer True Harmony, Two Built-in Stereo Speakers, 802.11ac Wi-Fi featuring 2x2 MU-MIMO technology (Dual-Band 2.4GHz and 5GHz), Bluetooth 4.1, HD Webcam (1280 x 720) supporting Super High Dynamic Range (SHDR), 1 - USB 3.1 (Type-C) port (Gen 1 up to 5 Gbps), 2 - USB 3.0 ports (one with power-off charging), 1 - USB 2.0 port, 1 - HDMI Port with HDCP support, 4-cell Li-Ion Battery (3220 mAh), Up to 9-hours Battery Life, 4.63 lbs. | 2.1 kg (system unit only) (NH.GV8AA.001).</p>\r\n<p>&nbsp;</p>\r\n<p>&nbsp;</p>\r\n<p><span style=\"text-decoration: underline;\"><strong><span class=\"a-list-item\">Specifications:</span></strong></span></p>\r\n<table id=\"productDetails_techSpec_section_1\" class=\"a-keyvalue prodDetTable\" role=\"presentation\">\r\n<tbody>\r\n<tr>\r\n<th class=\"a-color-secondary a-size-base prodDetSectionEntry\" style=\"text-align: left;\">Screen Size</th>\r\n<td class=\"a-size-base\" style=\"text-align: right;\">15.6 inches</td>\r\n</tr>\r\n<tr>\r\n<th class=\"a-color-secondary a-size-base prodDetSectionEntry\" style=\"text-align: left;\">Max Screen Resolution</th>\r\n<td class=\"a-size-base\" style=\"text-align: right;\">1920 x 1080 pixels</td>\r\n</tr>\r\n<tr>\r\n<th class=\"a-color-secondary a-size-base prodDetSectionEntry\" style=\"text-align: left;\">Processor</th>\r\n<td class=\"a-size-base\" style=\"text-align: right;\">3.8 GHz AMD Ryzen 7</td>\r\n</tr>\r\n<tr>\r\n<th class=\"a-color-secondary a-size-base prodDetSectionEntry\" style=\"text-align: left;\">RAM</th>\r\n<td class=\"a-size-base\" style=\"text-align: right;\">8 GB DDR4</td>\r\n</tr>\r\n<tr>\r\n<th class=\"a-color-secondary a-size-base prodDetSectionEntry\" style=\"text-align: left;\">Memory Speed</th>\r\n<td class=\"a-size-base\" style=\"text-align: right;\">3.8 GHz</td>\r\n</tr>\r\n<tr>\r\n<th class=\"a-color-secondary a-size-base prodDetSectionEntry\" style=\"text-align: left;\">Hard Drive</th>\r\n<td class=\"a-size-base\" style=\"text-align: right;\">256 GB Flash Memory Solid State</td>\r\n</tr>\r\n<tr>\r\n<th class=\"a-color-secondary a-size-base prodDetSectionEntry\" style=\"text-align: left;\">Graphics Coprocessor</th>\r\n<td class=\"a-size-base\" style=\"text-align: right;\">AMD Radeon RX 540</td>\r\n</tr>\r\n<tr>\r\n<th class=\"a-color-secondary a-size-base prodDetSectionEntry\" style=\"text-align: left;\">Chipset Brand</th>\r\n<td class=\"a-size-base\" style=\"text-align: right;\">AMD</td>\r\n</tr>\r\n<tr>\r\n<th class=\"a-color-secondary a-size-base prodDetSectionEntry\" style=\"text-align: left;\">Card Description</th>\r\n<td class=\"a-size-base\" style=\"text-align: right;\">Dedicated</td>\r\n</tr>\r\n<tr>\r\n<th class=\"a-color-secondary a-size-base prodDetSectionEntry\" style=\"text-align: left;\">Graphics Card Ram Size</th>\r\n<td class=\"a-size-base\" style=\"text-align: right;\">2 GB</td>\r\n</tr>\r\n<tr>\r\n<th class=\"a-color-secondary a-size-base prodDetSectionEntry\" style=\"text-align: left;\">Wireless Type</th>\r\n<td class=\"a-size-base\" style=\"text-align: right;\">802.11ac</td>\r\n</tr>\r\n<tr>\r\n<th class=\"a-color-secondary a-size-base prodDetSectionEntry\" style=\"text-align: left;\">Number of USB 2.0 Ports</th>\r\n<td class=\"a-size-base\" style=\"text-align: right;\">1</td>\r\n</tr>\r\n<tr>\r\n<th class=\"a-color-secondary a-size-base prodDetSectionEntry\" style=\"text-align: left;\">Number of USB 3.0 Ports</th>\r\n<td class=\"a-size-base\" style=\"text-align: right;\">3</td>\r\n</tr>\r\n</tbody>\r\n</table>\r\n<p>&nbsp;</p>', 'AMD Ryzen 7 2700U Quad-Core Processor (Up to 3.8GHz). AMD Radeon RX 540 with 2 GB of dedicated GDDR5 VRAM. 15.6\" Full HD (1920 x 1080) IPS Widescreen LED-backlit Display with Corning Gorilla Glass'),
(31, 31, 'ar', 'Apple MacBook Air (13-inch, 8GB RAM, 256GB Storage, 1.6GHz Intel Core i5) - Gold', '<p>For the first time, you can now use the Apple MacBook Air (2019) in any environment. Thanks to True Tone, the screen automatically adapts to the amount of light in the room. Your eyes will thank you for that. Thanks to Touch ID, you won\'t need to enter a password, because you can unlock the MacBook Air with a single touch. Thanks to its convenient 13-inch size, you can easily put it in your bag and carry it from the lecture hall to the canteen. Use the 128GB SSD to store all your reports. And after that, you\'ll still have enough space for your holiday pictures.</p>\r\n<p>&nbsp;</p>\r\n<p><span style=\"text-decoration: underline;\"><strong>Specifications:</strong></span></p>\r\n<p>&nbsp;</p>\r\n<table class=\"a-bordered\" style=\"height: 516px;\">\r\n<tbody>\r\n<tr style=\"height: 97px;\">\r\n<td style=\"text-align: left; height: 97px; width: 79.2188px;\">\r\n<p><strong>Display</strong></p>\r\n</td>\r\n<td style=\"height: 97px; width: 447.219px;\">\r\n<p>13.3-inch (diagonal) LED-backlit display with IPS technology; 2560-by-1600 native resolution at 227 pixels per inch with support for millions of colors; True Tone technology</p>\r\n</td>\r\n</tr>\r\n<tr style=\"height: 75px;\">\r\n<td style=\"text-align: left; height: 75px; width: 79.2188px;\">\r\n<p><strong>Processor</strong></p>\r\n</td>\r\n<td style=\"height: 75px; width: 447.219px;\">\r\n<p>1.6GHz dual-core Intel Core i5, Turbo Boost up to 3.6GHz, with 4MB L3 cache</p>\r\n</td>\r\n</tr>\r\n<tr style=\"height: 97px;\">\r\n<td style=\"text-align: left; height: 97px; width: 79.2188px;\">\r\n<p><strong>Graphics and Video Support</strong></p>\r\n</td>\r\n<td style=\"height: 97px; width: 447.219px;\">\r\n<p>Intel UHD Graphics 617, support for Thunderbolt 3&ndash;enabled external graphics processors (eGPUs)</p>\r\n</td>\r\n</tr>\r\n<tr style=\"height: 97px;\">\r\n<td style=\"text-align: left; height: 97px; width: 79.2188px;\">\r\n<p><strong>Charging and Expansion</strong></p>\r\n</td>\r\n<td style=\"height: 97px; width: 447.219px;\">\r\n<p>Two Thunderbolt 3 (USB-C) ports with support for:, Charging, DisplayPort, Thunderbolt (up to 40 Gbps), USB-C 3.1 Gen 2 (up to 10 Gbps)</p>\r\n</td>\r\n</tr>\r\n<tr style=\"height: 75px;\">\r\n<td style=\"text-align: left; height: 75px; width: 79.2188px;\">\r\n<p><strong>Wireless</strong></p>\r\n</td>\r\n<td style=\"height: 75px; width: 447.219px;\">\r\n<p>802.11ac Wi-Fi wireless networking; IEEE 802.11a/b/g/n compatible. Bluetooth 4.2 wireless technology</p>\r\n</td>\r\n</tr>\r\n<tr style=\"height: 75px;\">\r\n<td style=\"text-align: left; height: 75px; width: 79.2188px;\">\r\n<p><strong>In the Box</strong></p>\r\n</td>\r\n<td style=\"height: 75px; width: 447.219px;\">\r\n<p>13-inch MacBook Air, 30W USB-C Power Adapter, USB-C Charge Cable (2 m)</p>\r\n</td>\r\n</tr>\r\n</tbody>\r\n</table>', 'Stunning 13.3-Inch Retina Display with True Tone withTouch ID. Dual-core 8th-Generation Intel Core i5 Processor with Intel UHD Graphics 617. Fast SSD Storage and 8GB memory.'),
(32, 32, 'ar', 'ASUS ROG Zephyrus S GX502GV Gaming Laptop Intel i7-9750H, 32GB RAM', '<p>Armed with the power and versatility to slice through both AAA games and professional work, the ROG Zephyrus S GX502 redefines the bounds of Windows 10 ultra-slim gaming. Its innovative cooling design unleashes the true potential of the latest 9th Gen Intel Core i7 CPU and NVIDIA GeForce RTX 2060 GPU, allowing them to take full advantage of the ultra-responsive 144Hz/3ms PANTONE Validated display. Its adaptability shines with G-SYNC and Optimus modes, giving you the freedom to shift between exceptionally smooth gameplay and better battery life on the go.</p>\r\n<p>&nbsp;</p>\r\n<p><strong><span class=\"a-list-item\">Specifications:</span></strong></p>\r\n<table id=\"productDetails_techSpec_section_1\" class=\"a-keyvalue prodDetTable\" role=\"presentation\">\r\n<tbody>\r\n<tr>\r\n<th class=\"a-color-secondary a-size-base prodDetSectionEntry\" style=\"text-align: left;\">Screen Size</th>\r\n<td class=\"a-size-base\" style=\"text-align: right;\">15.6 inches</td>\r\n</tr>\r\n<tr>\r\n<th class=\"a-color-secondary a-size-base prodDetSectionEntry\" style=\"text-align: left;\">Screen Resolution</th>\r\n<td class=\"a-size-base\" style=\"text-align: right;\">1920 x 1080</td>\r\n</tr>\r\n<tr>\r\n<th class=\"a-color-secondary a-size-base prodDetSectionEntry\" style=\"text-align: left;\">Max Screen Resolution</th>\r\n<td class=\"a-size-base\" style=\"text-align: right;\">1920 x 1080</td>\r\n</tr>\r\n<tr>\r\n<th class=\"a-color-secondary a-size-base prodDetSectionEntry\" style=\"text-align: left;\">Processor</th>\r\n<td class=\"a-size-base\" style=\"text-align: right;\">2.6 GHz Intel Core i7</td>\r\n</tr>\r\n<tr>\r\n<th class=\"a-color-secondary a-size-base prodDetSectionEntry\" style=\"text-align: left;\">RAM</th>\r\n<td class=\"a-size-base\" style=\"text-align: right;\">32 GB DDR4</td>\r\n</tr>\r\n<tr>\r\n<th class=\"a-color-secondary a-size-base prodDetSectionEntry\" style=\"text-align: left;\">Memory Speed</th>\r\n<td class=\"a-size-base\" style=\"text-align: right;\">2666 MHz</td>\r\n</tr>\r\n<tr>\r\n<th class=\"a-color-secondary a-size-base prodDetSectionEntry\" style=\"text-align: left;\">Hard Drive</th>\r\n<td class=\"a-size-base\" style=\"text-align: right;\">1000 GB flash_memory_solid_state</td>\r\n</tr>\r\n<tr>\r\n<th class=\"a-color-secondary a-size-base prodDetSectionEntry\" style=\"text-align: left;\">Graphics Coprocessor</th>\r\n<td class=\"a-size-base\" style=\"text-align: right;\">NVIDIA GeForce RTX 2060</td>\r\n</tr>\r\n<tr>\r\n<th class=\"a-color-secondary a-size-base prodDetSectionEntry\" style=\"text-align: left;\">Chipset Brand</th>\r\n<td class=\"a-size-base\" style=\"text-align: right;\">NVIDIA</td>\r\n</tr>\r\n<tr>\r\n<th class=\"a-color-secondary a-size-base prodDetSectionEntry\" style=\"text-align: left;\">Card Description</th>\r\n<td class=\"a-size-base\" style=\"text-align: right;\">Dedicated</td>\r\n</tr>\r\n<tr>\r\n<th class=\"a-color-secondary a-size-base prodDetSectionEntry\" style=\"text-align: left;\">Graphics Card Ram Size</th>\r\n<td class=\"a-size-base\" style=\"text-align: right;\">6.00</td>\r\n</tr>\r\n<tr>\r\n<th class=\"a-color-secondary a-size-base prodDetSectionEntry\" style=\"text-align: left;\">Wireless Type</th>\r\n<td class=\"a-size-base\" style=\"text-align: right;\">802.11ac</td>\r\n</tr>\r\n</tbody>\r\n</table>', 'Processor: Intel i7-9750H Six Core Processor (12MB Cache, 2.6MHz-4.5GHz) 45W\r\nRAM: 32GB DDR4 2666MHz (16GB On Board) | Hard Drive: 1TB NVMe Solid State Drive'),
(33, 33, 'ar', 'Dell G5 15 Gaming Laptop Intel Core i7-9750H, NVIDIA GTX 1650, 15.6\" FHD LCD Screen', '<p class=\"a-spacing-base\"><span class=\"a-text-bold\">Kick performance into high gear:</span>&nbsp;Engineered with 9th Generation Intel Core i7-9750H Processor and 16GB memory for powerful performance and uninterrupted gameplay.</p>\r\n<p class=\"a-spacing-base\">&nbsp;</p>\r\n<p class=\"a-spacing-base\"><span class=\"a-text-bold\">No shortage of storage:</span>&nbsp;Experience faster load times and a quieter system thanks to multiple storage including dual drives with 256GB M.2 PCIe NVMe Solid State Drive + 1TB 5400 rpm SATA Hard Drive.</p>\r\n<p class=\"a-spacing-base\">&nbsp;</p>\r\n<p class=\"a-spacing-base\"><span class=\"a-text-bold\">Battle ready:</span>&nbsp;Stay in the fight with an improved and stable WiFi connection.</p>\r\n<p>&nbsp;</p>\r\n<p><span style=\"text-decoration: underline;\"><strong>Specifications:</strong></span></p>\r\n<p>&nbsp;</p>\r\n<table id=\"productDetails_techSpec_section_1\" class=\"a-keyvalue prodDetTable\" style=\"height: 392px;\" role=\"presentation\">\r\n<tbody>\r\n<tr style=\"height: 20px;\">\r\n<th class=\"a-color-secondary a-size-base prodDetSectionEntry\" style=\"text-align: left; height: 20px; width: 139.444px;\">Screen Size</th>\r\n<td class=\"a-size-base\" style=\"height: 20px; width: 456.111px; text-align: right;\">15.6 inches</td>\r\n</tr>\r\n<tr style=\"height: 42px;\">\r\n<th class=\"a-color-secondary a-size-base prodDetSectionEntry\" style=\"text-align: left; height: 42px; width: 139.444px;\">Max Screen Resolution</th>\r\n<td class=\"a-size-base\" style=\"height: 42px; width: 456.111px; text-align: right;\">1920 x 1080 pixels</td>\r\n</tr>\r\n<tr style=\"height: 20px;\">\r\n<th class=\"a-color-secondary a-size-base prodDetSectionEntry\" style=\"text-align: left; height: 20px; width: 139.444px;\">Processor</th>\r\n<td class=\"a-size-base\" style=\"height: 20px; width: 456.111px; text-align: right;\">4.5 GHz Core i7 Family</td>\r\n</tr>\r\n<tr style=\"height: 20px;\">\r\n<th class=\"a-color-secondary a-size-base prodDetSectionEntry\" style=\"text-align: left; height: 20px; width: 139.444px;\">RAM</th>\r\n<td class=\"a-size-base\" style=\"height: 20px; width: 456.111px; text-align: right;\">16 GB DDR4</td>\r\n</tr>\r\n<tr style=\"height: 20px;\">\r\n<th class=\"a-color-secondary a-size-base prodDetSectionEntry\" style=\"text-align: left; height: 20px; width: 139.444px;\">Memory Speed</th>\r\n<td class=\"a-size-base\" style=\"height: 20px; width: 456.111px; text-align: right;\">2666 MHz</td>\r\n</tr>\r\n<tr style=\"height: 42px;\">\r\n<th class=\"a-color-secondary a-size-base prodDetSectionEntry\" style=\"text-align: left; height: 42px; width: 139.444px;\">Hard Drive</th>\r\n<td class=\"a-size-base\" style=\"height: 42px; width: 456.111px; text-align: right;\">256 GB 256GB M.2 PCIe NVMe Solid State Drive + 1TB 5400 rpm 2.5\" SATA Hard Drive</td>\r\n</tr>\r\n<tr style=\"height: 42px;\">\r\n<th class=\"a-color-secondary a-size-base prodDetSectionEntry\" style=\"text-align: left; height: 42px; width: 139.444px;\">Graphics Coprocessor</th>\r\n<td class=\"a-size-base\" style=\"height: 42px; width: 456.111px; text-align: right;\">NVIDIA GeForce GTX 1050 Ti</td>\r\n</tr>\r\n<tr style=\"height: 20px;\">\r\n<th class=\"a-color-secondary a-size-base prodDetSectionEntry\" style=\"text-align: left; height: 20px; width: 139.444px;\">Chipset Brand</th>\r\n<td class=\"a-size-base\" style=\"height: 20px; width: 456.111px; text-align: right;\">NVIDIA GeForce GTX 1650 Ti</td>\r\n</tr>\r\n<tr style=\"height: 20px;\">\r\n<th class=\"a-color-secondary a-size-base prodDetSectionEntry\" style=\"text-align: left; height: 20px; width: 139.444px;\">Card Description</th>\r\n<td class=\"a-size-base\" style=\"height: 20px; width: 456.111px; text-align: right;\">Dedicated</td>\r\n</tr>\r\n<tr style=\"height: 42px;\">\r\n<th class=\"a-color-secondary a-size-base prodDetSectionEntry\" style=\"text-align: left; height: 42px; width: 139.444px;\">Graphics Card Ram Size</th>\r\n<td class=\"a-size-base\" style=\"height: 42px; width: 456.111px; text-align: right;\">4 GB</td>\r\n</tr>\r\n<tr style=\"height: 20px;\">\r\n<th class=\"a-color-secondary a-size-base prodDetSectionEntry\" style=\"text-align: left; height: 20px; width: 139.444px;\">Wireless Type</th>\r\n<td class=\"a-size-base\" style=\"height: 20px; width: 456.111px; text-align: right;\">5 GHz Radio Frequency</td>\r\n</tr>\r\n<tr style=\"height: 42px;\">\r\n<th class=\"a-color-secondary a-size-base prodDetSectionEntry\" style=\"text-align: left; height: 42px; width: 139.444px;\">Number of USB 2.0 Ports</th>\r\n<td class=\"a-size-base\" style=\"height: 42px; width: 456.111px; text-align: right;\">1</td>\r\n</tr>\r\n<tr style=\"height: 42px;\">\r\n<th class=\"a-color-secondary a-size-base prodDetSectionEntry\" style=\"text-align: left; height: 42px; width: 139.444px;\">Number of USB 3.0 Ports</th>\r\n<td class=\"a-size-base\" style=\"height: 42px; width: 456.111px; text-align: right;\">2</td>\r\n</tr>\r\n</tbody>\r\n</table>\r\n<p>&nbsp;</p>', 'Dell G5 15 Gaming Laptop 15. 6\" FHD LCD Screen 9th Gen Intel Core i7-9750H NVIDIA GTX 1650 4GB GDDR5 256GB SSD + 1TB SATA HD Storage 16GB RAM G5590-7679BLK-PUS'),
(34, 34, 'ar', 'ZenBook Pro Duo UX581 Touchscreen Laptop with Screenpad Plus (Intel i9-9980HK, GeForce RTX 2060', '<p><span class=\"a-list-item\">Processor: Intel Core i9-9980HK Eight Core Processor (16MB Cache, 2.4GHz-5.0GHz) 45W</span></p>\r\n<p><span class=\"a-list-item\">RAM: 32GB DDR4 2666MHz | Hard Drive: 2TB NVMe Solid State Drive</span></p>\r\n<p><span class=\"a-list-item\">Graphics: GeForce RTX 2060 6GB | Display: 15.6\" 4K UHD NanoEdge Touchscreen Glossy Display (3840 x 2160) with Screenpad Plus: 14\" 4K Matte Touchscreen</span></p>\r\n<p>&nbsp;</p>\r\n<p>&nbsp;</p>\r\n<p><span class=\"a-list-item\">Features: Screenpad Plus allows you to extend the screen or split Windows and apps on both displays, exclusive ErgoLift design for improved typing position, detachable palm rest, and ASUS Active Stylus pen included | Operating System: Windows 10 Pro x64</span></p>\r\n<p><span class=\"a-list-item\">2TB NVMe SSD Upgrade | 3-Year XPC Limited Warranty (View warranty section below for more details.)</span></p>\r\n<p>&nbsp;</p>\r\n<p><span style=\"text-decoration: underline;\"><strong><span class=\"a-list-item\">Specifications:</span></strong></span></p>\r\n<p>&nbsp;</p>\r\n<table id=\"productDetails_techSpec_section_1\" class=\"a-keyvalue prodDetTable\" style=\"height: 220px;\" role=\"presentation\">\r\n<tbody>\r\n<tr style=\"height: 20px;\">\r\n<th class=\"a-color-secondary a-size-base prodDetSectionEntry\" style=\"height: 20px; width: 169.444px; text-align: left;\">Screen Size</th>\r\n<td class=\"a-size-base\" style=\"height: 20px; width: 207.222px; text-align: right;\">15.6 inches</td>\r\n</tr>\r\n<tr style=\"height: 20px;\">\r\n<th class=\"a-color-secondary a-size-base prodDetSectionEntry\" style=\"height: 20px; width: 169.444px; text-align: left;\">Screen Resolution</th>\r\n<td class=\"a-size-base\" style=\"height: 20px; width: 207.222px; text-align: right;\">3840 x 2160</td>\r\n</tr>\r\n<tr style=\"height: 20px;\">\r\n<th class=\"a-color-secondary a-size-base prodDetSectionEntry\" style=\"height: 20px; width: 169.444px; text-align: left;\">Max Screen Resolution</th>\r\n<td class=\"a-size-base\" style=\"height: 20px; width: 207.222px; text-align: right;\">3840 x 2160</td>\r\n</tr>\r\n<tr style=\"height: 20px;\">\r\n<th class=\"a-color-secondary a-size-base prodDetSectionEntry\" style=\"height: 20px; width: 169.444px; text-align: left;\">Processor</th>\r\n<td class=\"a-size-base\" style=\"height: 20px; width: 207.222px; text-align: right;\">2.4 GHz Core i9</td>\r\n</tr>\r\n<tr style=\"height: 20px;\">\r\n<th class=\"a-color-secondary a-size-base prodDetSectionEntry\" style=\"height: 20px; width: 169.444px; text-align: left;\">RAM</th>\r\n<td class=\"a-size-base\" style=\"height: 20px; width: 207.222px; text-align: right;\">32 GB DDR4</td>\r\n</tr>\r\n<tr style=\"height: 20px;\">\r\n<th class=\"a-color-secondary a-size-base prodDetSectionEntry\" style=\"height: 20px; width: 169.444px; text-align: left;\">Memory Speed</th>\r\n<td class=\"a-size-base\" style=\"height: 20px; width: 207.222px; text-align: right;\">2666 MHz</td>\r\n</tr>\r\n<tr style=\"height: 20px;\">\r\n<th class=\"a-color-secondary a-size-base prodDetSectionEntry\" style=\"height: 20px; width: 169.444px; text-align: left;\">Hard Drive</th>\r\n<td class=\"a-size-base\" style=\"height: 20px; width: 207.222px; text-align: right;\">2 TB flash_memory_solid_state</td>\r\n</tr>\r\n<tr style=\"height: 20px;\">\r\n<th class=\"a-color-secondary a-size-base prodDetSectionEntry\" style=\"height: 20px; width: 169.444px; text-align: left;\">Graphics Coprocessor</th>\r\n<td class=\"a-size-base\" style=\"height: 20px; width: 207.222px; text-align: right;\">GeForce RTX 2060</td>\r\n</tr>\r\n<tr style=\"height: 20px;\">\r\n<th class=\"a-color-secondary a-size-base prodDetSectionEntry\" style=\"height: 20px; width: 169.444px; text-align: left;\">Chipset Brand</th>\r\n<td class=\"a-size-base\" style=\"height: 20px; width: 207.222px; text-align: right;\">NVIDIA</td>\r\n</tr>\r\n<tr style=\"height: 20px;\">\r\n<th class=\"a-color-secondary a-size-base prodDetSectionEntry\" style=\"height: 20px; width: 169.444px; text-align: left;\">Card Description</th>\r\n<td class=\"a-size-base\" style=\"height: 20px; width: 207.222px; text-align: right;\">Dedicated</td>\r\n</tr>\r\n<tr style=\"height: 20px;\">\r\n<th class=\"a-color-secondary a-size-base prodDetSectionEntry\" style=\"height: 20px; width: 169.444px; text-align: left;\">Wireless Type</th>\r\n<td class=\"a-size-base\" style=\"height: 20px; width: 207.222px; text-align: right;\">802.11ac</td>\r\n</tr>\r\n</tbody>\r\n</table>', 'Processor: Intel Core i9-9980HK Eight Core Processor (16MB Cache, 2.4GHz-5.0GHz) 45W\r\nRAM: 32GB DDR4 2666MHz | Hard Drive: 2TB NVMe Solid State Drive'),
(35, 35, 'ar', 'ASUS Mothership X Laptop (Intel i9-9980HK 8-Core, 64GB RAM, 2TB PCIe SSD, 17.3\" Full HD', '<p><span class=\"a-list-item\">9th Gen Intel Core i9-9980HK 2.40GHz Processor (upto 5.0 GHz, 16MB Cache, 8-Cores) ; NVIDIA RTX 2080 8GB GDDR6 Dedicated Graphics, VR Ready</span></p>\r\n<p>&nbsp;</p>\r\n<p><span class=\"a-list-item\">64GB DDR4 SODIMM RAM; 802.11ax Wifi, Bluetooth 5.0, Ethernet LAN (RJ-45), 1080p Full HD Webcam, Backlit Keyboard</span></p>\r\n<p>&nbsp;</p>\r\n<p><span class=\"a-list-item\">17.3\" Full HD (1920x1080) 144Hz Display; 2x280W Power Supply, 6-Cell 90WHr Battery; Black Color</span></p>\r\n<p>&nbsp;</p>\r\n<p><span class=\"a-list-item\">2TB PCIe NVMe SSD; 1 USB 3.1 Gen1, 3 USB 3.1 Gen2, 1 HDMI, 2xUSB 3.2 Type-C Gen1, 1 x Microphone Jack, 1 x Headphone Jack.</span></p>\r\n<p>&nbsp;</p>\r\n<p><span class=\"a-list-item\">Windows 10 Pro-64, 1 Year Manufacturer warranty from MichaelElectronics2 (Professionally upgraded by MichaelElectronics2)</span></p>\r\n<p>&nbsp;</p>\r\n<p><span style=\"text-decoration: underline;\"><strong><span class=\"a-list-item\">Specifications:</span></strong></span></p>\r\n<table id=\"productDetails_techSpec_section_1\" class=\"a-keyvalue prodDetTable\" role=\"presentation\">\r\n<tbody>\r\n<tr>\r\n<th class=\"a-color-secondary a-size-base prodDetSectionEntry\" style=\"text-align: left; width: 172.778px;\">Screen Size</th>\r\n<td class=\"a-size-base\" style=\"width: 422.778px; text-align: right;\">17.3 inches</td>\r\n</tr>\r\n<tr>\r\n<th class=\"a-color-secondary a-size-base prodDetSectionEntry\" style=\"text-align: left; width: 172.778px;\">Screen Resolution</th>\r\n<td class=\"a-size-base\" style=\"width: 422.778px; text-align: right;\">1920 x 1080</td>\r\n</tr>\r\n<tr>\r\n<th class=\"a-color-secondary a-size-base prodDetSectionEntry\" style=\"text-align: left; width: 172.778px;\">Processor</th>\r\n<td class=\"a-size-base\" style=\"width: 422.778px; text-align: right;\">2.4 GHz Core i9</td>\r\n</tr>\r\n<tr>\r\n<th class=\"a-color-secondary a-size-base prodDetSectionEntry\" style=\"text-align: left; width: 172.778px;\">RAM</th>\r\n<td class=\"a-size-base\" style=\"width: 422.778px; text-align: right;\">64 GB SO-DIMM</td>\r\n</tr>\r\n<tr>\r\n<th class=\"a-color-secondary a-size-base prodDetSectionEntry\" style=\"text-align: left; width: 172.778px;\">Hard Drive</th>\r\n<td class=\"a-size-base\" style=\"width: 422.778px; text-align: right;\">PCIe SSD</td>\r\n</tr>\r\n<tr>\r\n<th class=\"a-color-secondary a-size-base prodDetSectionEntry\" style=\"text-align: left; width: 172.778px;\">Graphics Coprocessor</th>\r\n<td class=\"a-size-base\" style=\"width: 422.778px; text-align: right;\">NVIDIA GeForce RTX 2080</td>\r\n</tr>\r\n<tr>\r\n<th class=\"a-color-secondary a-size-base prodDetSectionEntry\" style=\"text-align: left; width: 172.778px;\">Wireless Type</th>\r\n<td class=\"a-size-base\" style=\"width: 422.778px; text-align: right;\">2.4 GHz Radio Frequency, Bluetooth, 802.11ax, 5 GHz Radio Frequency</td>\r\n</tr>\r\n<tr>\r\n<th class=\"a-color-secondary a-size-base prodDetSectionEntry\" style=\"text-align: left; width: 172.778px;\">Number of USB 3.0 Ports</th>\r\n<td class=\"a-size-base\" style=\"width: 422.778px; text-align: right;\">1</td>\r\n</tr>\r\n</tbody>\r\n</table>\r\n<p>&nbsp;</p>', '9th Gen Intel Core i9-9980HK 2.40GHz Processor (upto 5.0 GHz, 16MB Cache, 8-Cores) ; NVIDIA RTX 2080 8GB GDDR6 Dedicated Graphics, VR Ready\r\n64GB DDR4 SODIMM RAM; 802.11ax Wifi, Bluetooth 5.0, Ethernet LAN (RJ-45), 1080p Full HD Webcam, Backlit Keyboard'),
(36, 36, 'ar', 'HP Elite Dragonfly Notebook PC(8th generation Core i5)', '<p>The Dragonfly is made from magnesium alloy, which has been CNC&rsquo;ed by robots to get its sharp corner design. The design is a lot more sleek, more ThinkPad-esque if you will, than the curvy Air. Its size is smaller, too: 11.9 x 7.8 x 0.6 inches versus the 12 x 8.4 x 0.2-to-0.6 inches of the MacBook Air. HP\'s overall package is notably smaller while keeping the same screen size: 13.3 inches.</p>\r\n<p>&nbsp;</p>\r\n<p><span style=\"text-decoration: underline;\"><strong>Specifications:</strong></span></p>\r\n<p>&nbsp;</p>\r\n<table id=\"productDetails_techSpec_section_1\" class=\"a-keyvalue prodDetTable\" role=\"presentation\">\r\n<tbody>\r\n<tr>\r\n<th class=\"a-color-secondary a-size-base prodDetSectionEntry\" style=\"text-align: left;\">Screen Size</th>\r\n<td class=\"a-size-base\" style=\"text-align: right;\">13.3 inches</td>\r\n</tr>\r\n<tr>\r\n<th class=\"a-color-secondary a-size-base prodDetSectionEntry\" style=\"text-align: left;\">Max Screen Resolution</th>\r\n<td class=\"a-size-base\" style=\"text-align: right;\">1280 x 800</td>\r\n</tr>\r\n<tr>\r\n<th class=\"a-color-secondary a-size-base prodDetSectionEntry\" style=\"text-align: left;\">Processor</th>\r\n<td class=\"a-size-base\" style=\"text-align: right;\">1.6 GHz Intel Core i5</td>\r\n</tr>\r\n<tr>\r\n<th class=\"a-color-secondary a-size-base prodDetSectionEntry\" style=\"text-align: left;\">RAM</th>\r\n<td class=\"a-size-base\" style=\"text-align: right;\">16 GB LPDDR3</td>\r\n</tr>\r\n<tr>\r\n<th class=\"a-color-secondary a-size-base prodDetSectionEntry\" style=\"text-align: left;\">Hard Drive</th>\r\n<td class=\"a-size-base\" style=\"text-align: right;\">Flash Memory Solid State</td>\r\n</tr>\r\n<tr>\r\n<th class=\"a-color-secondary a-size-base prodDetSectionEntry\" style=\"text-align: left;\">Chipset Brand</th>\r\n<td class=\"a-size-base\" style=\"text-align: right;\">Intel</td>\r\n</tr>\r\n<tr>\r\n<th class=\"a-color-secondary a-size-base prodDetSectionEntry\" style=\"text-align: left;\">Card Description</th>\r\n<td class=\"a-size-base\" style=\"text-align: right;\">Integrated</td>\r\n</tr>\r\n<tr>\r\n<th class=\"a-color-secondary a-size-base prodDetSectionEntry\" style=\"text-align: left;\">Graphics Card Ram Size</th>\r\n<td class=\"a-size-base\" style=\"text-align: right;\">1</td>\r\n</tr>\r\n<tr>\r\n<th class=\"a-color-secondary a-size-base prodDetSectionEntry\" style=\"text-align: left;\">Number of USB 3.0 Ports</th>\r\n<td class=\"a-size-base\" style=\"text-align: right;\">2</td>\r\n</tr>\r\n<tr>\r\n<th class=\"a-color-secondary a-size-base prodDetSectionEntry\" style=\"text-align: left;\">Average Battery Life (in hours)</th>\r\n<td class=\"a-size-base\" style=\"text-align: right;\">1 days</td>\r\n</tr>\r\n</tbody>\r\n</table>\r\n<p>&nbsp;</p>\r\n<p>&nbsp;</p>\r\n<p>&nbsp;</p>\r\n<p>&nbsp;</p>', 'Buy dragonfly i5-8365u/13/16GB/256/PC Intel i5-8365u, 13.3 FHD BV LED UWVA TS, UMA, 16GB LPDDR3, 256GB SSD, ax+bt, 4C Batt, W10 Pro64, 3Yr wrty');
INSERT INTO `product_translations` (`id`, `product_id`, `locale`, `name`, `description`, `short_description`) VALUES
(37, 37, 'ar', 'iPhone 11 Pro Max 64G 6.5-inch Genuine Phone With Dual Card and Full Screen', '<p><span class=\"a-list-item\">Carrier - This phone is locked to simple Mobile from Tracfone, which means this Device can only be used on the Simple Mobile wireless network.</span></p>\r\n<p>&nbsp;</p>\r\n<p><span class=\"a-list-item\">Plans - simple Mobile offers a variety of coverage plans, including 30-day unlimited Talk, text &amp; data. No Activation Fees, No Credit Checks, and no Hassles On a Nationwide Lightning-fast Network. For more information or plan options, please visit the Simple Mobile website.</span></p>\r\n<p>&nbsp;</p>\r\n<p><span class=\"a-list-item\">Activation - You&rsquo;ll receive a simple Mobile SIM kit with this iPhone. Follow the instructions to get service activated with the simple Mobile plan of your choice.</span></p>\r\n<p><span class=\"a-list-item\">6. 5-inch Super Retina XDR OLED display</span></p>\r\n<p><span class=\"a-list-item\">Water and dust resistant (4 meters for up to 30 minutes, IP68)</span></p>\r\n<p>&nbsp;</p>\r\n<p><span class=\"a-list-item\">Triple-camera system with 12MP Ultra wide, wide, and telephoto cameras; night mode, Portrait mode, and 4K video up to 60fps</span></p>\r\n<p><span class=\"a-list-item\">12MP True Depth front Camera with Portrait mode, 4K video, and slo-mo</span></p>\r\n<p>&nbsp;</p>\r\n<p><span style=\"text-decoration: underline;\"><strong>Specifications:</strong></span></p>\r\n<div class=\"a-column a-span6 block-content block-type-table textalign-left\">\r\n<div class=\"content-grid-block\">\r\n<table class=\"a-bordered\">\r\n<tbody>\r\n<tr>\r\n<td style=\"width: 71.2188px; text-align: left;\">\r\n<p><strong>Display</strong></p>\r\n</td>\r\n<td style=\"width: 455.219px; text-align: right;\">\r\n<p>6.5-inch Super Retina HD display with XDR and True Tone</p>\r\n</td>\r\n</tr>\r\n<tr>\r\n<td style=\"width: 71.2188px; text-align: left;\">\r\n<p><strong>Capacity</strong></p>\r\n</td>\r\n<td style=\"width: 455.219px; text-align: right;\">\r\n<p>64GB, 256GB, 512GB</p>\r\n</td>\r\n</tr>\r\n<tr>\r\n<td style=\"width: 71.2188px; text-align: left;\">\r\n<p><strong>Splash, Water, and Dust Resistant</strong></p>\r\n</td>\r\n<td style=\"width: 455.219px; text-align: right;\">\r\n<p>All-glass and stainless steel design, water and dust resistant (rated IP68)</p>\r\n</td>\r\n</tr>\r\n<tr>\r\n<td style=\"width: 71.2188px; text-align: left;\">\r\n<p><strong>Camera &amp; Video</strong></p>\r\n</td>\r\n<td style=\"width: 455.219px; text-align: right;\">\r\n<p>Triple 12MP cameras with Portrait mode, Depth Control, Portrait Lighting, Smart HDR, and 4K video up to 60 fps</p>\r\n</td>\r\n</tr>\r\n<tr>\r\n<td style=\"width: 71.2188px; text-align: left;\">\r\n<p><strong>Front Camera</strong></p>\r\n</td>\r\n<td style=\"width: 455.219px; text-align: right;\">\r\n<p>12MP TrueDepth front camera with Portrait mode, Depth Control, Portrait Lighting, and Smart HDR</p>\r\n</td>\r\n</tr>\r\n<tr>\r\n<td style=\"width: 71.2188px; text-align: left;\">\r\n<p><strong>Power and Battery</strong></p>\r\n</td>\r\n<td style=\"width: 455.219px; text-align: right;\">\r\n<p>Lasts up to 5 hours longer than iPhone XS Max; Video playback: Up to 20 hours; Video playback (streamed): Up to 12 hours; Audio playback: Up to 80 hours; 18W adapter included Fast-charge capable: Up to 50% charge in around 30 minutes with 18W adapter or higher</p>\r\n</td>\r\n</tr>\r\n</tbody>\r\n</table>\r\n</div>\r\n</div>\r\n<div class=\"a-column a-span6 block-content block-type-table textalign-left a-span-last\">\r\n<div class=\"content-grid-block\">\r\n<table class=\"a-bordered\">\r\n<tbody>\r\n<tr>\r\n<td style=\"width: 70.2188px; text-align: left;\">\r\n<p><strong>In the Box</strong></p>\r\n</td>\r\n<td style=\"width: 456.219px; text-align: right;\">\r\n<p>iPhone with iOS 13, EarPods with Lightning Connector, USB-C to Lightning Cable, 18W USB-C Power Adapter, Documentation</p>\r\n</td>\r\n</tr>\r\n<tr>\r\n<td style=\"width: 70.2188px; text-align: left;\">\r\n<p><strong>Height</strong></p>\r\n</td>\r\n<td style=\"width: 456.219px; text-align: right;\">\r\n<p>6.22 inches (158.0 mm)</p>\r\n</td>\r\n</tr>\r\n<tr>\r\n<td style=\"width: 70.2188px; text-align: left;\">\r\n<p><strong>Width</strong></p>\r\n</td>\r\n<td style=\"width: 456.219px; text-align: right;\">\r\n<p>3.06 inches (77.8 mm)</p>\r\n</td>\r\n</tr>\r\n<tr>\r\n<td style=\"width: 70.2188px; text-align: left;\">\r\n<p><strong>Depth</strong></p>\r\n</td>\r\n<td style=\"width: 456.219px; text-align: right;\">\r\n<p>0.32 inch (8.1 mm)</p>\r\n</td>\r\n</tr>\r\n<tr>\r\n<td style=\"width: 70.2188px; text-align: left;\">\r\n<p><strong>Weight</strong></p>\r\n</td>\r\n<td style=\"width: 456.219px; text-align: right;\">\r\n<p>7.97 ounces (226 grams)</p>\r\n</td>\r\n</tr>\r\n<tr>\r\n<td style=\"width: 70.2188px; text-align: left;\">\r\n<p><strong>Release Date</strong></p>\r\n</td>\r\n<td style=\"width: 456.219px; text-align: right;\">\r\n<p>9/20/2019</p>\r\n</td>\r\n</tr>\r\n</tbody>\r\n</table>\r\n</div>\r\n</div>\r\n<p>&nbsp;</p>\r\n<p>&nbsp;</p>\r\n<p>&nbsp;</p>', 'Water and dust resistant (4 meters for up to 30 minutes, IP68)\r\nTriple-camera system with 12MP Ultra wide, wide, and telephoto cameras; night mode, Portrait mode, and 4K video up to 60fps'),
(38, 38, 'ar', 'Samsung Galaxy S20 (SM-G980F/DS) Dual SIM 128GB, 6.2\" (International Version)', '<p><span class=\"a-list-item\">More camera, more power, more fun &ndash; in a slim, balanced form. Create anywhere on the sleek, powerful Galaxy S20 5G with an expansive 6. 2&rdquo; Infinity-O display and radical new 30x Space Zoom. Galaxy S20 5G&rsquo;s modern design gives you an immersive, cinema-quality experience with next-level functionality. Take pro-quality, hi-res images and video with a groundbreaking 64MP camera and full system of studio lenses with super stabilization. Features like the Single Take AI make it quick and easy to capture multiple photos and video with a single tap. Zoom in close, even from 100 feet away, and capture crisp images at night, even without flash, with Bright Night mode. Share your content in real time with double-tap sharing and get hours of power from minutes of charge with Super Fast Charging. Galaxy S20 5G&rsquo;s intelligent battery lasts all day to power every scroll, click, call, tap, playlist and season finale. Do more of what you love with the device that gives you more. Note: Samsung Galaxy S20 5G does not operate on the Verizon 5G mmW network. It will operate on the Verizon 4G LTE network. See carriers for details.</span></p>\r\n<p>&nbsp;</p>\r\n<p><span class=\"a-list-item\">Power of 5G: Get next-level power for everything you love to do with Samsung Galaxy 5G; Share more, game harder, experience more and never miss a beat</span></p>\r\n<p>&nbsp;</p>\r\n<p><span class=\"a-list-item\">Single Take AI: Capture video and multiple types of images with one tap of the shutter button; Lenses, effects and filters capture the best of every moment, every time</span></p>\r\n<p>&nbsp;</p>\r\n<p><span class=\"a-list-item\">Hi-Res Camera Zoom: Capture hi-res images as if you&rsquo;re 3 feet away, from 100 feet away; Whether you want to zoom in close from afar or magnify details nearby, the new 30x Space Zoom gives you impressive power and clarity</span></p>\r\n<p>&nbsp;</p>\r\n<p><span class=\"a-list-item\">Bright Night Mode: Capture crisp images and vibrant video in Bright Night mode and create high-quality content in low light &ndash; no flash needed</span></p>\r\n<p>&nbsp;</p>\r\n<p><span class=\"a-list-item\">Super Fast Charging: Charge up quicker with Super Fast Charge so you can keep moving with more juice; Give your buds &ndash; or Galaxy buds &ndash; a boost of power with Wireless PowerShare right from Galaxy S20 5G</span></p>\r\n<p><span class=\"a-list-item\">All-Day Battery: Galaxy S20 5G&rsquo;s intelligent battery uses an algorithm to learn from how you live to optimize power and take you through a day or more of work and life without ever giving out on you</span></p>\r\n<p>&nbsp;</p>\r\n<p><span class=\"a-list-item\">Massive Storage: Generous storage out of the box and expandable memory means you never have to delete what&rsquo;s important to you; Memory card sold separately</span></p>\r\n<p>&nbsp;</p>\r\n<p><span style=\"text-decoration: underline;\"><strong><span class=\"a-list-item\">Product Details:</span></strong></span></p>\r\n<p>&nbsp;</p>\r\n<table id=\"productDetails_detailBullets_sections1\" class=\"a-keyvalue prodDetTable\" role=\"presentation\">\r\n<tbody>\r\n<tr>\r\n<th class=\"a-color-secondary a-size-base prodDetSectionEntry\" style=\"text-align: left;\"><strong>Product Dimensions</strong></th>\r\n<td class=\"a-size-base\" style=\"text-align: right;\">6.7 x 3.4 x 2.4 inches</td>\r\n</tr>\r\n<tr>\r\n<th class=\"a-color-secondary a-size-base prodDetSectionEntry\" style=\"text-align: left;\"><strong>Item Weight</strong></th>\r\n<td class=\"a-size-base\" style=\"text-align: right;\">5.8 ounces</td>\r\n</tr>\r\n<tr>\r\n<th class=\"a-color-secondary a-size-base prodDetSectionEntry\" style=\"text-align: left;\"><strong>Shipping Weight</strong></th>\r\n<td class=\"a-size-base\" style=\"text-align: right;\">15.2 ounces</td>\r\n</tr>\r\n<tr>\r\n<th class=\"a-color-secondary a-size-base prodDetSectionEntry\" style=\"text-align: left;\"><strong>ASIN</strong></th>\r\n<td class=\"a-size-base\" style=\"text-align: right;\">B082XXKZRC</td>\r\n</tr>\r\n<tr>\r\n<th class=\"a-color-secondary a-size-base prodDetSectionEntry\" style=\"text-align: left;\"><strong>Item model number</strong></th>\r\n<td class=\"a-size-base\" style=\"text-align: right;\">SM-G981ULBAXAA</td>\r\n</tr>\r\n<tr>\r\n<th class=\"a-color-secondary a-size-base prodDetSectionEntry\" style=\"text-align: left;\"><strong>Batteries</strong></th>\r\n<td class=\"a-size-base\" style=\"text-align: right;\">1 Lithium ion batteries required. (included)</td>\r\n</tr>\r\n</tbody>\r\n</table>\r\n<p>&nbsp;</p>', 'Power of 5G: Get next-level power for everything you love to do with Samsung Galaxy 5G; Share more, game harder, experience more and never miss a beat\r\nSingle Take AI: Capture video and multiple types of images with one tap of the shutter button; Lenses, effects and filters capture the best of every moment, every time'),
(39, 39, 'ar', 'Samsung Galaxy A51 (SM-A515F/DS) Dual SIM 128GB, GSM Unlocked', '<p>A51\'s Infinity-O Display optimizes visual symmetry. Now you can game, watch, surf, and multi-task without interruption on a 6.5\" FHD+ widescreen display&mdash;all powered by Super AMOLED technology. Enjoy a smartphone experience that minimizes the bezel and maximizes each inch of screen space. The rhythmical pattern of A51\'s design theme comes in smooth and elegant pastel shades including Prism Crush Black, White, Blue and Pink. A premium gloss finish adds the perfect touch of style to its sleek and slim body, perfectly blending of style with in-hand comfort. Go ultra high-res with a 48MP Main Cam for crisp, clear photos day and night. A 123&deg; 12MP Ultra Wide Cam captures more of the view.</p>\r\n<p>&nbsp;</p>\r\n<p><span style=\"text-decoration: underline;\"><strong>Specifications:</strong></span></p>\r\n<p>&nbsp;</p>\r\n<table id=\"productDetails_detailBullets_sections1\" class=\"a-keyvalue prodDetTable\" role=\"presentation\">\r\n<tbody>\r\n<tr>\r\n<th class=\"a-color-secondary a-size-base prodDetSectionEntry\" style=\"text-align: left;\">Product Dimensions</th>\r\n<td class=\"a-size-base\" style=\"text-align: right;\">7 x 3 x 2.5 inches</td>\r\n</tr>\r\n<tr>\r\n<th class=\"a-color-secondary a-size-base prodDetSectionEntry\" style=\"text-align: left;\">Item Weight</th>\r\n<td class=\"a-size-base\" style=\"text-align: right;\">12.8 ounces</td>\r\n</tr>\r\n<tr>\r\n<th class=\"a-color-secondary a-size-base prodDetSectionEntry\" style=\"text-align: left;\">Shipping Weight</th>\r\n<td class=\"a-size-base\" style=\"text-align: right;\">12.8 ounces</td>\r\n</tr>\r\n<tr>\r\n<th class=\"a-color-secondary a-size-base prodDetSectionEntry\" style=\"text-align: left;\">ASIN</th>\r\n<td class=\"a-size-base\" style=\"text-align: right;\">B082YG1L4B</td>\r\n</tr>\r\n<tr>\r\n<th class=\"a-color-secondary a-size-base prodDetSectionEntry\" style=\"text-align: left;\">Item model number</th>\r\n<td class=\"a-size-base\" style=\"text-align: right;\">A515F/DS</td>\r\n</tr>\r\n<tr>\r\n<th class=\"a-color-secondary a-size-base prodDetSectionEntry\" style=\"text-align: left;\">Batteries</th>\r\n<td class=\"a-size-base\" style=\"text-align: right;\">1 Lithium ion batteries required. (included)</td>\r\n</tr>\r\n</tbody>\r\n</table>\r\n<p>&nbsp;</p>\r\n<p>&nbsp;</p>\r\n<p>&nbsp;</p>', 'Display: 6.5 inches Super AMOLED capacitive touchscreen w/ Corning Gorilla Glass 3 - Resolution: 1080 x 2400 pixels\r\nMain Camera (Quad): 48 MP + 12 MP + 5 MP + 5 MP w/ LED flash, panorama, HDR - Selfie Camera: 32 MP w/ HDR'),
(40, 40, 'ar', 'Huawei Mate 30 6.62\" No Google Play TAS-AL00/DS 128GB 8GB RAM (GSM Only, No CDMA) Factory Unlocked', '<p>Huawei Mate 30 and Mate 30 Pro do not officially include Google services and applications. Unlocked cell phones are compatible with GSM carrier such as AT&amp;T and T-Mobile, but are not compatible with CDMA carriers such as Verizon and Sprint. The Huawei Mate 30 Pro runs EMUI 10 based on Android 10 and packs 128GB of inbuilt storage (up to 256GB). The Huawei Mate 30 Pro is a dual-SIM (GSM and GSM) smartphone that accepts Nano-SIM and Nano-SIM cards. Connectivity options on the Huawei Mate 30 Pro include Wi-Fi 802.11 a/b/g/n/ac, GPS, NFC, USB Type-C, 3G, and 4G (with support for Band 40 used by some LTE networks in India). Sensors on the phone include accelerometer, ambient light sensor, barometer, compass/ magnetometer, gyroscope, proximity sensor, and fingerprint sensor. The Huawei Mate 30 Pro supports face unlock with 3D face recognition. The Huawei Mate 30 Pro measures 158.10 x 73.10 x 8.80mm (height x width x thickness) and weighs 198.00 grams. It was launched in Space Silver, Emerald Green, Cosmic Purple, Black, Vegan Forest Green, and Vegan Orange colours.</p>\r\n<p>&nbsp;</p>\r\n<p>This phone will work on GSM SIM cards like AT&amp;T or T-Mobile or any other GSM SIM Card network provider but it will NOT work on CDMA such as Sprint, Verizon or US Cellular or Boost Mobile or any other CDMA Networks.</p>\r\n<p>&nbsp;</p>\r\n<p><span style=\"text-decoration: underline;\"><strong>Specifications:</strong></span></p>\r\n<p>&nbsp;</p>\r\n<table id=\"productDetails_detailBullets_sections1\" class=\"a-keyvalue prodDetTable\" style=\"height: 126px;\" role=\"presentation\">\r\n<tbody>\r\n<tr style=\"height: 21px;\">\r\n<th class=\"a-color-secondary a-size-base prodDetSectionEntry\" style=\"height: 21px; width: 154.219px; text-align: left;\">Product Dimensions</th>\r\n<td class=\"a-size-base\" style=\"height: 21px; width: 295.219px; text-align: right;\">7 x 3 x 2.5 inches</td>\r\n</tr>\r\n<tr style=\"height: 21px;\">\r\n<th class=\"a-color-secondary a-size-base prodDetSectionEntry\" style=\"text-align: left; height: 21px; width: 154.219px;\">Item Weight</th>\r\n<td class=\"a-size-base\" style=\"height: 21px; width: 295.219px; text-align: right;\">6.9 ounces</td>\r\n</tr>\r\n<tr style=\"height: 21px;\">\r\n<th class=\"a-color-secondary a-size-base prodDetSectionEntry\" style=\"text-align: left; height: 21px; width: 154.219px;\">Shipping Weight</th>\r\n<td class=\"a-size-base\" style=\"height: 21px; width: 295.219px; text-align: right;\">6.9 ounces</td>\r\n</tr>\r\n<tr style=\"height: 21px;\">\r\n<th class=\"a-color-secondary a-size-base prodDetSectionEntry\" style=\"text-align: left; height: 21px; width: 154.219px;\">ASIN</th>\r\n<td class=\"a-size-base\" style=\"height: 21px; width: 295.219px; text-align: right;\">B07ZHM9ZFH</td>\r\n</tr>\r\n<tr style=\"height: 21px;\">\r\n<th class=\"a-color-secondary a-size-base prodDetSectionEntry\" style=\"text-align: left; height: 21px; width: 154.219px;\">Item model number</th>\r\n<td class=\"a-size-base\" style=\"height: 21px; width: 295.219px; text-align: right;\">TAS-AL00</td>\r\n</tr>\r\n<tr style=\"height: 21px;\">\r\n<th class=\"a-color-secondary a-size-base prodDetSectionEntry\" style=\"text-align: left; height: 21px; width: 154.219px;\">Batteries</th>\r\n<td class=\"a-size-base\" style=\"height: 21px; width: 295.219px; text-align: right;\">1 Lithium ion batteries required. (included)</td>\r\n</tr>\r\n</tbody>\r\n</table>', 'Unlocked cell phones are compatible with GSM carrier such as AT&T and T-Mobile, but are not compatible with CDMA carriers such as Verizon and Sprint.\r\nDisplay 6.62-inch OLED FullView Display\r\nProcessor HiSilicon Kirin 990'),
(41, 41, 'ar', 'Huawei P30 Pro 128GB+8GB RAM (VOG-L29) 40MP LTE Factory Unlocked GSM Smartphone', '<p><span class=\"a-list-item\">6.47 inches 1080 x 2340 pixels, 19.5:9 ratio (~398 ppi density) - Android 9.0 + EMUI 9.0 - IP68 dust/water resistant - Front/back glass, aluminum frame</span></p>\r\n<p><span class=\"a-list-item\">128GB + 8GB RAM - NM (Nano Memory), up to 256GB (uses SIM 2) - Non-removable Li-Po 4200 mAh battery - Hisilicon Kirin 980 Octa-core 2.6GHz</span></p>\r\n<p><span class=\"a-list-item\">Rear Camera: 40 MP, f/1.6, 27mm (wide) + 20 MP, f/2.2, 16mm (ultrawide) + Periscope 8 MP, f/3.4, 125mm (telephoto) - Front Camera: 32 MP, f/2.0, (wide) - Video: <a href=\"mailto:2160p@30fps\">2160p@30fps</a></span></p>\r\n<p>&nbsp;</p>\r\n<p><span class=\"a-list-item\">Unlocked cellphones are compatible with most of the GSM carrier ( Like T-Mobile or AT&amp;T ) but please be aware that are not compatible with CDMA carriers ( Like Sprint or Verizon Wireless for example )</span></p>\r\n<p><span class=\"a-list-item\">3G HSDPA 800 / 850 / 900 / 1700(AWS) / 1900 / 2100 - 4G LTE band 1(2100), 2(1900), 3(1800), 4(1700/2100), 5(850), 6(900), 7(2600), 8(900), 9(1800), 12(700), 17(700), 18(800), 19(800), 20(800), 26(850), 28(700), 32(1500), 34(2000), 38(2600), 39(1900), 40(2300) - Hybrid Dual SIM (Nano-SIM, dual stand-by) &gt; (ensure to check compatibility with your carrier before purchase)6.47 inches 1080 x 2340 pixels, 19.5:9 ratio (~398 ppi density) - Android 9.0 + EMUI 9.0 - IP68 dust/water resistant - Front/back glass, aluminum frame128GB + 8GB RAM - NM (Nano Memory), up to 256GB (uses SIM 2) - Non-removable Li-Po 4200 mAh battery - Hisilicon Kirin 980 Octa-core 2.6GHzRear Camera: 40 MP, f/1.6, 27mm (wide) + 20 MP, f/2.2, 16mm (ultrawide) + Periscope 8 MP, f/3.4, 125mm (telephoto) - Front Camera: 32 MP, f/2.0, (wide) - Video: 2160p@30fpsUnlocked cellphones are compatible with most of the GSM carrier ( Like T-Mobile or AT&amp;T ) but please be aware that are not compatible with CDMA carriers ( Like Sprint or Verizon Wireless for example )<br /></span></p>\r\n<p>&nbsp;</p>\r\n<p><span class=\"a-list-item\">This phone will work on GSM SIM cards like AT&amp;T or T-Mobile or any other GSM SIM Card network provider but it will NOT work on CDMA such as Sprint, Verizon or US Cellular or Boost Mobile or any other CDMA Networks.</span></p>\r\n<p>&nbsp;</p>\r\n<p><span style=\"text-decoration: underline;\"><strong><span class=\"a-list-item\">Specifications:</span></strong></span></p>\r\n<p>&nbsp;</p>\r\n<table id=\"productDetails_detailBullets_sections1\" class=\"a-keyvalue prodDetTable\" style=\"height: 126px;\" role=\"presentation\">\r\n<tbody>\r\n<tr style=\"height: 21px;\">\r\n<th class=\"a-color-secondary a-size-base prodDetSectionEntry\" style=\"height: 21px; width: 154.219px; text-align: left;\">Product Dimensions</th>\r\n<td class=\"a-size-base\" style=\"height: 21px; width: 330.219px; text-align: right;\">2.6 x 1.6 x 0.6 inches</td>\r\n</tr>\r\n<tr style=\"height: 21px;\">\r\n<th class=\"a-color-secondary a-size-base prodDetSectionEntry\" style=\"height: 21px; width: 154.219px; text-align: left;\">Item Weight</th>\r\n<td class=\"a-size-base\" style=\"height: 21px; width: 330.219px; text-align: right;\">1.1 pounds</td>\r\n</tr>\r\n<tr style=\"height: 21px;\">\r\n<th class=\"a-color-secondary a-size-base prodDetSectionEntry\" style=\"height: 21px; width: 154.219px; text-align: left;\">Shipping Weight</th>\r\n<td class=\"a-size-base\" style=\"height: 21px; width: 330.219px; text-align: right;\">1.19 pounds</td>\r\n</tr>\r\n<tr style=\"height: 21px;\">\r\n<th class=\"a-color-secondary a-size-base prodDetSectionEntry\" style=\"height: 21px; width: 154.219px; text-align: left;\">ASIN</th>\r\n<td class=\"a-size-base\" style=\"height: 21px; width: 330.219px; text-align: right;\">B07PX3ZRJ6</td>\r\n</tr>\r\n<tr style=\"height: 21px;\">\r\n<th class=\"a-color-secondary a-size-base prodDetSectionEntry\" style=\"height: 21px; width: 154.219px; text-align: left;\">Item model number</th>\r\n<td class=\"a-size-base\" style=\"height: 21px; width: 330.219px; text-align: right;\">6901443293186</td>\r\n</tr>\r\n<tr style=\"height: 21px;\">\r\n<th class=\"a-color-secondary a-size-base prodDetSectionEntry\" style=\"height: 21px; width: 154.219px; text-align: left;\">Batteries</th>\r\n<td class=\"a-size-base\" style=\"height: 21px; width: 330.219px; text-align: right;\">1 Lithium Polymer batteries required. (included)</td>\r\n</tr>\r\n</tbody>\r\n</table>\r\n<p>&nbsp;</p>', '6.47 inches 1080 x 2340 pixels, 19.5:9 ratio (~398 ppi density) - Android 9.0 + EMUI 9.0 - IP68 dust/water resistant - Front/back glass, aluminum frame\r\n128GB + 8GB RAM - NM (Nano Memory), up to 256GB (uses SIM 2) - Non-removable Li-Po 4200 mAh battery - Hisilicon Kirin 980 Octa-core 2.6GHz'),
(42, 42, 'ar', 'Huawei Mate 30 Pro 6.53\" 128GB 8GB RAM (GSM Only, No CDMA) Factory Unlocked', '<p>Huawei Mate 30 and Mate 30 Pro do not officially include Google services and applications. Unlocked cell phones are compatible with GSM carrier such as AT&amp;T and T-Mobile, but are not compatible with CDMA carriers such as Verizon and Sprint. The Huawei Mate 30 Pro runs EMUI 10 based on Android 10 and packs 128GB of inbuilt storage (up to 256GB). The Huawei Mate 30 Pro is a dual-SIM (GSM and GSM) smartphone that accepts Nano-SIM and Nano-SIM cards. Connectivity options on the Huawei Mate 30 Pro include Wi-Fi 802.11 a/b/g/n/ac, GPS, NFC, USB Type-C, 3G, and 4G (with support for Band 40 used by some LTE networks in India). Sensors on the phone include accelerometer, ambient light sensor, barometer, compass/ magnetometer, gyroscope, proximity sensor, and fingerprint sensor. The Huawei Mate 30 Pro supports face unlock with 3D face recognition. The Huawei Mate 30 Pro measures 158.10 x 73.10 x 8.80mm (height x width x thickness) and weighs 198.00 grams. It was launched in Space Silver, Emerald Green, Cosmic Purple, Black, Vegan Forest Green, and Vegan Orange colours.</p>\r\n<p>&nbsp;</p>\r\n<p><span style=\"text-decoration: underline;\"><strong>Specifications:</strong></span></p>\r\n<p>&nbsp;</p>\r\n<table id=\"productDetails_detailBullets_sections1\" class=\"a-keyvalue prodDetTable\" role=\"presentation\">\r\n<tbody>\r\n<tr>\r\n<th class=\"a-color-secondary a-size-base prodDetSectionEntry\" style=\"text-align: left;\">Product Dimensions</th>\r\n<td class=\"a-size-base\" style=\"text-align: right;\">6.2 x 2.9 x 0.3 inches</td>\r\n</tr>\r\n<tr>\r\n<th class=\"a-color-secondary a-size-base prodDetSectionEntry\" style=\"text-align: left;\">Item Weight</th>\r\n<td class=\"a-size-base\" style=\"text-align: right;\">7 ounces</td>\r\n</tr>\r\n<tr>\r\n<th class=\"a-color-secondary a-size-base prodDetSectionEntry\" style=\"text-align: left;\">Shipping Weight</th>\r\n<td class=\"a-size-base\" style=\"text-align: right;\">7 ounces</td>\r\n</tr>\r\n<tr>\r\n<th class=\"a-color-secondary a-size-base prodDetSectionEntry\" style=\"text-align: left;\">ASIN</th>\r\n<td class=\"a-size-base\" style=\"text-align: right;\">B07YZW2FVM</td>\r\n</tr>\r\n<tr>\r\n<th class=\"a-color-secondary a-size-base prodDetSectionEntry\" style=\"text-align: left;\">Item model number</th>\r\n<td class=\"a-size-base\" style=\"text-align: right;\">Mate 30 Pro</td>\r\n</tr>\r\n<tr>\r\n<th class=\"a-color-secondary a-size-base prodDetSectionEntry\" style=\"text-align: left;\">Batteries</th>\r\n<td class=\"a-size-base\" style=\"text-align: right;\">1 Lithium ion batteries required. (included)</td>\r\n</tr>\r\n</tbody>\r\n</table>', 'Display 6.53-inch (1176x2400)\r\nProcessor HiSilicon Kirin 990\r\nRear Camera 40MP + 40MP + 8MP Front Camera 32MP'),
(43, 43, 'ar', 'Apple iPad Pro (11-inch, Wi-Fi, 64GB) - Silver (1st Generation)', '<p><span class=\"a-list-item\">11-Inch edge-to-edge Liquid Retina display with Promotion&nbsp; true Tone, and wide Color</span></p>\r\n<p><span class=\"a-list-item\">A12X Bionic chip with Neural Engine</span></p>\r\n<p>&nbsp;</p>\r\n<p>&nbsp;</p>\r\n<p><span class=\"a-list-item\">Face ID for secure authentication and Apple Pay</span></p>\r\n<p><span class=\"a-list-item\">12MP back camera, 7MP True Depth front camera</span></p>\r\n<p><span class=\"a-list-item\">Four speaker Audio with wider Stereo sound</span></p>\r\n<p><span class=\"a-list-item\">802. 11AC Wi-Fi and gigabit-class LTE cellular data</span></p>\r\n<p>&nbsp;</p>\r\n<p>&nbsp;</p>\r\n<p><span class=\"a-list-item\">Up to 10 hours of battery life</span></p>\r\n<div class=\"a-row a-expander-container a-expander-inline-container\" aria-live=\"polite\">\r\n<div class=\"a-expander-content a-expander-extend-content a-expander-content-expanded\" aria-expanded=\"true\">\r\n<p><span class=\"a-list-item\">Usb-c connector for charging and accessories</span></p>\r\n<p><span class=\"a-list-item\">Ios 12 with group FaceTime, shared augmented reality experiences, screen time, and more</span></p>\r\n<p>&nbsp;</p>\r\n<p><span style=\"text-decoration: underline;\"><strong><span class=\"a-list-item\">Specifications:</span></strong></span></p>\r\n<p>&nbsp;</p>\r\n<table class=\"a-bordered\">\r\n<tbody>\r\n<tr>\r\n<td style=\"text-align: left;\">\r\n<p><strong>Display</strong></p>\r\n</td>\r\n<td style=\"text-align: right;\">\r\n<p>11‑inch Liquid Retina display with ProMotion technology and True Tone</p>\r\n</td>\r\n</tr>\r\n<tr>\r\n<td style=\"text-align: left;\">\r\n<p><strong>Capacity</strong></p>\r\n</td>\r\n<td style=\"text-align: right;\">\r\n<p>64GB, 256GB, 512GB, 1TB</p>\r\n</td>\r\n</tr>\r\n<tr>\r\n<td style=\"text-align: left;\">\r\n<p><strong>Chip</strong></p>\r\n</td>\r\n<td style=\"text-align: right;\">\r\n<p>A12X Bionic chip with 64-bit desktop-class architecture, Neural Engine, Compared to A8; CPU: 3x faster; Graphics: 8x faster, Embedded M12 coprocessor</p>\r\n</td>\r\n</tr>\r\n<tr>\r\n<td style=\"text-align: left;\">\r\n<p><strong>Camera and Video</strong></p>\r\n</td>\r\n<td style=\"text-align: right;\">\r\n<p>12MP camera with Smart HDR and 4K video at 30 fps or 60 fpss</p>\r\n</td>\r\n</tr>\r\n<tr>\r\n<td style=\"text-align: left;\">\r\n<p><strong>Front Camera</strong></p>\r\n</td>\r\n<td style=\"text-align: right;\">\r\n<p>7MP TrueDepth front camera with Portrait mode, Portrait Lighting, and Smart HDR</p>\r\n</td>\r\n</tr>\r\n<tr>\r\n<td style=\"text-align: left;\">\r\n<p><strong>Battery Life</strong></p>\r\n</td>\r\n<td style=\"text-align: right;\">\r\n<p>Up to 10 hours of surﬁng the web on Wi‑Fi, watching video, or listening to music. Up to 9 hours of surﬁng the web using cellular data network</p>\r\n</td>\r\n</tr>\r\n<tr>\r\n<td style=\"text-align: left;\">\r\n<p><strong>Connector</strong></p>\r\n</td>\r\n<td style=\"text-align: right;\">\r\n<p>USB-C</p>\r\n</td>\r\n</tr>\r\n</tbody>\r\n</table>\r\n</div>\r\n</div>', '11-inch edge-to-edge Liquid Retina display with ProMotion, True Tone, and wide color\r\nA12X Bionic chip with Neural Engine\r\nFace ID for secure authentication and Apple Pay'),
(44, 44, 'ar', 'Apple iPad Pro (12.9-inch, Wi-Fi, 256GB) - Space Gray (3rd Generation)', '<p><span class=\"a-list-item\">12.9-inch edge-to-edge Liquid Retina display with ProMotion, True Tone, and wide color</span></p>\r\n<p><span class=\"a-list-item\">A12X Bionic chip with Neural Engine</span></p>\r\n<p><span class=\"a-list-item\">Face ID for secure authentication and Apple Pay</span></p>\r\n<p>&nbsp;</p>\r\n<p>&nbsp;</p>\r\n<p><span class=\"a-list-item\">12MP back camera, 7MP TrueDepth front camera</span></p>\r\n<p><span class=\"a-list-item\">Four speaker audio with wider stereo sound</span></p>\r\n<p><span class=\"a-list-item\">802.11ac Wi-Fi</span></p>\r\n<p><span class=\"a-list-item\">Up to 10 hours of battery life</span></p>\r\n<p>&nbsp;</p>\r\n<p>&nbsp;</p>\r\n<div class=\"a-row a-expander-container a-expander-inline-container\" aria-live=\"polite\">\r\n<div class=\"a-expander-content a-expander-extend-content a-expander-content-expanded\" aria-expanded=\"true\">\r\n<p><span class=\"a-list-item\">USB-C connector for charging and accessories</span></p>\r\n<p><span class=\"a-list-item\">iOS 12 with Group FaceTime, shared augmented reality experiences, Screen Time, and more</span></p>\r\n<p>&nbsp;</p>\r\n<p><span style=\"text-decoration: underline;\"><strong><span class=\"a-list-item\">Specifications:</span></strong></span></p>\r\n<p>&nbsp;</p>\r\n<table class=\"a-bordered\">\r\n<tbody>\r\n<tr>\r\n<td style=\"text-align: left;\">\r\n<p><strong>Display</strong></p>\r\n</td>\r\n<td style=\"text-align: right;\">\r\n<p>12.9‑inch Liquid&nbsp;Retina display with ProMotion technology and True&nbsp;Tone</p>\r\n</td>\r\n</tr>\r\n<tr>\r\n<td style=\"text-align: left;\">\r\n<p><strong>Capacity</strong></p>\r\n</td>\r\n<td style=\"text-align: right;\">\r\n<p>64GB, 256GB, 512GB, 1TB</p>\r\n</td>\r\n</tr>\r\n<tr>\r\n<td style=\"text-align: left;\">\r\n<p><strong>Chip</strong></p>\r\n</td>\r\n<td style=\"text-align: right;\">\r\n<p>A12X Bionic chip with 64-bit desktop-class architecture, Neural Engine, Compared to A8; CPU: 3x faster; Graphics: 8x faster, Embedded M12 coprocessor</p>\r\n</td>\r\n</tr>\r\n<tr>\r\n<td style=\"text-align: left;\">\r\n<p><strong>Camera and Video</strong></p>\r\n</td>\r\n<td style=\"text-align: right;\">\r\n<p>12MP camera with Smart HDR and 4K video at 30 fps or 60 fps</p>\r\n</td>\r\n</tr>\r\n<tr>\r\n<td style=\"text-align: left;\">\r\n<p><strong>Front Camera</strong></p>\r\n</td>\r\n<td style=\"text-align: right;\">\r\n<p>7MP TrueDepth front camera with Portrait mode, Portrait Lighting, and Smart HDR</p>\r\n</td>\r\n</tr>\r\n<tr>\r\n<td style=\"text-align: left;\">\r\n<p><strong>Battery Life</strong></p>\r\n</td>\r\n<td style=\"text-align: right;\">\r\n<p>Up to 10 hours of surﬁng the web on Wi‑Fi, watching video, or listening to music. Up to 9 hours of surﬁng the web using cellular data network</p>\r\n</td>\r\n</tr>\r\n<tr>\r\n<td style=\"text-align: left;\">\r\n<p><strong>Connector</strong></p>\r\n</td>\r\n<td style=\"text-align: right;\">\r\n<p>USB-C</p>\r\n</td>\r\n</tr>\r\n</tbody>\r\n</table>\r\n</div>\r\n</div>', '12.9-inch edge-to-edge Liquid Retina display with ProMotion, True Tone, and wide color\r\nA12X Bionic chip with Neural Engine\r\nFace ID for secure authentication and Apple Pay\r\n12MP back camera, 7MP TrueDepth front camera'),
(45, 45, 'ar', 'Samsung Galaxy Tab S6 10.5\",  128GB WiFi Tablet Cloud Blue', '<p><span class=\"a-list-item\">The 2 in 1 that&rsquo;s your all in one; Instantly transform your Android tablet into a PC desktop experience when you attach the keyboard1with built in trackpad</span></p>\r\n<p><span class=\"a-list-item\">Power to multitask; Thanks to the speed of the fast mobile processor, rapidly switch between apps and tasks or immerse yourself in graphic intensive games; Plus, get PC caliber internal RAM</span></p>\r\n<p>&nbsp;</p>\r\n<p>&nbsp;</p>\r\n<p><span class=\"a-list-item\">All new S Pen included; Now the included S Pen lets you pause and skip at the press of the button; Plus, you can still mark up papers, sign docs and take notes; The S Pen even attaches magnetically for easy storage and charging</span></p>\r\n<p><span class=\"a-list-item\">Light on weight; Heavy on entertainment; With a spectacular edge to edge Super AMOLED display, superior graphics and quad speakers tuned by AKG, get drawn into immersive games all on a 2 in 1 that only weighs about a pound</span></p>\r\n<p>&nbsp;</p>\r\n<p>&nbsp;</p>\r\n<p><span class=\"a-list-item\">More hours of power; With up to 15 hours 1 on a full charge, you can create and edit all day, plus enjoy continuous browsing and streaming; Then quickly recharge the Fast Charging battery</span></p>\r\n<p><span class=\"a-list-item\">Disclaimer: 1Based on laboratory testing; Battery life depends on usage; 2Compatible keyboard sold separately.</span></p>\r\n<p>&nbsp;</p>\r\n<p><span style=\"text-decoration: underline;\"><strong><span class=\"a-list-item\">Specifications:</span></strong></span></p>\r\n<p>&nbsp;</p>\r\n<table id=\"productDetails_techSpec_section_1\" class=\"a-keyvalue prodDetTable\" role=\"presentation\">\r\n<tbody>\r\n<tr>\r\n<th class=\"a-color-secondary a-size-base prodDetSectionEntry\" style=\"text-align: left;\">Screen Size</th>\r\n<td class=\"a-size-base\" style=\"text-align: right;\">10.5 inches</td>\r\n</tr>\r\n<tr>\r\n<th class=\"a-color-secondary a-size-base prodDetSectionEntry\" style=\"text-align: left;\">Screen Resolution</th>\r\n<td class=\"a-size-base\" style=\"text-align: right;\">2560 x 1600 pixels</td>\r\n</tr>\r\n<tr>\r\n<th class=\"a-color-secondary a-size-base prodDetSectionEntry\" style=\"text-align: left;\">Max Screen Resolution</th>\r\n<td class=\"a-size-base\" style=\"text-align: right;\">2560 x 1600 pixels</td>\r\n</tr>\r\n<tr>\r\n<th class=\"a-color-secondary a-size-base prodDetSectionEntry\" style=\"text-align: left;\">Processor</th>\r\n<td class=\"a-size-base\" style=\"text-align: right;\">2.84 GHz</td>\r\n</tr>\r\n<tr>\r\n<th class=\"a-color-secondary a-size-base prodDetSectionEntry\" style=\"text-align: left;\">RAM</th>\r\n<td class=\"a-size-base\" style=\"text-align: right;\">6 GB</td>\r\n</tr>\r\n<tr>\r\n<th class=\"a-color-secondary a-size-base prodDetSectionEntry\" style=\"text-align: left;\">Hard Drive</th>\r\n<td class=\"a-size-base\" style=\"text-align: right;\">128 GB</td>\r\n</tr>\r\n<tr>\r\n<th class=\"a-color-secondary a-size-base prodDetSectionEntry\" style=\"text-align: left;\">Graphics Coprocessor</th>\r\n<td class=\"a-size-base\" style=\"text-align: right;\">Qualcomm Snapdragon 855</td>\r\n</tr>\r\n<tr>\r\n<th class=\"a-color-secondary a-size-base prodDetSectionEntry\" style=\"text-align: left;\">Card Description</th>\r\n<td class=\"a-size-base\" style=\"text-align: right;\">Integrated</td>\r\n</tr>\r\n<tr>\r\n<th class=\"a-color-secondary a-size-base prodDetSectionEntry\" style=\"text-align: left;\">Wireless Type</th>\r\n<td class=\"a-size-base\" style=\"text-align: right;\">802.11a/b/g/n/ac, Bluetooth, 2.4 GHz Radio Frequency, 5 GHz Radio Frequency</td>\r\n</tr>\r\n<tr>\r\n<th class=\"a-color-secondary a-size-base prodDetSectionEntry\" style=\"text-align: left;\">Number of USB 3.0 Ports</th>\r\n<td class=\"a-size-base\" style=\"text-align: right;\">1</td>\r\n</tr>\r\n<tr>\r\n<th class=\"a-color-secondary a-size-base prodDetSectionEntry\" style=\"text-align: left;\">Average Battery Life (in hours)</th>\r\n<td class=\"a-size-base\" style=\"text-align: right;\">15 hours</td>\r\n</tr>\r\n<tr>\r\n<th class=\"a-color-secondary a-size-base prodDetSectionEntry\" style=\"text-align: left;\">National Stock Number</th>\r\n<td class=\"a-size-base\" style=\"text-align: right;\">SM-T860NZBAXAR</td>\r\n</tr>\r\n</tbody>\r\n</table>\r\n<p>&nbsp;</p>', 'Power to multitask; Thanks to the speed of the fast mobile processor, rapidly switch between apps and tasks or immerse yourself in graphic intensive games; Plus, get PC caliber internal RAM\r\nAll new S Pen included; Now the included S Pen lets you pause and skip at the press of the button; Plus, you can still mark up papers.'),
(46, 46, 'ar', 'New Apple iPad (10.2-Inch, Wi-Fi, 128GB) - Space Gray (Latest Model)', '<p><span class=\"a-list-item\">10.2-Inch Retina Display</span></p>\r\n<p><span class=\"a-list-item\">A10 Fusion chip</span></p>\r\n<p><span class=\"a-list-item\">Touch ID Fingerprint Sensor</span></p>\r\n<p><span class=\"a-list-item\">8MP back camera, 1.2MP FaceTime HD Front camera</span></p>\r\n<p>&nbsp;</p>\r\n<p>&nbsp;</p>\r\n<p><span class=\"a-list-item\">Stereo speakers</span></p>\r\n<p><span class=\"a-list-item\">802.11AC Wi-Fi and gigabit-class LTE cellular data</span></p>\r\n<p><span class=\"a-list-item\">Up to 10 hours of battery life</span></p>\r\n<div class=\"a-row a-expander-container a-expander-inline-container\" aria-live=\"polite\">\r\n<div class=\"a-expander-content a-expander-extend-content a-expander-content-expanded\" aria-expanded=\"true\">\r\n<p><span class=\"a-list-item\">Lightning Connector for charging and accessories</span></p>\r\n<p><span class=\"a-list-item\">Support for smart keyboard and Apple Pencil</span></p>\r\n<p>&nbsp;</p>\r\n<p><span style=\"text-decoration: underline;\"><strong><span class=\"a-list-item\">Specifications:</span></strong></span></p>\r\n<p>&nbsp;</p>\r\n<table class=\"a-bordered\">\r\n<tbody>\r\n<tr>\r\n<td style=\"text-align: left;\">\r\n<p><strong>Display</strong></p>\r\n</td>\r\n<td style=\"text-align: right;\">\r\n<p>10.2‑inch Retina display</p>\r\n</td>\r\n</tr>\r\n<tr>\r\n<td style=\"text-align: left;\">\r\n<p><strong>Capacity</strong></p>\r\n</td>\r\n<td style=\"text-align: right;\">\r\n<p>32GB, 128GB</p>\r\n</td>\r\n</tr>\r\n<tr>\r\n<td style=\"text-align: left;\">\r\n<p><strong>Chip</strong></p>\r\n</td>\r\n<td style=\"text-align: right;\">\r\n<p>A10 Fusion chip with 64-bit architecture, Embedded M10 coprocessor</p>\r\n</td>\r\n</tr>\r\n<tr>\r\n<td style=\"text-align: left;\">\r\n<p><strong>Camera and Video</strong></p>\r\n</td>\r\n<td style=\"text-align: right;\">\r\n<p>8MP camera with HDR and 1080p HD video</p>\r\n</td>\r\n</tr>\r\n<tr>\r\n<td style=\"text-align: left;\">\r\n<p><strong>Front Camera</strong></p>\r\n</td>\r\n<td style=\"text-align: right;\">\r\n<p>1.2MP FaceTime HD front camera with HDR</p>\r\n</td>\r\n</tr>\r\n<tr>\r\n<td style=\"text-align: left;\">\r\n<p><strong>Battery Life</strong></p>\r\n</td>\r\n<td style=\"text-align: right;\">\r\n<p>Up to 10 hours of surﬁng the web on Wi‑Fi, watching video, or listening to music.; Up to 9 hours of surﬁng the web using cellular data network</p>\r\n</td>\r\n</tr>\r\n<tr>\r\n<td style=\"text-align: left;\">\r\n<p><strong>Connector</strong></p>\r\n</td>\r\n<td style=\"text-align: right;\">\r\n<p>Lightning</p>\r\n</td>\r\n</tr>\r\n</tbody>\r\n</table>\r\n</div>\r\n</div>', '10.2-Inch Retina Display\r\nA10 Fusion chip\r\nTouch ID Fingerprint Sensor\r\n8MP back camera, 1.2MP FaceTime HD Front camera\r\nStereo speakers'),
(47, 47, 'ar', 'Lenovo Flex 14 2-in-1 Convertible Laptop, 14 Inch FHD Touchscreen Display, AMD Ryzen 5 3500U Processor', '<p><span class=\"a-list-item\">With a 1920 x 1080 Full HD touch screen Display and the powerful and efficient AMD Ryzen 5 3500U mobile Processor, you can work, stream, and game for hours, along with Radeon Vega 8 for fast video and photo editing. Includes HDMI, USB-C, and USB 3.1 inputs</span></p>\r\n<p><span class=\"a-list-item\">Comprehensive, built-in, ongoing protection with Windows 10 helps protect you against viruses, malware, and ransomware</span></p>\r\n<p>&nbsp;</p>\r\n<p>&nbsp;</p>\r\n<p><span class=\"a-list-item\">Convenient true block privacy shutter allows you to physically close your PC\'s webcam whenever you\'re not using it</span></p>\r\n<p><span class=\"a-list-item\">With the included active Pen, you can draw or take notes directly on the screen, anywhere you go</span></p>\r\n<p>&nbsp;</p>\r\n<p>&nbsp;</p>\r\n<p><span class=\"a-list-item\">Up to 10 hours of battery life with recharge Technology to power your laptop computer up to 80% in just one hour</span></p>\r\n<p>&nbsp;</p>\r\n<p style=\"text-align: left;\"><span style=\"text-decoration: underline;\"><strong><span class=\"a-list-item\">Spefications:</span></strong></span></p>\r\n<p style=\"text-align: left;\">&nbsp;</p>\r\n<table id=\"productDetails_techSpec_section_1\" class=\"a-keyvalue prodDetTable\" style=\"height: 260px;\" role=\"presentation\">\r\n<tbody>\r\n<tr style=\"height: 20px;\">\r\n<th class=\"a-color-secondary a-size-base prodDetSectionEntry\" style=\"text-align: left; height: 20px; width: 239.727px;\">Screen Size</th>\r\n<td class=\"a-size-base\" style=\"height: 20px; width: 242.227px; text-align: right;\">14 inches</td>\r\n</tr>\r\n<tr style=\"height: 20px;\">\r\n<th class=\"a-color-secondary a-size-base prodDetSectionEntry\" style=\"text-align: left; height: 20px; width: 239.727px;\">Screen Resolution</th>\r\n<td class=\"a-size-base\" style=\"height: 20px; width: 242.227px; text-align: right;\">1920x1080 pixels</td>\r\n</tr>\r\n<tr style=\"height: 20px;\">\r\n<th class=\"a-color-secondary a-size-base prodDetSectionEntry\" style=\"text-align: left; height: 20px; width: 239.727px;\">Max Screen Resolution</th>\r\n<td class=\"a-size-base\" style=\"height: 20px; width: 242.227px; text-align: right;\">1440 x 900 pixels</td>\r\n</tr>\r\n<tr style=\"height: 20px;\">\r\n<th class=\"a-color-secondary a-size-base prodDetSectionEntry\" style=\"text-align: left; height: 20px; width: 239.727px;\">Processor</th>\r\n<td class=\"a-size-base\" style=\"height: 20px; width: 242.227px; text-align: right;\">2.1 GHz AMD R Series</td>\r\n</tr>\r\n<tr style=\"height: 20px;\">\r\n<th class=\"a-color-secondary a-size-base prodDetSectionEntry\" style=\"text-align: left; height: 20px; width: 239.727px;\">RAM</th>\r\n<td class=\"a-size-base\" style=\"height: 20px; width: 242.227px; text-align: right;\">12 GB DDR4</td>\r\n</tr>\r\n<tr style=\"height: 20px;\">\r\n<th class=\"a-color-secondary a-size-base prodDetSectionEntry\" style=\"text-align: left; height: 20px; width: 239.727px;\">Memory Speed</th>\r\n<td class=\"a-size-base\" style=\"height: 20px; width: 242.227px; text-align: right;\">2400 MHz</td>\r\n</tr>\r\n<tr style=\"height: 20px;\">\r\n<th class=\"a-color-secondary a-size-base prodDetSectionEntry\" style=\"text-align: left; height: 20px; width: 239.727px;\">Hard Drive</th>\r\n<td class=\"a-size-base\" style=\"height: 20px; width: 242.227px; text-align: right;\">256 GB Flash Memory Solid State</td>\r\n</tr>\r\n<tr style=\"height: 20px;\">\r\n<th class=\"a-color-secondary a-size-base prodDetSectionEntry\" style=\"text-align: left; height: 20px; width: 239.727px;\">Graphics Coprocessor</th>\r\n<td class=\"a-size-base\" style=\"height: 20px; width: 242.227px; text-align: right;\">AMD Radeon Vega 8</td>\r\n</tr>\r\n<tr style=\"height: 20px;\">\r\n<th class=\"a-color-secondary a-size-base prodDetSectionEntry\" style=\"text-align: left; height: 20px; width: 239.727px;\">Chipset Brand</th>\r\n<td class=\"a-size-base\" style=\"height: 20px; width: 242.227px; text-align: right;\">AMD</td>\r\n</tr>\r\n<tr style=\"height: 20px;\">\r\n<th class=\"a-color-secondary a-size-base prodDetSectionEntry\" style=\"text-align: left; height: 20px; width: 239.727px;\">Card Description</th>\r\n<td class=\"a-size-base\" style=\"height: 20px; width: 242.227px; text-align: right;\">Integrated</td>\r\n</tr>\r\n<tr style=\"height: 20px;\">\r\n<th class=\"a-color-secondary a-size-base prodDetSectionEntry\" style=\"text-align: left; height: 20px; width: 239.727px;\">Wireless Type</th>\r\n<td class=\"a-size-base\" style=\"height: 20px; width: 242.227px; text-align: right;\">Bluetooth</td>\r\n</tr>\r\n<tr style=\"height: 20px;\">\r\n<th class=\"a-color-secondary a-size-base prodDetSectionEntry\" style=\"text-align: left; height: 20px; width: 239.727px;\">Number of USB 3.0 Ports</th>\r\n<td class=\"a-size-base\" style=\"height: 20px; width: 242.227px; text-align: right;\">2</td>\r\n</tr>\r\n<tr style=\"height: 20px;\">\r\n<th class=\"a-color-secondary a-size-base prodDetSectionEntry\" style=\"text-align: left; height: 20px; width: 239.727px;\">Average Battery Life (in hours)</th>\r\n<td class=\"a-size-base\" style=\"height: 20px; width: 242.227px; text-align: right;\">10 hours</td>\r\n</tr>\r\n</tbody>\r\n</table>', 'A best in class laptop with the versatility of a studio and tablet\r\nMore power now with the new 8th Generation Intel Core processor'),
(48, 48, 'ar', 'Microsoft  Surface Pro 6 (Intel Core i5, 8GB RAM, 128GB)', '<p><span class=\"a-list-item\">A best in class laptop with the versatility of a studio and tablet</span></p>\r\n<p><span class=\"a-list-item\">More power now with the new 8th Generation Intel Core processor</span></p>\r\n<p><span class=\"a-list-item\">Ultra slim and light, starting at just 1.7 pounds. Sensors : Ambient light sensor, Accelerometer, Gyroscope</span></p>\r\n<p>&nbsp;</p>\r\n<p>&nbsp;</p>\r\n<p><span class=\"a-list-item\">All day battery life, with upto 13.5 hours of video playback</span></p>\r\n<p><span class=\"a-list-item\">Pair with our signature type cover in luxurious Alcantara material and rich colors for a full keyboard experience</span></p>\r\n<p><br /><br /></p>\r\n<p><span style=\"text-decoration: underline;\"><strong>Specifications:</strong></span></p>\r\n<p>&nbsp;</p>\r\n<table id=\"productDetails_techSpec_section_1\" class=\"a-keyvalue prodDetTable\" role=\"presentation\">\r\n<tbody>\r\n<tr>\r\n<th class=\"a-color-secondary a-size-base prodDetSectionEntry\" style=\"text-align: left;\">Screen Size</th>\r\n<td class=\"a-size-base\" style=\"text-align: right;\">12.3 inches</td>\r\n</tr>\r\n<tr>\r\n<th class=\"a-color-secondary a-size-base prodDetSectionEntry\" style=\"text-align: left;\">Max Screen Resolution</th>\r\n<td class=\"a-size-base\" style=\"text-align: right;\">2736x1824 pixels</td>\r\n</tr>\r\n<tr>\r\n<th class=\"a-color-secondary a-size-base prodDetSectionEntry\" style=\"text-align: left;\">Processor</th>\r\n<td class=\"a-size-base\" style=\"text-align: right;\">1.3 GHz Core i5 8400T</td>\r\n</tr>\r\n<tr>\r\n<th class=\"a-color-secondary a-size-base prodDetSectionEntry\" style=\"text-align: left;\">RAM</th>\r\n<td class=\"a-size-base\" style=\"text-align: right;\">8 GB LPDDR3 1866 MHz</td>\r\n</tr>\r\n<tr>\r\n<th class=\"a-color-secondary a-size-base prodDetSectionEntry\" style=\"text-align: left;\">Hard Drive</th>\r\n<td class=\"a-size-base\" style=\"text-align: right;\">128 GB Flash Memory Solid State</td>\r\n</tr>\r\n<tr>\r\n<th class=\"a-color-secondary a-size-base prodDetSectionEntry\" style=\"text-align: left;\">Graphics Coprocessor</th>\r\n<td class=\"a-size-base\" style=\"text-align: right;\">Intel UHD Graphics 620</td>\r\n</tr>\r\n<tr>\r\n<th class=\"a-color-secondary a-size-base prodDetSectionEntry\" style=\"text-align: left;\">Card Description</th>\r\n<td class=\"a-size-base\" style=\"text-align: right;\">Integrated</td>\r\n</tr>\r\n<tr>\r\n<th class=\"a-color-secondary a-size-base prodDetSectionEntry\" style=\"text-align: left;\">Wireless Type</th>\r\n<td class=\"a-size-base\" style=\"text-align: right;\">802.11abg, 802.11a/b/g/n/ac, 802.11a/b/g/n, 802.11a</td>\r\n</tr>\r\n<tr>\r\n<th class=\"a-color-secondary a-size-base prodDetSectionEntry\" style=\"text-align: left;\">Number of USB 3.0 Ports</th>\r\n<td class=\"a-size-base\" style=\"text-align: right;\">1</td>\r\n</tr>\r\n<tr>\r\n<th class=\"a-color-secondary a-size-base prodDetSectionEntry\" style=\"text-align: left;\">Average Battery Life (in hours)</th>\r\n<td class=\"a-size-base\" style=\"text-align: right;\">5 hours</td>\r\n</tr>\r\n</tbody>\r\n</table>', 'A best in class laptop with the versatility of a studio and tablet\r\nMore power now with the new 8th Generation Intel Core processor');
INSERT INTO `product_translations` (`id`, `product_id`, `locale`, `name`, `description`, `short_description`) VALUES
(49, 49, 'ar', 'Microsoft Surface Laptop 3 – 13.5\" Touch-Screen – Intel Core i5 - 8GB Memory - 256GB', '<p><span class=\"a-list-item\">Clean, elegant design &mdash; thin and light, starting at just 2.79 pounds, Surface Laptop 3 is easy to carry</span></p>\r\n<p><span class=\"a-list-item\">Choose from rich tone-on-tone color combinations: new Sandstone, plus Matte Black, Cobalt Blue, and Platinum</span></p>\r\n<p>&nbsp;</p>\r\n<p>&nbsp;</p>\r\n<p><span class=\"a-list-item\">Improved speed and performance to do what you want, with the latest processors &ndash; Surface Laptop 3 is up to two times faster than Surface Laptop 2</span></p>\r\n<p><span class=\"a-list-item\">More ways to connect, with USB-C and USB-A ports for connecting to displays, docking stations and more, as well as accessory charging</span></p>\r\n<p>&nbsp;</p>\r\n<p>&nbsp;</p>\r\n<p><span class=\"a-list-item\">All-day power on the go, with up to 11.5 hours of battery life, Plus standby time when you&rsquo;re away. Go from empty to a full battery with fast charging- up to 80% in about 1 hour</span></p>\r\n<p>&nbsp;</p>\r\n<p><span style=\"text-decoration: underline;\"><strong><span class=\"a-list-item\">Specifications:</span></strong></span></p>\r\n<p>&nbsp;</p>\r\n<p>&nbsp;</p>\r\n<table id=\"productDetails_techSpec_section_1\" class=\"a-keyvalue prodDetTable\" role=\"presentation\">\r\n<tbody>\r\n<tr>\r\n<th class=\"a-color-secondary a-size-base prodDetSectionEntry\" style=\"text-align: left;\">Screen Size</th>\r\n<td class=\"a-size-base\" style=\"text-align: right;\">13.5 inches</td>\r\n</tr>\r\n<tr>\r\n<th class=\"a-color-secondary a-size-base prodDetSectionEntry\" style=\"text-align: left;\">Screen Resolution</th>\r\n<td class=\"a-size-base\" style=\"text-align: right;\">2256 x 1504</td>\r\n</tr>\r\n<tr>\r\n<th class=\"a-color-secondary a-size-base prodDetSectionEntry\" style=\"text-align: left;\">Max Screen Resolution</th>\r\n<td class=\"a-size-base\" style=\"text-align: right;\">2256 x 1504</td>\r\n</tr>\r\n<tr>\r\n<th class=\"a-color-secondary a-size-base prodDetSectionEntry\" style=\"text-align: left;\">Processor</th>\r\n<td class=\"a-size-base\" style=\"text-align: right;\">1.2 GHz Intel Core i5</td>\r\n</tr>\r\n<tr>\r\n<th class=\"a-color-secondary a-size-base prodDetSectionEntry\" style=\"text-align: left;\">RAM</th>\r\n<td class=\"a-size-base\" style=\"text-align: right;\">256 GB LPDDR4</td>\r\n</tr>\r\n<tr>\r\n<th class=\"a-color-secondary a-size-base prodDetSectionEntry\" style=\"text-align: left;\">Hard Drive</th>\r\n<td class=\"a-size-base\" style=\"text-align: right;\">256 GB Flash Memory Solid State</td>\r\n</tr>\r\n<tr>\r\n<th class=\"a-color-secondary a-size-base prodDetSectionEntry\" style=\"text-align: left;\">Graphics Coprocessor</th>\r\n<td class=\"a-size-base\" style=\"text-align: right;\">Intel Iris Plus Graphics</td>\r\n</tr>\r\n<tr>\r\n<th class=\"a-color-secondary a-size-base prodDetSectionEntry\" style=\"text-align: left;\">Chipset Brand</th>\r\n<td class=\"a-size-base\" style=\"text-align: right;\">Intel</td>\r\n</tr>\r\n<tr>\r\n<th class=\"a-color-secondary a-size-base prodDetSectionEntry\" style=\"text-align: left;\">Card Description</th>\r\n<td class=\"a-size-base\" style=\"text-align: right;\">Integrated</td>\r\n</tr>\r\n<tr>\r\n<th class=\"a-color-secondary a-size-base prodDetSectionEntry\" style=\"text-align: left;\">Graphics Card Ram Size</th>\r\n<td class=\"a-size-base\" style=\"text-align: right;\">1 GB</td>\r\n</tr>\r\n<tr>\r\n<th class=\"a-color-secondary a-size-base prodDetSectionEntry\" style=\"text-align: left;\">Wireless Type</th>\r\n<td class=\"a-size-base\" style=\"text-align: right;\">Bluetooth, 802.11ax</td>\r\n</tr>\r\n<tr>\r\n<th class=\"a-color-secondary a-size-base prodDetSectionEntry\" style=\"text-align: left;\">Number of USB 3.0 Ports</th>\r\n<td class=\"a-size-base\" style=\"text-align: right;\">2</td>\r\n</tr>\r\n<tr>\r\n<th class=\"a-color-secondary a-size-base prodDetSectionEntry\" style=\"text-align: left;\">Average Battery Life (in hours)</th>\r\n<td class=\"a-size-base\" style=\"text-align: right;\">1 days</td>\r\n</tr>\r\n</tbody>\r\n</table>\r\n<p>&nbsp;</p>', 'Clean, elegant design — thin and light, starting at just 2.79 pounds, Surface Laptop 3 is easy to carry\r\nImproved speed and performance to do what you want, with the latest processors – Surface Laptop 3 is up to two times faster than Surface Laptop 2'),
(50, 50, 'ar', 'ZTE Nubia Red Magic 3 6.65\" 128GB 8GB Dual Sim Factory Unlocked - International Stock', '<p>International Model Factory Unlocked for GSM ONLY will NOT work on CDMA such as Sprint or Verizon or any other CDMA networks in USA, Will work on GSM Networks around the worldBody: 171.7 x 78.5 x 9.7 mm, 215 grams, Corning Gorilla Glass (unspecified version) front, metal unibody. Screen: 6.65\" AMOLED, 1080 x 2340px resolution; 19.5:9 aspect ratio; 388ppi.Chipset: Qualcomm SDM855 Snapdragon 855 (7 nm); Octa-core (1x2.84 GHz Kryo 485 &amp; 3x2.42 GHz Kryo 485 &amp; 4x1.80 GHz Kryo 485); Adreno 640. Memory: 128 GB, 8 GB RAM OS: Android 9.0 (Pie);</p>\r\n<p>&nbsp;</p>\r\n<p>Redmagic 2.0Rear camera: Main: 48MP, f/1.7, 1/2\", 0.8&micro;m pixel size; PDAF; 4320p@15fps, 2160p@30/60fps video recording. h264/h265 and 10bit HDR recording options Front camera: 16MP, f/2.0, 2.0&micro;m; 1080p@30fps video recording.Battery: 5,000 mAh, 18W fast charging. Misc: Game mode slider, stereo loudspeakers with DTS:X, rear-mounted fingerprint reader, USB-C 3.1 connector, customizable 16.8 million color RGB strip on the back, build-in cooling fan, available in Black, Red, Camouflage, Red/Blue.</p>\r\n<p>&nbsp;</p>\r\n<p><span style=\"text-decoration: underline;\"><strong><span class=\"a-list-item\">Specifications:</span></strong></span></p>\r\n<p>&nbsp;</p>\r\n<table id=\"productDetails_detailBullets_sections1\" class=\"a-keyvalue prodDetTable\" role=\"presentation\">\r\n<tbody>\r\n<tr>\r\n<th class=\"a-color-secondary a-size-base prodDetSectionEntry\" style=\"text-align: left;\">Product Dimensions</th>\r\n<td class=\"a-size-base\" style=\"text-align: right;\">6.8 x 3.1 x 0.4 inches</td>\r\n</tr>\r\n<tr>\r\n<th class=\"a-color-secondary a-size-base prodDetSectionEntry\" style=\"text-align: left;\">Item Weight</th>\r\n<td class=\"a-size-base\" style=\"text-align: right;\">7.5 ounces</td>\r\n</tr>\r\n<tr>\r\n<th class=\"a-color-secondary a-size-base prodDetSectionEntry\" style=\"text-align: left;\">Shipping Weight</th>\r\n<td class=\"a-size-base\" style=\"text-align: right;\">9.1 ounces</td>\r\n</tr>\r\n<tr>\r\n<th class=\"a-color-secondary a-size-base prodDetSectionEntry\" style=\"text-align: left;\">ASIN</th>\r\n<td class=\"a-size-base\" style=\"text-align: right;\">B07WFHXVPG</td>\r\n</tr>\r\n<tr>\r\n<th class=\"a-color-secondary a-size-base prodDetSectionEntry\" style=\"text-align: left;\">Batteries</th>\r\n<td class=\"a-size-base\" style=\"text-align: right;\">1 Lithium ion batteries required. (included)</td>\r\n</tr>\r\n</tbody>\r\n</table>\r\n<p>&nbsp;</p>', 'Chipset: Qualcomm SDM855 Snapdragon 855 (7 nm); Octa-core (1x2.84 GHz Kryo 485 & 3x2.42 GHz Kryo 485 & 4x1.80 GHz Kryo 485); Adreno 640. Memory: 128 GB, 8 GB RAM OS: Android 9.0 (Pie); Redmagic 2.0\r\nRear camera: Main: 48MP, f/1.7, 1/2\", 0.8µm pixel size; PDAF; 4320p@15fps, 2160p@30/60fps video recording. h264/h265 and 10bit HDR recording options Front camera: 16MP, f/2.0, 2.0µm; 1080p@30fps video recording.'),
(51, 51, 'ar', 'Xiaomi Black Shark SKR-H0 (64GB + 6GB RAM) 6.0\", Snapdragon 845, Liquid Cooled, Dual Cameras', '<p>18:9 Fully wide field of view, the game seizes the opportunity 5.99\" large screen, support DCI-P3, color gamut up to 97%, with 18:9 super wide field of view, play games more cool, compared to the 16:9 screen, faster to find both sides of the target. Personality and comfort coexist The sports car shape, R angle design match the knuckle curvature, SHARK style atmosphere light, boot, call, notification, game scene, showing different effects.</p>\r\n<p>&nbsp;</p>\r\n<p>Liquid Cooling System (Multilayer Cooling-Kit) Processor cooling has a trick Ordinary players look at the configuration, and advanced players watch the heat. Multi-level direct-touch integrated liquid cooling system covers all high-heating modules, effectively cooling the core components of the mobile phone, and the processor can maintain high frequency and stable output for a long time. Independent image processing chip Pixelworks independent image processing chip, support intelligent motion compensation technology, image enhancement, dark scene detail processing, make game and video quality smoother, no jitter, no smear. Professional vision protection The independent image processing chip provides high-quality image images with clear picture quality , smooth video, no jitter, and pixel-level blue light to protect the eyes more professionally. Game dedicated Mic The third microphone is independently designed on the front of the mobile phone, hidden in the earpiece, and the chicken calls for teammates to be clearer. Shocking Biso sound Dual Smart PA design. HiFi level music presentation, team battle sound does not interfere X type smart antenna No matter whether it is horizontal or vertical, it is effective to avoid the \"catch of death\". International Model, Does not have US Warranty</p>\r\n<p>&nbsp;</p>\r\n<p><span class=\"a-list-item\">5.99 inches 1080 x 2160 pixels, 18:9 ratio (~403 ppi density), 97% DCI-P3 coverage, Fingerprint, Android 8.0</span></p>\r\n<p><span class=\"a-list-item\">64GB ROM , 6GB RAM - DOES NOT HAVE microSD Slot or 3.5mm Headset Jack, 4000mAh Long Life Battery</span></p>\r\n<p><span class=\"a-list-item\">20MP + 12MP Dual AI Camera\'s, phase detection autofocus, Dual Tone LED flash, 20MP Front Camera, Octa-core processor Qualcomm Snapdragon 845</span></p>\r\n<p>&nbsp;</p>\r\n<p>&nbsp;</p>\r\n<p><span class=\"a-list-item\">3G HSDPA 850 / 900 / 1900 / 2100, 4G LTE band 1(2100), 3(1800), 4(1700/2100), 5(850), 7(2600), 8(900), 12(700), 34(2000), 38(2600), 39(1900), 40(2300), 41(2500 - Compatible with most GSM Carriers Worldwide</span></p>\r\n<p><span class=\"a-list-item\">International model phone, Does not have US Warranty, will work with Most GSM SIM cards in U.S. and world Including AT&amp;T, T-Mobile, MetroPCS, Etc. Will NOT work with CDMA Carriers Such as Verizon, Sprint, Boost.</span></p>\r\n<p>&nbsp;</p>\r\n<p>&nbsp;</p>\r\n<p><span style=\"text-decoration: underline;\"><strong><span class=\"a-list-item\">Specifications:</span></strong></span></p>\r\n<p>&nbsp;</p>\r\n<table id=\"productDetails_detailBullets_sections1\" class=\"a-keyvalue prodDetTable\" role=\"presentation\">\r\n<tbody>\r\n<tr>\r\n<th class=\"a-color-secondary a-size-base prodDetSectionEntry\" style=\"text-align: left;\">Product Dimensions</th>\r\n<td class=\"a-size-base\" style=\"text-align: right;\">6.4 x 3 x 0.4 inches</td>\r\n</tr>\r\n<tr>\r\n<th class=\"a-color-secondary a-size-base prodDetSectionEntry\" style=\"text-align: left;\">Item Weight</th>\r\n<td class=\"a-size-base\" style=\"text-align: right;\">6.7 ounces</td>\r\n</tr>\r\n<tr>\r\n<th class=\"a-color-secondary a-size-base prodDetSectionEntry\" style=\"text-align: left;\">Shipping Weight</th>\r\n<td class=\"a-size-base\" style=\"text-align: right;\">1.4 pounds</td>\r\n</tr>\r\n<tr>\r\n<th class=\"a-color-secondary a-size-base prodDetSectionEntry\" style=\"text-align: left;\">ASIN</th>\r\n<td class=\"a-size-base\" style=\"text-align: right;\">B07HKNJ1ZW</td>\r\n</tr>\r\n<tr>\r\n<th class=\"a-color-secondary a-size-base prodDetSectionEntry\" style=\"text-align: left;\">Item model number</th>\r\n<td class=\"a-size-base\" style=\"text-align: right;\">SKR-H0N-64</td>\r\n</tr>\r\n<tr>\r\n<th class=\"a-color-secondary a-size-base prodDetSectionEntry\" style=\"text-align: left;\">Batteries</th>\r\n<td class=\"a-size-base\" style=\"text-align: right;\">1 Lithium Polymer batteries required. (included)</td>\r\n</tr>\r\n</tbody>\r\n</table>\r\n<p>&nbsp;</p>\r\n<p>&nbsp;</p>', '5.99 inches 1080 x 2160 pixels, 18:9 ratio (~403 ppi density), 97% DCI-P3 coverage, Fingerprint, Android 8.0\r\n64GB ROM , 6GB RAM - DOES NOT HAVE microSD Slot or 3.5mm Headset Jack, 4000mAh Long Life Battery'),
(52, 52, 'ar', 'ASUS ROG Phone 2 (ZS660KL) Smartphone 128GB ROM 8GB RAM Snapdragon 855 Plus', '<p>Unlocked cell phones are compatible with GSM carrier such as AT&amp;T and T-Mobile, but are not compatible with CDMA carriers such as Verizon and Sprint.AMOLED capacitive touchscreen, 16M colors, 6.59 inches, 106.6 cm2 (~80.3% screen-to-body ratio), 1080 x 2340 pixels, 19.5:9 ratio (~391 ppi density)HDR10, 120 Hz, 240 Hz touch-sensingAndroid 9.0 (Pie), ROG UI, Qualcomm SDM855 Snapdragon 855+ (7 nm), Octa-core (1x2.96 GHz Kryo 485 &amp; 3x2.42 GHz Kryo 485 &amp; 4x1.78 GHz Kryo 485)Adreno 640 (700 MHz), 48 MP, f/1.8, 26mm (wide), 1/2\", 0.8&micro;m, PDAF, Laser AF 13 MP, f/2.4, 11mm (ultrawide), 2160p@30/60fps, 1080p@30/60/240fps, 720p@480fps; gyro-EIS (except @240/480fps)</p>\r\n<p>&nbsp;</p>\r\n<p><span style=\"text-decoration: underline;\"><strong>Product Details:</strong></span></p>\r\n<p>&nbsp;</p>\r\n<table id=\"productDetails_detailBullets_sections1\" class=\"a-keyvalue prodDetTable\" role=\"presentation\">\r\n<tbody>\r\n<tr>\r\n<th class=\"a-color-secondary a-size-base prodDetSectionEntry\" style=\"text-align: left;\">Product Dimensions</th>\r\n<td class=\"a-size-base\" style=\"text-align: right;\">7 x 3 x 2.5 inches</td>\r\n</tr>\r\n<tr>\r\n<th class=\"a-color-secondary a-size-base prodDetSectionEntry\" style=\"text-align: left;\">Item Weight</th>\r\n<td class=\"a-size-base\" style=\"text-align: right;\">8.5 ounces</td>\r\n</tr>\r\n<tr>\r\n<th class=\"a-color-secondary a-size-base prodDetSectionEntry\" style=\"text-align: left;\">Shipping Weight</th>\r\n<td class=\"a-size-base\" style=\"text-align: right;\">1.25 pounds&nbsp;</td>\r\n</tr>\r\n<tr>\r\n<th class=\"a-color-secondary a-size-base prodDetSectionEntry\" style=\"text-align: left;\">ASIN</th>\r\n<td class=\"a-size-base\" style=\"text-align: right;\">B07YBVZ2PW</td>\r\n</tr>\r\n<tr>\r\n<th class=\"a-color-secondary a-size-base prodDetSectionEntry\" style=\"text-align: left;\">Item model number</th>\r\n<td class=\"a-size-base\" style=\"text-align: right;\">ZS660KL</td>\r\n</tr>\r\n<tr>\r\n<th class=\"a-color-secondary a-size-base prodDetSectionEntry\" style=\"text-align: left;\">Batteries</th>\r\n<td class=\"a-size-base\" style=\"text-align: right;\">1 Lithium ion batteries required. (included)</td>\r\n</tr>\r\n</tbody>\r\n</table>', 'Adreno 640 (700 MHz), 48 MP, f/1.8, 26mm (wide), 1/2\", 0.8µm, PDAF, Laser AF 13 MP, f/2.4, 11mm (ultrawide), 2160p@30/60fps, 1080p@30/60/240fps, 720p@480fps; gyro-EIS (except @240/480fps)'),
(53, 53, 'ar', 'ASUS ROG Gaming Phone ZS600KL (Snapdragon 845, 8GBRAM, 128GB Storage', '<p><span class=\"a-list-item\">For USA Buyers : This Smartphone is compatible/will work with any GSM Networks such as AT&amp;T, T-Mobile. For exact 2G GSM, 3G, 4G/LTE compatibility, please check with your network provider in advance prior to your purchase. This phone WILL NOT WORK with any CDMA Networks such as VERIZON, SPRINT, US CELLULAR.</span></p>\r\n<p>&nbsp;</p>\r\n<p>&nbsp;</p>\r\n<p><span class=\"a-list-item\">Dual-SIM (dual standby), Network Compatibility : SIM CARD 1 [ 2G GSM | 3G UMTS 800(B6) / 800(B19) / 850(B5) / 900(B8) / 1700|2100(B4) / 1800(B3) / 1900(B2) / 2100(B1) | 4G LTE 700(B12) / 700(B13) / 700(B17) / 700(B28) / 700(B29) / 800(B18) / 800(B19) / 800(B20) / 850(B5) / 900(B8) / 1500(B32) / 1700|2100(B4) / 1800(B3) / 1900(B2) / 2100(B1) / 2600(B7) | TD-LTE : 1900(B39) / 2000(B34) / 2300(B40) / 2500(B41) / 2600(B38) / 5900(B46) ] and SIM CARD 2 [ 2G GSM ]</span></p>\r\n<p>&nbsp;</p>\r\n<p>&nbsp;</p>\r\n<p><span class=\"a-list-item\">6\" AMOLED FHD+ Full View Display (2160x1080) 90Hz, 1ms response time</span></p>\r\n<p><span class=\"a-list-item\">128GB Storage, 8GB LPDDR4X RAM, 4000mAh Battery and support Quick Charge 4.0 fast charging</span></p>\r\n<p><span class=\"a-list-item\">Octa-core Qualcomm Snapdragon 845 Overclocked to 2.96Ghz, Programmable ultrasonic AirTrigger touch sensors gives you 2 extra fingers for gaming, 8MP Front Cameras / 12MP with OIS/EIS+ 8MP Wide-angle Rear Cameras</span></p>\r\n<p>&nbsp;</p>\r\n<p><span style=\"text-decoration: underline;\"><strong><span class=\"a-list-item\">Specifications:</span></strong></span></p>\r\n<p>&nbsp;</p>\r\n<table id=\"productDetails_techSpec_section_1\" class=\"a-keyvalue prodDetTable\" role=\"presentation\">\r\n<tbody>\r\n<tr>\r\n<th class=\"a-color-secondary a-size-base prodDetSectionEntry\" style=\"text-align: left;\">Brand Name</th>\r\n<td class=\"a-size-base\" style=\"text-align: right;\">ASUS</td>\r\n</tr>\r\n<tr>\r\n<th class=\"a-color-secondary a-size-base prodDetSectionEntry\" style=\"text-align: left;\">Item Weight</th>\r\n<td class=\"a-size-base\" style=\"text-align: right;\">7 ounces</td>\r\n</tr>\r\n<tr>\r\n<th class=\"a-color-secondary a-size-base prodDetSectionEntry\" style=\"text-align: left;\">Product Dimensions</th>\r\n<td class=\"a-size-base\" style=\"text-align: right;\">3 x 0.3 x 6.2 inches</td>\r\n</tr>\r\n<tr>\r\n<th class=\"a-color-secondary a-size-base prodDetSectionEntry\" style=\"text-align: left;\">Item model number</th>\r\n<td class=\"a-size-base\" style=\"text-align: right;\">90AZ01Q1-M00380</td>\r\n</tr>\r\n<tr>\r\n<th class=\"a-color-secondary a-size-base prodDetSectionEntry\" style=\"text-align: left;\">Batteries</th>\r\n<td class=\"a-size-base\" style=\"text-align: right;\">1 Lithium ion batteries required. (included)</td>\r\n</tr>\r\n<tr>\r\n<th class=\"a-color-secondary a-size-base prodDetSectionEntry\" style=\"text-align: left;\">Color</th>\r\n<td class=\"a-size-base\" style=\"text-align: right;\">Black</td>\r\n</tr>\r\n<tr>\r\n<th class=\"a-color-secondary a-size-base prodDetSectionEntry\" style=\"text-align: left;\">Manufacturer Part Number</th>\r\n<td class=\"a-size-base\" style=\"text-align: right;\">90AZ01Q1-M00380</td>\r\n</tr>\r\n</tbody>\r\n</table>', 'A new era of mobile gaming has dawned. An era where you take full control, where every sense is heightened, where every sinew is ready for the fray. With pure ROG gaming DNA at its core, ROGPhone breaks every rule to go where rivals fear to tread. This is a phone built to win: its extreme CPU and graphics performance, advanced GameCool vapor-chamber cooling system, 90Hz AMOLED HDR display with ultrafast 1ms response time, and groundbreaking landscape-mode design with unique side-mounted ports let you focus all your skills on the game, giving you the edge you need for total domination. ROGPhone will change your game forever.'),
(54, 54, 'ar', 'Samsung Galaxy Note 10+ Plus Factory Unlocked Cell Phone with 256GB (U.S. Warranty), Aura White/ Note10+', '<div id=\"descriptionAndDetails\" class=\"a-section a-spacing-extra-large\">\r\n<div id=\"productDescription_feature_div\" class=\"celwidget\" data-feature-name=\"productDescription\" data-cel-widget=\"productDescription_feature_div\">\r\n<div id=\"productDescription_feature_div\" class=\"a-row feature\" data-feature-name=\"productDescription\" data-template-name=\"productDescription\" data-cel-widget=\"productDescription_feature_div\">\r\n<div id=\"productDescription\" class=\"a-section a-spacing-small\">\r\n<p>This Samsung Galaxy Note 10 Plus N975U 256GB Factory Unlocked Smartphone is in new-other condition. It is 100% functional and in near perfect cosmetic condition with the possibility of a few light hair marks. It does NOT come in its original packaging.</p>\r\n<p>Communicate effectively with this unlocked Samsung Galaxy Note10+ smartphone. The 12GB of RAM ensure fast processing speed, while the 256GB hard drive offers ample storage space for media and documents. This Samsung Galaxy Note10+ has a 4300 mAh battery that provides intelligent power for all-day use, and the Bluetooth connectivity lets you access music and other media wirelessly.</p>\r\n<p>&nbsp;</p>\r\n<p><span class=\"a-list-item\">Fast-charging, long-lasting intelligent power and super speed processing outlast whatever you throw at Note 10+. S pen&rsquo;s newest Evolution gives you the power of air gestures, a remote shutter and playlist button and handwriting-to-text, all in One Magic wand.</span></p>\r\n<p><span class=\"a-list-item\">6.8&rdquo; Nearly Bezel-less Infinity Display* Ultrasonic In-Display Fingerprint ID</span></p>\r\n<p>&nbsp;</p>\r\n<p>&nbsp;</p>\r\n<p><span class=\"a-list-item\">Bluetooth, Air Action Wireless Gestures, Handwriting-to-Text</span></p>\r\n<p><span class=\"a-list-item\">With a full set of Pro lenses, super-stabilization, live video bokeh and precision audio recording, Note 10+ is a studio in your pocket | 10MP Selfie Camera with Dual Pixel 12MP Wide, 12MP 2x Zoom, 16MP Ultra Wide</span></p>\r\n<p><span class=\"a-list-item\">256GB Storage / 12GB RAM 4,300mAh Superfast Charging, All-Day Battery, Wireless PowerShare</span></p>\r\n<p>&nbsp;</p>\r\n<p><span style=\"text-decoration: underline;\"><strong><span class=\"a-list-item\">Specifications:</span></strong></span></p>\r\n<p>&nbsp;</p>\r\n<table id=\"productDetails_detailBullets_sections1\" class=\"a-keyvalue prodDetTable\" style=\"height: 133px;\" role=\"presentation\">\r\n<tbody>\r\n<tr style=\"height: 19px;\">\r\n<th class=\"a-color-secondary a-size-base prodDetSectionEntry\" style=\"text-align: left; height: 19px; width: 149.875px;\">Product Dimensions</th>\r\n<td class=\"a-size-base\" style=\"height: 19px; width: 300.542px; text-align: right;\">6.4 x 3 x 0.3 inches</td>\r\n</tr>\r\n<tr style=\"height: 19px;\">\r\n<th class=\"a-color-secondary a-size-base prodDetSectionEntry\" style=\"text-align: left; height: 19px; width: 149.875px;\">Item Weight</th>\r\n<td class=\"a-size-base\" style=\"height: 19px; width: 300.542px; text-align: right;\">2.08 ounces</td>\r\n</tr>\r\n<tr style=\"height: 19px;\">\r\n<th class=\"a-color-secondary a-size-base prodDetSectionEntry\" style=\"text-align: left; height: 19px; width: 149.875px;\">Shipping Weight</th>\r\n<td class=\"a-size-base\" style=\"height: 19px; width: 300.542px; text-align: right;\">15.2 ounces</td>\r\n</tr>\r\n<tr style=\"height: 19px;\">\r\n<th class=\"a-color-secondary a-size-base prodDetSectionEntry\" style=\"text-align: left; height: 19px; width: 149.875px;\">ASIN</th>\r\n<td class=\"a-size-base\" style=\"height: 19px; width: 300.542px; text-align: right;\">B07Z435SXK</td>\r\n</tr>\r\n<tr style=\"height: 19px;\">\r\n<th class=\"a-color-secondary a-size-base prodDetSectionEntry\" style=\"text-align: left; height: 19px; width: 149.875px;\">California residents</th>\r\n<td class=\"a-size-base\" style=\"height: 19px; width: 300.542px; text-align: right;\"><a href=\"https://www.amazon.com/gp/help/customer/display.html/ref=dp_prop65_warn?ie=UTF8&amp;nodeId=3234041\">Click here</a>&nbsp;for Proposition 65 warning</td>\r\n</tr>\r\n<tr style=\"height: 19px;\">\r\n<th class=\"a-color-secondary a-size-base prodDetSectionEntry\" style=\"text-align: left; height: 19px; width: 149.875px;\">Item model number</th>\r\n<td class=\"a-size-base\" style=\"height: 19px; width: 300.542px; text-align: right;\">SM-N975UZWAXAA</td>\r\n</tr>\r\n<tr style=\"height: 19px;\">\r\n<th class=\"a-color-secondary a-size-base prodDetSectionEntry\" style=\"text-align: left; height: 19px; width: 149.875px;\">Batteries</th>\r\n<td class=\"a-size-base\" style=\"height: 19px; width: 300.542px; text-align: right;\">1 Lithium ion batteries required. (included)</td>\r\n</tr>\r\n</tbody>\r\n</table>\r\n<p>&nbsp;</p>\r\n</div>\r\n</div>\r\n</div>\r\n</div>\r\n<div id=\"renewedProgramDescriptionBtf_feature_div\" class=\"celwidget\" data-feature-name=\"renewedProgramDescriptionBtf\" data-cel-widget=\"renewedProgramDescriptionBtf_feature_div\"></div>', 'Fast-charging, long-lasting intelligent power and super speed processing outlast whatever you throw at Note 10+. S pen’s newest Evolution gives you the power of air gestures, a remote shutter and playlist button and handwriting-to-text, all in One Magic wand.\r\n6.8” Nearly Bezel-less Infinity Display* Ultrasonic In-Display Fingerprint ID'),
(55, 55, 'ar', 'Google Pixel 2 64GB, Google Unlocked Smartphone, Kinda Blue', '<p><span class=\"a-list-item\" style=\"box-sizing: border-box; color: #111111;\">This Certified Refurbished product is tested and certified to look and work like new. The refurbishing process includes functionality testing, basic cleaning, inspection, and repackaging. The product ships with all relevant accessories, a minimum 90-day warranty, and may arrive in a generic box. Only select sellers who maintain a high performance bar may offer Certified Refurbished products on Amazon.com</span></p>\r\n<p>&nbsp;</p>\r\n<p>&nbsp;</p>\r\n<p><span class=\"a-list-item\" style=\"box-sizing: border-box; color: #111111;\">5.0-inch AMOLED Touchscreen Display with Protective Corning Gorilla Glass 5</span></p>\r\n<p><span class=\"a-list-item\" style=\"box-sizing: border-box; color: #111111;\">Water-resistant metal unibody (IP67 dust/water resistant, up to 1m for 30 mins)</span></p>\r\n<p><span class=\"a-list-item\" style=\"box-sizing: border-box; color: #111111;\">The latest Qualcomm MSM8998 Snapdragon 835 chipset (Octa-core (4x2.35 GHz Kryo &amp; 4x1.9 GHz Kryo CPU)</span></p>\r\n<p><span class=\"a-list-item\" style=\"box-sizing: border-box; color: #111111;\">Up to 7 hours of battery on 15 minutes of charging</span></p>\r\n<p>&nbsp;</p>\r\n<p><span style=\"text-decoration: underline;\"><strong><span class=\"a-list-item\" style=\"box-sizing: border-box; color: #111111; text-decoration: underline;\">Specifications:</span></strong></span></p>\r\n<p>&nbsp;</p>\r\n<table id=\"productDetails_detailBullets_sections1\" class=\"a-keyvalue prodDetTable\" style=\"box-sizing: border-box; margin-bottom: 22px; border-collapse: collapse; width: 457px; border-bottom: 1px solid #e7e7e7; table-layout: fixed; border-spacing: 0px; padding: 0px; color: #111111; font-family: \'Amazon Ember\', Arial, sans-serif; font-size: 13px; font-style: normal; font-variant-ligatures: normal; font-variant-caps: normal; font-weight: 400; letter-spacing: normal; orphans: 2; text-align: start; text-indent: 0px; text-transform: none; white-space: normal; widows: 2; word-spacing: 0px; -webkit-text-stroke-width: 0px; background-color: #ffffff; text-decoration-style: initial; text-decoration-color: initial;\" role=\"presentation\">\r\n<tbody style=\"box-sizing: border-box;\">\r\n<tr style=\"box-sizing: border-box;\">\r\n<th class=\"a-color-secondary a-size-base prodDetSectionEntry\" style=\"box-sizing: border-box; vertical-align: top; padding: 7px 14px 6px; color: #111111; font-size: 13px !important; line-height: 19px !important; background-color: #f3f3f3; font-weight: 400; border-top: 1px solid #e7e7e7; white-space: normal; overflow-wrap: break-word; width: 228px; text-align: left;\">Product Dimensions</th>\r\n<td class=\"a-size-base\" style=\"box-sizing: border-box; vertical-align: top; padding: 7px 14px 6px; font-size: 13px !important; line-height: 19px !important; border-top: 1px solid #e7e7e7; color: #333333; font-family: Arial; text-align: right;\">5.7 x 0.3 x 2.7 inches</td>\r\n</tr>\r\n<tr style=\"box-sizing: border-box;\">\r\n<th class=\"a-color-secondary a-size-base prodDetSectionEntry\" style=\"box-sizing: border-box; vertical-align: top; padding: 7px 14px 6px; color: #111111; font-size: 13px !important; line-height: 19px !important; background-color: #f3f3f3; font-weight: 400; border-top: 1px solid #e7e7e7; white-space: normal; overflow-wrap: break-word; width: 228px; text-align: left;\">Item Weight</th>\r\n<td class=\"a-size-base\" style=\"box-sizing: border-box; vertical-align: top; padding: 7px 14px 6px; font-size: 13px !important; line-height: 19px !important; border-top: 1px solid #e7e7e7; color: #333333; font-family: Arial; text-align: right;\">5.1 ounces</td>\r\n</tr>\r\n<tr style=\"box-sizing: border-box;\">\r\n<th class=\"a-color-secondary a-size-base prodDetSectionEntry\" style=\"box-sizing: border-box; vertical-align: top; padding: 7px 14px 6px; color: #111111; font-size: 13px !important; line-height: 19px !important; background-color: #f3f3f3; font-weight: 400; border-top: 1px solid #e7e7e7; white-space: normal; overflow-wrap: break-word; width: 228px; text-align: left;\">Shipping Weight</th>\r\n<td class=\"a-size-base\" style=\"box-sizing: border-box; vertical-align: top; padding: 7px 14px 6px; font-size: 13px !important; line-height: 19px !important; border-top: 1px solid #e7e7e7; color: #333333; font-family: Arial; text-align: right;\">8.8 ounces</td>\r\n</tr>\r\n<tr style=\"box-sizing: border-box;\">\r\n<th class=\"a-color-secondary a-size-base prodDetSectionEntry\" style=\"box-sizing: border-box; vertical-align: top; padding: 7px 14px 6px; color: #111111; font-size: 13px !important; line-height: 19px !important; background-color: #f3f3f3; font-weight: 400; border-top: 1px solid #e7e7e7; white-space: normal; overflow-wrap: break-word; width: 228px; text-align: left;\">ASIN</th>\r\n<td class=\"a-size-base\" style=\"box-sizing: border-box; vertical-align: top; padding: 7px 14px 6px; font-size: 13px !important; line-height: 19px !important; border-top: 1px solid #e7e7e7; color: #333333; font-family: Arial; text-align: right;\">B07KJHCQCV</td>\r\n</tr>\r\n<tr style=\"box-sizing: border-box;\">\r\n<th class=\"a-color-secondary a-size-base prodDetSectionEntry\" style=\"box-sizing: border-box; vertical-align: top; padding: 7px 14px 6px; color: #111111; font-size: 13px !important; line-height: 19px !important; background-color: #f3f3f3; font-weight: 400; border-top: 1px solid #e7e7e7; white-space: normal; overflow-wrap: break-word; width: 228px; text-align: left;\">Item model number</th>\r\n<td class=\"a-size-base\" style=\"box-sizing: border-box; vertical-align: top; padding: 7px 14px 6px; font-size: 13px !important; line-height: 19px !important; border-top: 1px solid #e7e7e7; color: #333333; font-family: Arial; text-align: right;\">Pixel 2</td>\r\n</tr>\r\n<tr style=\"box-sizing: border-box;\">\r\n<th class=\"a-color-secondary a-size-base prodDetSectionEntry\" style=\"box-sizing: border-box; vertical-align: top; padding: 7px 14px 6px; color: #111111; font-size: 13px !important; line-height: 19px !important; background-color: #f3f3f3; font-weight: 400; border-top: 1px solid #e7e7e7; white-space: normal; overflow-wrap: break-word; width: 228px; text-align: left;\">Batteries</th>\r\n<td class=\"a-size-base\" style=\"box-sizing: border-box; vertical-align: top; padding: 7px 14px 6px; font-size: 13px !important; line-height: 19px !important; border-top: 1px solid #e7e7e7; color: #333333; font-family: Arial; text-align: right;\">1 Lithium ion batteries required.</td>\r\n</tr>\r\n</tbody>\r\n</table>', 'A camera SO GOOD… it deserves unlimited smart storage. Capture every detail and access all your photos for free from any device, with Google Photos.');
INSERT INTO `product_translations` (`id`, `product_id`, `locale`, `name`, `description`, `short_description`) VALUES
(56, 56, 'ar', 'Google - Pixel 3a with 64GB Memory Cell Phone (Unlocked) - Just Black - G020G', '<p><span style=\"color: #333333; font-family: \'Amazon Ember\', Arial, sans-serif; font-size: small; font-style: normal; font-variant-ligatures: normal; font-variant-caps: normal; font-weight: 400; letter-spacing: normal; orphans: 2; text-align: start; text-indent: 0px; text-transform: none; white-space: normal; widows: 2; word-spacing: 0px; -webkit-text-stroke-width: 0px; background-color: #ffffff; text-decoration-style: initial; text-decoration-color: initial; display: inline !important; float: none;\">Get more done with Pixel 3A. It has an extraordinary camera with features like night sight, portrait mode, and HDR+. a battery that charges fast and lasts all day [7]. All the helpfulness of the Google assistant built in. And 3 years of security and os updates included [8]. it&rsquo;s everything you love about Google &ndash; in a phone. Works with all major carriers.</span><br style=\"box-sizing: border-box; color: #333333; font-family: \'Amazon Ember\', Arial, sans-serif; font-size: small; font-style: normal; font-variant-ligatures: normal; font-variant-caps: normal; font-weight: 400; letter-spacing: normal; orphans: 2; text-align: start; text-indent: 0px; text-transform: none; white-space: normal; widows: 2; word-spacing: 0px; -webkit-text-stroke-width: 0px; background-color: #ffffff; text-decoration-style: initial; text-decoration-color: initial;\" /><br style=\"box-sizing: border-box; color: #333333; font-family: \'Amazon Ember\', Arial, sans-serif; font-size: small; font-style: normal; font-variant-ligatures: normal; font-variant-caps: normal; font-weight: 400; letter-spacing: normal; orphans: 2; text-align: start; text-indent: 0px; text-transform: none; white-space: normal; widows: 2; word-spacing: 0px; -webkit-text-stroke-width: 0px; background-color: #ffffff; text-decoration-style: initial; text-decoration-color: initial;\" /><span style=\"color: #333333; font-family: \'Amazon Ember\', Arial, sans-serif; font-size: small; font-style: normal; font-variant-ligatures: normal; font-variant-caps: normal; font-weight: 400; letter-spacing: normal; orphans: 2; text-align: start; text-indent: 0px; text-transform: none; white-space: normal; widows: 2; word-spacing: 0px; -webkit-text-stroke-width: 0px; background-color: #ffffff; text-decoration-style: initial; text-decoration-color: initial; display: inline !important; float: none;\">1. Google photos offers free unlimited online storage for all photos and videos uploaded in high-quality. Photos and videos uploaded in high-quality may be compressed or resized. Requires Google account. Data rates may apply. G.Co/help/photostorage</span><br style=\"box-sizing: border-box; color: #333333; font-family: \'Amazon Ember\', Arial, sans-serif; font-size: small; font-style: normal; font-variant-ligatures: normal; font-variant-caps: normal; font-weight: 400; letter-spacing: normal; orphans: 2; text-align: start; text-indent: 0px; text-transform: none; white-space: normal; widows: 2; word-spacing: 0px; -webkit-text-stroke-width: 0px; background-color: #ffffff; text-decoration-style: initial; text-decoration-color: initial;\" /><br style=\"box-sizing: border-box; color: #333333; font-family: \'Amazon Ember\', Arial, sans-serif; font-size: small; font-style: normal; font-variant-ligatures: normal; font-variant-caps: normal; font-weight: 400; letter-spacing: normal; orphans: 2; text-align: start; text-indent: 0px; text-transform: none; white-space: normal; widows: 2; word-spacing: 0px; -webkit-text-stroke-width: 0px; background-color: #ffffff; text-decoration-style: initial; text-decoration-color: initial;\" /><span style=\"color: #333333; font-family: \'Amazon Ember\', Arial, sans-serif; font-size: small; font-style: normal; font-variant-ligatures: normal; font-variant-caps: normal; font-weight: 400; letter-spacing: normal; orphans: 2; text-align: start; text-indent: 0px; text-transform: none; white-space: normal; widows: 2; word-spacing: 0px; -webkit-text-stroke-width: 0px; background-color: #ffffff; text-decoration-style: initial; text-decoration-color: initial; display: inline !important; float: none;\">2. Us and Canada only. English only.</span><br style=\"box-sizing: border-box; color: #333333; font-family: \'Amazon Ember\', Arial, sans-serif; font-size: small; font-style: normal; font-variant-ligatures: normal; font-variant-caps: normal; font-weight: 400; letter-spacing: normal; orphans: 2; text-align: start; text-indent: 0px; text-transform: none; white-space: normal; widows: 2; word-spacing: 0px; -webkit-text-stroke-width: 0px; background-color: #ffffff; text-decoration-style: initial; text-decoration-color: initial;\" /><br style=\"box-sizing: border-box; color: #333333; font-family: \'Amazon Ember\', Arial, sans-serif; font-size: small; font-style: normal; font-variant-ligatures: normal; font-variant-caps: normal; font-weight: 400; letter-spacing: normal; orphans: 2; text-align: start; text-indent: 0px; text-transform: none; white-space: normal; widows: 2; word-spacing: 0px; -webkit-text-stroke-width: 0px; background-color: #ffffff; text-decoration-style: initial; text-decoration-color: initial;\" /><span style=\"color: #333333; font-family: \'Amazon Ember\', Arial, sans-serif; font-size: small; font-style: normal; font-variant-ligatures: normal; font-variant-caps: normal; font-weight: 400; letter-spacing: normal; orphans: 2; text-align: start; text-indent: 0px; text-transform: none; white-space: normal; widows: 2; word-spacing: 0px; -webkit-text-stroke-width: 0px; background-color: #ffffff; text-decoration-style: initial; text-decoration-color: initial; display: inline !important; float: none;\">3. Approximate battery life based on a mix of talk, data, standby, mobile Hot-Spot and use of other features, with always on display off. An Active display or data usage will decrease battery life. Charging rates are based upon use of the included charger. Charging time performance Statistics are approximate. Actual results may vary.</span><br style=\"box-sizing: border-box; color: #333333; font-family: \'Amazon Ember\', Arial, sans-serif; font-size: small; font-style: normal; font-variant-ligatures: normal; font-variant-caps: normal; font-weight: 400; letter-spacing: normal; orphans: 2; text-align: start; text-indent: 0px; text-transform: none; white-space: normal; widows: 2; word-spacing: 0px; -webkit-text-stroke-width: 0px; background-color: #ffffff; text-decoration-style: initial; text-decoration-color: initial;\" /><br style=\"box-sizing: border-box; color: #333333; font-family: \'Amazon Ember\', Arial, sans-serif; font-size: small; font-style: normal; font-variant-ligatures: normal; font-variant-caps: normal; font-weight: 400; letter-spacing: normal; orphans: 2; text-align: start; text-indent: 0px; text-transform: none; white-space: normal; widows: 2; word-spacing: 0px; -webkit-text-stroke-width: 0px; background-color: #ffffff; text-decoration-style: initial; text-decoration-color: initial;\" /><span style=\"color: #333333; font-family: \'Amazon Ember\', Arial, sans-serif; font-size: small; font-style: normal; font-variant-ligatures: normal; font-variant-caps: normal; font-weight: 400; letter-spacing: normal; orphans: 2; text-align: start; text-indent: 0px; text-transform: none; white-space: normal; widows: 2; word-spacing: 0px; -webkit-text-stroke-width: 0px; background-color: #ffffff; text-decoration-style: initial; text-decoration-color: initial; display: inline !important; float: none;\">4. Android version updates for at least 3 years from when the device first became available on the Google store. See G.Co/Pixel/updates for details.</span><br style=\"box-sizing: border-box; color: #333333; font-family: \'Amazon Ember\', Arial, sans-serif; font-size: small; font-style: normal; font-variant-ligatures: normal; font-variant-caps: normal; font-weight: 400; letter-spacing: normal; orphans: 2; text-align: start; text-indent: 0px; text-transform: none; white-space: normal; widows: 2; word-spacing: 0px; -webkit-text-stroke-width: 0px; background-color: #ffffff; text-decoration-style: initial; text-decoration-color: initial;\" /><br style=\"box-sizing: border-box; color: #333333; font-family: \'Amazon Ember\', Arial, sans-serif; font-size: small; font-style: normal; font-variant-ligatures: normal; font-variant-caps: normal; font-weight: 400; letter-spacing: normal; orphans: 2; text-align: start; text-indent: 0px; text-transform: none; white-space: normal; widows: 2; word-spacing: 0px; -webkit-text-stroke-width: 0px; background-color: #ffffff; text-decoration-style: initial; text-decoration-color: initial;\" /><span style=\"color: #333333; font-family: \'Amazon Ember\', Arial, sans-serif; font-size: small; font-style: normal; font-variant-ligatures: normal; font-variant-caps: normal; font-weight: 400; letter-spacing: normal; orphans: 2; text-align: start; text-indent: 0px; text-transform: none; white-space: normal; widows: 2; word-spacing: 0px; -webkit-text-stroke-width: 0px; background-color: #ffffff; text-decoration-style: initial; text-decoration-color: initial; display: inline !important; float: none;\">5. See G.Co/Pixel/security for additional security information.</span><br style=\"box-sizing: border-box; color: #333333; font-family: \'Amazon Ember\', Arial, sans-serif; font-size: small; font-style: normal; font-variant-ligatures: normal; font-variant-caps: normal; font-weight: 400; letter-spacing: normal; orphans: 2; text-align: start; text-indent: 0px; text-transform: none; white-space: normal; widows: 2; word-spacing: 0px; -webkit-text-stroke-width: 0px; background-color: #ffffff; text-decoration-style: initial; text-decoration-color: initial;\" /><br style=\"box-sizing: border-box; color: #333333; font-family: \'Amazon Ember\', Arial, sans-serif; font-size: small; font-style: normal; font-variant-ligatures: normal; font-variant-caps: normal; font-weight: 400; letter-spacing: normal; orphans: 2; text-align: start; text-indent: 0px; text-transform: none; white-space: normal; widows: 2; word-spacing: 0px; -webkit-text-stroke-width: 0px; background-color: #ffffff; text-decoration-style: initial; text-decoration-color: initial;\" /><span style=\"color: #333333; font-family: \'Amazon Ember\', Arial, sans-serif; font-size: small; font-style: normal; font-variant-ligatures: normal; font-variant-caps: normal; font-weight: 400; letter-spacing: normal; orphans: 2; text-align: start; text-indent: 0px; text-transform: none; white-space: normal; widows: 2; word-spacing: 0px; -webkit-text-stroke-width: 0px; background-color: #ffffff; text-decoration-style: initial; text-decoration-color: initial; display: inline !important; float: none;\">6. Some third-party apps and data may not be transferred automatically. Visit G.Co/Pixel/help for information.</span><br style=\"box-sizing: border-box; color: #333333; font-family: \'Amazon Ember\', Arial, sans-serif; font-size: small; font-style: normal; font-variant-ligatures: normal; font-variant-caps: normal; font-weight: 400; letter-spacing: normal; orphans: 2; text-align: start; text-indent: 0px; text-transform: none; white-space: normal; widows: 2; word-spacing: 0px; -webkit-text-stroke-width: 0px; background-color: #ffffff; text-decoration-style: initial; text-decoration-color: initial;\" /><br style=\"box-sizing: border-box; color: #333333; font-family: \'Amazon Ember\', Arial, sans-serif; font-size: small; font-style: normal; font-variant-ligatures: normal; font-variant-caps: normal; font-weight: 400; letter-spacing: normal; orphans: 2; text-align: start; text-indent: 0px; text-transform: none; white-space: normal; widows: 2; word-spacing: 0px; -webkit-text-stroke-width: 0px; background-color: #ffffff; text-decoration-style: initial; text-decoration-color: initial;\" /><span style=\"color: #333333; font-family: \'Amazon Ember\', Arial, sans-serif; font-size: small; font-style: normal; font-variant-ligatures: normal; font-variant-caps: normal; font-weight: 400; letter-spacing: normal; orphans: 2; text-align: start; text-indent: 0px; text-transform: none; white-space: normal; widows: 2; word-spacing: 0px; -webkit-text-stroke-width: 0px; background-color: #ffffff; text-decoration-style: initial; text-decoration-color: initial; display: inline !important; float: none;\">7. Approximate battery life based on a mix of talk, data, standby, mobile Hot-Spot and use of other features, with always on display off. An Active display or data usage will decrease battery life. Charging rates are based upon use of the included charger. Charging time performance Statistics are approximate. Actual results may vary</span><br style=\"box-sizing: border-box; color: #333333; font-family: \'Amazon Ember\', Arial, sans-serif; font-size: small; font-style: normal; font-variant-ligatures: normal; font-variant-caps: normal; font-weight: 400; letter-spacing: normal; orphans: 2; text-align: start; text-indent: 0px; text-transform: none; white-space: normal; widows: 2; word-spacing: 0px; -webkit-text-stroke-width: 0px; background-color: #ffffff; text-decoration-style: initial; text-decoration-color: initial;\" /><br style=\"box-sizing: border-box; color: #333333; font-family: \'Amazon Ember\', Arial, sans-serif; font-size: small; font-style: normal; font-variant-ligatures: normal; font-variant-caps: normal; font-weight: 400; letter-spacing: normal; orphans: 2; text-align: start; text-indent: 0px; text-transform: none; white-space: normal; widows: 2; word-spacing: 0px; -webkit-text-stroke-width: 0px; background-color: #ffffff; text-decoration-style: initial; text-decoration-color: initial;\" /><span style=\"color: #333333; font-family: \'Amazon Ember\', Arial, sans-serif; font-size: small; font-style: normal; font-variant-ligatures: normal; font-variant-caps: normal; font-weight: 400; letter-spacing: normal; orphans: 2; text-align: start; text-indent: 0px; text-transform: none; white-space: normal; widows: 2; word-spacing: 0px; -webkit-text-stroke-width: 0px; background-color: #ffffff; text-decoration-style: initial; text-decoration-color: initial; display: inline !important; float: none;\">8. Android version updates for at least 3 years from when the device first became available on the Google store. See G.Co/Pixel/updates for details.</span></p>\r\n<p>&nbsp;</p>\r\n<p><span style=\"text-decoration: underline;\"><strong><span style=\"color: #333333; font-family: \'Amazon Ember\', Arial, sans-serif; font-size: small; font-style: normal; font-variant-ligatures: normal; font-variant-caps: normal; letter-spacing: normal; text-align: start; text-indent: 0px; text-transform: none; white-space: normal; word-spacing: 0px; -webkit-text-stroke-width: 0px; background-color: #ffffff; text-decoration: underline; display: inline !important; float: none;\">Specifications:</span></strong></span></p>\r\n<p>&nbsp;</p>\r\n<table id=\"productDetails_detailBullets_sections1\" class=\"a-keyvalue prodDetTable\" style=\"box-sizing: border-box; margin-bottom: 22px; border-collapse: collapse; width: 457px; border-bottom: 1px solid #e7e7e7; table-layout: fixed; border-spacing: 0px; padding: 0px; color: #111111; font-family: \'Amazon Ember\', Arial, sans-serif; font-size: 13px; font-style: normal; font-variant-ligatures: normal; font-variant-caps: normal; font-weight: 400; letter-spacing: normal; orphans: 2; text-align: start; text-indent: 0px; text-transform: none; white-space: normal; widows: 2; word-spacing: 0px; -webkit-text-stroke-width: 0px; background-color: #ffffff; text-decoration-style: initial; text-decoration-color: initial;\" role=\"presentation\">\r\n<tbody style=\"box-sizing: border-box;\">\r\n<tr style=\"box-sizing: border-box;\">\r\n<th class=\"a-color-secondary a-size-base prodDetSectionEntry\" style=\"box-sizing: border-box; vertical-align: top; padding: 7px 14px 6px; color: #111111; font-size: 13px !important; line-height: 19px !important; background-color: #f3f3f3; font-weight: 400; border-top: 1px solid #e7e7e7; white-space: normal; overflow-wrap: break-word; width: 228px; text-align: left;\">Product Dimensions</th>\r\n<td class=\"a-size-base\" style=\"box-sizing: border-box; vertical-align: top; padding: 7px 14px 6px; font-size: 13px !important; line-height: 19px !important; border-top: 1px solid #e7e7e7; color: #333333; font-family: Arial; text-align: right;\">6 x 2.8 x 0.3 inches</td>\r\n</tr>\r\n<tr style=\"box-sizing: border-box;\">\r\n<th class=\"a-color-secondary a-size-base prodDetSectionEntry\" style=\"box-sizing: border-box; vertical-align: top; padding: 7px 14px 6px; color: #111111; font-size: 13px !important; line-height: 19px !important; background-color: #f3f3f3; font-weight: 400; border-top: 1px solid #e7e7e7; white-space: normal; overflow-wrap: break-word; width: 228px; text-align: left;\">Item Weight</th>\r\n<td class=\"a-size-base\" style=\"box-sizing: border-box; vertical-align: top; padding: 7px 14px 6px; font-size: 13px !important; line-height: 19px !important; border-top: 1px solid #e7e7e7; color: #333333; font-family: Arial; text-align: right;\">5.1 ounces</td>\r\n</tr>\r\n<tr style=\"box-sizing: border-box;\">\r\n<th class=\"a-color-secondary a-size-base prodDetSectionEntry\" style=\"box-sizing: border-box; vertical-align: top; padding: 7px 14px 6px; color: #111111; font-size: 13px !important; line-height: 19px !important; background-color: #f3f3f3; font-weight: 400; border-top: 1px solid #e7e7e7; white-space: normal; overflow-wrap: break-word; width: 228px; text-align: left;\">Shipping Weight</th>\r\n<td class=\"a-size-base\" style=\"box-sizing: border-box; vertical-align: top; padding: 7px 14px 6px; font-size: 13px !important; line-height: 19px !important; border-top: 1px solid #e7e7e7; color: #333333; font-family: Arial; text-align: right;\">14.4 ounces</td>\r\n</tr>\r\n<tr style=\"box-sizing: border-box;\">\r\n<th class=\"a-color-secondary a-size-base prodDetSectionEntry\" style=\"box-sizing: border-box; vertical-align: top; padding: 7px 14px 6px; color: #111111; font-size: 13px !important; line-height: 19px !important; background-color: #f3f3f3; font-weight: 400; border-top: 1px solid #e7e7e7; white-space: normal; overflow-wrap: break-word; width: 228px; text-align: left;\">ASIN</th>\r\n<td class=\"a-size-base\" style=\"box-sizing: border-box; vertical-align: top; padding: 7px 14px 6px; font-size: 13px !important; line-height: 19px !important; border-top: 1px solid #e7e7e7; color: #333333; font-family: Arial; text-align: right;\">B07R7DY911</td>\r\n</tr>\r\n<tr style=\"box-sizing: border-box;\">\r\n<th class=\"a-color-secondary a-size-base prodDetSectionEntry\" style=\"box-sizing: border-box; vertical-align: top; padding: 7px 14px 6px; color: #111111; font-size: 13px !important; line-height: 19px !important; background-color: #f3f3f3; font-weight: 400; border-top: 1px solid #e7e7e7; white-space: normal; overflow-wrap: break-word; width: 228px; text-align: left;\">Item model number</th>\r\n<td class=\"a-size-base\" style=\"box-sizing: border-box; vertical-align: top; padding: 7px 14px 6px; font-size: 13px !important; line-height: 19px !important; border-top: 1px solid #e7e7e7; color: #333333; font-family: Arial; text-align: right;\">G020G</td>\r\n</tr>\r\n<tr style=\"box-sizing: border-box;\">\r\n<th class=\"a-color-secondary a-size-base prodDetSectionEntry\" style=\"box-sizing: border-box; vertical-align: top; padding: 7px 14px 6px; color: #111111; font-size: 13px !important; line-height: 19px !important; background-color: #f3f3f3; font-weight: 400; border-top: 1px solid #e7e7e7; white-space: normal; overflow-wrap: break-word; width: 228px; text-align: left;\">Batteries</th>\r\n<td class=\"a-size-base\" style=\"box-sizing: border-box; vertical-align: top; padding: 7px 14px 6px; font-size: 13px !important; line-height: 19px !important; border-top: 1px solid #e7e7e7; color: #333333; font-family: Arial; text-align: right;\">1 Lithium Polymer batteries required. (included)</td>\r\n</tr>\r\n</tbody>\r\n</table>', 'Capture stunning photos with features like night sight, portrait mode, and HDR+.\r\nSave every photo with free, unlimited storage at high quality through Google photos.\r\nThe Google assistant is the easiest way to get things done – including screening calls.'),
(57, 57, 'ar', 'ZTE Axon M Z999 64GB Unlocked GSM Dual-Screen Phone w/ 20MP Camera - Black', '<p><span class=\"a-list-item\" style=\"box-sizing: border-box; color: #111111;\">Two identical foldable 5.2&rdquo; Gorilla Glass Gen 5 Display, 3 Modes - Dual, Extended &amp; Mirror, Two identical Full HD screens combine to give you a stunning 6.75&rdquo; Tablet-like Display</span></p>\r\n<p><span class=\"a-list-item\" style=\"box-sizing: border-box; color: #111111;\">RAM: 4GB, ROM: 64GB - Expandable up to 256GB MicroSD, Android 7.1.2 (Nougat), 2.15 GHz Quad-Core Qualcomm Snapdragon Integrated Qualcomm ARMv8</span></p>\r\n<p>&nbsp;</p>\r\n<p>&nbsp;</p>\r\n<p><span class=\"a-list-item\" style=\"box-sizing: border-box; color: #111111;\">20MP - Single Camera for both Rear and Front Facing, Auto focus, Video Capture: 4K, Fingerprint Sensor - Integrated with Power Button, Non-removable Li-Ion 3180 mAh battery</span></p>\r\n<p><span class=\"a-list-item\" style=\"box-sizing: border-box; color: #111111;\">2G bands: GSM 850 / 1900, 3G bands: HSDPA 850 / 1700(AWS) / 1900, 4G bands: LTE band 2(1900), 4(1700/2100), 5(850), 12(700), 29(700), 30(2300), 66(1700/2100)</span></p>\r\n<p>&nbsp;</p>\r\n<p>&nbsp;</p>\r\n<p><span class=\"a-list-item\" style=\"box-sizing: border-box; color: #111111;\">US warranty is Included. The phone is unlocked to work with all GSM Carriers like AT&amp;T, T-Mobile, Etc. Will NOT work with CDMA Carriers Such as Verizon, Sprint, Boost.</span></p>\r\n<p>&nbsp;</p>\r\n<p><span style=\"text-decoration: underline;\"><strong><span class=\"a-list-item\" style=\"box-sizing: border-box; color: #111111; text-decoration: underline;\">Products Details:</span></strong></span></p>\r\n<p>&nbsp;</p>\r\n<table id=\"productDetails_detailBullets_sections1\" class=\"a-keyvalue prodDetTable\" style=\"box-sizing: border-box; margin-bottom: 22px; border-collapse: collapse; width: 457px; border-bottom: 1px solid #e7e7e7; table-layout: fixed; border-spacing: 0px; padding: 0px; color: #111111; font-family: \'Amazon Ember\', Arial, sans-serif; font-size: 13px; font-style: normal; font-variant-ligatures: normal; font-variant-caps: normal; font-weight: 400; letter-spacing: normal; orphans: 2; text-align: start; text-indent: 0px; text-transform: none; white-space: normal; widows: 2; word-spacing: 0px; -webkit-text-stroke-width: 0px; background-color: #ffffff; text-decoration-style: initial; text-decoration-color: initial;\" role=\"presentation\">\r\n<tbody style=\"box-sizing: border-box;\">\r\n<tr style=\"box-sizing: border-box;\">\r\n<th class=\"a-color-secondary a-size-base prodDetSectionEntry\" style=\"box-sizing: border-box; vertical-align: top; text-align: left; padding: 7px 14px 6px; color: #111111; font-size: 13px !important; line-height: 19px !important; background-color: #f3f3f3; font-weight: 400; border-top: 1px solid #e7e7e7; white-space: normal; overflow-wrap: break-word; width: 228px;\">Package Dimensions</th>\r\n<td class=\"a-size-base\" style=\"box-sizing: border-box; vertical-align: top; padding: 7px 14px 6px; font-size: 13px !important; line-height: 19px !important; border-top: 1px solid #e7e7e7; color: #333333; font-family: Arial; text-align: right;\">7.6 x 4.1 x 2.8 inches</td>\r\n</tr>\r\n<tr style=\"box-sizing: border-box;\">\r\n<th class=\"a-color-secondary a-size-base prodDetSectionEntry\" style=\"box-sizing: border-box; vertical-align: top; text-align: left; padding: 7px 14px 6px; color: #111111; font-size: 13px !important; line-height: 19px !important; background-color: #f3f3f3; font-weight: 400; border-top: 1px solid #e7e7e7; white-space: normal; overflow-wrap: break-word; width: 228px;\">Item Weight</th>\r\n<td class=\"a-size-base\" style=\"box-sizing: border-box; vertical-align: top; padding: 7px 14px 6px; font-size: 13px !important; line-height: 19px !important; border-top: 1px solid #e7e7e7; color: #333333; font-family: Arial; text-align: right;\">7.8 ounces</td>\r\n</tr>\r\n<tr style=\"box-sizing: border-box;\">\r\n<th class=\"a-color-secondary a-size-base prodDetSectionEntry\" style=\"box-sizing: border-box; vertical-align: top; text-align: left; padding: 7px 14px 6px; color: #111111; font-size: 13px !important; line-height: 19px !important; background-color: #f3f3f3; font-weight: 400; border-top: 1px solid #e7e7e7; white-space: normal; overflow-wrap: break-word; width: 228px;\">Shipping Weight</th>\r\n<td class=\"a-size-base\" style=\"box-sizing: border-box; vertical-align: top; padding: 7px 14px 6px; font-size: 13px !important; line-height: 19px !important; border-top: 1px solid #e7e7e7; color: #333333; font-family: Arial; text-align: right;\">1.28 pounds</td>\r\n</tr>\r\n<tr style=\"box-sizing: border-box;\">\r\n<th class=\"a-color-secondary a-size-base prodDetSectionEntry\" style=\"box-sizing: border-box; vertical-align: top; text-align: left; padding: 7px 14px 6px; color: #111111; font-size: 13px !important; line-height: 19px !important; background-color: #f3f3f3; font-weight: 400; border-top: 1px solid #e7e7e7; white-space: normal; overflow-wrap: break-word; width: 228px;\">ASIN</th>\r\n<td class=\"a-size-base\" style=\"box-sizing: border-box; vertical-align: top; padding: 7px 14px 6px; font-size: 13px !important; line-height: 19px !important; border-top: 1px solid #e7e7e7; color: #333333; font-family: Arial; text-align: right;\">B07FXGHY1C</td>\r\n</tr>\r\n<tr style=\"box-sizing: border-box;\">\r\n<th class=\"a-color-secondary a-size-base prodDetSectionEntry\" style=\"box-sizing: border-box; vertical-align: top; text-align: left; padding: 7px 14px 6px; color: #111111; font-size: 13px !important; line-height: 19px !important; background-color: #f3f3f3; font-weight: 400; border-top: 1px solid #e7e7e7; white-space: normal; overflow-wrap: break-word; width: 228px;\">Item model number</th>\r\n<td class=\"a-size-base\" style=\"box-sizing: border-box; vertical-align: top; padding: 7px 14px 6px; font-size: 13px !important; line-height: 19px !important; border-top: 1px solid #e7e7e7; color: #333333; font-family: Arial; text-align: right;\">.</td>\r\n</tr>\r\n<tr style=\"box-sizing: border-box;\">\r\n<th class=\"a-color-secondary a-size-base prodDetSectionEntry\" style=\"box-sizing: border-box; vertical-align: top; text-align: left; padding: 7px 14px 6px; color: #111111; font-size: 13px !important; line-height: 19px !important; background-color: #f3f3f3; font-weight: 400; border-top: 1px solid #e7e7e7; white-space: normal; overflow-wrap: break-word; width: 228px;\">Batteries</th>\r\n<td class=\"a-size-base\" style=\"box-sizing: border-box; vertical-align: top; padding: 7px 14px 6px; font-size: 13px !important; line-height: 19px !important; border-top: 1px solid #e7e7e7; color: #333333; font-family: Arial; text-align: right;\">1 Lithium ion batteries required. (included)</td>\r\n</tr>\r\n</tbody>\r\n</table>', 'RAM: 4GB, ROM: 64GB - Expandable up to 256GB MicroSD, Android 7.1.2 (Nougat), 2.15 GHz Quad-Core Qualcomm Snapdragon Integrated Qualcomm ARMv8'),
(58, 58, 'ar', 'Xiaomi Redmi Note 9S 6.67\" 48MP International Global Version (Aurora Blue, 6GB/128GB)', '<p><span class=\"a-list-item\" style=\"box-sizing: border-box; color: #111111;\">6.67\" Dot Display, Qualcomm Snapdragon 720G High-performance octa-core processor Frequency: up to 2.3GHz Adreno 618 graphics processor Qualcomm 5th generation AI engine</span></p>\r\n<p><span class=\"a-list-item\" style=\"box-sizing: border-box; color: #111111;\">Camera - 48MP AI quad camera 48MP ultra-high resolution primary camera, Front Camera 16MP In-Display</span></p>\r\n<p>&nbsp;</p>\r\n<p>&nbsp;</p>\r\n<p><span class=\"a-list-item\" style=\"box-sizing: border-box; color: #111111;\">Network &amp; Connectivity GSM: B2/3/5/8 WCDMA: B1/2/4/5/8 TDD LTE: B38/40 FDD LTE: B1/2/3/4/5/7/8/20/28</span></p>\r\n<p><span class=\"a-list-item\" style=\"box-sizing: border-box; color: #111111;\">Battery and Charging 5020mAh Built-In Non-removable Lithium Ion Polymer Battery USB Type-C reversible connector port Supports 18W wired fast charging Includes 22.5W wire charger (Foreign Wall Adapter)</span></p>\r\n<p><span class=\"a-list-item\" style=\"box-sizing: border-box; color: #111111;\">International Model - No Warranty in US. Compatible with Most GSM Carriers like T-Mobile, AT&amp;T, MetroPCS, etc. Will NOT work with CDMA Carriers Such as Verizon, Sprint, Boost. - FCC ID: 2AFZZJ6A1G</span></p>\r\n<p>&nbsp;</p>\r\n<p>&nbsp;</p>\r\n<p><br /><span style=\"text-decoration: underline;\"><strong>Products Details:</strong></span></p>\r\n<p>&nbsp;</p>\r\n<table id=\"productDetails_detailBullets_sections1\" class=\"a-keyvalue prodDetTable\" style=\"box-sizing: border-box; margin-bottom: 22px; border-collapse: collapse; width: 457px; border-bottom: 1px solid #e7e7e7; table-layout: fixed; border-spacing: 0px; padding: 0px; color: #111111; font-family: \'Amazon Ember\', Arial, sans-serif; font-size: 13px; font-style: normal; font-variant-ligatures: normal; font-variant-caps: normal; font-weight: 400; letter-spacing: normal; orphans: 2; text-align: start; text-indent: 0px; text-transform: none; white-space: normal; widows: 2; word-spacing: 0px; -webkit-text-stroke-width: 0px; background-color: #ffffff; text-decoration-style: initial; text-decoration-color: initial;\" role=\"presentation\">\r\n<tbody style=\"box-sizing: border-box;\">\r\n<tr style=\"box-sizing: border-box;\">\r\n<th class=\"a-color-secondary a-size-base prodDetSectionEntry\" style=\"box-sizing: border-box; vertical-align: top; text-align: left; padding: 7px 14px 6px; color: #111111; font-size: 13px !important; line-height: 19px !important; background-color: #f3f3f3; font-weight: 400; border-top: 1px solid #e7e7e7; white-space: normal; overflow-wrap: break-word; width: 228px;\">Product Dimensions</th>\r\n<td class=\"a-size-base\" style=\"box-sizing: border-box; vertical-align: top; padding: 7px 14px 6px; font-size: 13px !important; line-height: 19px !important; border-top: 1px solid #e7e7e7; color: #333333; font-family: Arial; text-align: right;\">3 x 0.3 x 6.5 inches</td>\r\n</tr>\r\n<tr style=\"box-sizing: border-box;\">\r\n<th class=\"a-color-secondary a-size-base prodDetSectionEntry\" style=\"box-sizing: border-box; vertical-align: top; text-align: left; padding: 7px 14px 6px; color: #111111; font-size: 13px !important; line-height: 19px !important; background-color: #f3f3f3; font-weight: 400; border-top: 1px solid #e7e7e7; white-space: normal; overflow-wrap: break-word; width: 228px;\">Item Weight</th>\r\n<td class=\"a-size-base\" style=\"box-sizing: border-box; vertical-align: top; padding: 7px 14px 6px; font-size: 13px !important; line-height: 19px !important; border-top: 1px solid #e7e7e7; color: #333333; font-family: Arial; text-align: right;\">0.64 ounces</td>\r\n</tr>\r\n<tr style=\"box-sizing: border-box;\">\r\n<th class=\"a-color-secondary a-size-base prodDetSectionEntry\" style=\"box-sizing: border-box; vertical-align: top; text-align: left; padding: 7px 14px 6px; color: #111111; font-size: 13px !important; line-height: 19px !important; background-color: #f3f3f3; font-weight: 400; border-top: 1px solid #e7e7e7; white-space: normal; overflow-wrap: break-word; width: 228px;\">Shipping Weight</th>\r\n<td class=\"a-size-base\" style=\"box-sizing: border-box; vertical-align: top; padding: 7px 14px 6px; font-size: 13px !important; line-height: 19px !important; border-top: 1px solid #e7e7e7; color: #333333; font-family: Arial; text-align: right;\">1.23 pounds</td>\r\n</tr>\r\n<tr style=\"box-sizing: border-box;\">\r\n<th class=\"a-color-secondary a-size-base prodDetSectionEntry\" style=\"box-sizing: border-box; vertical-align: top; text-align: left; padding: 7px 14px 6px; color: #111111; font-size: 13px !important; line-height: 19px !important; background-color: #f3f3f3; font-weight: 400; border-top: 1px solid #e7e7e7; white-space: normal; overflow-wrap: break-word; width: 228px;\">ASIN</th>\r\n<td class=\"a-size-base\" style=\"box-sizing: border-box; vertical-align: top; padding: 7px 14px 6px; font-size: 13px !important; line-height: 19px !important; border-top: 1px solid #e7e7e7; color: #333333; font-family: Arial; text-align: right;\">B085S45ZZS</td>\r\n</tr>\r\n<tr style=\"box-sizing: border-box;\">\r\n<th class=\"a-color-secondary a-size-base prodDetSectionEntry\" style=\"box-sizing: border-box; vertical-align: top; text-align: left; padding: 7px 14px 6px; color: #111111; font-size: 13px !important; line-height: 19px !important; background-color: #f3f3f3; font-weight: 400; border-top: 1px solid #e7e7e7; white-space: normal; overflow-wrap: break-word; width: 228px;\">Item model number</th>\r\n<td class=\"a-size-base\" style=\"box-sizing: border-box; vertical-align: top; padding: 7px 14px 6px; font-size: 13px !important; line-height: 19px !important; border-top: 1px solid #e7e7e7; color: #333333; font-family: Arial; text-align: right;\">27283</td>\r\n</tr>\r\n<tr style=\"box-sizing: border-box;\">\r\n<th class=\"a-color-secondary a-size-base prodDetSectionEntry\" style=\"box-sizing: border-box; vertical-align: top; text-align: left; padding: 7px 14px 6px; color: #111111; font-size: 13px !important; line-height: 19px !important; background-color: #f3f3f3; font-weight: 400; border-top: 1px solid #e7e7e7; white-space: normal; overflow-wrap: break-word; width: 228px;\">Batteries</th>\r\n<td class=\"a-size-base\" style=\"box-sizing: border-box; vertical-align: top; padding: 7px 14px 6px; font-size: 13px !important; line-height: 19px !important; border-top: 1px solid #e7e7e7; color: #333333; font-family: Arial; text-align: right;\">1 Lithium Polymer batteries required. (included)</td>\r\n</tr>\r\n</tbody>\r\n</table>', '6.67\" Dot Display, Qualcomm Snapdragon 720G High-performance octa-core processor Frequency: up to 2.3GHz Adreno 618 graphics processor Qualcomm 5th generation AI engine\r\nCamera - 48MP AI quad camera 48MP ultra-high resolution primary camera, Front Camera 16MP In-Display');
INSERT INTO `product_translations` (`id`, `product_id`, `locale`, `name`, `description`, `short_description`) VALUES
(59, 59, 'ar', 'Xiaomi Mi Note 10(white) 128GB 108MP Penta Camera 6.47″ LTE Factory Unlocked', '<p><strong style=\"box-sizing: border-box; font-weight: bold; color: #333333; font-family: \'Amazon Ember\', Arial, sans-serif; font-size: small; font-style: normal; font-variant-ligatures: normal; font-variant-caps: normal; letter-spacing: normal; orphans: 2; text-align: start; text-indent: 0px; text-transform: none; white-space: normal; widows: 2; word-spacing: 0px; -webkit-text-stroke-width: 0px; background-color: #ffffff; text-decoration-style: initial; text-decoration-color: initial;\">Mi Note 10.</strong><br style=\"box-sizing: border-box; color: #333333; font-family: \'Amazon Ember\', Arial, sans-serif; font-size: small; font-style: normal; font-variant-ligatures: normal; font-variant-caps: normal; font-weight: 400; letter-spacing: normal; orphans: 2; text-align: start; text-indent: 0px; text-transform: none; white-space: normal; widows: 2; word-spacing: 0px; -webkit-text-stroke-width: 0px; background-color: #ffffff; text-decoration-style: initial; text-decoration-color: initial;\" /><span style=\"color: #333333; font-family: \'Amazon Ember\', Arial, sans-serif; font-size: small; font-style: normal; font-variant-ligatures: normal; font-variant-caps: normal; font-weight: 400; letter-spacing: normal; orphans: 2; text-align: start; text-indent: 0px; text-transform: none; white-space: normal; widows: 2; word-spacing: 0px; -webkit-text-stroke-width: 0px; background-color: #ffffff; text-decoration-style: initial; text-decoration-color: initial; display: inline !important; float: none;\">Dream big, shoot epic.World\'s first 108MP Penta camera.</span><br style=\"box-sizing: border-box; color: #333333; font-family: \'Amazon Ember\', Arial, sans-serif; font-size: small; font-style: normal; font-variant-ligatures: normal; font-variant-caps: normal; font-weight: 400; letter-spacing: normal; orphans: 2; text-align: start; text-indent: 0px; text-transform: none; white-space: normal; widows: 2; word-spacing: 0px; -webkit-text-stroke-width: 0px; background-color: #ffffff; text-decoration-style: initial; text-decoration-color: initial;\" /><br style=\"box-sizing: border-box; color: #333333; font-family: \'Amazon Ember\', Arial, sans-serif; font-size: small; font-style: normal; font-variant-ligatures: normal; font-variant-caps: normal; font-weight: 400; letter-spacing: normal; orphans: 2; text-align: start; text-indent: 0px; text-transform: none; white-space: normal; widows: 2; word-spacing: 0px; -webkit-text-stroke-width: 0px; background-color: #ffffff; text-decoration-style: initial; text-decoration-color: initial;\" /><strong style=\"box-sizing: border-box; font-weight: bold; color: #333333; font-family: \'Amazon Ember\', Arial, sans-serif; font-size: small; font-style: normal; font-variant-ligatures: normal; font-variant-caps: normal; letter-spacing: normal; orphans: 2; text-align: start; text-indent: 0px; text-transform: none; white-space: normal; widows: 2; word-spacing: 0px; -webkit-text-stroke-width: 0px; background-color: #ffffff; text-decoration-style: initial; text-decoration-color: initial;\">First mass-produced 108MP camera.</strong><br style=\"box-sizing: border-box; color: #333333; font-family: \'Amazon Ember\', Arial, sans-serif; font-size: small; font-style: normal; font-variant-ligatures: normal; font-variant-caps: normal; font-weight: 400; letter-spacing: normal; orphans: 2; text-align: start; text-indent: 0px; text-transform: none; white-space: normal; widows: 2; word-spacing: 0px; -webkit-text-stroke-width: 0px; background-color: #ffffff; text-decoration-style: initial; text-decoration-color: initial;\" /><span style=\"color: #333333; font-family: \'Amazon Ember\', Arial, sans-serif; font-size: small; font-style: normal; font-variant-ligatures: normal; font-variant-caps: normal; font-weight: 400; letter-spacing: normal; orphans: 2; text-align: start; text-indent: 0px; text-transform: none; white-space: normal; widows: 2; word-spacing: 0px; -webkit-text-stroke-width: 0px; background-color: #ffffff; text-decoration-style: initial; text-decoration-color: initial; display: inline !important; float: none;\">Unpresentedly, Mi Note 10 features a 108MP camera, with a single photo resolution of up to 12032 x 9024, 12 times as high as 4K resolution! With a super large image sensor in size of 1/1.33\", the camera in Mi Note 10 surpasses most digital cameras. By capturing more light and details, it reproduces the magnificence of the landscape. Isn\'t it breathtaking?</span><br style=\"box-sizing: border-box; color: #333333; font-family: \'Amazon Ember\', Arial, sans-serif; font-size: small; font-style: normal; font-variant-ligatures: normal; font-variant-caps: normal; font-weight: 400; letter-spacing: normal; orphans: 2; text-align: start; text-indent: 0px; text-transform: none; white-space: normal; widows: 2; word-spacing: 0px; -webkit-text-stroke-width: 0px; background-color: #ffffff; text-decoration-style: initial; text-decoration-color: initial;\" /><br style=\"box-sizing: border-box; color: #333333; font-family: \'Amazon Ember\', Arial, sans-serif; font-size: small; font-style: normal; font-variant-ligatures: normal; font-variant-caps: normal; font-weight: 400; letter-spacing: normal; orphans: 2; text-align: start; text-indent: 0px; text-transform: none; white-space: normal; widows: 2; word-spacing: 0px; -webkit-text-stroke-width: 0px; background-color: #ffffff; text-decoration-style: initial; text-decoration-color: initial;\" /><strong style=\"box-sizing: border-box; font-weight: bold; color: #333333; font-family: \'Amazon Ember\', Arial, sans-serif; font-size: small; font-style: normal; font-variant-ligatures: normal; font-variant-caps: normal; letter-spacing: normal; orphans: 2; text-align: start; text-indent: 0px; text-transform: none; white-space: normal; widows: 2; word-spacing: 0px; -webkit-text-stroke-width: 0px; background-color: #ffffff; text-decoration-style: initial; text-decoration-color: initial;\">Vlog mode &amp; Night mode 2.0.</strong><br style=\"box-sizing: border-box; color: #333333; font-family: \'Amazon Ember\', Arial, sans-serif; font-size: small; font-style: normal; font-variant-ligatures: normal; font-variant-caps: normal; font-weight: 400; letter-spacing: normal; orphans: 2; text-align: start; text-indent: 0px; text-transform: none; white-space: normal; widows: 2; word-spacing: 0px; -webkit-text-stroke-width: 0px; background-color: #ffffff; text-decoration-style: initial; text-decoration-color: initial;\" /><span style=\"color: #333333; font-family: \'Amazon Ember\', Arial, sans-serif; font-size: small; font-style: normal; font-variant-ligatures: normal; font-variant-caps: normal; font-weight: 400; letter-spacing: normal; orphans: 2; text-align: start; text-indent: 0px; text-transform: none; white-space: normal; widows: 2; word-spacing: 0px; -webkit-text-stroke-width: 0px; background-color: #ffffff; text-decoration-style: initial; text-decoration-color: initial; display: inline !important; float: none;\">First Mi Phone that supports the new Night Mode 2.0 and features RAW-based multi-frame composition, let you take pictures without worrying about the dark.</span><br style=\"box-sizing: border-box; color: #333333; font-family: \'Amazon Ember\', Arial, sans-serif; font-size: small; font-style: normal; font-variant-ligatures: normal; font-variant-caps: normal; font-weight: 400; letter-spacing: normal; orphans: 2; text-align: start; text-indent: 0px; text-transform: none; white-space: normal; widows: 2; word-spacing: 0px; -webkit-text-stroke-width: 0px; background-color: #ffffff; text-decoration-style: initial; text-decoration-color: initial;\" /><br style=\"box-sizing: border-box; color: #333333; font-family: \'Amazon Ember\', Arial, sans-serif; font-size: small; font-style: normal; font-variant-ligatures: normal; font-variant-caps: normal; font-weight: 400; letter-spacing: normal; orphans: 2; text-align: start; text-indent: 0px; text-transform: none; white-space: normal; widows: 2; word-spacing: 0px; -webkit-text-stroke-width: 0px; background-color: #ffffff; text-decoration-style: initial; text-decoration-color: initial;\" /><strong style=\"box-sizing: border-box; font-weight: bold; color: #333333; font-family: \'Amazon Ember\', Arial, sans-serif; font-size: small; font-style: normal; font-variant-ligatures: normal; font-variant-caps: normal; letter-spacing: normal; orphans: 2; text-align: start; text-indent: 0px; text-transform: none; white-space: normal; widows: 2; word-spacing: 0px; -webkit-text-stroke-width: 0px; background-color: #ffffff; text-decoration-style: initial; text-decoration-color: initial;\">32MP selfie camera.</strong><br style=\"box-sizing: border-box; color: #333333; font-family: \'Amazon Ember\', Arial, sans-serif; font-size: small; font-style: normal; font-variant-ligatures: normal; font-variant-caps: normal; font-weight: 400; letter-spacing: normal; orphans: 2; text-align: start; text-indent: 0px; text-transform: none; white-space: normal; widows: 2; word-spacing: 0px; -webkit-text-stroke-width: 0px; background-color: #ffffff; text-decoration-style: initial; text-decoration-color: initial;\" /><span style=\"color: #333333; font-family: \'Amazon Ember\', Arial, sans-serif; font-size: small; font-style: normal; font-variant-ligatures: normal; font-variant-caps: normal; font-weight: 400; letter-spacing: normal; orphans: 2; text-align: start; text-indent: 0px; text-transform: none; white-space: normal; widows: 2; word-spacing: 0px; -webkit-text-stroke-width: 0px; background-color: #ffffff; text-decoration-style: initial; text-decoration-color: initial; display: inline !important; float: none;\">Ultra-high the resolution, able to record minute details such as hairtips, eyelashes, and facial details, while the post-editing feature is still as high-quality as before.</span><br style=\"box-sizing: border-box; color: #333333; font-family: \'Amazon Ember\', Arial, sans-serif; font-size: small; font-style: normal; font-variant-ligatures: normal; font-variant-caps: normal; font-weight: 400; letter-spacing: normal; orphans: 2; text-align: start; text-indent: 0px; text-transform: none; white-space: normal; widows: 2; word-spacing: 0px; -webkit-text-stroke-width: 0px; background-color: #ffffff; text-decoration-style: initial; text-decoration-color: initial;\" /><br style=\"box-sizing: border-box; color: #333333; font-family: \'Amazon Ember\', Arial, sans-serif; font-size: small; font-style: normal; font-variant-ligatures: normal; font-variant-caps: normal; font-weight: 400; letter-spacing: normal; orphans: 2; text-align: start; text-indent: 0px; text-transform: none; white-space: normal; widows: 2; word-spacing: 0px; -webkit-text-stroke-width: 0px; background-color: #ffffff; text-decoration-style: initial; text-decoration-color: initial;\" /><strong style=\"box-sizing: border-box; font-weight: bold; color: #333333; font-family: \'Amazon Ember\', Arial, sans-serif; font-size: small; font-style: normal; font-variant-ligatures: normal; font-variant-caps: normal; letter-spacing: normal; orphans: 2; text-align: start; text-indent: 0px; text-transform: none; white-space: normal; widows: 2; word-spacing: 0px; -webkit-text-stroke-width: 0px; background-color: #ffffff; text-decoration-style: initial; text-decoration-color: initial;\">New responsive in-screen fingerprint sensor.</strong><br style=\"box-sizing: border-box; color: #333333; font-family: \'Amazon Ember\', Arial, sans-serif; font-size: small; font-style: normal; font-variant-ligatures: normal; font-variant-caps: normal; font-weight: 400; letter-spacing: normal; orphans: 2; text-align: start; text-indent: 0px; text-transform: none; white-space: normal; widows: 2; word-spacing: 0px; -webkit-text-stroke-width: 0px; background-color: #ffffff; text-decoration-style: initial; text-decoration-color: initial;\" /><span style=\"color: #333333; font-family: \'Amazon Ember\', Arial, sans-serif; font-size: small; font-style: normal; font-variant-ligatures: normal; font-variant-caps: normal; font-weight: 400; letter-spacing: normal; orphans: 2; text-align: start; text-indent: 0px; text-transform: none; white-space: normal; widows: 2; word-spacing: 0px; -webkit-text-stroke-width: 0px; background-color: #ffffff; text-decoration-style: initial; text-decoration-color: initial; display: inline !important; float: none;\">Mi Note 10 employs all-new, ultra-flat screen unlocking technology and further optimizes the unlocking experience in bright light, with dry fingers, and at low temperatures. Not only is the unlocking button sensitivity heightened, but the success rate has also increased.</span><br style=\"box-sizing: border-box; color: #333333; font-family: \'Amazon Ember\', Arial, sans-serif; font-size: small; font-style: normal; font-variant-ligatures: normal; font-variant-caps: normal; font-weight: 400; letter-spacing: normal; orphans: 2; text-align: start; text-indent: 0px; text-transform: none; white-space: normal; widows: 2; word-spacing: 0px; -webkit-text-stroke-width: 0px; background-color: #ffffff; text-decoration-style: initial; text-decoration-color: initial;\" /><br style=\"box-sizing: border-box; color: #333333; font-family: \'Amazon Ember\', Arial, sans-serif; font-size: small; font-style: normal; font-variant-ligatures: normal; font-variant-caps: normal; font-weight: 400; letter-spacing: normal; orphans: 2; text-align: start; text-indent: 0px; text-transform: none; white-space: normal; widows: 2; word-spacing: 0px; -webkit-text-stroke-width: 0px; background-color: #ffffff; text-decoration-style: initial; text-decoration-color: initial;\" /><strong style=\"box-sizing: border-box; font-weight: bold; color: #333333; font-family: \'Amazon Ember\', Arial, sans-serif; font-size: small; font-style: normal; font-variant-ligatures: normal; font-variant-caps: normal; letter-spacing: normal; orphans: 2; text-align: start; text-indent: 0px; text-transform: none; white-space: normal; widows: 2; word-spacing: 0px; -webkit-text-stroke-width: 0px; background-color: #ffffff; text-decoration-style: initial; text-decoration-color: initial;\">Qualcomm Snapdragon 730G.</strong><br style=\"box-sizing: border-box; color: #333333; font-family: \'Amazon Ember\', Arial, sans-serif; font-size: small; font-style: normal; font-variant-ligatures: normal; font-variant-caps: normal; font-weight: 400; letter-spacing: normal; orphans: 2; text-align: start; text-indent: 0px; text-transform: none; white-space: normal; widows: 2; word-spacing: 0px; -webkit-text-stroke-width: 0px; background-color: #ffffff; text-decoration-style: initial; text-decoration-color: initial;\" /><span style=\"color: #333333; font-family: \'Amazon Ember\', Arial, sans-serif; font-size: small; font-style: normal; font-variant-ligatures: normal; font-variant-caps: normal; font-weight: 400; letter-spacing: normal; orphans: 2; text-align: start; text-indent: 0px; text-transform: none; white-space: normal; widows: 2; word-spacing: 0px; -webkit-text-stroke-width: 0px; background-color: #ffffff; text-decoration-style: initial; text-decoration-color: initial; display: inline !important; float: none;\">As the strongest chip in the Qualcomm 7 Series, Snapdragon 730G offers maximum main frequency up to 2.2GHz, maximum rendering frequency 700MHz, and increased speed all-around in operations, gaming, AI, etc.</span><br style=\"box-sizing: border-box; color: #333333; font-family: \'Amazon Ember\', Arial, sans-serif; font-size: small; font-style: normal; font-variant-ligatures: normal; font-variant-caps: normal; font-weight: 400; letter-spacing: normal; orphans: 2; text-align: start; text-indent: 0px; text-transform: none; white-space: normal; widows: 2; word-spacing: 0px; -webkit-text-stroke-width: 0px; background-color: #ffffff; text-decoration-style: initial; text-decoration-color: initial;\" /><br style=\"box-sizing: border-box; color: #333333; font-family: \'Amazon Ember\', Arial, sans-serif; font-size: small; font-style: normal; font-variant-ligatures: normal; font-variant-caps: normal; font-weight: 400; letter-spacing: normal; orphans: 2; text-align: start; text-indent: 0px; text-transform: none; white-space: normal; widows: 2; word-spacing: 0px; -webkit-text-stroke-width: 0px; background-color: #ffffff; text-decoration-style: initial; text-decoration-color: initial;\" /><strong style=\"box-sizing: border-box; font-weight: bold; color: #333333; font-family: \'Amazon Ember\', Arial, sans-serif; font-size: small; font-style: normal; font-variant-ligatures: normal; font-variant-caps: normal; letter-spacing: normal; orphans: 2; text-align: start; text-indent: 0px; text-transform: none; white-space: normal; widows: 2; word-spacing: 0px; -webkit-text-stroke-width: 0px; background-color: #ffffff; text-decoration-style: initial; text-decoration-color: initial;\">MIUI 11: Life gets easier.</strong><br style=\"box-sizing: border-box; color: #333333; font-family: \'Amazon Ember\', Arial, sans-serif; font-size: small; font-style: normal; font-variant-ligatures: normal; font-variant-caps: normal; font-weight: 400; letter-spacing: normal; orphans: 2; text-align: start; text-indent: 0px; text-transform: none; white-space: normal; widows: 2; word-spacing: 0px; -webkit-text-stroke-width: 0px; background-color: #ffffff; text-decoration-style: initial; text-decoration-color: initial;\" /><span style=\"color: #333333; font-family: \'Amazon Ember\', Arial, sans-serif; font-size: small; font-style: normal; font-variant-ligatures: normal; font-variant-caps: normal; font-weight: 400; letter-spacing: normal; orphans: 2; text-align: start; text-indent: 0px; text-transform: none; white-space: normal; widows: 2; word-spacing: 0px; -webkit-text-stroke-width: 0px; background-color: #ffffff; text-decoration-style: initial; text-decoration-color: initial; display: inline !important; float: none;\">Mi Note 10 is powered by new MIUI minimalist design; the new ambient display makes the once static design become dynamic; when receiving a notification, the pulse light will flash as a reminder; Mi Doc Viewer, Mi share and Mi wireless printing give you more convenience.</span></p>\r\n<p>&nbsp;</p>\r\n<p><br /><span style=\"text-decoration: underline;\"><strong>Products Details:</strong></span></p>\r\n<p>&nbsp;</p>\r\n<table id=\"productDetails_detailBullets_sections1\" class=\"a-keyvalue prodDetTable\" style=\"box-sizing: border-box; margin-bottom: 22px; border-collapse: collapse; width: 457px; border-bottom: 1px solid #e7e7e7; table-layout: fixed; border-spacing: 0px; padding: 0px; color: #111111; font-family: \'Amazon Ember\', Arial, sans-serif; font-size: 13px; font-style: normal; font-variant-ligatures: normal; font-variant-caps: normal; font-weight: 400; letter-spacing: normal; orphans: 2; text-align: start; text-indent: 0px; text-transform: none; white-space: normal; widows: 2; word-spacing: 0px; -webkit-text-stroke-width: 0px; background-color: #ffffff; text-decoration-style: initial; text-decoration-color: initial;\" role=\"presentation\">\r\n<tbody style=\"box-sizing: border-box;\">\r\n<tr style=\"box-sizing: border-box;\">\r\n<th class=\"a-color-secondary a-size-base prodDetSectionEntry\" style=\"box-sizing: border-box; vertical-align: top; text-align: left; padding: 7px 14px 6px; color: #111111; font-size: 13px !important; line-height: 19px !important; background-color: #f3f3f3; font-weight: 400; border-top: 1px solid #e7e7e7; white-space: normal; overflow-wrap: break-word; width: 228px;\">Product Dimensions</th>\r\n<td class=\"a-size-base\" style=\"box-sizing: border-box; vertical-align: top; padding: 7px 14px 6px; font-size: 13px !important; line-height: 19px !important; border-top: 1px solid #e7e7e7; color: #333333; font-family: Arial; text-align: right;\">0.4 x 2.9 x 6.2 inches</td>\r\n</tr>\r\n<tr style=\"box-sizing: border-box;\">\r\n<th class=\"a-color-secondary a-size-base prodDetSectionEntry\" style=\"box-sizing: border-box; vertical-align: top; text-align: left; padding: 7px 14px 6px; color: #111111; font-size: 13px !important; line-height: 19px !important; background-color: #f3f3f3; font-weight: 400; border-top: 1px solid #e7e7e7; white-space: normal; overflow-wrap: break-word; width: 228px;\">Item Weight</th>\r\n<td class=\"a-size-base\" style=\"box-sizing: border-box; vertical-align: top; padding: 7px 14px 6px; font-size: 13px !important; line-height: 19px !important; border-top: 1px solid #e7e7e7; color: #333333; font-family: Arial; text-align: right;\">1.36 pounds</td>\r\n</tr>\r\n<tr style=\"box-sizing: border-box;\">\r\n<th class=\"a-color-secondary a-size-base prodDetSectionEntry\" style=\"box-sizing: border-box; vertical-align: top; text-align: left; padding: 7px 14px 6px; color: #111111; font-size: 13px !important; line-height: 19px !important; background-color: #f3f3f3; font-weight: 400; border-top: 1px solid #e7e7e7; white-space: normal; overflow-wrap: break-word; width: 228px;\">Shipping Weight</th>\r\n<td class=\"a-size-base\" style=\"box-sizing: border-box; vertical-align: top; padding: 7px 14px 6px; font-size: 13px !important; line-height: 19px !important; border-top: 1px solid #e7e7e7; color: #333333; font-family: Arial; text-align: right;\">1.36 pounds (<a style=\"box-sizing: border-box; text-decoration: none; color: #0066c0; font-family: Arial;\" href=\"https://www.amazon.com/gp/help/seller/shipping.html/ref=dp_pd_shipping?_encoding=UTF8&amp;seller=A3IWU819C03265&amp;asin=B07ZGHYFZ4\">View shipping rates and policies</a>)</td>\r\n</tr>\r\n<tr style=\"box-sizing: border-box;\">\r\n<th class=\"a-color-secondary a-size-base prodDetSectionEntry\" style=\"box-sizing: border-box; vertical-align: top; text-align: left; padding: 7px 14px 6px; color: #111111; font-size: 13px !important; line-height: 19px !important; background-color: #f3f3f3; font-weight: 400; border-top: 1px solid #e7e7e7; white-space: normal; overflow-wrap: break-word; width: 228px;\">ASIN</th>\r\n<td class=\"a-size-base\" style=\"box-sizing: border-box; vertical-align: top; padding: 7px 14px 6px; font-size: 13px !important; line-height: 19px !important; border-top: 1px solid #e7e7e7; color: #333333; font-family: Arial; text-align: right;\">B07ZGHYFZ4</td>\r\n</tr>\r\n<tr style=\"box-sizing: border-box;\">\r\n<th class=\"a-color-secondary a-size-base prodDetSectionEntry\" style=\"box-sizing: border-box; vertical-align: top; text-align: left; padding: 7px 14px 6px; color: #111111; font-size: 13px !important; line-height: 19px !important; background-color: #f3f3f3; font-weight: 400; border-top: 1px solid #e7e7e7; white-space: normal; overflow-wrap: break-word; width: 228px;\">Item model number</th>\r\n<td class=\"a-size-base\" style=\"box-sizing: border-box; vertical-align: top; padding: 7px 14px 6px; font-size: 13px !important; line-height: 19px !important; border-top: 1px solid #e7e7e7; color: #333333; font-family: Arial; text-align: right;\">26131</td>\r\n</tr>\r\n<tr style=\"box-sizing: border-box;\">\r\n<th class=\"a-color-secondary a-size-base prodDetSectionEntry\" style=\"box-sizing: border-box; vertical-align: top; text-align: left; padding: 7px 14px 6px; color: #111111; font-size: 13px !important; line-height: 19px !important; background-color: #f3f3f3; font-weight: 400; border-top: 1px solid #e7e7e7; white-space: normal; overflow-wrap: break-word; width: 228px;\">Batteries</th>\r\n<td class=\"a-size-base\" style=\"box-sizing: border-box; vertical-align: top; padding: 7px 14px 6px; font-size: 13px !important; line-height: 19px !important; border-top: 1px solid #e7e7e7; color: #333333; font-family: Arial; text-align: right;\">1 Lithium Polymer batteries required. (included)</td>\r\n</tr>\r\n</tbody>\r\n</table>', '6.47\"3D curved AMOLED display Corning Gorilla glass front and back, 1080x2340 pixels 398 PPI - HDR 10 - Responsive in-screen fingerprint sensor - TÜV Rheinland low blue light mode\r\nFlash storage: 128 GB phone storage + 6GB RAM - Qualcomm Snapdragon 730G - 5260mAh (typ) high-capacity battery - Multi functional NFC'),
(60, 60, 'ar', 'Xiaomi Mi 9T (64GB, 6GB RAM) 6.39\" AMOLED FHD + Full Screen Display', '<p><strong style=\"box-sizing: border-box; font-weight: bold; color: #333333; font-family: \'Amazon Ember\', Arial, sans-serif; font-size: small; font-style: normal; font-variant-ligatures: normal; font-variant-caps: normal; letter-spacing: normal; orphans: 2; text-align: start; text-indent: 0px; text-transform: none; white-space: normal; widows: 2; word-spacing: 0px; -webkit-text-stroke-width: 0px; background-color: #ffffff; text-decoration-style: initial; text-decoration-color: initial;\">Advanced performance.</strong><br style=\"box-sizing: border-box; color: #333333; font-family: \'Amazon Ember\', Arial, sans-serif; font-size: small; font-style: normal; font-variant-ligatures: normal; font-variant-caps: normal; font-weight: 400; letter-spacing: normal; orphans: 2; text-align: start; text-indent: 0px; text-transform: none; white-space: normal; widows: 2; word-spacing: 0px; -webkit-text-stroke-width: 0px; background-color: #ffffff; text-decoration-style: initial; text-decoration-color: initial;\" /><span style=\"color: #333333; font-family: \'Amazon Ember\', Arial, sans-serif; font-size: small; font-style: normal; font-variant-ligatures: normal; font-variant-caps: normal; font-weight: 400; letter-spacing: normal; orphans: 2; text-align: start; text-indent: 0px; text-transform: none; white-space: normal; widows: 2; word-spacing: 0px; -webkit-text-stroke-width: 0px; background-color: #ffffff; text-decoration-style: initial; text-decoration-color: initial; display: inline !important; float: none;\">Equipped with the Qualcomm Snapdragon 730 processor with 8nm process technology, CPU single-core performance is improved by 35%, and power consumption is reduced by 10%. In addition, the AI algorithm improves processor efficiency by up to 2.6 times. Whether gaming or snapping photos, this performance won\'t let you down.</span><br style=\"box-sizing: border-box; color: #333333; font-family: \'Amazon Ember\', Arial, sans-serif; font-size: small; font-style: normal; font-variant-ligatures: normal; font-variant-caps: normal; font-weight: 400; letter-spacing: normal; orphans: 2; text-align: start; text-indent: 0px; text-transform: none; white-space: normal; widows: 2; word-spacing: 0px; -webkit-text-stroke-width: 0px; background-color: #ffffff; text-decoration-style: initial; text-decoration-color: initial;\" /><br style=\"box-sizing: border-box; color: #333333; font-family: \'Amazon Ember\', Arial, sans-serif; font-size: small; font-style: normal; font-variant-ligatures: normal; font-variant-caps: normal; font-weight: 400; letter-spacing: normal; orphans: 2; text-align: start; text-indent: 0px; text-transform: none; white-space: normal; widows: 2; word-spacing: 0px; -webkit-text-stroke-width: 0px; background-color: #ffffff; text-decoration-style: initial; text-decoration-color: initial;\" /><strong style=\"box-sizing: border-box; font-weight: bold; color: #333333; font-family: \'Amazon Ember\', Arial, sans-serif; font-size: small; font-style: normal; font-variant-ligatures: normal; font-variant-caps: normal; letter-spacing: normal; orphans: 2; text-align: start; text-indent: 0px; text-transform: none; white-space: normal; widows: 2; word-spacing: 0px; -webkit-text-stroke-width: 0px; background-color: #ffffff; text-decoration-style: initial; text-decoration-color: initial;\">4000mAh high-capacity battery and 18W fast charger.</strong><br style=\"box-sizing: border-box; color: #333333; font-family: \'Amazon Ember\', Arial, sans-serif; font-size: small; font-style: normal; font-variant-ligatures: normal; font-variant-caps: normal; font-weight: 400; letter-spacing: normal; orphans: 2; text-align: start; text-indent: 0px; text-transform: none; white-space: normal; widows: 2; word-spacing: 0px; -webkit-text-stroke-width: 0px; background-color: #ffffff; text-decoration-style: initial; text-decoration-color: initial;\" /><span style=\"color: #333333; font-family: \'Amazon Ember\', Arial, sans-serif; font-size: small; font-style: normal; font-variant-ligatures: normal; font-variant-caps: normal; font-weight: 400; letter-spacing: normal; orphans: 2; text-align: start; text-indent: 0px; text-transform: none; white-space: normal; widows: 2; word-spacing: 0px; -webkit-text-stroke-width: 0px; background-color: #ffffff; text-decoration-style: initial; text-decoration-color: initial; display: inline !important; float: none;\">Use all day and stay charged with a 4000mAh battery, then revive in flash with the 18W charger.</span><br style=\"box-sizing: border-box; color: #333333; font-family: \'Amazon Ember\', Arial, sans-serif; font-size: small; font-style: normal; font-variant-ligatures: normal; font-variant-caps: normal; font-weight: 400; letter-spacing: normal; orphans: 2; text-align: start; text-indent: 0px; text-transform: none; white-space: normal; widows: 2; word-spacing: 0px; -webkit-text-stroke-width: 0px; background-color: #ffffff; text-decoration-style: initial; text-decoration-color: initial;\" /><br style=\"box-sizing: border-box; color: #333333; font-family: \'Amazon Ember\', Arial, sans-serif; font-size: small; font-style: normal; font-variant-ligatures: normal; font-variant-caps: normal; font-weight: 400; letter-spacing: normal; orphans: 2; text-align: start; text-indent: 0px; text-transform: none; white-space: normal; widows: 2; word-spacing: 0px; -webkit-text-stroke-width: 0px; background-color: #ffffff; text-decoration-style: initial; text-decoration-color: initial;\" /><strong style=\"box-sizing: border-box; font-weight: bold; color: #333333; font-family: \'Amazon Ember\', Arial, sans-serif; font-size: small; font-style: normal; font-variant-ligatures: normal; font-variant-caps: normal; letter-spacing: normal; orphans: 2; text-align: start; text-indent: 0px; text-transform: none; white-space: normal; widows: 2; word-spacing: 0px; -webkit-text-stroke-width: 0px; background-color: #ffffff; text-decoration-style: initial; text-decoration-color: initial;\">AI triple camera.</strong><br style=\"box-sizing: border-box; color: #333333; font-family: \'Amazon Ember\', Arial, sans-serif; font-size: small; font-style: normal; font-variant-ligatures: normal; font-variant-caps: normal; font-weight: 400; letter-spacing: normal; orphans: 2; text-align: start; text-indent: 0px; text-transform: none; white-space: normal; widows: 2; word-spacing: 0px; -webkit-text-stroke-width: 0px; background-color: #ffffff; text-decoration-style: initial; text-decoration-color: initial;\" /><span style=\"color: #333333; font-family: \'Amazon Ember\', Arial, sans-serif; font-size: small; font-style: normal; font-variant-ligatures: normal; font-variant-caps: normal; font-weight: 400; letter-spacing: normal; orphans: 2; text-align: start; text-indent: 0px; text-transform: none; white-space: normal; widows: 2; word-spacing: 0px; -webkit-text-stroke-width: 0px; background-color: #ffffff; text-decoration-style: initial; text-decoration-color: initial; display: inline !important; float: none;\">With a Sony 48MP ultra high-resolution wide camera + 8MP telephoto camera + 13MP ultra-wide-angle camera, you can take any shot with ease. Seamlessly zoom in from 0.6x to 10x and discover your true photography potential.</span><br style=\"box-sizing: border-box; color: #333333; font-family: \'Amazon Ember\', Arial, sans-serif; font-size: small; font-style: normal; font-variant-ligatures: normal; font-variant-caps: normal; font-weight: 400; letter-spacing: normal; orphans: 2; text-align: start; text-indent: 0px; text-transform: none; white-space: normal; widows: 2; word-spacing: 0px; -webkit-text-stroke-width: 0px; background-color: #ffffff; text-decoration-style: initial; text-decoration-color: initial;\" /><br style=\"box-sizing: border-box; color: #333333; font-family: \'Amazon Ember\', Arial, sans-serif; font-size: small; font-style: normal; font-variant-ligatures: normal; font-variant-caps: normal; font-weight: 400; letter-spacing: normal; orphans: 2; text-align: start; text-indent: 0px; text-transform: none; white-space: normal; widows: 2; word-spacing: 0px; -webkit-text-stroke-width: 0px; background-color: #ffffff; text-decoration-style: initial; text-decoration-color: initial;\" /><strong style=\"box-sizing: border-box; font-weight: bold; color: #333333; font-family: \'Amazon Ember\', Arial, sans-serif; font-size: small; font-style: normal; font-variant-ligatures: normal; font-variant-caps: normal; letter-spacing: normal; orphans: 2; text-align: start; text-indent: 0px; text-transform: none; white-space: normal; widows: 2; word-spacing: 0px; -webkit-text-stroke-width: 0px; background-color: #ffffff; text-decoration-style: initial; text-decoration-color: initial;\">20MP selfie camera.</strong><br style=\"box-sizing: border-box; color: #333333; font-family: \'Amazon Ember\', Arial, sans-serif; font-size: small; font-style: normal; font-variant-ligatures: normal; font-variant-caps: normal; font-weight: 400; letter-spacing: normal; orphans: 2; text-align: start; text-indent: 0px; text-transform: none; white-space: normal; widows: 2; word-spacing: 0px; -webkit-text-stroke-width: 0px; background-color: #ffffff; text-decoration-style: initial; text-decoration-color: initial;\" /><span style=\"color: #333333; font-family: \'Amazon Ember\', Arial, sans-serif; font-size: small; font-style: normal; font-variant-ligatures: normal; font-variant-caps: normal; font-weight: 400; letter-spacing: normal; orphans: 2; text-align: start; text-indent: 0px; text-transform: none; white-space: normal; widows: 2; word-spacing: 0px; -webkit-text-stroke-width: 0px; background-color: #ffffff; text-decoration-style: initial; text-decoration-color: initial; display: inline !important; float: none;\">Now with panorama selfies, everyone can join in. Have everyone gather around - there\'s no need for a selfie stick! Simply turn the phone from side to side to capture the whole group.</span><br style=\"box-sizing: border-box; color: #333333; font-family: \'Amazon Ember\', Arial, sans-serif; font-size: small; font-style: normal; font-variant-ligatures: normal; font-variant-caps: normal; font-weight: 400; letter-spacing: normal; orphans: 2; text-align: start; text-indent: 0px; text-transform: none; white-space: normal; widows: 2; word-spacing: 0px; -webkit-text-stroke-width: 0px; background-color: #ffffff; text-decoration-style: initial; text-decoration-color: initial;\" /><br style=\"box-sizing: border-box; color: #333333; font-family: \'Amazon Ember\', Arial, sans-serif; font-size: small; font-style: normal; font-variant-ligatures: normal; font-variant-caps: normal; font-weight: 400; letter-spacing: normal; orphans: 2; text-align: start; text-indent: 0px; text-transform: none; white-space: normal; widows: 2; word-spacing: 0px; -webkit-text-stroke-width: 0px; background-color: #ffffff; text-decoration-style: initial; text-decoration-color: initial;\" /><strong style=\"box-sizing: border-box; font-weight: bold; color: #333333; font-family: \'Amazon Ember\', Arial, sans-serif; font-size: small; font-style: normal; font-variant-ligatures: normal; font-variant-caps: normal; letter-spacing: normal; orphans: 2; text-align: start; text-indent: 0px; text-transform: none; white-space: normal; widows: 2; word-spacing: 0px; -webkit-text-stroke-width: 0px; background-color: #ffffff; text-decoration-style: initial; text-decoration-color: initial;\">Breaking boundaries for an unlimited view.</strong><br style=\"box-sizing: border-box; color: #333333; font-family: \'Amazon Ember\', Arial, sans-serif; font-size: small; font-style: normal; font-variant-ligatures: normal; font-variant-caps: normal; font-weight: 400; letter-spacing: normal; orphans: 2; text-align: start; text-indent: 0px; text-transform: none; white-space: normal; widows: 2; word-spacing: 0px; -webkit-text-stroke-width: 0px; background-color: #ffffff; text-decoration-style: initial; text-decoration-color: initial;\" /><span style=\"color: #333333; font-family: \'Amazon Ember\', Arial, sans-serif; font-size: small; font-style: normal; font-variant-ligatures: normal; font-variant-caps: normal; font-weight: 400; letter-spacing: normal; orphans: 2; text-align: start; text-indent: 0px; text-transform: none; white-space: normal; widows: 2; word-spacing: 0px; -webkit-text-stroke-width: 0px; background-color: #ffffff; text-decoration-style: initial; text-decoration-color: initial; display: inline !important; float: none;\">The 6.39\" AMOLED display give you a stunning visual experience every time you unlock your phone. In environments with intense light, slide to enable bright mode for a screen that is 39% brighter than normal.</span><br style=\"box-sizing: border-box; color: #333333; font-family: \'Amazon Ember\', Arial, sans-serif; font-size: small; font-style: normal; font-variant-ligatures: normal; font-variant-caps: normal; font-weight: 400; letter-spacing: normal; orphans: 2; text-align: start; text-indent: 0px; text-transform: none; white-space: normal; widows: 2; word-spacing: 0px; -webkit-text-stroke-width: 0px; background-color: #ffffff; text-decoration-style: initial; text-decoration-color: initial;\" /><br style=\"box-sizing: border-box; color: #333333; font-family: \'Amazon Ember\', Arial, sans-serif; font-size: small; font-style: normal; font-variant-ligatures: normal; font-variant-caps: normal; font-weight: 400; letter-spacing: normal; orphans: 2; text-align: start; text-indent: 0px; text-transform: none; white-space: normal; widows: 2; word-spacing: 0px; -webkit-text-stroke-width: 0px; background-color: #ffffff; text-decoration-style: initial; text-decoration-color: initial;\" /><strong style=\"box-sizing: border-box; font-weight: bold; color: #333333; font-family: \'Amazon Ember\', Arial, sans-serif; font-size: small; font-style: normal; font-variant-ligatures: normal; font-variant-caps: normal; letter-spacing: normal; orphans: 2; text-align: start; text-indent: 0px; text-transform: none; white-space: normal; widows: 2; word-spacing: 0px; -webkit-text-stroke-width: 0px; background-color: #ffffff; text-decoration-style: initial; text-decoration-color: initial;\">Fierey dynamic rear finish.</strong><br style=\"box-sizing: border-box; color: #333333; font-family: \'Amazon Ember\', Arial, sans-serif; font-size: small; font-style: normal; font-variant-ligatures: normal; font-variant-caps: normal; font-weight: 400; letter-spacing: normal; orphans: 2; text-align: start; text-indent: 0px; text-transform: none; white-space: normal; widows: 2; word-spacing: 0px; -webkit-text-stroke-width: 0px; background-color: #ffffff; text-decoration-style: initial; text-decoration-color: initial;\" /><span style=\"color: #333333; font-family: \'Amazon Ember\', Arial, sans-serif; font-size: small; font-style: normal; font-variant-ligatures: normal; font-variant-caps: normal; font-weight: 400; letter-spacing: normal; orphans: 2; text-align: start; text-indent: 0px; text-transform: none; white-space: normal; widows: 2; word-spacing: 0px; -webkit-text-stroke-width: 0px; background-color: #ffffff; text-decoration-style: initial; text-decoration-color: initial; display: inline !important; float: none;\">The back of the Mi 9T is graceful and contemplative until the light hits it and its bold flames flicker to life. It\'s almost as if it has moods of its own, made all the more profound by the classic black carbon fiber design. With its 3D curvature, it fits comfortably in the hand and looks stunningly smooth.</span></p>\r\n<p>&nbsp;</p>\r\n<p>&nbsp;</p>\r\n<p><br /><span style=\"text-decoration: underline;\"><strong>Products Details:</strong></span></p>\r\n<p>&nbsp;</p>\r\n<table id=\"productDetails_detailBullets_sections1\" class=\"a-keyvalue prodDetTable\" style=\"box-sizing: border-box; margin-bottom: 22px; border-collapse: collapse; width: 457px; border-bottom: 1px solid #e7e7e7; table-layout: fixed; border-spacing: 0px; padding: 0px; color: #111111; font-family: \'Amazon Ember\', Arial, sans-serif; font-size: 13px; font-style: normal; font-variant-ligatures: normal; font-variant-caps: normal; font-weight: 400; letter-spacing: normal; orphans: 2; text-align: start; text-indent: 0px; text-transform: none; white-space: normal; widows: 2; word-spacing: 0px; -webkit-text-stroke-width: 0px; background-color: #ffffff; text-decoration-style: initial; text-decoration-color: initial;\" role=\"presentation\">\r\n<tbody style=\"box-sizing: border-box;\">\r\n<tr style=\"box-sizing: border-box;\">\r\n<th class=\"a-color-secondary a-size-base prodDetSectionEntry\" style=\"box-sizing: border-box; vertical-align: top; text-align: left; padding: 7px 14px 6px; color: #111111; font-size: 13px !important; line-height: 19px !important; background-color: #f3f3f3; font-weight: 400; border-top: 1px solid #e7e7e7; white-space: normal; overflow-wrap: break-word; width: 228px;\">Product Dimensions</th>\r\n<td class=\"a-size-base\" style=\"box-sizing: border-box; vertical-align: top; padding: 7px 14px 6px; font-size: 13px !important; line-height: 19px !important; border-top: 1px solid #e7e7e7; color: #333333; font-family: Arial; text-align: right;\">0.3 x 2.9 x 6.2 inches</td>\r\n</tr>\r\n<tr style=\"box-sizing: border-box;\">\r\n<th class=\"a-color-secondary a-size-base prodDetSectionEntry\" style=\"box-sizing: border-box; vertical-align: top; text-align: left; padding: 7px 14px 6px; color: #111111; font-size: 13px !important; line-height: 19px !important; background-color: #f3f3f3; font-weight: 400; border-top: 1px solid #e7e7e7; white-space: normal; overflow-wrap: break-word; width: 228px;\">Item Weight</th>\r\n<td class=\"a-size-base\" style=\"box-sizing: border-box; vertical-align: top; padding: 7px 14px 6px; font-size: 13px !important; line-height: 19px !important; border-top: 1px solid #e7e7e7; color: #333333; font-family: Arial; text-align: right;\">12.3 ounces</td>\r\n</tr>\r\n<tr style=\"box-sizing: border-box;\">\r\n<th class=\"a-color-secondary a-size-base prodDetSectionEntry\" style=\"box-sizing: border-box; vertical-align: top; text-align: left; padding: 7px 14px 6px; color: #111111; font-size: 13px !important; line-height: 19px !important; background-color: #f3f3f3; font-weight: 400; border-top: 1px solid #e7e7e7; white-space: normal; overflow-wrap: break-word; width: 228px;\">Shipping Weight</th>\r\n<td class=\"a-size-base\" style=\"box-sizing: border-box; vertical-align: top; padding: 7px 14px 6px; font-size: 13px !important; line-height: 19px !important; border-top: 1px solid #e7e7e7; color: #333333; font-family: Arial; text-align: right;\">1.1 pounds (<a style=\"box-sizing: border-box; text-decoration: none; color: #0066c0; font-family: Arial;\" href=\"https://www.amazon.com/gp/help/seller/shipping.html/ref=dp_pd_shipping?_encoding=UTF8&amp;seller=A3IWU819C03265&amp;asin=B07THFLC8P\">View shipping rates and policies</a>)</td>\r\n</tr>\r\n<tr style=\"box-sizing: border-box;\">\r\n<th class=\"a-color-secondary a-size-base prodDetSectionEntry\" style=\"box-sizing: border-box; vertical-align: top; text-align: left; padding: 7px 14px 6px; color: #111111; font-size: 13px !important; line-height: 19px !important; background-color: #f3f3f3; font-weight: 400; border-top: 1px solid #e7e7e7; white-space: normal; overflow-wrap: break-word; width: 228px;\">ASIN</th>\r\n<td class=\"a-size-base\" style=\"box-sizing: border-box; vertical-align: top; padding: 7px 14px 6px; font-size: 13px !important; line-height: 19px !important; border-top: 1px solid #e7e7e7; color: #333333; font-family: Arial; text-align: right;\">B07THFLC8P</td>\r\n</tr>\r\n<tr style=\"box-sizing: border-box;\">\r\n<th class=\"a-color-secondary a-size-base prodDetSectionEntry\" style=\"box-sizing: border-box; vertical-align: top; text-align: left; padding: 7px 14px 6px; color: #111111; font-size: 13px !important; line-height: 19px !important; background-color: #f3f3f3; font-weight: 400; border-top: 1px solid #e7e7e7; white-space: normal; overflow-wrap: break-word; width: 228px;\">Item model number</th>\r\n<td class=\"a-size-base\" style=\"box-sizing: border-box; vertical-align: top; padding: 7px 14px 6px; font-size: 13px !important; line-height: 19px !important; border-top: 1px solid #e7e7e7; color: #333333; font-family: Arial; text-align: right;\">M1903F10G</td>\r\n</tr>\r\n<tr style=\"box-sizing: border-box;\">\r\n<th class=\"a-color-secondary a-size-base prodDetSectionEntry\" style=\"box-sizing: border-box; vertical-align: top; text-align: left; padding: 7px 14px 6px; color: #111111; font-size: 13px !important; line-height: 19px !important; background-color: #f3f3f3; font-weight: 400; border-top: 1px solid #e7e7e7; white-space: normal; overflow-wrap: break-word; width: 228px;\">Batteries</th>\r\n<td class=\"a-size-base\" style=\"box-sizing: border-box; vertical-align: top; padding: 7px 14px 6px; font-size: 13px !important; line-height: 19px !important; border-top: 1px solid #e7e7e7; color: #333333; font-family: Arial; text-align: right;\">1 Lithium ion batteries required.</td>\r\n</tr>\r\n</tbody>\r\n</table>', '6.39\" AMOLED FHD + Full Screen Display, 2340 x 1080 FHD+ 403 PPI, Corning Gorilla Glass 5 - Supports GAME Turbo 2.0\r\n64GB + 6GB RAM - Qualcomm Snapdragon 730 processor Up to 2.2GHz - Non-removable Li-Po 4000 mAh battery - Supports 2.4G Wi-Fi / 5G Wi-Fi - Supports dual SIM VoLTE HD calling');
INSERT INTO `product_translations` (`id`, `product_id`, `locale`, `name`, `description`, `short_description`) VALUES
(61, 61, 'ar', 'Xiaomi Redmi Note 8 Pro 64GB, 6GB RAM 6.53\" LTE GSM 64MP (Mineral Grey)', '<p><span style=\"color: #333333; font-family: \'Amazon Ember\', Arial, sans-serif; font-size: small; font-style: normal; font-variant-ligatures: normal; font-variant-caps: normal; font-weight: 400; letter-spacing: normal; orphans: 2; text-align: start; text-indent: 0px; text-transform: none; white-space: normal; widows: 2; word-spacing: 0px; -webkit-text-stroke-width: 0px; background-color: #ffffff; text-decoration-style: initial; text-decoration-color: initial; display: inline !important; float: none;\">Delivers high-resolution photos for up to 3.26m tall poster printing 64MP ultra high-resolution camera. Almost twice the number of pixels of 8K resolution. Supports 4K video recording, 960fps slow motion video recording. 2cm close-up macro lens, super close auto focus capabilities. Activating the ultra-wide angle mode changes the field of view from 79&deg; to 120&deg;, and more scenes can be shot without changing the shooting position. Fine-tuned AI Beautify for photo taking and video recording. The portrait mode allows you to adjust the depth of field blur and take more professional selfies. Gaming processor with LiquidCool technology Wi-Fi X antenna secret weapon for professional gamers. Helio G90T gaming processor Cortex-A76 architecture greater performance compare to Snapdragon 710. LiquidCool technology Heat dissipation for SoC and charging IC. Wi-Fi X antenna leaving clearance area for antenna siginal reception. 4500mAh long lasting battery and supports 18W fast charger. Looks and feels like a dream 4-sided 3D curved back.</span></p>\r\n<p>&nbsp;</p>\r\n<p><strong><span style=\"color: #333333; font-family: \'Amazon Ember\', Arial, sans-serif; font-size: small; font-style: normal; font-variant-ligatures: normal; font-variant-caps: normal; letter-spacing: normal; text-align: start; text-indent: 0px; text-transform: none; white-space: normal; word-spacing: 0px; -webkit-text-stroke-width: 0px; background-color: #ffffff; text-decoration-style: initial; text-decoration-color: initial; display: inline !important; float: none;\"><br /><span style=\"text-decoration: underline;\">Products Details:</span></span></strong></p>\r\n<p>&nbsp;</p>\r\n<table id=\"productDetails_detailBullets_sections1\" class=\"a-keyvalue prodDetTable\" style=\"box-sizing: border-box; margin-bottom: 22px; border-collapse: collapse; width: 457px; border-bottom: 1px solid #e7e7e7; table-layout: fixed; border-spacing: 0px; padding: 0px; color: #111111; font-family: \'Amazon Ember\', Arial, sans-serif; font-size: 13px; font-style: normal; font-variant-ligatures: normal; font-variant-caps: normal; font-weight: 400; letter-spacing: normal; orphans: 2; text-align: start; text-indent: 0px; text-transform: none; white-space: normal; widows: 2; word-spacing: 0px; -webkit-text-stroke-width: 0px; background-color: #ffffff; text-decoration-style: initial; text-decoration-color: initial;\" role=\"presentation\">\r\n<tbody style=\"box-sizing: border-box;\">\r\n<tr style=\"box-sizing: border-box;\">\r\n<th class=\"a-color-secondary a-size-base prodDetSectionEntry\" style=\"box-sizing: border-box; vertical-align: top; text-align: left; padding: 7px 14px 6px; color: #111111; font-size: 13px !important; line-height: 19px !important; background-color: #f3f3f3; font-weight: 400; border-top: 1px solid #e7e7e7; white-space: normal; overflow-wrap: break-word; width: 228px;\">Product Dimensions</th>\r\n<td class=\"a-size-base\" style=\"box-sizing: border-box; vertical-align: top; padding: 7px 14px 6px; font-size: 13px !important; line-height: 19px !important; border-top: 1px solid #e7e7e7; color: #333333; font-family: Arial; text-align: right;\">2 x 3.1 x 6.1 inches</td>\r\n</tr>\r\n<tr style=\"box-sizing: border-box;\">\r\n<th class=\"a-color-secondary a-size-base prodDetSectionEntry\" style=\"box-sizing: border-box; vertical-align: top; text-align: left; padding: 7px 14px 6px; color: #111111; font-size: 13px !important; line-height: 19px !important; background-color: #f3f3f3; font-weight: 400; border-top: 1px solid #e7e7e7; white-space: normal; overflow-wrap: break-word; width: 228px;\">Item Weight</th>\r\n<td class=\"a-size-base\" style=\"box-sizing: border-box; vertical-align: top; padding: 7px 14px 6px; font-size: 13px !important; line-height: 19px !important; border-top: 1px solid #e7e7e7; color: #333333; font-family: Arial; text-align: right;\">7 ounces</td>\r\n</tr>\r\n<tr style=\"box-sizing: border-box;\">\r\n<th class=\"a-color-secondary a-size-base prodDetSectionEntry\" style=\"box-sizing: border-box; vertical-align: top; text-align: left; padding: 7px 14px 6px; color: #111111; font-size: 13px !important; line-height: 19px !important; background-color: #f3f3f3; font-weight: 400; border-top: 1px solid #e7e7e7; white-space: normal; overflow-wrap: break-word; width: 228px;\">Shipping Weight</th>\r\n<td class=\"a-size-base\" style=\"box-sizing: border-box; vertical-align: top; padding: 7px 14px 6px; font-size: 13px !important; line-height: 19px !important; border-top: 1px solid #e7e7e7; color: #333333; font-family: Arial; text-align: right;\">1.01 pounds (<a style=\"box-sizing: border-box; text-decoration: none; color: #0066c0; font-family: Arial;\" href=\"https://www.amazon.com/gp/help/seller/shipping.html/ref=dp_pd_shipping?_encoding=UTF8&amp;seller=A3IWU819C03265&amp;asin=B07Y8YWTFL\">View shipping rates and policies</a>)</td>\r\n</tr>\r\n<tr style=\"box-sizing: border-box;\">\r\n<th class=\"a-color-secondary a-size-base prodDetSectionEntry\" style=\"box-sizing: border-box; vertical-align: top; text-align: left; padding: 7px 14px 6px; color: #111111; font-size: 13px !important; line-height: 19px !important; background-color: #f3f3f3; font-weight: 400; border-top: 1px solid #e7e7e7; white-space: normal; overflow-wrap: break-word; width: 228px;\">ASIN</th>\r\n<td class=\"a-size-base\" style=\"box-sizing: border-box; vertical-align: top; padding: 7px 14px 6px; font-size: 13px !important; line-height: 19px !important; border-top: 1px solid #e7e7e7; color: #333333; font-family: Arial; text-align: right;\">B07Y8YWTFL</td>\r\n</tr>\r\n<tr style=\"box-sizing: border-box;\">\r\n<th class=\"a-color-secondary a-size-base prodDetSectionEntry\" style=\"box-sizing: border-box; vertical-align: top; text-align: left; padding: 7px 14px 6px; color: #111111; font-size: 13px !important; line-height: 19px !important; background-color: #f3f3f3; font-weight: 400; border-top: 1px solid #e7e7e7; white-space: normal; overflow-wrap: break-word; width: 228px;\">Item model number</th>\r\n<td class=\"a-size-base\" style=\"box-sizing: border-box; vertical-align: top; padding: 7px 14px 6px; font-size: 13px !important; line-height: 19px !important; border-top: 1px solid #e7e7e7; color: #333333; font-family: Arial; text-align: right;\">M1906G7G</td>\r\n</tr>\r\n<tr style=\"box-sizing: border-box;\">\r\n<th class=\"a-color-secondary a-size-base prodDetSectionEntry\" style=\"box-sizing: border-box; vertical-align: top; text-align: left; padding: 7px 14px 6px; color: #111111; font-size: 13px !important; line-height: 19px !important; background-color: #f3f3f3; font-weight: 400; border-top: 1px solid #e7e7e7; white-space: normal; overflow-wrap: break-word; width: 228px;\">Batteries</th>\r\n<td class=\"a-size-base\" style=\"box-sizing: border-box; vertical-align: top; padding: 7px 14px 6px; font-size: 13px !important; line-height: 19px !important; border-top: 1px solid #e7e7e7; color: #333333; font-family: Arial; text-align: right;\">1 Lithium Polymer batteries required. (included)</td>\r\n</tr>\r\n</tbody>\r\n</table>', 'Display: 6.53 inches IPS LCD capacitive touchscreen w/ Corning Gorilla Glass 5 - Resolution: 1080 x 2340 pixels\r\nMemory: 64GB 6GB RAM - microSD, up to 256 GB (uses shared SIM slot)'),
(62, 62, 'ar', 'MSI Modern 14 A10M-460 14\" Ultra Thin and Light Professional Laptop Intel Core i5', '<p><span class=\"a-list-item\">14\" THIN BEZEL Full HD IPS-Level 72% NTSC UMA</span></p>\r\n<p><span class=\"a-list-item\">CORE i5-10210U 1. 6 - 4. 2GHz Intel 9560 Jefferson Peak (2x2 802. 11 ac)</span></p>\r\n<p><span class=\"a-list-item\">HDD 512GB NV Me SSD 8GB (8G*1)DDR4 2666MHz 1 Sockets; Max Memory 32GB</span></p>\r\n<p>&nbsp;</p>\r\n<p>&nbsp;</p>\r\n<p><span class=\"a-list-item\">USB 3. 2 Gen 1 Type C *2 USB 3. 2 Gen1 *2 White backlight 84 Key 720p HD Webcam</span></p>\r\n<p><span class=\"a-list-item\">O/S Win 10 PRO Battery /Hours 4 cell (50Wh) Li-Polymer 720p HD Webcam Touch Pad Multi Touch Keyboard White backlight 84 Key</span></p>\r\n<p>&nbsp;</p>\r\n<p><span style=\"text-decoration: underline;\"><strong><span class=\"a-list-item\">Specifications:</span></strong></span></p>\r\n<p>&nbsp;</p>\r\n<table id=\"productDetails_techSpec_section_1\" class=\"a-keyvalue prodDetTable\" role=\"presentation\">\r\n<tbody>\r\n<tr>\r\n<th class=\"a-color-secondary a-size-base prodDetSectionEntry\" style=\"text-align: left;\">Screen Size</th>\r\n<td class=\"a-size-base\" style=\"text-align: right;\">14.1 inches</td>\r\n</tr>\r\n<tr>\r\n<th class=\"a-color-secondary a-size-base prodDetSectionEntry\" style=\"text-align: left;\">Max Screen Resolution</th>\r\n<td class=\"a-size-base\" style=\"text-align: right;\">1920 x 1080 pixels</td>\r\n</tr>\r\n<tr>\r\n<th class=\"a-color-secondary a-size-base prodDetSectionEntry\" style=\"text-align: left;\">Processor</th>\r\n<td class=\"a-size-base\" style=\"text-align: right;\">3.4 GHz Intel Core i5</td>\r\n</tr>\r\n<tr>\r\n<th class=\"a-color-secondary a-size-base prodDetSectionEntry\" style=\"text-align: left;\">RAM</th>\r\n<td class=\"a-size-base\" style=\"text-align: right;\">8 GB DDR4</td>\r\n</tr>\r\n<tr>\r\n<th class=\"a-color-secondary a-size-base prodDetSectionEntry\" style=\"text-align: left;\">Memory Speed</th>\r\n<td class=\"a-size-base\" style=\"text-align: right;\">2666 MHz</td>\r\n</tr>\r\n<tr>\r\n<th class=\"a-color-secondary a-size-base prodDetSectionEntry\" style=\"text-align: left;\">Hard Drive</th>\r\n<td class=\"a-size-base\" style=\"text-align: right;\">Flash Memory Solid State</td>\r\n</tr>\r\n<tr>\r\n<th class=\"a-color-secondary a-size-base prodDetSectionEntry\" style=\"text-align: left;\">Chipset Brand</th>\r\n<td class=\"a-size-base\" style=\"text-align: right;\">NVIDIA</td>\r\n</tr>\r\n<tr>\r\n<th class=\"a-color-secondary a-size-base prodDetSectionEntry\" style=\"text-align: left;\">Card Description</th>\r\n<td class=\"a-size-base\" style=\"text-align: right;\">Dedicated</td>\r\n</tr>\r\n<tr>\r\n<th class=\"a-color-secondary a-size-base prodDetSectionEntry\" style=\"text-align: left;\">Wireless Type</th>\r\n<td class=\"a-size-base\" style=\"text-align: right;\">802.11ac</td>\r\n</tr>\r\n<tr>\r\n<th class=\"a-color-secondary a-size-base prodDetSectionEntry\" style=\"text-align: left;\">Number of USB 2.0 Ports</th>\r\n<td class=\"a-size-base\" style=\"text-align: right;\">2</td>\r\n</tr>\r\n<tr>\r\n<th class=\"a-color-secondary a-size-base prodDetSectionEntry\" style=\"text-align: left;\">Number of USB 3.0 Ports</th>\r\n<td class=\"a-size-base\" style=\"text-align: right;\">2</td>\r\n</tr>\r\n<tr>\r\n<th class=\"a-color-secondary a-size-base prodDetSectionEntry\" style=\"text-align: left;\">Average Battery Life (in hours)</th>\r\n<td class=\"a-size-base\" style=\"text-align: right;\">8 hours</td>\r\n</tr>\r\n</tbody>\r\n</table>', '14\" THIN BEZEL Full HD IPS-Level 72% NTSC UMA\r\nCORE i5-10210U 1. 6 - 4. 2GHz Intel 9560 Jefferson Peak (2x2 802. 11 ac)\r\nHDD 512GB NV Me SSD 8GB (8G*1)DDR4 2666MHz 1'),
(63, 63, 'ar', 'MSI GS65 Stealth-006 15.6\" 144Hz , Intel Core i7-8750H, NVIDIA RTX 2060', '<p><span class=\"a-list-item\">MSI GS65 Stealth THIN-051 15.6\" 144Hz 7ms Ultra Thin 4.9mm Bezel Gaming Laptop GTX 1060 6G i7-8750H (6 Cores) 16GB 256GB SSD RGB KB VR Ready, Metal Chassis, Matte Black with Gold Diamond Cut. Battery (Cell):4-Cell. Battery (Type): Li-Polymer.</span></p>\r\n<p>&nbsp;</p>\r\n<p><span class=\"a-list-item\">Display: 15.6 inches Fhd, Anti Glare Wide View Angle 144Hz 3ms 72 percent NTSC</span></p>\r\n<p><span class=\"a-list-item\">Processor: Intel Core i7 8750H 2.2: 4.1GHz</span></p>\r\n<p><span class=\"a-list-item\">Graphics: NVIDIA GeForce RTX 2060 6G GDDR6</span></p>\r\n<p>&nbsp;</p>\r\n<p>&nbsp;</p>\r\n<p><span class=\"a-list-item\">Memory: 16GB (16G*1) DDR4 2666MHz, 2 Sockets; Max Memory 32GB</span></p>\r\n<p><span class=\"a-list-item\">Storage: 512GB NVMe SSD.Audio:Nahimic 3.</span></p>\r\n<p>&nbsp;</p>\r\n<p><span style=\"text-decoration: underline;\"><strong><span class=\"a-list-item\">Specifications:</span></strong></span></p>\r\n<p>&nbsp;</p>\r\n<table id=\"productDetails_techSpec_section_1\" class=\"a-keyvalue prodDetTable\" role=\"presentation\">\r\n<tbody>\r\n<tr>\r\n<th class=\"a-color-secondary a-size-base prodDetSectionEntry\" style=\"text-align: left;\">Screen Size</th>\r\n<td class=\"a-size-base\" style=\"text-align: right;\">15.6 inches</td>\r\n</tr>\r\n<tr>\r\n<th class=\"a-color-secondary a-size-base prodDetSectionEntry\" style=\"text-align: left;\">Screen Resolution</th>\r\n<td class=\"a-size-base\" style=\"text-align: right;\">1920 x 1080 (Full HD)</td>\r\n</tr>\r\n<tr>\r\n<th class=\"a-color-secondary a-size-base prodDetSectionEntry\" style=\"text-align: left;\">Max Screen Resolution</th>\r\n<td class=\"a-size-base\" style=\"text-align: right;\">1920 x 1080</td>\r\n</tr>\r\n<tr>\r\n<th class=\"a-color-secondary a-size-base prodDetSectionEntry\" style=\"text-align: left;\">Processor</th>\r\n<td class=\"a-size-base\" style=\"text-align: right;\">2.2 GHz Intel Core i7</td>\r\n</tr>\r\n<tr>\r\n<th class=\"a-color-secondary a-size-base prodDetSectionEntry\" style=\"text-align: left;\">RAM</th>\r\n<td class=\"a-size-base\" style=\"text-align: right;\">16 GB SO-DIMM</td>\r\n</tr>\r\n<tr>\r\n<th class=\"a-color-secondary a-size-base prodDetSectionEntry\" style=\"text-align: left;\">Memory Speed</th>\r\n<td class=\"a-size-base\" style=\"text-align: right;\">2666 MHz</td>\r\n</tr>\r\n<tr>\r\n<th class=\"a-color-secondary a-size-base prodDetSectionEntry\" style=\"text-align: left;\">Hard Drive</th>\r\n<td class=\"a-size-base\" style=\"text-align: right;\">512 GB Flash Memory Solid State</td>\r\n</tr>\r\n<tr>\r\n<th class=\"a-color-secondary a-size-base prodDetSectionEntry\" style=\"text-align: left;\">Graphics Coprocessor</th>\r\n<td class=\"a-size-base\" style=\"text-align: right;\">NVIDIA GeForce RTX 2060</td>\r\n</tr>\r\n<tr>\r\n<th class=\"a-color-secondary a-size-base prodDetSectionEntry\" style=\"text-align: left;\">Chipset Brand</th>\r\n<td class=\"a-size-base\" style=\"text-align: right;\">NVIDIA</td>\r\n</tr>\r\n<tr>\r\n<th class=\"a-color-secondary a-size-base prodDetSectionEntry\" style=\"text-align: left;\">Card Description</th>\r\n<td class=\"a-size-base\" style=\"text-align: right;\">Dedicated</td>\r\n</tr>\r\n<tr>\r\n<th class=\"a-color-secondary a-size-base prodDetSectionEntry\" style=\"text-align: left;\">Graphics Card Ram Size</th>\r\n<td class=\"a-size-base\" style=\"text-align: right;\">6 GB</td>\r\n</tr>\r\n<tr>\r\n<th class=\"a-color-secondary a-size-base prodDetSectionEntry\" style=\"text-align: left;\">Wireless Type</th>\r\n<td class=\"a-size-base\" style=\"text-align: right;\">Bluetooth</td>\r\n</tr>\r\n<tr>\r\n<th class=\"a-color-secondary a-size-base prodDetSectionEntry\" style=\"text-align: left;\">Number of USB 3.0 Ports</th>\r\n<td class=\"a-size-base\" style=\"text-align: right;\">4</td>\r\n</tr>\r\n<tr>\r\n<th class=\"a-color-secondary a-size-base prodDetSectionEntry\" style=\"text-align: left;\">Average Battery Life (in hours)</th>\r\n<td class=\"a-size-base\" style=\"text-align: right;\">4 hours</td>\r\n</tr>\r\n</tbody>\r\n</table>\r\n<p>&nbsp;</p>', 'Display: 15.6 inches Fhd, Anti Glare Wide View Angle 144Hz 3ms 72 percent NTSC\r\nProcessor: Intel Core i7 8750H 2.2: 4.1GHz\r\nGraphics: NVIDIA GeForce RTX 2060 6G GDDR6'),
(64, 64, 'ar', 'Razer Blade - Worlds Smallest 15.6in Gaming Laptop - 144Hz Full HD, 8th Gen Intel Core i7-8750H', '<p><span class=\"a-list-item\">15.6&rdquo; 144Hz Full HD edge-to-edge display (4.9mm bezels), color calibrated</span></p>\r\n<p><span class=\"a-list-item\">Thin and compact, durable CNC aluminum unibody (0.68&rdquo; x 9.25&rdquo; x 13.98&rdquo;)</span></p>\r\n<p>&nbsp;</p>\r\n<p>&nbsp;</p>\r\n<p><span class=\"a-list-item\">8th Gen Intel Core i7-8750H 6 core processor</span></p>\r\n<p><span class=\"a-list-item\">NVIDIA GeForce GTX 1070 Max-Q Design VR Ready graphics</span></p>\r\n<p>&nbsp;</p>\r\n<p><span style=\"text-decoration: underline;\"><strong><span class=\"a-list-item\">Specifications:</span></strong></span></p>\r\n<p>&nbsp;</p>\r\n<div class=\"a-row a-expander-container a-expander-inline-container\" aria-live=\"polite\">\r\n<div class=\"a-expander-content a-expander-section-content a-section-expander-inner\" aria-expanded=\"true\">\r\n<table id=\"productDetails_techSpec_section_1\" class=\"a-keyvalue prodDetTable\" role=\"presentation\">\r\n<tbody>\r\n<tr>\r\n<th class=\"a-color-secondary a-size-base prodDetSectionEntry\" style=\"text-align: left;\">Screen Size</th>\r\n<td class=\"a-size-base\" style=\"text-align: right;\">15.6 inches</td>\r\n</tr>\r\n<tr>\r\n<th class=\"a-color-secondary a-size-base prodDetSectionEntry\" style=\"text-align: left;\">Max Screen Resolution</th>\r\n<td class=\"a-size-base\" style=\"text-align: right;\">1920x1080 pixels</td>\r\n</tr>\r\n<tr>\r\n<th class=\"a-color-secondary a-size-base prodDetSectionEntry\" style=\"text-align: left;\">Processor</th>\r\n<td class=\"a-size-base\" style=\"text-align: right;\">4.1 GHz Intel Core i7</td>\r\n</tr>\r\n<tr>\r\n<th class=\"a-color-secondary a-size-base prodDetSectionEntry\" style=\"text-align: left;\">RAM</th>\r\n<td class=\"a-size-base\" style=\"text-align: right;\">16 GB</td>\r\n</tr>\r\n<tr>\r\n<th class=\"a-color-secondary a-size-base prodDetSectionEntry\" style=\"text-align: left;\">Hard Drive</th>\r\n<td class=\"a-size-base\" style=\"text-align: right;\">flash_memory_solid_state</td>\r\n</tr>\r\n<tr>\r\n<th class=\"a-color-secondary a-size-base prodDetSectionEntry\" style=\"text-align: left;\">Graphics Coprocessor</th>\r\n<td class=\"a-size-base\" style=\"text-align: right;\">NVIDIA GeForce GTX 1070</td>\r\n</tr>\r\n<tr>\r\n<th class=\"a-color-secondary a-size-base prodDetSectionEntry\" style=\"text-align: left;\">Chipset Brand</th>\r\n<td class=\"a-size-base\" style=\"text-align: right;\">NVIDIA</td>\r\n</tr>\r\n<tr>\r\n<th class=\"a-color-secondary a-size-base prodDetSectionEntry\" style=\"text-align: left;\">Card Description</th>\r\n<td class=\"a-size-base\" style=\"text-align: right;\">Dedicated</td>\r\n</tr>\r\n</tbody>\r\n</table>\r\n</div>\r\n</div>\r\n<div class=\"a-row a-expander-container a-expander-inline-container\" aria-live=\"polite\">\r\n<div class=\"a-row\">&nbsp;</div>\r\n<div class=\"a-row\">&nbsp;</div>\r\n<div class=\"a-row\"><span style=\"text-decoration: underline;\"><strong><span class=\"a-declarative\" data-action=\"mySummaryExpander_2\" data-mysummaryexpander_2=\"{}\"><a class=\"a-expander-header a-declarative a-expander-inline-header prodDet-heading-alignment a-link-expander\" data-action=\"a-expander-toggle\" data-a-expander-toggle=\"{&quot;allowLinkDefault&quot;:true, &quot;expand_prompt&quot;:&quot;&quot;, &quot;collapse_prompt&quot;:&quot;&quot;}\"><span class=\"a-expander-prompt\">Other Technical Details</span></a></span></strong></span></div>\r\n<div class=\"a-row\">&nbsp;</div>\r\n<div class=\"a-row\">&nbsp;</div>\r\n<div class=\"a-expander-content a-expander-section-content a-section-expander-inner\" aria-expanded=\"true\">\r\n<table id=\"productDetails_techSpec_section_2\" class=\"a-keyvalue prodDetTable\" role=\"presentation\">\r\n<tbody>\r\n<tr>\r\n<th class=\"a-color-secondary a-size-base prodDetSectionEntry\" style=\"text-align: left;\">Brand Name</th>\r\n<td class=\"a-size-base\" style=\"text-align: right;\">Razer</td>\r\n</tr>\r\n<tr>\r\n<th class=\"a-color-secondary a-size-base prodDetSectionEntry\" style=\"text-align: left;\">Series</th>\r\n<td class=\"a-size-base\" style=\"text-align: right;\">Razer Blade</td>\r\n</tr>\r\n<tr>\r\n<th class=\"a-color-secondary a-size-base prodDetSectionEntry\" style=\"text-align: left;\">Operating System</th>\r\n<td class=\"a-size-base\" style=\"text-align: right;\">Windows 10 Home</td>\r\n</tr>\r\n<tr>\r\n<th class=\"a-color-secondary a-size-base prodDetSectionEntry\" style=\"text-align: left;\">Item Weight</th>\r\n<td class=\"a-size-base\" style=\"text-align: right;\">4.63 pounds</td>\r\n</tr>\r\n<tr>\r\n<th class=\"a-color-secondary a-size-base prodDetSectionEntry\" style=\"text-align: left;\">Product Dimensions</th>\r\n<td class=\"a-size-base\" style=\"text-align: right;\">9.2 x 14 x 0.7 inches</td>\r\n</tr>\r\n<tr>\r\n<th class=\"a-color-secondary a-size-base prodDetSectionEntry\" style=\"text-align: left;\">Item Dimensions L x W x H</th>\r\n<td class=\"a-size-base\" style=\"text-align: right;\">9.25 x 13.98 x 0.66 inches</td>\r\n</tr>\r\n<tr>\r\n<th class=\"a-color-secondary a-size-base prodDetSectionEntry\" style=\"text-align: left;\">Color</th>\r\n<td class=\"a-size-base\" style=\"text-align: right;\">GTX 1070 Max-Q</td>\r\n</tr>\r\n<tr>\r\n<th class=\"a-color-secondary a-size-base prodDetSectionEntry\" style=\"text-align: left;\">Processor Brand</th>\r\n<td class=\"a-size-base\" style=\"text-align: right;\">Intel</td>\r\n</tr>\r\n<tr>\r\n<th class=\"a-color-secondary a-size-base prodDetSectionEntry\" style=\"text-align: left;\">Processor Count</th>\r\n<td class=\"a-size-base\" style=\"text-align: right;\">6</td>\r\n</tr>\r\n<tr>\r\n<th class=\"a-color-secondary a-size-base prodDetSectionEntry\" style=\"text-align: left;\">Flash Memory Size</th>\r\n<td class=\"a-size-base\" style=\"text-align: right;\">512.0</td>\r\n</tr>\r\n<tr>\r\n<th class=\"a-color-secondary a-size-base prodDetSectionEntry\" style=\"text-align: left;\">Batteries</th>\r\n<td class=\"a-size-base\" style=\"text-align: right;\">1 Lithium ion batteries required.</td>\r\n</tr>\r\n</tbody>\r\n</table>\r\n</div>\r\n</div>', '15.6” 144Hz Full HD edge-to-edge display (4.9mm bezels), color calibrated\r\nThin and compact, durable CNC aluminum unibody (0.68” x 9.25” x 13.98”)\r\n8th Gen Intel Core i7-8750H 6 core processor\r\nNVIDIA GeForce GTX 1070 Max-Q Design VR Ready graphics'),
(65, 65, 'ar', 'Razer Blade Stealth 13.3\" QHD+ Intel Quad-Core i7-8550U - 16GB RAM - 512GB SSD - Windows 10', '<p><span class=\"a-list-item\">Experience amazing color saturation with the QHD+ 3200 x 1800 touch enabled display. Images are bright and clearly visible with wide viewing angles of up to 178&deg;</span></p>\r\n<p><span class=\"a-list-item\">The 7th Gen Intel Core i7-8550U processor gives the Razer Blade Stealth 1.8GHz of processing power and Turbo Boost speeds up to 4.0GHz</span></p>\r\n<p>&nbsp;</p>\r\n<p>&nbsp;</p>\r\n<p><span class=\"a-list-item\">This anti-ghosting keyboard registers simultaneous key presses with precision, providing a quick and comfortable typing experience</span></p>\r\n<p><span class=\"a-list-item\">Every Razer Blade Stealth is CNC-milled from a single block of aircraft-grade aluminum for maximum durability and a sleek, beautiful form</span></p>\r\n<p>&nbsp;</p>\r\n<p><span style=\"text-decoration: underline;\"><strong><span class=\"a-list-item\">Specifications:</span></strong></span></p>\r\n<p>&nbsp;</p>\r\n<div class=\"a-row a-expander-container a-expander-inline-container\" aria-live=\"polite\">\r\n<div class=\"a-expander-content a-expander-section-content a-section-expander-inner\" aria-expanded=\"true\">\r\n<table id=\"productDetails_techSpec_section_1\" class=\"a-keyvalue prodDetTable\" role=\"presentation\">\r\n<tbody>\r\n<tr>\r\n<th class=\"a-color-secondary a-size-base prodDetSectionEntry\" style=\"text-align: left;\">Screen Size</th>\r\n<td class=\"a-size-base\" style=\"text-align: right;\">13.3 inches</td>\r\n</tr>\r\n<tr>\r\n<th class=\"a-color-secondary a-size-base prodDetSectionEntry\" style=\"text-align: left;\">Max Screen Resolution</th>\r\n<td class=\"a-size-base\" style=\"text-align: right;\">3200x1800 pixels</td>\r\n</tr>\r\n<tr>\r\n<th class=\"a-color-secondary a-size-base prodDetSectionEntry\" style=\"text-align: left;\">Processor</th>\r\n<td class=\"a-size-base\" style=\"text-align: right;\">1.8 GHz Intel Core i7</td>\r\n</tr>\r\n<tr>\r\n<th class=\"a-color-secondary a-size-base prodDetSectionEntry\" style=\"text-align: left;\">RAM</th>\r\n<td class=\"a-size-base\" style=\"text-align: right;\">16 GB 16</td>\r\n</tr>\r\n<tr>\r\n<th class=\"a-color-secondary a-size-base prodDetSectionEntry\" style=\"text-align: left;\">Memory Speed</th>\r\n<td class=\"a-size-base\" style=\"text-align: right;\">1.8 GHz</td>\r\n</tr>\r\n<tr>\r\n<th class=\"a-color-secondary a-size-base prodDetSectionEntry\" style=\"text-align: left;\">Hard Drive</th>\r\n<td class=\"a-size-base\" style=\"text-align: right;\">512 GB Flash Memory Solid State</td>\r\n</tr>\r\n<tr>\r\n<th class=\"a-color-secondary a-size-base prodDetSectionEntry\" style=\"text-align: left;\">Graphics Coprocessor</th>\r\n<td class=\"a-size-base\" style=\"text-align: right;\">Intel HD Graphics 620</td>\r\n</tr>\r\n<tr>\r\n<th class=\"a-color-secondary a-size-base prodDetSectionEntry\" style=\"text-align: left;\">Chipset Brand</th>\r\n<td class=\"a-size-base\" style=\"text-align: right;\">Intel</td>\r\n</tr>\r\n<tr>\r\n<th class=\"a-color-secondary a-size-base prodDetSectionEntry\" style=\"text-align: left;\">Card Description</th>\r\n<td class=\"a-size-base\" style=\"text-align: right;\">Dedicated, Integrated</td>\r\n</tr>\r\n<tr>\r\n<th class=\"a-color-secondary a-size-base prodDetSectionEntry\" style=\"text-align: left;\">Number of USB 3.0 Ports</th>\r\n<td class=\"a-size-base\" style=\"text-align: right;\">2</td>\r\n</tr>\r\n</tbody>\r\n</table>\r\n</div>\r\n</div>\r\n<div class=\"a-row a-expander-container a-expander-inline-container\" aria-live=\"polite\">\r\n<div class=\"a-row\">&nbsp;</div>\r\n<div class=\"a-row\">&nbsp;</div>\r\n<div class=\"a-row\"><span style=\"text-decoration: underline;\"><strong><span class=\"a-declarative\" data-action=\"mySummaryExpander_2\" data-mysummaryexpander_2=\"{}\"><a class=\"a-expander-header a-declarative a-expander-inline-header prodDet-heading-alignment a-link-expander\" data-action=\"a-expander-toggle\" data-a-expander-toggle=\"{&quot;allowLinkDefault&quot;:true, &quot;expand_prompt&quot;:&quot;&quot;, &quot;collapse_prompt&quot;:&quot;&quot;}\"><span class=\"a-expander-prompt\">Other Technical Details</span></a></span></strong></span></div>\r\n<div class=\"a-row\">&nbsp;</div>\r\n<div class=\"a-row\">&nbsp;</div>\r\n<div class=\"a-expander-content a-expander-section-content a-section-expander-inner\" aria-expanded=\"true\">\r\n<table id=\"productDetails_techSpec_section_2\" class=\"a-keyvalue prodDetTable\" role=\"presentation\">\r\n<tbody>\r\n<tr>\r\n<th class=\"a-color-secondary a-size-base prodDetSectionEntry\" style=\"text-align: left;\">Brand Name</th>\r\n<td class=\"a-size-base\" style=\"text-align: right;\">Razer</td>\r\n</tr>\r\n<tr>\r\n<th class=\"a-color-secondary a-size-base prodDetSectionEntry\" style=\"text-align: left;\">Series</th>\r\n<td class=\"a-size-base\" style=\"text-align: right;\">Razer Blade</td>\r\n</tr>\r\n<tr>\r\n<th class=\"a-color-secondary a-size-base prodDetSectionEntry\" style=\"text-align: left;\">Item model number</th>\r\n<td class=\"a-size-base\" style=\"text-align: right;\">RZ09-02393E32-R3U1</td>\r\n</tr>\r\n<tr>\r\n<th class=\"a-color-secondary a-size-base prodDetSectionEntry\" style=\"text-align: left;\">Operating System</th>\r\n<td class=\"a-size-base\" style=\"text-align: right;\">Windows 10 Home</td>\r\n</tr>\r\n<tr>\r\n<th class=\"a-color-secondary a-size-base prodDetSectionEntry\" style=\"text-align: left;\">Item Weight</th>\r\n<td class=\"a-size-base\" style=\"text-align: right;\">2.98 pounds</td>\r\n</tr>\r\n<tr>\r\n<th class=\"a-color-secondary a-size-base prodDetSectionEntry\" style=\"text-align: left;\">Product Dimensions</th>\r\n<td class=\"a-size-base\" style=\"text-align: right;\">8.1 x 12.7 x 0.5 inches</td>\r\n</tr>\r\n<tr>\r\n<th class=\"a-color-secondary a-size-base prodDetSectionEntry\" style=\"text-align: left;\">Item Dimensions L x W x H</th>\r\n<td class=\"a-size-base\" style=\"text-align: right;\">8.12 x 12.65 x 0.54 inches</td>\r\n</tr>\r\n<tr>\r\n<th class=\"a-color-secondary a-size-base prodDetSectionEntry\" style=\"text-align: left;\">Color</th>\r\n<td class=\"a-size-base\" style=\"text-align: right;\">Black</td>\r\n</tr>\r\n<tr>\r\n<th class=\"a-color-secondary a-size-base prodDetSectionEntry\" style=\"text-align: left;\">Processor Brand</th>\r\n<td class=\"a-size-base\" style=\"text-align: right;\">Intel</td>\r\n</tr>\r\n<tr>\r\n<th class=\"a-color-secondary a-size-base prodDetSectionEntry\" style=\"text-align: left;\">Processor Count</th>\r\n<td class=\"a-size-base\" style=\"text-align: right;\">4</td>\r\n</tr>\r\n<tr>\r\n<th class=\"a-color-secondary a-size-base prodDetSectionEntry\" style=\"text-align: left;\">Computer Memory Type</th>\r\n<td class=\"a-size-base\" style=\"text-align: right;\">DDR SDRAM</td>\r\n</tr>\r\n<tr>\r\n<th class=\"a-color-secondary a-size-base prodDetSectionEntry\" style=\"text-align: left;\">Flash Memory Size</th>\r\n<td class=\"a-size-base\" style=\"text-align: right;\">512.00</td>\r\n</tr>\r\n<tr>\r\n<th class=\"a-color-secondary a-size-base prodDetSectionEntry\" style=\"text-align: left;\">Hard Drive Interface</th>\r\n<td class=\"a-size-base\" style=\"text-align: right;\">Solid State</td>\r\n</tr>\r\n<tr>\r\n<th class=\"a-color-secondary a-size-base prodDetSectionEntry\" style=\"text-align: left;\">Hard Drive Rotational Speed</th>\r\n<td class=\"a-size-base\" style=\"text-align: right;\">0.01</td>\r\n</tr>\r\n<tr>\r\n<th class=\"a-color-secondary a-size-base prodDetSectionEntry\" style=\"text-align: left;\">Optical Drive Type</th>\r\n<td class=\"a-size-base\" style=\"text-align: right;\">None</td>\r\n</tr>\r\n<tr>\r\n<th class=\"a-color-secondary a-size-base prodDetSectionEntry\" style=\"text-align: left;\">Batteries</th>\r\n<td class=\"a-size-base\" style=\"text-align: right;\">1 Lithium ion batteries required. (included)</td>\r\n</tr>\r\n</tbody>\r\n</table>\r\n</div>\r\n</div>', 'Experience amazing color saturation with the QHD+ 3200 x 1800 touch enabled display. Images are bright and clearly visible with wide viewing angles of up to 178°\r\nThe 7th Gen Intel Core i7-8550U processor gives the Razer Blade Stealth 1.8GHz of processing power and Turbo Boost speeds up to 4.0GHz'),
(66, 66, 'ar', 'LG gram Laptop - 13.3\" Full HD Display, Intel 8th Gen Core i5, 8GB RAM, 256GB SSD', '<p>The ultra-slim 13Z990 LG gram laptop with 13. 3-inch display combines consummate portability and uncompromising performance with up to 24. 5 hours of battery life. The compact metal alloy body is both lightweight and durable, while its 8th-gen Intel Core i5 processor plus 8GB of dual-channel DDR4 RAM assure blazing speed. A single solid state drive supplies 256GB total storage, and USB Type-C connectivity offers faster data transfer as well as smoother display of high-definition video.</p>\r\n<p>&nbsp;</p>\r\n<p><span class=\"a-list-item\">Ultra-light weight laptop weighing just over 2 pounds.</span></p>\r\n<p><span class=\"a-list-item\">Long-lasting 72Wh Battery for up to 24. 5 hours* Battery Life (*Mobile mark 2014 standard)</span></p>\r\n<p><span class=\"a-list-item\">13. 3 inch Full HD IPS Display w/Ultra-Slim Bezel</span></p>\r\n<p><span class=\"a-list-item\">8GB RAM &amp; 256GB SSD</span></p>\r\n<p>&nbsp;</p>\r\n<p>&nbsp;</p>\r\n<p><span class=\"a-list-item\">Intel Core i5 (8th Generation 8265U) Processor</span></p>\r\n<p><span class=\"a-list-item\">Windows home 10</span></p>\r\n<p><span class=\"a-list-item\">Backlit keyboard</span></p>\r\n<p>&nbsp;</p>\r\n<p><span style=\"text-decoration: underline;\"><strong>Specifications:</strong></span></p>\r\n<p>&nbsp;</p>\r\n<table id=\"productDetails_detailBullets_sections1\" class=\"a-keyvalue prodDetTable\" style=\"width: 485px;\" role=\"presentation\">\r\n<tbody>\r\n<tr>\r\n<th class=\"a-color-secondary a-size-base prodDetSectionEntry\" style=\"width: 243px; text-align: left;\">Screen Size</th>\r\n<td class=\"a-size-base\" style=\"width: 242px; text-align: right;\">13.3 inches</td>\r\n</tr>\r\n<tr>\r\n<th class=\"a-color-secondary a-size-base prodDetSectionEntry\" style=\"width: 243px; text-align: left;\">Max Screen Resolution</th>\r\n<td class=\"a-size-base\" style=\"width: 242px; text-align: right;\">1920 x 1080 pixels</td>\r\n</tr>\r\n<tr>\r\n<th class=\"a-color-secondary a-size-base prodDetSectionEntry\" style=\"width: 243px; text-align: left;\">Processor</th>\r\n<td class=\"a-size-base\" style=\"width: 242px; text-align: right;\">1.6 GHz Intel Core i5</td>\r\n</tr>\r\n<tr>\r\n<th class=\"a-color-secondary a-size-base prodDetSectionEntry\" style=\"width: 243px; text-align: left;\">RAM</th>\r\n<td class=\"a-size-base\" style=\"width: 242px; text-align: right;\">8 GB DDR4</td>\r\n</tr>\r\n<tr>\r\n<th class=\"a-color-secondary a-size-base prodDetSectionEntry\" style=\"width: 243px; text-align: left;\">Hard Drive</th>\r\n<td class=\"a-size-base\" style=\"width: 242px; text-align: right;\">256 GB Flash Memory Solid State</td>\r\n</tr>\r\n<tr>\r\n<th class=\"a-color-secondary a-size-base prodDetSectionEntry\" style=\"width: 243px; text-align: left;\">Graphics Coprocessor</th>\r\n<td class=\"a-size-base\" style=\"width: 242px; text-align: right;\">Intel HD Graphics 620</td>\r\n</tr>\r\n<tr>\r\n<th class=\"a-color-secondary a-size-base prodDetSectionEntry\" style=\"width: 243px; text-align: left;\">Chipset Brand</th>\r\n<td class=\"a-size-base\" style=\"width: 242px; text-align: right;\">Intel</td>\r\n</tr>\r\n<tr>\r\n<th class=\"a-color-secondary a-size-base prodDetSectionEntry\" style=\"width: 243px; text-align: left;\">Card Description</th>\r\n<td class=\"a-size-base\" style=\"width: 242px; text-align: right;\">Integrated</td>\r\n</tr>\r\n<tr>\r\n<th class=\"a-color-secondary a-size-base prodDetSectionEntry\" style=\"width: 243px; text-align: left;\">Graphics Card Ram Size</th>\r\n<td class=\"a-size-base\" style=\"width: 242px; text-align: right;\">8 GB</td>\r\n</tr>\r\n<tr>\r\n<th class=\"a-color-secondary a-size-base prodDetSectionEntry\" style=\"width: 243px; text-align: left;\">Wireless Type</th>\r\n<td class=\"a-size-base\" style=\"width: 242px; text-align: right;\">801.11ac</td>\r\n</tr>\r\n<tr>\r\n<th class=\"a-color-secondary a-size-base prodDetSectionEntry\" style=\"width: 243px; text-align: left;\">Number of USB 3.0 Ports</th>\r\n<td class=\"a-size-base\" style=\"width: 242px; text-align: right;\">2</td>\r\n</tr>\r\n<tr>\r\n<th class=\"a-color-secondary a-size-base prodDetSectionEntry\" style=\"width: 243px; text-align: left;\">Average Battery Life (in hours)</th>\r\n<td class=\"a-size-base\" style=\"width: 242px; text-align: right;\">5 hours</td>\r\n</tr>\r\n</tbody>\r\n</table>', 'Ultra-light weight laptop weighing just over 2 pounds.\r\nLong-lasting 72Wh Battery for up to 24. 5 hours* Battery Life (*Mobile mark 2014 standard)'),
(67, 67, 'ar', 'Apple iPhone XS (64GB) - Space Gray', '<p><span class=\"a-list-item\">CARRIER - This phone is locked to Simple Mobile from Tracfone, which means this device can only be used on the Simple Mobile wireless network.</span></p>\r\n<p><span class=\"a-list-item\">PLANS - Simple Mobile offers a variety of coverage plans, including 30-Day Unlimited Talk, Text &amp; Data. No activation fees, no credit checks, and no hassles on a nationwide lightning-fast network. For more information or plan options, please visit the Simple Mobile website.</span></p>\r\n<p>&nbsp;</p>\r\n<p><span class=\"a-list-item\">ACTIVATION - You&rsquo;ll receive a Simple Mobile SIM kit with this iPhone. Follow the instructions to get service activated with the Simple Mobile plan of your choice.</span></p>\r\n<p><span class=\"a-list-item\">5.8-inch Super Retina display (OLED) with HDR</span></p>\r\n<p><span class=\"a-list-item\">IP68 dust and water resistant (maximum depth of 2 meters up to 30 minutes)</span></p>\r\n<p>&nbsp;</p>\r\n<p>&nbsp;</p>\r\n<p><span class=\"a-list-item\">12MP dual cameras with dual OIS and 7MP TrueDepth front camera&mdash;Portrait mode, Portrait Lighting, Depth Control, and Smart HDR</span></p>\r\n<p><span class=\"a-list-item\">Face ID for secure authentication and Apple Pay</span></p>\r\n<div class=\"a-row a-expander-container a-expander-inline-container\" aria-live=\"polite\">\r\n<div class=\"a-expander-content a-expander-extend-content a-expander-content-expanded\" aria-expanded=\"true\">\r\n<p><span class=\"a-list-item\">A12 Bionic with next-generation Neural Engine</span></p>\r\n<p><span class=\"a-list-item\">Wireless charging&mdash;works with Qi chargers</span></p>\r\n<p><span class=\"a-list-item\">iOS 12 with Memoji, Screen Time, Siri Shortcuts, and Group FaceTime</span></p>\r\n<p>&nbsp;</p>\r\n<p><span style=\"text-decoration: underline;\"><strong><span class=\"a-list-item\">Specifications:</span></strong></span></p>\r\n<p>&nbsp;</p>\r\n<table class=\"a-bordered\">\r\n<tbody>\r\n<tr>\r\n<td style=\"text-align: left; width: 110.556px;\">\r\n<p><strong>Display</strong></p>\r\n</td>\r\n<td style=\"width: 487.222px; text-align: right;\">\r\n<p>5.8-inch Super Retina HD display with HDR and True Tone</p>\r\n</td>\r\n</tr>\r\n<tr>\r\n<td style=\"text-align: left; width: 110.556px;\">\r\n<p><strong>Capacity</strong></p>\r\n</td>\r\n<td style=\"width: 487.222px; text-align: right;\">\r\n<p>64GB, 256GB, 512GB</p>\r\n</td>\r\n</tr>\r\n<tr>\r\n<td style=\"text-align: left; width: 110.556px;\">\r\n<p><strong>Splash, Water, and Dust Resistant</strong></p>\r\n</td>\r\n<td style=\"width: 487.222px; text-align: right;\">\r\n<p>All-glass and stainless steel design, water and dust resistant (rated IP68)</p>\r\n</td>\r\n</tr>\r\n<tr>\r\n<td style=\"text-align: left; width: 110.556px;\">\r\n<p><strong>Camera &amp; Video</strong></p>\r\n</td>\r\n<td style=\"width: 487.222px; text-align: right;\">\r\n<p>Dual 12MP cameras with Portrait mode, Depth Control, Portrait Lighting, Smart HDR, and 4K video up to 60 fps</p>\r\n</td>\r\n</tr>\r\n<tr>\r\n<td style=\"text-align: left; width: 110.556px;\">\r\n<p><strong>Front Camera</strong></p>\r\n</td>\r\n<td style=\"width: 487.222px; text-align: right;\">\r\n<p>7MP TrueDepth front camera with Portrait mode, Depth Control, Portrait Lighting, and Smart HDR</p>\r\n</td>\r\n</tr>\r\n<tr>\r\n<td style=\"text-align: left; width: 110.556px;\">\r\n<p><strong>Power and Battery</strong></p>\r\n</td>\r\n<td style=\"width: 487.222px; text-align: right;\">\r\n<p>Talk time (wireless): Up to 20 hours; Internet use: Up to 12 hours; Video playback (wireless): Up to 14 hours; Audio playback (wireless): Up to 60 hours</p>\r\n</td>\r\n</tr>\r\n<tr>\r\n<td style=\"text-align: left; width: 110.556px;\">\r\n<p><strong>In the Box</strong></p>\r\n</td>\r\n<td style=\"width: 487.222px; text-align: right;\">\r\n<p>iPhone with iOS 12, EarPods with Lightning Connector, Lightning to USB Cable, USB Power Adapter, Documentation</p>\r\n</td>\r\n</tr>\r\n</tbody>\r\n</table>\r\n</div>\r\n</div>', '5.8-inch Super Retina display (OLED) with HDR\r\nIP68 dust and water resistant (maximum depth of 2 meters up to 30 minutes)\r\n12MP dual cameras with dual OIS and 7MP TrueDepth front camera—Portrait mode, Portrait Lighting, Depth Control, and Smart HDR'),
(68, 68, 'ar', 'New Apple iPhone SE (64GB, White)', '<p><span class=\"a-list-item\">4.7-inch Retina HD display</span></p>\r\n<p><span class=\"a-list-item\">Water and dust resistant (1 meter for up to 30 minutes, IP67)</span></p>\r\n<p><span class=\"a-list-item\">12MP Wide camera; Portrait mode, Portrait Lighting, Depth Control, next-generation Smart HDR, and 4K video</span></p>\r\n<p>&nbsp;</p>\r\n<p>&nbsp;</p>\r\n<p><span class=\"a-list-item\">7MP front camera with Portrait mode, Portrait Lighting, and Depth Control</span></p>\r\n<p><span class=\"a-list-item\">Touch ID for secure authentication and Apple Pay</span></p>\r\n<p><span class=\"a-list-item\">A13 Bionic chip with third-generation Neural Engine</span></p>\r\n<p>&nbsp;</p>\r\n<p>&nbsp;</p>\r\n<p><span class=\"a-list-item\">Fast-charge capable</span></p>\r\n<div class=\"a-expander-content a-expander-extend-content a-expander-content-expanded\" aria-expanded=\"true\">\r\n<p><span class=\"a-list-item\">Wireless charging</span></p>\r\n<p><span class=\"a-list-item\">iOS with Dark Mode, new tools for editing photos and video, and new privacy features</span></p>\r\n<p>&nbsp;</p>\r\n<p><span style=\"text-decoration: underline;\"><strong><span class=\"a-list-item\">Specifications:</span></strong></span></p>\r\n<p>&nbsp;</p>\r\n<table class=\"a-bordered\">\r\n<tbody>\r\n<tr>\r\n<td class=\"a-text-bold\" style=\"text-align: left;\">Display</td>\r\n<td style=\"text-align: right;\">4.7-inch Retina HD display with True Tone</td>\r\n</tr>\r\n<tr>\r\n<td class=\"a-text-bold\" style=\"text-align: left;\">Capacity</td>\r\n<td style=\"text-align: right;\">64GB, 128GB, 256GB</td>\r\n</tr>\r\n<tr>\r\n<td class=\"a-text-bold\" style=\"text-align: left;\">Splash, Water, and Dust Resistant</td>\r\n<td style=\"text-align: right;\">All-glass and aluminum design, water and dust resistant (rated IP67)</td>\r\n</tr>\r\n<tr>\r\n<td class=\"a-text-bold\" style=\"text-align: left;\">Camera &amp; Video</td>\r\n<td style=\"text-align: right;\">12MP Wide camera with Smart HDR and 4K video up to 60 fps</td>\r\n</tr>\r\n<tr>\r\n<td class=\"a-text-bold\" style=\"text-align: left;\">Front Camera</td>\r\n<td style=\"text-align: right;\">7MP FaceTime HD camera with Auto HDR</td>\r\n</tr>\r\n<tr>\r\n<td class=\"a-text-bold\" style=\"text-align: left;\">In the Box</td>\r\n<td style=\"text-align: right;\">iPhone with iOS 13, EarPods with Lightning Connector, Lightning to USB Cable, USB Power Adapter, Documentation</td>\r\n</tr>\r\n</tbody>\r\n</table>\r\n</div>', '4.7-inch Retina HD display\r\nWater and dust resistant (1 meter for up to 30 minutes, IP67)\r\n12MP Wide camera; Portrait mode, Portrait Lighting, Depth Control, next-generation Smart HDR, and 4K video'),
(69, 69, 'ar', 'New Apple iPhone SE (64GB, (Product) RED)', '<p><span class=\"a-list-item\">4.7-inch Retina HD display</span></p>\r\n<p><span class=\"a-list-item\">Water and dust resistant (1 meter for up to 30 minutes, IP67)</span></p>\r\n<p><span class=\"a-list-item\">12MP Wide camera; Portrait mode, Portrait Lighting, Depth Control, next-generation Smart HDR, and 4K video</span></p>\r\n<p>&nbsp;</p>\r\n<p><span class=\"a-list-item\">7MP front camera with Portrait mode, Portrait Lighting, and Depth Control</span></p>\r\n<p><span class=\"a-list-item\">Touch ID for secure authentication and Apple Pay</span></p>\r\n<p><span class=\"a-list-item\">A13 Bionic chip with third-generation Neural Engine</span></p>\r\n<p><span class=\"a-list-item\">Fast-charge capable</span></p>\r\n<p>&nbsp;</p>\r\n<div class=\"a-expander-content a-expander-extend-content a-expander-content-expanded\" aria-expanded=\"true\">\r\n<p><span class=\"a-list-item\">Wireless charging</span></p>\r\n<p><span class=\"a-list-item\">iOS with Dark Mode, new tools for editing photos and video, and new privacy features</span></p>\r\n<p>&nbsp;</p>\r\n<p><span style=\"text-decoration: underline;\"><strong><span class=\"a-list-item\">Specifications:</span></strong></span></p>\r\n<p>&nbsp;</p>\r\n<table class=\"a-bordered\" style=\"height: 164px;\">\r\n<tbody>\r\n<tr style=\"height: 20px;\">\r\n<td class=\"a-text-bold\" style=\"text-align: left; height: 20px; width: 129.444px;\">Display</td>\r\n<td style=\"height: 20px; width: 463.889px; text-align: right;\">4.7-inch Retina HD display with True Tone</td>\r\n</tr>\r\n<tr style=\"height: 20px;\">\r\n<td class=\"a-text-bold\" style=\"text-align: left; height: 20px; width: 129.444px;\">Capacity</td>\r\n<td style=\"height: 20px; width: 463.889px; text-align: right;\">64GB, 128GB, 256GB</td>\r\n</tr>\r\n<tr style=\"height: 42px;\">\r\n<td class=\"a-text-bold\" style=\"text-align: left; height: 42px; width: 129.444px;\">Splash, Water, and Dust Resistant</td>\r\n<td style=\"height: 42px; width: 463.889px; text-align: right;\">All-glass and aluminum design, water and dust resistant (rated IP67)</td>\r\n</tr>\r\n<tr style=\"height: 20px;\">\r\n<td class=\"a-text-bold\" style=\"text-align: left; height: 20px; width: 129.444px;\">Camera &amp; Video</td>\r\n<td style=\"height: 20px; width: 463.889px; text-align: right;\">12MP Wide camera with Smart HDR and 4K video up to 60 fps</td>\r\n</tr>\r\n<tr style=\"height: 20px;\">\r\n<td class=\"a-text-bold\" style=\"text-align: left; height: 20px; width: 129.444px;\">Front Camera</td>\r\n<td style=\"height: 20px; width: 463.889px; text-align: right;\">7MP FaceTime HD camera with Auto HDR</td>\r\n</tr>\r\n<tr style=\"height: 42px;\">\r\n<td class=\"a-text-bold\" style=\"text-align: left; height: 42px; width: 129.444px;\">In the Box</td>\r\n<td style=\"height: 42px; width: 463.889px; text-align: right;\">iPhone with iOS 13, EarPods with Lightning Connector, Lightning to USB Cable, USB Power Adapter, Documentation</td>\r\n</tr>\r\n</tbody>\r\n</table>\r\n</div>', '4.7-inch Retina HD display\r\nWater and dust resistant (1 meter for up to 30 minutes, IP67)\r\n12MP Wide camera; Portrait mode, Portrait Lighting, Depth Control, next-generation Smart HDR, and 4K video\r\n7MP front camera with Portrait mode, Portrait Lighting, and Depth Control');
INSERT INTO `product_translations` (`id`, `product_id`, `locale`, `name`, `description`, `short_description`) VALUES
(70, 70, 'ar', 'Apple iPhone XS Max, 64GB -white', '<div id=\"dpx-product-description_feature_div\">\r\n<div id=\"descriptionAndDetails\" class=\"a-section a-spacing-extra-large\">\r\n<div id=\"productDescription_feature_div\" class=\"celwidget\" data-feature-name=\"productDescription\" data-cel-widget=\"productDescription_feature_div\">\r\n<div id=\"productDescription_feature_div\" class=\"a-row feature\" data-feature-name=\"productDescription\" data-template-name=\"productDescription\" data-cel-widget=\"productDescription_feature_div\">\r\n<div id=\"productDescription\" class=\"a-section a-spacing-small\">\r\n<p><span class=\"a-list-item\">CARRIER - This phone is locked to Simple Mobile from Tracfone, which means this device can only be used on the Simple Mobile wireless network.</span></p>\r\n<p><span class=\"a-list-item\">PLANS - Simple Mobile offers a variety of coverage plans, including 30-Day Unlimited Talk, Text &amp; Data. No activation fees, no credit checks, and no hassles on a nationwide lightning-fast network. For more information or plan options, please visit the Simple Mobile website.</span></p>\r\n<p>&nbsp;</p>\r\n<p>&nbsp;</p>\r\n<p><span class=\"a-list-item\">ACTIVATION - You&rsquo;ll receive a Simple Mobile SIM kit with this iPhone. Follow the instructions to get service activated with the Simple Mobile plan of your choice.</span></p>\r\n<p><span class=\"a-list-item\">6.5-inch Super Retina display (OLED) with HDR</span></p>\r\n<p><span class=\"a-list-item\">IP68 dust and water resistant (maximum depth of 2 meters up to 30 minutes)</span></p>\r\n<p><span class=\"a-list-item\">12MP dual cameras with dual OIS and 7MP TrueDepth front camera&mdash;Portrait mode, Portrait Lighting, Depth Control, and Smart HDR</span></p>\r\n<p><span class=\"a-list-item\">Face ID for secure authentication and Apple Pay</span></p>\r\n<p>&nbsp;</p>\r\n<p>&nbsp;</p>\r\n<div class=\"a-row a-expander-container a-expander-inline-container\" aria-live=\"polite\">\r\n<div class=\"a-expander-content a-expander-extend-content a-expander-content-expanded\" aria-expanded=\"true\">\r\n<p><span class=\"a-list-item\">A12 Bionic with next-generation Neural Engine</span></p>\r\n<p><span class=\"a-list-item\">Wireless charging&mdash;works with Qi chargers</span></p>\r\n<p><span class=\"a-list-item\">iOS 12 with Memoji, Screen Time, Siri Shortcuts, and Group FaceTime</span></p>\r\n<p>&nbsp;</p>\r\n<p><span style=\"text-decoration: underline;\"><strong><span class=\"a-list-item\">Specifications:</span></strong></span></p>\r\n<div class=\"a-column a-span6\">\r\n<table id=\"tech-specs-table-left\" class=\"a-bordered tech-spec-theme\">\r\n<tbody>\r\n<tr>\r\n<td class=\"a-text-bold\" style=\"text-align: left;\">\r\n<p>Display</p>\r\n</td>\r\n<td style=\"text-align: right;\">\r\n<p>6.5-inch Super Retina HD display with HDR and True Tone</p>\r\n</td>\r\n</tr>\r\n<tr>\r\n<td class=\"a-text-bold\" style=\"text-align: left;\">\r\n<p>Capacity</p>\r\n</td>\r\n<td style=\"text-align: right;\">\r\n<p>64GB, 256GB, 512GB</p>\r\n</td>\r\n</tr>\r\n<tr>\r\n<td class=\"a-text-bold\" style=\"text-align: left;\">\r\n<p>Splash, Water, and Dust Resistant</p>\r\n</td>\r\n<td style=\"text-align: right;\">\r\n<p>All-glass and stainless steel design, water and dust resistant (rated IP68)</p>\r\n</td>\r\n</tr>\r\n<tr>\r\n<td class=\"a-text-bold\" style=\"text-align: left;\">\r\n<p>Camera &amp; Video</p>\r\n</td>\r\n<td style=\"text-align: right;\">\r\n<p>Dual 12MP cameras with Portrait mode, Depth Control, Portrait Lighting, Smart HDR, and 4K video up to 60 fps</p>\r\n</td>\r\n</tr>\r\n<tr>\r\n<td class=\"a-text-bold\" style=\"text-align: left;\">\r\n<p>Front Camera</p>\r\n</td>\r\n<td style=\"text-align: right;\">\r\n<p>7MP TrueDepth front camera with Portrait mode, Depth Control, Portrait Lighting, and Smart HDR</p>\r\n</td>\r\n</tr>\r\n</tbody>\r\n</table>\r\n</div>\r\n<div class=\"a-column a-span6 a-span-last\">\r\n<table id=\"tech-specs-table-right\" class=\"a-bordered tech-spec-theme\">\r\n<tbody>\r\n<tr>\r\n<td class=\"a-text-bold\" style=\"width: 131.667px;\">\r\n<p>Power and Battery</p>\r\n</td>\r\n<td style=\"width: 461.667px; text-align: right;\">\r\n<p>Talk time (wireless): Up to 25 hours; Internet use: Up to 13 hours; Video playback (wireless): Up to 15 hours; Audio playback (wireless): Up to 65 hours</p>\r\n</td>\r\n</tr>\r\n<tr>\r\n<td class=\"a-text-bold\" style=\"width: 131.667px;\">\r\n<p>In the Box</p>\r\n</td>\r\n<td style=\"width: 461.667px; text-align: right;\">\r\n<p>iPhone with iOS 12, EarPods with Lightning Connector, Lightning to USB Cable, USB Power Adapter, Documentation</p>\r\n</td>\r\n</tr>\r\n<tr>\r\n<td class=\"a-text-bold\" style=\"width: 131.667px;\">\r\n<p>Height</p>\r\n</td>\r\n<td style=\"width: 461.667px; text-align: right;\">\r\n<p>6.20 inches (157.5 mm)</p>\r\n</td>\r\n</tr>\r\n<tr>\r\n<td class=\"a-text-bold\" style=\"width: 131.667px;\">\r\n<p>Width</p>\r\n</td>\r\n<td style=\"width: 461.667px; text-align: right;\">\r\n<p>3.05 inches (77.4 mm)</p>\r\n</td>\r\n</tr>\r\n<tr>\r\n<td class=\"a-text-bold\" style=\"width: 131.667px;\">\r\n<p>Depth</p>\r\n</td>\r\n<td style=\"width: 461.667px; text-align: right;\">\r\n<p>0.30 inch (7.7 mm)</p>\r\n</td>\r\n</tr>\r\n<tr>\r\n<td class=\"a-text-bold\" style=\"width: 131.667px;\">\r\n<p>Weight</p>\r\n</td>\r\n<td style=\"width: 461.667px; text-align: right;\">\r\n<p>7.34 ounces (208 grams)</p>\r\n</td>\r\n</tr>\r\n</tbody>\r\n</table>\r\n</div>\r\n<p>&nbsp;</p>\r\n</div>\r\n</div>\r\n</div>\r\n</div>\r\n</div>\r\n</div>\r\n</div>\r\n<div id=\"dpx-btf-renewed-program-description_feature_div\">\r\n<div id=\"renewedProgramDescriptionBtf_feature_div\" class=\"celwidget\" data-feature-name=\"renewedProgramDescriptionBtf\" data-cel-widget=\"renewedProgramDescriptionBtf_feature_div\"></div>\r\n</div>', '6.5-inch Super Retina display (OLED) with HDR\r\nIP68 dust and water resistant (maximum depth of 2 meters up to 30 minutes)\r\n12MP dual cameras with dual OIS and 7MP TrueDepth front camera—Portrait mode, Portrait Lighting, Depth Control, and Smart HDR'),
(71, 71, 'ar', 'Fossil Gen 5 Carlyle Stainless Steel Touchscreen Smartwatch', '<p><span class=\"a-list-item\">Smartwatches powered with Wear OS by Google work with iPhone and Android Phones ; Circumference: 200+/ 5mm</span></p>\r\n<p><span class=\"a-list-item\">Extend your battery life for multiple days with new, smart battery modes; magnetic USB rapid charger included; charge up to 80 percent in under an hour</span></p>\r\n<p>&nbsp;</p>\r\n<p><span class=\"a-list-item\"><img src=\"/storage/media/HTWqZMZOKcgm4DCeFctVRDF9iS5hFeBV6mNep3jP.jpeg\" alt=\"\" width=\"800\" height=\"450\" /></span></p>\r\n<p>&nbsp;</p>\r\n<p><span class=\"a-list-item\"><img src=\"/storage/media/KYl4fY1zsRvFFbWQr2JX0RgEh8G9d0AOgo20Fopg.jpeg\" alt=\"\" width=\"800\" height=\"450\" /></span></p>\r\n<p>&nbsp;</p>\r\n<p>&nbsp;</p>\r\n<p><span class=\"a-list-item\">Heart Rate &amp; Activity Tracking using Google Fit; Built in GPS for distance tracking; Swimproof design 3ATM; Google Assistant it&rsquo;s your own personal Google, always ready to help; Speed through checkout with your watch using Google Pay</span></p>\r\n<p><span class=\"a-list-item\">This is one smart watch now with a speaker for audible alerts and taking phone calls, Google Assistant responses and more; receive smartphone notifications and alerts; microphone; download third party apps with 8GB of storage and 1G RAM memory capacity</span></p>\r\n<p>&nbsp;</p>\r\n<p><span class=\"a-list-item\">Case size: 44mm; Band size: 22mm; interchangeable with all Fossil 22mm bands; Screen Size: 1.28\" display with 416x416 resolution; touchscreen functionality; Connectivity: Bluetooth(R) 4.1 Low Energy and Wi Fi 802.11 b/g/n; wireless syncing; imported</span></p>\r\n<p><span class=\"a-list-item\">Processor: Qualcomm Snapdragon Wear 3100</span></p>\r\n<p>&nbsp;</p>\r\n<p>&nbsp;</p>\r\n<p><span class=\"a-list-item\"><img src=\"/storage/media/pBeUAzU8rKCvCjawqEJLQuBiMVbXhfx5XcWB4K2v.jpeg\" alt=\"\" width=\"800\" height=\"300\" /></span></p>\r\n<p>&nbsp;</p>\r\n<p>&nbsp;</p>\r\n<p><span style=\"text-decoration: underline;\"><strong><span class=\"a-list-item\"><img src=\"/storage/media/UrvsEZtsLR3OsdYqwtkUTCLfleshK9laGPf9vt8W.jpeg\" alt=\"\" width=\"800\" height=\"300\" /></span></strong></span></p>\r\n<p>&nbsp;</p>\r\n<p>&nbsp;</p>\r\n<p>&nbsp;</p>\r\n<p><strong><span class=\"a-list-item\">Specifications:</span></strong></p>\r\n<p>&nbsp;</p>\r\n<table id=\"technicalSpecifications_section_1\" class=\"a-keyvalue a-spacing-mini\" style=\"height: 368px;\">\r\n<tbody>\r\n<tr style=\"height: 21px;\">\r\n<th class=\"a-span5 a-size-base\" style=\"text-align: left; height: 21px; width: 248.219px;\">Brand, Seller, or Collection Name</th>\r\n<td class=\"a-span7 a-size-base\" style=\"text-align: right; height: 21px; width: 470.219px;\">Fossil</td>\r\n</tr>\r\n<tr style=\"height: 21px;\">\r\n<th class=\"a-span5 a-size-base\" style=\"text-align: left; height: 21px; width: 248.219px;\">Model number</th>\r\n<td class=\"a-span7 a-size-base\" style=\"text-align: right; height: 21px; width: 470.219px;\">FTW4024</td>\r\n</tr>\r\n<tr style=\"height: 21px;\">\r\n<th class=\"a-span5 a-size-base\" style=\"text-align: left; height: 21px; width: 248.219px;\">Part Number</th>\r\n<td class=\"a-span7 a-size-base\" style=\"text-align: right; height: 21px; width: 470.219px;\">FTW4024</td>\r\n</tr>\r\n<tr style=\"height: 21px;\">\r\n<th class=\"a-span5 a-size-base\" style=\"text-align: left; height: 21px; width: 248.219px;\">Model Year</th>\r\n<td class=\"a-span7 a-size-base\" style=\"text-align: right; height: 21px; width: 470.219px;\">2019</td>\r\n</tr>\r\n<tr style=\"height: 21px;\">\r\n<th class=\"a-span5 a-size-base\" style=\"text-align: left; height: 21px; width: 248.219px;\">Item Shape</th>\r\n<td class=\"a-span7 a-size-base\" style=\"text-align: right; height: 21px; width: 470.219px;\">Round</td>\r\n</tr>\r\n<tr style=\"height: 21px;\">\r\n<th class=\"a-span5 a-size-base\" style=\"text-align: left; height: 21px; width: 248.219px;\">Case diameter</th>\r\n<td class=\"a-span7 a-size-base\" style=\"text-align: right; height: 21px; width: 470.219px;\">44 millimeters</td>\r\n</tr>\r\n<tr style=\"height: 21px;\">\r\n<th class=\"a-span5 a-size-base\" style=\"text-align: left; height: 21px; width: 248.219px;\">Case Thickness</th>\r\n<td class=\"a-span7 a-size-base\" style=\"text-align: right; height: 21px; width: 470.219px;\">12 millimeters</td>\r\n</tr>\r\n<tr style=\"height: 21px;\">\r\n<th class=\"a-span5 a-size-base\" style=\"text-align: left; height: 21px; width: 248.219px;\">Band Material</th>\r\n<td class=\"a-span7 a-size-base\" style=\"text-align: right; height: 21px; width: 470.219px;\">Stainless Steel</td>\r\n</tr>\r\n<tr style=\"height: 21px;\">\r\n<th class=\"a-span5 a-size-base\" style=\"text-align: left; height: 21px; width: 248.219px;\">Band length</th>\r\n<td class=\"a-span7 a-size-base\" style=\"text-align: right; height: 21px; width: 470.219px;\">Mens Standard</td>\r\n</tr>\r\n<tr style=\"height: 21px;\">\r\n<th class=\"a-span5 a-size-base\" style=\"text-align: left; height: 21px; width: 248.219px;\">Band width</th>\r\n<td class=\"a-span7 a-size-base\" style=\"text-align: right; height: 21px; width: 470.219px;\">22 millimeters</td>\r\n</tr>\r\n<tr style=\"height: 21px;\">\r\n<th class=\"a-span5 a-size-base\" style=\"text-align: left; height: 21px; width: 248.219px;\">Band Color</th>\r\n<td class=\"a-span7 a-size-base\" style=\"text-align: right; height: 21px; width: 470.219px;\">Gray</td>\r\n</tr>\r\n<tr style=\"height: 21px;\">\r\n<th class=\"a-span5 a-size-base\" style=\"text-align: left; height: 21px; width: 248.219px;\"><span class=\"a-declarative\" data-action=\"a-popover\" data-a-popover=\"{&quot;cache&quot;:&quot;true&quot;,&quot;name&quot;:&quot;Calendar&quot;,&quot;width&quot;:&quot;500&quot;,&quot;header&quot;:&quot;Calendar&quot;,&quot;position&quot;:&quot;triggerRight&quot;,&quot;scrollable&quot;:&quot;true&quot;,&quot;url&quot;:&quot;/gp/product/ajax-handlers/tech-spec-popover-contents.html/ref=dp_soft_tech_spec?keyLookUp=watch_help_attr-name_calendar_type&quot;}\"><a class=\"a-link-normal a-popover-trigger\" href=\"https://www.amazon.com/gp/product/ajax-handlers/tech-spec-popover-contents.html/ref=dp_soft_tech_spec?keyLookUp=/gp/product/ajax-handlers/tech-spec-popover-contents.html/ref=dp_soft_tech_spec?keyLookUp=watch_help_attr-name_calendar_type\" target=\"_blank\" rel=\"noopener\">Calendar</a></span></th>\r\n<td class=\"a-span7 a-size-base\" style=\"text-align: right; height: 21px; width: 470.219px;\">Day-Date-Month</td>\r\n</tr>\r\n<tr style=\"height: 21px;\">\r\n<th class=\"a-span5 a-size-base\" style=\"text-align: left; height: 21px; width: 248.219px;\">Item weight</th>\r\n<td class=\"a-span7 a-size-base\" style=\"text-align: right; height: 21px; width: 470.219px;\">2.82 Ounces</td>\r\n</tr>\r\n<tr style=\"height: 21px;\">\r\n<th class=\"a-span5 a-size-base\" style=\"text-align: left; height: 21px; width: 248.219px;\"><span class=\"a-declarative\" data-action=\"a-popover\" data-a-popover=\"{&quot;cache&quot;:&quot;true&quot;,&quot;name&quot;:&quot;Movement&quot;,&quot;width&quot;:&quot;500&quot;,&quot;header&quot;:&quot;Movement&quot;,&quot;position&quot;:&quot;triggerRight&quot;,&quot;scrollable&quot;:&quot;true&quot;,&quot;url&quot;:&quot;/gp/product/ajax-handlers/tech-spec-popover-contents.html/ref=dp_soft_tech_spec?keyLookUp=watch_help_attr-name_watch_movement_type&quot;}\"><a class=\"a-link-normal a-popover-trigger\" href=\"https://www.amazon.com/gp/product/ajax-handlers/tech-spec-popover-contents.html/ref=dp_soft_tech_spec?keyLookUp=/gp/product/ajax-handlers/tech-spec-popover-contents.html/ref=dp_soft_tech_spec?keyLookUp=watch_help_attr-name_watch_movement_type\" target=\"_blank\" rel=\"noopener\">Movement</a></span></th>\r\n<td class=\"a-span7 a-size-base\" style=\"text-align: right; height: 21px; width: 470.219px;\">Touchscreen</td>\r\n</tr>\r\n<tr style=\"height: 21px;\">\r\n<th class=\"a-span5 a-size-base\" style=\"text-align: left; height: 21px; width: 248.219px;\">Water resistant depth</th>\r\n<td class=\"a-span7 a-size-base\" style=\"text-align: right; height: 21px; width: 470.219px;\">30 Meters</td>\r\n</tr>\r\n<tr style=\"height: 53px;\">\r\n<th class=\"a-span5 a-size-base\" style=\"text-align: left; height: 53px; width: 248.219px;\">Warranty</th>\r\n<td class=\"a-span7 a-size-base\" style=\"text-align: right; height: 53px; width: 470.219px;\">\r\n<p>Please review the manufacturer&rsquo;s website for warranty information.</p>\r\n</td>\r\n</tr>\r\n</tbody>\r\n</table>', 'Smartwatches powered with Wear OS by Google work with iPhone and Android Phones ; Circumference: 200+/ 5mm\r\nExtend your battery life for multiple days with new, smart battery modes; magnetic USB rapid charger included; charge up to 80 percent in under an hour'),
(72, 72, 'ar', 'Apple Watch Series 3 (GPS, 42mm) - Space Gray', '<ul>\r\n<li><span class=\"a-list-item\">GPS</span></li>\r\n<li><span class=\"a-list-item\">Retina display</span></li>\r\n<li><span class=\"a-list-item\">Swimproof</span></li>\r\n<li><span class=\"a-list-item\">Optical heart sensor</span></li>\r\n<li><span class=\"a-list-item\">Stores music, podcasts, and audiobooks</span></li>\r\n<li><span class=\"a-list-item\">Elevation</span></li>\r\n<li><span class=\"a-list-item\">Emergency SOS</span></li>\r\n</ul>\r\n<div class=\"a-expander-content a-expander-extend-content a-expander-content-expanded\" aria-expanded=\"true\">\r\n<ul>\r\n<li><span class=\"a-list-item\">S3 chip with dual-core processor</span></li>\r\n<li><span class=\"a-list-item\">watchOS with Activity trends, cycle tracking, hearing health innovations, and the App Store on your wrist</span></li>\r\n<li><span class=\"a-list-item\">Aluminum case</span></li>\r\n</ul>\r\n<p>&nbsp;</p>\r\n<p><strong><span class=\"a-list-item\">Specifications:</span></strong></p>\r\n<p>&nbsp;</p>\r\n<div class=\"a-column a-span6\">\r\n<table id=\"tech-specs-table-left\" class=\"a-bordered tech-spec-theme\" style=\"border-collapse: collapse; width: 619px; height: 229px;\">\r\n<tbody>\r\n<tr style=\"height: 54px;\">\r\n<td class=\"a-text-bold\" style=\"width: 98.8167px; text-align: left; height: 54px;\">\r\n<p>Case Size</p>\r\n</td>\r\n<td style=\"width: 491.583px; text-align: right; height: 54px;\">\r\n<p>38mm, 42mm</p>\r\n</td>\r\n</tr>\r\n<tr style=\"height: 99px;\">\r\n<td class=\"a-text-bold\" style=\"width: 98.8167px; text-align: left; height: 99px;\">\r\n<p>Features</p>\r\n</td>\r\n<td style=\"width: 491.583px; text-align: right; height: 99px;\">\r\n<p>GLONASS, Galileo, and QZSS, Barometric altimeter, Optical heart sensor, Accelerometer and gyroscope, Ion-X strengthened glass, Composite back</p>\r\n</td>\r\n</tr>\r\n<tr style=\"height: 76px;\">\r\n<td class=\"a-text-bold\" style=\"width: 98.8167px; text-align: left; height: 76px;\">\r\n<p>Whats in the box</p>\r\n</td>\r\n<td style=\"width: 491.583px; text-align: right; height: 76px;\">\r\n<p style=\"padding-left: 80px;\">Case, Band (either S/M or M/L length), 1m Magnetic Charging Cable</p>\r\n</td>\r\n</tr>\r\n</tbody>\r\n</table>\r\n</div>\r\n<div class=\"a-column a-span6 a-span-last\">\r\n<table id=\"tech-specs-table-right\" class=\"a-bordered tech-spec-theme\" style=\"width: 619px;\">\r\n<tbody>\r\n<tr>\r\n<td class=\"a-text-bold\" style=\"width: 98.4833px;\">\r\n<p>Connectivity</p>\r\n</td>\r\n<td style=\"width: 491.917px; text-align: right;\">\r\n<p>Wi-Fi (802.11b/g/n 2.4GHz), Bluetooth 4.2</p>\r\n</td>\r\n</tr>\r\n<tr>\r\n<td class=\"a-text-bold\" style=\"width: 98.4833px;\">\r\n<p>Power</p>\r\n</td>\r\n<td style=\"width: 491.917px; text-align: right;\">\r\n<p>Up to 18 hours of battery life</p>\r\n</td>\r\n</tr>\r\n<tr>\r\n<td class=\"a-text-bold\" style=\"width: 98.4833px;\">\r\n<p>Width</p>\r\n</td>\r\n<td style=\"width: 491.917px; text-align: right;\">\r\n<p>33.3mm</p>\r\n</td>\r\n</tr>\r\n<tr>\r\n<td class=\"a-text-bold\" style=\"width: 98.4833px;\">\r\n<p>Depth</p>\r\n</td>\r\n<td style=\"width: 491.917px; text-align: right;\">\r\n<p>11.4mm</p>\r\n</td>\r\n</tr>\r\n<tr>\r\n<td class=\"a-text-bold\" style=\"width: 98.4833px;\">\r\n<p>Case Weight</p>\r\n</td>\r\n<td style=\"width: 491.917px; text-align: right;\">\r\n<p>36.7g</p>\r\n</td>\r\n</tr>\r\n<tr>\r\n<td class=\"a-text-bold\" style=\"width: 98.4833px;\">\r\n<p>Release date</p>\r\n</td>\r\n<td style=\"width: 491.917px; text-align: right;\">\r\n<p>9/22/2017</p>\r\n</td>\r\n</tr>\r\n</tbody>\r\n</table>\r\n</div>\r\n</div>', 'GLONASS, Galileo, and QZSS, Barometric altimeter, Optical heart sensor, Accelerometer and gyroscope, Ion-X strengthened glass, Composite back'),
(73, 73, 'ar', 'Samsung Galaxy Watch Active (40mm, GPS, Bluetooth), Black', '<p><span class=\"a-list-item\"><img src=\"/storage/media/rLdBfTfWtrnrKJDUMThq9Es2vYZKZR55pXBwfQKG.jpeg\" alt=\"\" width=\"970\" height=\"300\" /></span></p>\r\n<p>&nbsp;</p>\r\n<p><span class=\"a-list-item\">Track your way to real results: Automatically detects up to 6 exercises, while tracking upto 39 more, right from your wrist</span></p>\r\n<p><span class=\"a-list-item\">Resolve to rest better; Helps you analyze your sleep patterns and encourages you to wind down to keep you refreshed and at your best; Compatible devices Samsung Smartphone, Non Samsung Android Smartphone(Android OS 5.0 and above RAM 1.5GB and above), iOS 9.0 and above iPhone 5 and above</span></p>\r\n<p>&nbsp;</p>\r\n<p><span class=\"a-list-item\"><img src=\"/storage/media/UUU7BAUIJN6ME3EdFDjfzrh6Ln0ZQDYimwFyL0p4.jpeg\" alt=\"\" width=\"300\" height=\"300\" /><img src=\"/storage/media/tkkGcLv6x6AHRu9WaFMWi4wQyWR0ogOTrEMCo4Gk.jpeg\" alt=\"\" width=\"300\" height=\"300\" />&nbsp;</span></p>\r\n<p>&nbsp;</p>\r\n<p>&nbsp;</p>\r\n<p><span class=\"a-list-item\"><img src=\"/storage/media/AOIzYISTDC8tB0AEGzjLn2p1bx9Lx5N7xhTFbYZt.jpeg\" alt=\"\" width=\"300\" height=\"300\" /><img src=\"/storage/media/86xHifrQ1bpBQUzdd8sT4rhs5mNZLhGJWICqJKNm.jpeg\" alt=\"\" width=\"300\" height=\"300\" /></span></p>\r\n<p>&nbsp;</p>\r\n<p>&nbsp;</p>\r\n<p><span class=\"a-list-item\">Sends you real time alerts if ever detecting a high or low heart rate, so you can be more proactive about your heart health</span></p>\r\n<p><span class=\"a-list-item\">Expand your Galaxy; Sync with your phone to stream your playlist, get notifications and more, right on your wrist</span></p>\r\n<p><span class=\"a-list-item\">Thin; Light; Durable A thin, lightweight and durable swim ready design comes in a variety of colors and interchangeable bands</span></p>\r\n<p><span class=\"a-list-item\">Lasts for days Go non stop with a long lasting battery that lasts for days on a single charge</span></p>\r\n<p>&nbsp;</p>\r\n<p>&nbsp;</p>\r\n<p><strong><span class=\"a-list-item\">Product Details:</span></strong></p>\r\n<p>&nbsp;</p>\r\n<table id=\"productDetails_detailBullets_sections1\" class=\"a-keyvalue prodDetTable\" role=\"presentation\">\r\n<tbody>\r\n<tr>\r\n<th class=\"a-color-secondary a-size-base prodDetSectionEntry\" style=\"text-align: left;\">Product Dimensions</th>\r\n<td class=\"a-size-base\" style=\"text-align: right;\">1.6 x 1.6 x 0.4 inches</td>\r\n</tr>\r\n<tr>\r\n<th class=\"a-color-secondary a-size-base prodDetSectionEntry\" style=\"text-align: left;\">Item Weight</th>\r\n<td class=\"a-size-base\" style=\"text-align: right;\">0.96 ounces</td>\r\n</tr>\r\n<tr>\r\n<th class=\"a-color-secondary a-size-base prodDetSectionEntry\" style=\"text-align: left;\">Shipping Weight</th>\r\n<td class=\"a-size-base\" style=\"text-align: right;\">6.4 ounces</td>\r\n</tr>\r\n<tr>\r\n<th class=\"a-color-secondary a-size-base prodDetSectionEntry\" style=\"text-align: left;\">ASIN</th>\r\n<td class=\"a-size-base\" style=\"text-align: right;\">B07NFL4VWW</td>\r\n</tr>\r\n<tr>\r\n<th class=\"a-color-secondary a-size-base prodDetSectionEntry\" style=\"text-align: left;\">Item model number</th>\r\n<td class=\"a-size-base\" style=\"text-align: right;\">SM-R500NZKAXAR</td>\r\n</tr>\r\n<tr>\r\n<th class=\"a-color-secondary a-size-base prodDetSectionEntry\" style=\"text-align: left;\">Batteries</th>\r\n<td class=\"a-size-base\" style=\"text-align: right;\">1 CR123A batteries required. (included)</td>\r\n</tr>\r\n</tbody>\r\n</table>\r\n<p>&nbsp;</p>\r\n<p>&nbsp;</p>', 'The lightweight, yet durable Galaxy Watch Active understands the way you work out. With auto workout tracking, you’ll have the power to reach new goals. Plus a suite of apps help you to monitor your stress and sleep while you stay connected. Low Usage: Upto 90 hours.'),
(74, 74, 'ar', 'Samsung Galaxy Watch smartwatch (46mm, GPS, Bluetooth) – Silver/Black', '<p><span class=\"a-list-item\"><img src=\"/storage/media/2plK6n6zym2uqHFDx8YbmFWPZu0qVE3xMQJ4mIQk.jpeg\" alt=\"\" width=\"1464\" height=\"600\" /></span></p>\r\n<p>&nbsp;</p>\r\n<p><span class=\"a-list-item\">Live a stronger, smarter life with Galaxy Watch at your wrist. Rest well and stay active with built-in health tracking and a Bluetooth connection that keeps everything at your wrist. Plus, go for days without charging.</span></p>\r\n<p><span class=\"a-list-item\">Go nonstop for days on a single charge. The wireless charger lets you power up without slowing down. (Average expected performance based on typical use. Results may vary.)</span></p>\r\n<p>&nbsp;</p>\r\n<p><span class=\"a-list-item\"><img src=\"/storage/media/JnZ8j5G4nmUKY9IkPfpchVOMl10uh7r85XGJGgF9.jpeg\" alt=\"\" width=\"800\" height=\"328\" /></span></p>\r\n<p>&nbsp;</p>\r\n<p>&nbsp;</p>\r\n<p><span class=\"a-list-item\"><img src=\"/storage/media/tcLDmXwKVZ1R2OwNuB8kzxwadpNMetpVscCUoRJI.jpeg\" alt=\"\" width=\"800\" height=\"328\" /></span></p>\r\n<p><span class=\"a-list-item\">Available in two sizes and three colors, the Galaxy Watch offers stylish watch faces so realistic they hardly look digital. Plus, choose from a collection of interchangeable bands.</span></p>\r\n<p><span class=\"a-list-item\">Pairs with both Android and iOS smartphones via Bluetooth connection.</span></p>\r\n<p><span class=\"a-list-item\">Included in Box: Galaxy Watch, Additional Strap(Large and Small included), Wireless charging Dock, Travel Adaptor, Quick Start Guide, User Manual (Warranty: 1 Year Standard Parts and Labor)</span></p>\r\n<p>&nbsp;</p>\r\n<p><span class=\"a-list-item\"><img src=\"/storage/media/LfZPd1dTdXVYYx2CV3NUBtpqm8N4hwA13sB73DHh.jpeg\" alt=\"\" width=\"800\" height=\"328\" /></span></p>\r\n<p>&nbsp;</p>\r\n<p>&nbsp;</p>\r\n<p><span class=\"a-list-item\"><img src=\"/storage/media/oEzsjhMS9QqOOO789QhXKo148azC9Ipsb0gmaKpI.jpeg\" alt=\"\" width=\"800\" height=\"328\" /></span></p>\r\n<p>&nbsp;</p>\r\n<p>&nbsp;</p>\r\n<p>&nbsp;</p>\r\n<p>&nbsp;</p>\r\n<p><strong><span class=\"a-list-item\">Product Details:</span></strong></p>\r\n<p>&nbsp;</p>\r\n<table id=\"productDetails_detailBullets_sections1\" class=\"a-keyvalue prodDetTable\" style=\"height: 140px;\" role=\"presentation\">\r\n<tbody>\r\n<tr style=\"height: 20px;\">\r\n<th class=\"a-color-secondary a-size-base prodDetSectionEntry\" style=\"text-align: left; height: 20px; width: 157.227px;\">Product Dimensions</th>\r\n<td class=\"a-size-base\" style=\"height: 20px; width: 328.477px; text-align: right;\">0.5 x 1.8 x 1.9 inches</td>\r\n</tr>\r\n<tr style=\"height: 20px;\">\r\n<th class=\"a-color-secondary a-size-base prodDetSectionEntry\" style=\"text-align: left; height: 20px; width: 157.227px;\">Item Weight</th>\r\n<td class=\"a-size-base\" style=\"height: 20px; width: 328.477px; text-align: right;\">2.88 ounces</td>\r\n</tr>\r\n<tr style=\"height: 20px;\">\r\n<th class=\"a-color-secondary a-size-base prodDetSectionEntry\" style=\"text-align: left; height: 20px; width: 157.227px;\">Shipping Weight</th>\r\n<td class=\"a-size-base\" style=\"height: 20px; width: 328.477px; text-align: right;\">13.6 ounces</td>\r\n</tr>\r\n<tr style=\"height: 20px;\">\r\n<th class=\"a-color-secondary a-size-base prodDetSectionEntry\" style=\"text-align: left; height: 20px; width: 157.227px;\">ASIN</th>\r\n<td class=\"a-size-base\" style=\"height: 20px; width: 328.477px; text-align: right;\">B07FTKJCMT</td>\r\n</tr>\r\n<tr style=\"height: 20px;\">\r\n<th class=\"a-color-secondary a-size-base prodDetSectionEntry\" style=\"text-align: left; height: 20px; width: 157.227px;\">California residents</th>\r\n<td class=\"a-size-base\" style=\"height: 20px; width: 328.477px; text-align: right;\"><a href=\"https://www.amazon.com/gp/help/customer/display.html/ref=dp_prop65_warn?ie=UTF8&amp;nodeId=3234041\">Click here</a>&nbsp;for Proposition 65 warning</td>\r\n</tr>\r\n<tr style=\"height: 20px;\">\r\n<th class=\"a-color-secondary a-size-base prodDetSectionEntry\" style=\"text-align: left; height: 20px; width: 157.227px;\">Item model number</th>\r\n<td class=\"a-size-base\" style=\"height: 20px; width: 328.477px; text-align: right;\">SM-R800NZSAXAR</td>\r\n</tr>\r\n<tr style=\"height: 20px;\">\r\n<th class=\"a-color-secondary a-size-base prodDetSectionEntry\" style=\"text-align: left; height: 20px; width: 157.227px;\">Batteries</th>\r\n<td class=\"a-size-base\" style=\"height: 20px; width: 328.477px; text-align: right;\">1 Lithium Metal batteries required. (included)</td>\r\n</tr>\r\n</tbody>\r\n</table>\r\n<p>&nbsp;</p>', 'Live a stronger, smarter life with Galaxy Watch at your wrist. Rest well, stay active and keep stress at bay with built in health tracking. Go for days without charging your watch. The Bluetooth connection keeps everything at your wrist.'),
(75, 75, 'ar', 'Fossil Men\'s Gen 4 Explorist HR Stainless Steel Touchscreen Smartwatch', '<p>&nbsp;</p>\r\n<p><span class=\"a-list-item\"><img src=\"/storage/media/HMgKnIMoIoaSNmdAk7vGGHvorsifDUyYyC1Im6mu.jpeg\" alt=\"\" width=\"1464\" height=\"600\" /></span></p>\r\n<p>&nbsp;</p>\r\n<p><span class=\"a-list-item\">Smartwatches powered with Wear OS by Google work with iPhone and Android Phones</span></p>\r\n<p><span class=\"a-list-item\">Heart Rate &amp; Activity Tracking using Google Fit; Built-in GPS for distance tracking; Swimproof design 3ATM; Google Assistant built in - it&rsquo;s your own personal Google, always ready to help; Speed through checkout with your watch using Google Pay</span></p>\r\n<p><span class=\"a-list-item\">This is one smart watch - receive smartphone notifications and app alerts, manage your calendar, control your music, download third party apps (your favorite ride-sharing or music apps), and customize your watch face; touchscreen functionality, built-in fitness tracker, microphone, music storage &amp; controls, custom goal &amp; alarm settings, calendar alerts, multiple time zones, weather, LED flashlight, wireless syncing</span></p>\r\n<p>&nbsp;</p>\r\n<p><span class=\"a-list-item\"><img src=\"/storage/media/b0WaLL6LZxjoSrUExvJvvQy0czwYdWEtIX7iNgNh.jpeg\" alt=\"\" width=\"800\" height=\"328\" /></span></p>\r\n<p>&nbsp;</p>\r\n<p><span class=\"a-list-item\"><img src=\"/storage/media/Cv7TdeBKYeLwuSoiEnz6WLrymgyGVE9W47qJw42g.jpeg\" alt=\"\" width=\"400\" height=\"300\" /><img src=\"/storage/media/j446oLZ6vsnHDh99M6rQFJF55E1v2fGUbUdW4OiK.jpeg\" alt=\"\" width=\"400\" height=\"300\" /> &nbsp;</span></p>\r\n<p>&nbsp;</p>\r\n<p><span class=\"a-list-item\">Estimated 24 hour battery life, based on usage plus 2 additional days in low-power mode; magnetic USB rapid charger included; charge up to 80% in under an hour. Stopwatch - track your laps and time races with stopwatch mode</span></p>\r\n<p><span class=\"a-list-item\">Classic Design. Modern Tech. This 45mm Explorist HR (Heart Rate) touchscreen smartwatch lets you track your heart rate, receive notifications, customize your dial and more; Case size: 45mm; Band size: 22mm; interchangeable with all Fossil 22mm bands; easily change your watch band with quick release pins; imported</span></p>\r\n<p>&nbsp;</p>\r\n<p><strong><span class=\"a-list-item\">Specifications:</span></strong></p>\r\n<p>&nbsp;</p>\r\n<p>&nbsp;</p>\r\n<table id=\"technicalSpecifications_section_1\" class=\"a-keyvalue a-spacing-mini\">\r\n<tbody>\r\n<tr>\r\n<th class=\"a-span5 a-size-base\" style=\"width: 99.7266px; text-align: left;\">Brand, Seller, or Collection Name</th>\r\n<td class=\"a-span7 a-size-base\" style=\"width: 587.227px; text-align: right;\">Fossil</td>\r\n</tr>\r\n<tr>\r\n<th class=\"a-span5 a-size-base\" style=\"width: 99.7266px; text-align: left;\">Model number</th>\r\n<td class=\"a-span7 a-size-base\" style=\"width: 587.227px; text-align: right;\">Model: FTW4012</td>\r\n</tr>\r\n<tr>\r\n<th class=\"a-span5 a-size-base\" style=\"width: 99.7266px; text-align: left;\">Part Number</th>\r\n<td class=\"a-span7 a-size-base\" style=\"width: 587.227px; text-align: right;\">FTW4012</td>\r\n</tr>\r\n<tr>\r\n<th class=\"a-span5 a-size-base\" style=\"width: 99.7266px; text-align: left;\">Model Year</th>\r\n<td class=\"a-span7 a-size-base\" style=\"width: 587.227px; text-align: right;\">2018</td>\r\n</tr>\r\n<tr>\r\n<th class=\"a-span5 a-size-base\" style=\"width: 99.7266px; text-align: left;\">Item Shape</th>\r\n<td class=\"a-span7 a-size-base\" style=\"width: 587.227px; text-align: right;\">Round</td>\r\n</tr>\r\n<tr>\r\n<th class=\"a-span5 a-size-base\" style=\"width: 99.7266px; text-align: left;\"><span class=\"a-declarative\" data-action=\"a-popover\" data-a-popover=\"{&quot;cache&quot;:&quot;true&quot;,&quot;name&quot;:&quot;Dial window material type&quot;,&quot;width&quot;:&quot;500&quot;,&quot;header&quot;:&quot;Dial window material type&quot;,&quot;position&quot;:&quot;triggerRight&quot;,&quot;scrollable&quot;:&quot;true&quot;,&quot;url&quot;:&quot;/gp/product/ajax-handlers/tech-spec-popover-contents.html/ref=dp_soft_tech_spec?keyLookUp=watch_help_attr-name_dial_window_material_type&quot;}\"><a class=\"a-link-normal a-popover-trigger\" href=\"https://www.amazon.com/gp/product/ajax-handlers/tech-spec-popover-contents.html/ref=dp_soft_tech_spec?keyLookUp=/gp/product/ajax-handlers/tech-spec-popover-contents.html/ref=dp_soft_tech_spec?keyLookUp=watch_help_attr-name_dial_window_material_type\" target=\"_blank\" rel=\"noopener\">Dial window material type</a></span></th>\r\n<td class=\"a-span7 a-size-base\" style=\"width: 587.227px; text-align: right;\">Glass</td>\r\n</tr>\r\n<tr>\r\n<th class=\"a-span5 a-size-base\" style=\"width: 99.7266px; text-align: left;\">Clasp</th>\r\n<td class=\"a-span7 a-size-base\" style=\"width: 587.227px; text-align: right;\">Push Button Foldover Clasp With Safety</td>\r\n</tr>\r\n<tr>\r\n<th class=\"a-span5 a-size-base\" style=\"width: 99.7266px; text-align: left;\">Case material</th>\r\n<td class=\"a-span7 a-size-base\" style=\"width: 587.227px; text-align: right;\">Stainless steel</td>\r\n</tr>\r\n<tr>\r\n<th class=\"a-span5 a-size-base\" style=\"width: 99.7266px; text-align: left;\">Case diameter</th>\r\n<td class=\"a-span7 a-size-base\" style=\"width: 587.227px; text-align: right;\">45 millimeters</td>\r\n</tr>\r\n<tr>\r\n<th class=\"a-span5 a-size-base\" style=\"width: 99.7266px; text-align: left;\">Case Thickness</th>\r\n<td class=\"a-span7 a-size-base\" style=\"width: 587.227px; text-align: right;\">12.5 millimeters</td>\r\n</tr>\r\n<tr>\r\n<th class=\"a-span5 a-size-base\" style=\"width: 99.7266px; text-align: left;\">Band Material</th>\r\n<td class=\"a-span7 a-size-base\" style=\"width: 587.227px; text-align: right;\">Stainless Steel</td>\r\n</tr>\r\n<tr>\r\n<th class=\"a-span5 a-size-base\" style=\"width: 99.7266px; text-align: left;\">Band length</th>\r\n<td class=\"a-span7 a-size-base\" style=\"width: 587.227px; text-align: right;\">Men\'s Standard</td>\r\n</tr>\r\n<tr>\r\n<th class=\"a-span5 a-size-base\" style=\"width: 99.7266px; text-align: left;\">Band width</th>\r\n<td class=\"a-span7 a-size-base\" style=\"width: 587.227px; text-align: right;\">20 millimeters</td>\r\n</tr>\r\n<tr>\r\n<th class=\"a-span5 a-size-base\" style=\"width: 99.7266px; text-align: left;\">Band Color</th>\r\n<td class=\"a-span7 a-size-base\" style=\"width: 587.227px; text-align: right;\">Gray</td>\r\n</tr>\r\n<tr>\r\n<th class=\"a-span5 a-size-base\" style=\"width: 99.7266px; text-align: left;\">Dial color</th>\r\n<td class=\"a-span7 a-size-base\" style=\"width: 587.227px; text-align: right;\">Black</td>\r\n</tr>\r\n<tr>\r\n<th class=\"a-span5 a-size-base\" style=\"width: 99.7266px; text-align: left;\">Bezel material</th>\r\n<td class=\"a-span7 a-size-base\" style=\"width: 587.227px; text-align: right;\">Stainless steel</td>\r\n</tr>\r\n<tr>\r\n<th class=\"a-span5 a-size-base\" style=\"width: 99.7266px; text-align: left;\"><span class=\"a-declarative\" data-action=\"a-popover\" data-a-popover=\"{&quot;cache&quot;:&quot;true&quot;,&quot;name&quot;:&quot;Bezel function&quot;,&quot;width&quot;:&quot;500&quot;,&quot;header&quot;:&quot;Bezel function&quot;,&quot;position&quot;:&quot;triggerRight&quot;,&quot;scrollable&quot;:&quot;true&quot;,&quot;url&quot;:&quot;/gp/product/ajax-handlers/tech-spec-popover-contents.html/ref=dp_soft_tech_spec?keyLookUp=watch_help_attr-name_bezel_function&quot;}\"><a class=\"a-link-normal a-popover-trigger\" href=\"https://www.amazon.com/gp/product/ajax-handlers/tech-spec-popover-contents.html/ref=dp_soft_tech_spec?keyLookUp=/gp/product/ajax-handlers/tech-spec-popover-contents.html/ref=dp_soft_tech_spec?keyLookUp=watch_help_attr-name_bezel_function\" target=\"_blank\" rel=\"noopener\">Bezel function</a></span></th>\r\n<td class=\"a-span7 a-size-base\" style=\"width: 587.227px; text-align: right;\">Stationary</td>\r\n</tr>\r\n<tr>\r\n<th class=\"a-span5 a-size-base\" style=\"width: 99.7266px; text-align: left;\"><span class=\"a-declarative\" data-action=\"a-popover\" data-a-popover=\"{&quot;cache&quot;:&quot;true&quot;,&quot;name&quot;:&quot;Calendar&quot;,&quot;width&quot;:&quot;500&quot;,&quot;header&quot;:&quot;Calendar&quot;,&quot;position&quot;:&quot;triggerRight&quot;,&quot;scrollable&quot;:&quot;true&quot;,&quot;url&quot;:&quot;/gp/product/ajax-handlers/tech-spec-popover-contents.html/ref=dp_soft_tech_spec?keyLookUp=watch_help_attr-name_calendar_type&quot;}\"><a class=\"a-link-normal a-popover-trigger\" href=\"https://www.amazon.com/gp/product/ajax-handlers/tech-spec-popover-contents.html/ref=dp_soft_tech_spec?keyLookUp=/gp/product/ajax-handlers/tech-spec-popover-contents.html/ref=dp_soft_tech_spec?keyLookUp=watch_help_attr-name_calendar_type\" target=\"_blank\" rel=\"noopener\">Calendar</a></span></th>\r\n<td class=\"a-span7 a-size-base\" style=\"width: 587.227px; text-align: right;\">Day-Date-Month</td>\r\n</tr>\r\n<tr>\r\n<th class=\"a-span5 a-size-base\" style=\"width: 99.7266px; text-align: left;\">Item weight</th>\r\n<td class=\"a-span7 a-size-base\" style=\"width: 587.227px; text-align: right;\">5 Ounces</td>\r\n</tr>\r\n<tr>\r\n<th class=\"a-span5 a-size-base\" style=\"width: 99.7266px; text-align: left;\"><span class=\"a-declarative\" data-action=\"a-popover\" data-a-popover=\"{&quot;cache&quot;:&quot;true&quot;,&quot;name&quot;:&quot;Movement&quot;,&quot;width&quot;:&quot;500&quot;,&quot;header&quot;:&quot;Movement&quot;,&quot;position&quot;:&quot;triggerRight&quot;,&quot;scrollable&quot;:&quot;true&quot;,&quot;url&quot;:&quot;/gp/product/ajax-handlers/tech-spec-popover-contents.html/ref=dp_soft_tech_spec?keyLookUp=watch_help_attr-name_watch_movement_type&quot;}\"><a class=\"a-link-normal a-popover-trigger\" href=\"https://www.amazon.com/gp/product/ajax-handlers/tech-spec-popover-contents.html/ref=dp_soft_tech_spec?keyLookUp=/gp/product/ajax-handlers/tech-spec-popover-contents.html/ref=dp_soft_tech_spec?keyLookUp=watch_help_attr-name_watch_movement_type\" target=\"_blank\" rel=\"noopener\">Movement</a></span></th>\r\n<td class=\"a-span7 a-size-base\" style=\"width: 587.227px; text-align: right;\">Touchscreen</td>\r\n</tr>\r\n<tr>\r\n<th class=\"a-span5 a-size-base\" style=\"width: 99.7266px; text-align: left;\">Water resistant depth</th>\r\n<td class=\"a-span7 a-size-base\" style=\"width: 587.227px; text-align: right;\">100 Feet</td>\r\n</tr>\r\n<tr>\r\n<th class=\"a-span5 a-size-base\" style=\"width: 99.7266px; text-align: left;\">Warranty</th>\r\n<td class=\"a-span7 a-size-base\" style=\"width: 587.227px; text-align: right;\">Please review the manufacturer&rsquo;s website for warranty information.</td>\r\n</tr>\r\n</tbody>\r\n</table>', 'Smartwatches powered with Wear OS by Google work with iPhone and Android Phones\r\nHeart Rate & Activity Tracking using Google Fit; Built-in GPS for distance tracking; Swimproof design 3ATM; Google Assistant built in - it’s your own personal Google, always ready to help; Speed'),
(76, 76, 'ar', 'Apple Watch Series 5 (GPS, 40mm) - Gold Aluminum', '<p><span class=\"a-list-item\"><img src=\"/storage/media/arOtP05QKkaGSJuY5oygjB493AdzATl3oMW8GzSA.jpeg\" alt=\"\" width=\"1500\" height=\"1321\" /></span></p>\r\n<p><span class=\"a-list-item\"><img src=\"/storage/media/3zmImMqrGcVUyaDXxl9YW3haJrvckoeWcdxeIbJZ.jpeg\" alt=\"\" width=\"1500\" height=\"1323\" /></span></p>\r\n<p><span class=\"a-list-item\"><img src=\"/storage/media/chDlrENBjdjEmk2og9hAD2VgGKBY7YNdsu0RDToX.jpeg\" alt=\"\" width=\"1500\" height=\"1321\" /></span></p>\r\n<p><span class=\"a-list-item\"><img src=\"/storage/media/Xm9xxDW2HV4YYRjOzd3LvbL38ee28SnFqpofx4Hz.jpeg\" alt=\"\" width=\"1500\" height=\"1323\" /></span></p>\r\n<p><span class=\"a-list-item\"><img src=\"/storage/media/t43m6fiZNgz3CZGIU99TLSFWRvhqG0YM0fQCEt0j.jpeg\" alt=\"\" width=\"1500\" height=\"1321\" /></span></p>\r\n<p><span class=\"a-list-item\"><img src=\"/storage/media/Ho7wGAISYjL2lXjNaAdVjowAYVv8uw5MB1Wdk4dE.jpeg\" alt=\"\" width=\"1500\" height=\"1323\" /></span></p>\r\n<p><span class=\"a-list-item\"><img src=\"/storage/media/jS0bIhepNvmnDEnp3zrtbGxhHnWFN7kugbBxXQFt.jpeg\" alt=\"\" width=\"1500\" height=\"1321\" /></span></p>\r\n<p><span class=\"a-list-item\"><img src=\"/storage/media/FUGf4gk9vcHG2FLKiYcfji336n3gfsKY7PwO3Re0.jpeg\" alt=\"\" width=\"1500\" height=\"1323\" /></span></p>\r\n<p><span class=\"a-list-item\"><img src=\"/storage/media/W9prQSYxbwv4BqjSn2N6r8TORpZmWzGt2rRAZ6Zr.jpeg\" alt=\"\" width=\"1500\" height=\"1321\" /></span></p>\r\n<p>&nbsp;</p>\r\n<p>&nbsp;</p>\r\n<p>&nbsp;</p>\r\n<p>&nbsp;</p>\r\n<p>&nbsp;</p>\r\n<p>&nbsp;</p>\r\n<p>&nbsp;</p>\r\n<p><strong>Description</strong></p>\r\n<ul class=\"a-unordered-list a-vertical a-spacing-none\">\r\n<li><span class=\"a-list-item\">GPS</span></li>\r\n<li><span class=\"a-list-item\">Always-On Retina display</span></li>\r\n<li><span class=\"a-list-item\">30% larger screen</span></li>\r\n<li><span class=\"a-list-item\">Swimproof</span></li>\r\n<li><span class=\"a-list-item\">ECG app</span></li>\r\n<li><span class=\"a-list-item\">Electrical and optical heart sensors</span></li>\r\n<li><span class=\"a-list-item\">Built-in compass</span></li>\r\n</ul>\r\n<div class=\"a-row a-expander-container a-expander-inline-container\" aria-live=\"polite\">\r\n<div class=\"a-expander-content a-expander-extend-content a-expander-content-expanded\" aria-expanded=\"true\">\r\n<ul class=\"a-unordered-list a-vertical a-spacing-none\">\r\n<li><span class=\"a-list-item\">Elevation</span></li>\r\n<li><span class=\"a-list-item\">Emergency SOS</span></li>\r\n<li><span class=\"a-list-item\">Fall detection</span></li>\r\n</ul>\r\n<p>&nbsp;</p>\r\n<p><span class=\"a-list-item\">Built-in GPS, GLONASS, Galileo, and QZSS, S5 with 64-bit dual-core processor, W3 Apple wireless chip, Barometric altimeter, Capacity 32GB, Optical heart sensor, Electrical heart sensor, Improved accelerometer up to 32 g‑forces, Improved gyroscope, Ambient light sensor, LTPO OLED Always-On Retina display with Force Touch (1000 nits), Digital Crown with haptic feedback, Louder speaker, Ion-X strengthened glass, Sapphire crystal and ceramic back, Wi-Fi 802.11b/g/n 2.4GHz, Bluetooth 5.0, Built-in rechargeable lithium-ion battery, Up to 18 hours of battery life, Water resistant 50 meters, watchOS 5</span></p>\r\n<p>&nbsp;</p>\r\n<p><strong><span class=\"a-list-item\">Product Details:</span></strong></p>\r\n<p>&nbsp;</p>\r\n<table id=\"productDetails_techSpec_section_1\" class=\"a-keyvalue prodDetTable\" role=\"presentation\">\r\n<tbody>\r\n<tr>\r\n<th class=\"a-color-secondary a-size-base prodDetSectionEntry\" style=\"text-align: left;\">Product Dimensions</th>\r\n<td class=\"a-size-base\" style=\"text-align: right;\">11.7 x 3 x 2.2 inches</td>\r\n</tr>\r\n<tr style=\"text-align: right;\">\r\n<th class=\"a-color-secondary a-size-base prodDetSectionEntry\" style=\"text-align: left;\">Item Weight</th>\r\n<td class=\"a-size-base\">1.76 ounces</td>\r\n</tr>\r\n<tr style=\"text-align: right;\">\r\n<th class=\"a-color-secondary a-size-base prodDetSectionEntry\" style=\"text-align: left;\">Shipping Weight</th>\r\n<td class=\"a-size-base\">1.14 pounds</td>\r\n</tr>\r\n<tr style=\"text-align: right;\">\r\n<th class=\"a-color-secondary a-size-base prodDetSectionEntry\" style=\"text-align: left;\">Manufacturer</th>\r\n<td class=\"a-size-base\">Apple Computer</td>\r\n</tr>\r\n<tr style=\"text-align: right;\">\r\n<th class=\"a-color-secondary a-size-base prodDetSectionEntry\" style=\"text-align: left;\">ASIN</th>\r\n<td class=\"a-size-base\">B07XQXZZ6H</td>\r\n</tr>\r\n<tr style=\"text-align: right;\">\r\n<th class=\"a-color-secondary a-size-base prodDetSectionEntry\" style=\"text-align: left;\">Item model number</th>\r\n<td class=\"a-size-base\">MWV72LL/A</td>\r\n</tr>\r\n<tr style=\"text-align: right;\">\r\n<th class=\"a-color-secondary a-size-base prodDetSectionEntry\" style=\"text-align: left;\">Batteries</th>\r\n<td class=\"a-size-base\">1 Lithium ion batteries required. (included)</td>\r\n</tr>\r\n</tbody>\r\n</table>\r\n<p>&nbsp;</p>\r\n</div>\r\n</div>', 'GPS,  Always-On Retina display\r\n30% larger screen, Swim-proof\r\nECG app, Electrical and optical heart sensors\r\nBuilt-in compass');
INSERT INTO `product_translations` (`id`, `product_id`, `locale`, `name`, `description`, `short_description`) VALUES
(77, 77, 'ar', 'Michael Kors Access Gen 3 Sofie Touchscreen Smartwatch', '<p><span class=\"a-list-item\">Smartphone notifications &amp; Touchscreen functionality; Activity &amp; custom goal tracking; Customizable faces, bands, &amp; music controls. supported features may vary between platforms</span></p>\r\n<p><span class=\"a-list-item\">Band &amp; Case Material: Stainless Steel; Case Color: Gold Tone with Clear Stones on Watch Bezel; Band Color: Gold Tone; Case Size: 42 mm; Case Thickness: 11 mm; Band size: 18 mm; Water Resistance: 1 ATM; ok for contact with water, not suitable for swimming</span></p>\r\n<p>&nbsp;</p>\r\n<p>&nbsp;</p>\r\n<p><span class=\"a-list-item\">Battery Life: Estimated 24 hours based on usage</span></p>\r\n<p><span class=\"a-list-item\">Powered with Wear OS by Google, a trademark of Google LLC Compatible with Android OS 44+ (excluding Go) and iOS 93+. All devices have Bluetooth(R) 41 Low Energy and Wi-Fi 80211 b/g/n</span></p>\r\n<p><span class=\"a-list-item\">Extra Buckle Included To Use With Interchangeable Straps</span></p>\r\n<p>&nbsp;</p>\r\n<h2><strong>Specifications:</strong></h2>\r\n<p>&nbsp;</p>\r\n<table id=\"technicalSpecifications_section_1\" class=\"a-keyvalue a-spacing-mini\">\r\n<tbody>\r\n<tr>\r\n<th class=\"a-span5 a-size-base\" style=\"text-align: left;\">Brand, Seller, or Collection Name</th>\r\n<td class=\"a-span7 a-size-base\" style=\"text-align: right;\">Michael Kors</td>\r\n</tr>\r\n<tr>\r\n<th class=\"a-span5 a-size-base\" style=\"text-align: left;\">Model number</th>\r\n<td class=\"a-span7 a-size-base\" style=\"text-align: right;\">MKT5021</td>\r\n</tr>\r\n<tr>\r\n<th class=\"a-span5 a-size-base\" style=\"text-align: left;\">Part Number</th>\r\n<td class=\"a-span7 a-size-base\" style=\"text-align: right;\">MKT5021</td>\r\n</tr>\r\n<tr>\r\n<th class=\"a-span5 a-size-base\" style=\"text-align: left;\">Model Year</th>\r\n<td class=\"a-span7 a-size-base\" style=\"text-align: right;\">2017</td>\r\n</tr>\r\n<tr>\r\n<th class=\"a-span5 a-size-base\" style=\"text-align: left;\">Item Shape</th>\r\n<td class=\"a-span7 a-size-base\" style=\"text-align: right;\">Round</td>\r\n</tr>\r\n<tr>\r\n<th class=\"a-span5 a-size-base\" style=\"text-align: left;\"><span class=\"a-declarative\" data-action=\"a-popover\" data-a-popover=\"{&quot;cache&quot;:&quot;true&quot;,&quot;name&quot;:&quot;Dial window material type&quot;,&quot;width&quot;:&quot;500&quot;,&quot;header&quot;:&quot;Dial window material type&quot;,&quot;position&quot;:&quot;triggerRight&quot;,&quot;scrollable&quot;:&quot;true&quot;,&quot;url&quot;:&quot;/gp/product/ajax-handlers/tech-spec-popover-contents.html/ref=dp_soft_tech_spec?keyLookUp=watch_help_attr-name_dial_window_material_type&quot;}\"><a class=\"a-link-normal a-popover-trigger\" href=\"https://www.amazon.com/gp/product/ajax-handlers/tech-spec-popover-contents.html/ref=dp_soft_tech_spec?keyLookUp=/gp/product/ajax-handlers/tech-spec-popover-contents.html/ref=dp_soft_tech_spec?keyLookUp=watch_help_attr-name_dial_window_material_type\" target=\"_blank\" rel=\"noopener\">Dial window material type</a></span></th>\r\n<td class=\"a-span7 a-size-base\" style=\"text-align: right;\">Mineral</td>\r\n</tr>\r\n<tr>\r\n<th class=\"a-span5 a-size-base\" style=\"text-align: left;\">Display Type</th>\r\n<td class=\"a-span7 a-size-base\" style=\"text-align: right;\">Analog-Digital</td>\r\n</tr>\r\n<tr>\r\n<th class=\"a-span5 a-size-base\" style=\"text-align: left;\">Clasp</th>\r\n<td class=\"a-span7 a-size-base\" style=\"text-align: right;\">deployant-buckle</td>\r\n</tr>\r\n<tr>\r\n<th class=\"a-span5 a-size-base\" style=\"text-align: left;\">Case material</th>\r\n<td class=\"a-span7 a-size-base\" style=\"text-align: right;\">Stainless steel</td>\r\n</tr>\r\n<tr>\r\n<th class=\"a-span5 a-size-base\" style=\"text-align: left;\">Case diameter</th>\r\n<td class=\"a-span7 a-size-base\" style=\"text-align: right;\">42 millimeters</td>\r\n</tr>\r\n<tr>\r\n<th class=\"a-span5 a-size-base\" style=\"text-align: left;\">Case Thickness</th>\r\n<td class=\"a-span7 a-size-base\" style=\"text-align: right;\">11 millimeters</td>\r\n</tr>\r\n<tr>\r\n<th class=\"a-span5 a-size-base\" style=\"text-align: left;\">Band Material</th>\r\n<td class=\"a-span7 a-size-base\" style=\"text-align: right;\">Stainless Steel</td>\r\n</tr>\r\n<tr>\r\n<th class=\"a-span5 a-size-base\" style=\"text-align: left;\">Band length</th>\r\n<td class=\"a-span7 a-size-base\" style=\"text-align: right;\">Women\'s Standard</td>\r\n</tr>\r\n<tr>\r\n<th class=\"a-span5 a-size-base\" style=\"text-align: left;\">Band width</th>\r\n<td class=\"a-span7 a-size-base\" style=\"text-align: right;\">18 millimeters</td>\r\n</tr>\r\n<tr>\r\n<th class=\"a-span5 a-size-base\" style=\"text-align: left;\">Band Color</th>\r\n<td class=\"a-span7 a-size-base\" style=\"text-align: right;\">Gold</td>\r\n</tr>\r\n<tr>\r\n<th class=\"a-span5 a-size-base\" style=\"text-align: left;\">Dial color</th>\r\n<td class=\"a-span7 a-size-base\" style=\"text-align: right;\">Black</td>\r\n</tr>\r\n<tr>\r\n<th class=\"a-span5 a-size-base\" style=\"text-align: left;\">Bezel material</th>\r\n<td class=\"a-span7 a-size-base\" style=\"text-align: right;\">Stainless steel</td>\r\n</tr>\r\n<tr>\r\n<th class=\"a-span5 a-size-base\" style=\"text-align: left;\"><span class=\"a-declarative\" data-action=\"a-popover\" data-a-popover=\"{&quot;cache&quot;:&quot;true&quot;,&quot;name&quot;:&quot;Bezel function&quot;,&quot;width&quot;:&quot;500&quot;,&quot;header&quot;:&quot;Bezel function&quot;,&quot;position&quot;:&quot;triggerRight&quot;,&quot;scrollable&quot;:&quot;true&quot;,&quot;url&quot;:&quot;/gp/product/ajax-handlers/tech-spec-popover-contents.html/ref=dp_soft_tech_spec?keyLookUp=watch_help_attr-name_bezel_function&quot;}\"><a class=\"a-link-normal a-popover-trigger\" href=\"https://www.amazon.com/gp/product/ajax-handlers/tech-spec-popover-contents.html/ref=dp_soft_tech_spec?keyLookUp=/gp/product/ajax-handlers/tech-spec-popover-contents.html/ref=dp_soft_tech_spec?keyLookUp=watch_help_attr-name_bezel_function\" target=\"_blank\" rel=\"noopener\">Bezel function</a></span></th>\r\n<td class=\"a-span7 a-size-base\" style=\"text-align: right;\">Bidirectional</td>\r\n</tr>\r\n<tr>\r\n<th class=\"a-span5 a-size-base\" style=\"text-align: left;\">Item weight</th>\r\n<td class=\"a-span7 a-size-base\" style=\"text-align: right;\">8 Ounces</td>\r\n</tr>\r\n<tr>\r\n<th class=\"a-span5 a-size-base\" style=\"text-align: left;\"><span class=\"a-declarative\" data-action=\"a-popover\" data-a-popover=\"{&quot;cache&quot;:&quot;true&quot;,&quot;name&quot;:&quot;Movement&quot;,&quot;width&quot;:&quot;500&quot;,&quot;header&quot;:&quot;Movement&quot;,&quot;position&quot;:&quot;triggerRight&quot;,&quot;scrollable&quot;:&quot;true&quot;,&quot;url&quot;:&quot;/gp/product/ajax-handlers/tech-spec-popover-contents.html/ref=dp_soft_tech_spec?keyLookUp=watch_help_attr-name_watch_movement_type&quot;}\"><a class=\"a-link-normal a-popover-trigger\" href=\"https://www.amazon.com/gp/product/ajax-handlers/tech-spec-popover-contents.html/ref=dp_soft_tech_spec?keyLookUp=/gp/product/ajax-handlers/tech-spec-popover-contents.html/ref=dp_soft_tech_spec?keyLookUp=watch_help_attr-name_watch_movement_type\" target=\"_blank\" rel=\"noopener\">Movement</a></span></th>\r\n<td class=\"a-span7 a-size-base\" style=\"text-align: right;\">Touchscreen</td>\r\n</tr>\r\n<tr>\r\n<th class=\"a-span5 a-size-base\" style=\"text-align: left;\">Water resistant depth</th>\r\n<td class=\"a-span7 a-size-base\" style=\"text-align: right;\">100 Feet</td>\r\n</tr>\r\n<tr>\r\n<th class=\"a-span5 a-size-base\" style=\"text-align: left;\">Warranty</th>\r\n<td class=\"a-span7 a-size-base\" style=\"text-align: right;\">Please review the manufacturer&rsquo;s website for warranty information.&nbsp;</td>\r\n</tr>\r\n</tbody>\r\n</table>', 'Band & Case Material: Stainless Steel; Case Color: Gold Tone with Clear Stones on Watch Bezel; Band Color: Gold Tone; Case Size: 42 mm; Case Thickness: 11 mm; Band size: 18 mm; Water Resistance: 1 ATM; ok for contact with water, not suitable for swimming'),
(78, 78, 'ar', 'Fossil Men\'s Sport Metal and Silicone Touchscreen Smartwatch with Heart Rate', '<p><span class=\"a-list-item\"><img src=\"/storage/media/BmWXwAYNnNdJcTW7JgEOPL6a6Vuei5uuVm6djlr3.jpeg\" alt=\"\" width=\"970\" height=\"300\" /></span></p>\r\n<p>&nbsp;</p>\r\n<p>&nbsp;</p>\r\n<p><span class=\"a-list-item\">Smartwatches powered with Wear OS by Google work with iPhone and Android Phones</span></p>\r\n<p><span class=\"a-list-item\">Heart Rate &amp; Activity Tracking using Google Fit; Built-in GPS for distance tracking; Swimproof design 5ATM;</span></p>\r\n<p>&nbsp;</p>\r\n<p><span class=\"a-list-item\">Google Assistant built in - it&rsquo;s your own personal Google, always ready to help; Speed through checkout with your watch using Google Pay</span></p>\r\n<p>&nbsp;</p>\r\n<p><span class=\"a-list-item\">This is one smart watch - receive smartphone notifications and app alerts, manage your calendar, control your music.</span></p>\r\n<p><span class=\"a-list-item\">Download third party apps (your favorite ride-sharing or music apps), and customize your watch face; touchscreen functionality, built-in fitness tracker, microphone, music storage &amp; controls.</span></p>\r\n<p>&nbsp;</p>\r\n<p><span class=\"a-list-item\">C</span><span class=\"a-list-item\">ustom goal &amp; alarm settings, calendar alerts, multiple time zones, weather, LED flashlight, wireless syncing</span></p>\r\n<p><span class=\"a-list-item\">Estimated 24 hour battery life, based on usage plus 2 additional days in low-power mode; magnetic USB rapid charger included; charge up to 80% in under an hour.</span></p>\r\n<p>&nbsp;</p>\r\n<p><span class=\"a-list-item\">This ultra-lightweight 43mm Sport smartwatch is up to 40% lighter than other models with an aluminum case and silicone band. </span></p>\r\n<p><span class=\"a-list-item\">It lets you track your heart rate, track your workout (even swimming), customize your dial and more. Case size: 43mm; Band size: 22mm; interchangeable with all Fossil 22mm bands; imported</span></p>\r\n<p>&nbsp;</p>\r\n<p><span class=\"a-list-item\">Strap Circumference: 200+/- 5mm. Stopwatch - track your laps and time races with stopwatch mode</span></p>\r\n<p>&nbsp;</p>\r\n<h2>Specifications:</h2>\r\n<p>&nbsp;</p>\r\n<table id=\"technicalSpecifications_section_1\" class=\"a-keyvalue a-spacing-mini\">\r\n<tbody>\r\n<tr>\r\n<th class=\"a-span5 a-size-base\" style=\"text-align: left;\">Brand, Seller, or Collection Name</th>\r\n<td class=\"a-span7 a-size-base\" style=\"text-align: right;\">Fossil</td>\r\n</tr>\r\n<tr>\r\n<th class=\"a-span5 a-size-base\" style=\"text-align: left;\">Model number</th>\r\n<td class=\"a-span7 a-size-base\" style=\"text-align: right;\">FTW4019</td>\r\n</tr>\r\n<tr>\r\n<th class=\"a-span5 a-size-base\" style=\"text-align: left;\">Part Number</th>\r\n<td class=\"a-span7 a-size-base\" style=\"text-align: right;\">FTW4019</td>\r\n</tr>\r\n<tr>\r\n<th class=\"a-span5 a-size-base\" style=\"text-align: left;\">Model Year</th>\r\n<td class=\"a-span7 a-size-base\" style=\"text-align: right;\">2019</td>\r\n</tr>\r\n<tr>\r\n<th class=\"a-span5 a-size-base\" style=\"text-align: left;\">Item Shape</th>\r\n<td class=\"a-span7 a-size-base\" style=\"text-align: right;\">Round</td>\r\n</tr>\r\n<tr>\r\n<th class=\"a-span5 a-size-base\" style=\"text-align: left;\"><span class=\"a-declarative\" data-action=\"a-popover\" data-a-popover=\"{&quot;cache&quot;:&quot;true&quot;,&quot;name&quot;:&quot;Dial window material type&quot;,&quot;width&quot;:&quot;500&quot;,&quot;header&quot;:&quot;Dial window material type&quot;,&quot;position&quot;:&quot;triggerRight&quot;,&quot;scrollable&quot;:&quot;true&quot;,&quot;url&quot;:&quot;/gp/product/ajax-handlers/tech-spec-popover-contents.html/ref=dp_soft_tech_spec?keyLookUp=watch_help_attr-name_dial_window_material_type&quot;}\"><a class=\"a-link-normal a-popover-trigger\" href=\"https://www.amazon.com/gp/product/ajax-handlers/tech-spec-popover-contents.html/ref=dp_soft_tech_spec?keyLookUp=/gp/product/ajax-handlers/tech-spec-popover-contents.html/ref=dp_soft_tech_spec?keyLookUp=watch_help_attr-name_dial_window_material_type\" target=\"_blank\" rel=\"noopener\">Dial window material type</a></span></th>\r\n<td class=\"a-span7 a-size-base\" style=\"text-align: right;\">Glass</td>\r\n</tr>\r\n<tr>\r\n<th class=\"a-span5 a-size-base\" style=\"text-align: left;\">Display Type</th>\r\n<td class=\"a-span7 a-size-base\" style=\"text-align: right;\">Digital</td>\r\n</tr>\r\n<tr>\r\n<th class=\"a-span5 a-size-base\" style=\"text-align: left;\">Clasp</th>\r\n<td class=\"a-span7 a-size-base\" style=\"text-align: right;\">Tang Buckle</td>\r\n</tr>\r\n<tr>\r\n<th class=\"a-span5 a-size-base\" style=\"text-align: left;\">Case material</th>\r\n<td class=\"a-span7 a-size-base\" style=\"text-align: right;\">Metal</td>\r\n</tr>\r\n<tr>\r\n<th class=\"a-span5 a-size-base\" style=\"text-align: left;\">Case diameter</th>\r\n<td class=\"a-span7 a-size-base\" style=\"text-align: right;\">43 millimeters</td>\r\n</tr>\r\n<tr>\r\n<th class=\"a-span5 a-size-base\" style=\"text-align: left;\">Case Thickness</th>\r\n<td class=\"a-span7 a-size-base\" style=\"text-align: right;\">12 millimeters</td>\r\n</tr>\r\n<tr>\r\n<th class=\"a-span5 a-size-base\" style=\"text-align: left;\">Band Material</th>\r\n<td class=\"a-span7 a-size-base\" style=\"text-align: right;\">Silicone</td>\r\n</tr>\r\n<tr>\r\n<th class=\"a-span5 a-size-base\" style=\"text-align: left;\">Band length</th>\r\n<td class=\"a-span7 a-size-base\" style=\"text-align: right;\">Men\'s Standard</td>\r\n</tr>\r\n<tr>\r\n<th class=\"a-span5 a-size-base\" style=\"text-align: left;\">Band width</th>\r\n<td class=\"a-span7 a-size-base\" style=\"text-align: right;\">20 millimeters</td>\r\n</tr>\r\n<tr>\r\n<th class=\"a-span5 a-size-base\" style=\"text-align: left;\">Band Color</th>\r\n<td class=\"a-span7 a-size-base\" style=\"text-align: right;\">Gray</td>\r\n</tr>\r\n<tr>\r\n<th class=\"a-span5 a-size-base\" style=\"text-align: left;\">Dial color</th>\r\n<td class=\"a-span7 a-size-base\" style=\"text-align: right;\">Black</td>\r\n</tr>\r\n<tr>\r\n<th class=\"a-span5 a-size-base\" style=\"text-align: left;\">Bezel material</th>\r\n<td class=\"a-span7 a-size-base\" style=\"text-align: right;\">Metal</td>\r\n</tr>\r\n<tr>\r\n<th class=\"a-span5 a-size-base\" style=\"text-align: left;\"><span class=\"a-declarative\" data-action=\"a-popover\" data-a-popover=\"{&quot;cache&quot;:&quot;true&quot;,&quot;name&quot;:&quot;Bezel function&quot;,&quot;width&quot;:&quot;500&quot;,&quot;header&quot;:&quot;Bezel function&quot;,&quot;position&quot;:&quot;triggerRight&quot;,&quot;scrollable&quot;:&quot;true&quot;,&quot;url&quot;:&quot;/gp/product/ajax-handlers/tech-spec-popover-contents.html/ref=dp_soft_tech_spec?keyLookUp=watch_help_attr-name_bezel_function&quot;}\"><a class=\"a-link-normal a-popover-trigger\" href=\"https://www.amazon.com/gp/product/ajax-handlers/tech-spec-popover-contents.html/ref=dp_soft_tech_spec?keyLookUp=/gp/product/ajax-handlers/tech-spec-popover-contents.html/ref=dp_soft_tech_spec?keyLookUp=watch_help_attr-name_bezel_function\" target=\"_blank\" rel=\"noopener\">Bezel function</a></span></th>\r\n<td class=\"a-span7 a-size-base\" style=\"text-align: right;\">Stationary</td>\r\n</tr>\r\n<tr>\r\n<th class=\"a-span5 a-size-base\" style=\"text-align: left;\"><span class=\"a-declarative\" data-action=\"a-popover\" data-a-popover=\"{&quot;cache&quot;:&quot;true&quot;,&quot;name&quot;:&quot;Calendar&quot;,&quot;width&quot;:&quot;500&quot;,&quot;header&quot;:&quot;Calendar&quot;,&quot;position&quot;:&quot;triggerRight&quot;,&quot;scrollable&quot;:&quot;true&quot;,&quot;url&quot;:&quot;/gp/product/ajax-handlers/tech-spec-popover-contents.html/ref=dp_soft_tech_spec?keyLookUp=watch_help_attr-name_calendar_type&quot;}\"><a class=\"a-link-normal a-popover-trigger\" href=\"https://www.amazon.com/gp/product/ajax-handlers/tech-spec-popover-contents.html/ref=dp_soft_tech_spec?keyLookUp=/gp/product/ajax-handlers/tech-spec-popover-contents.html/ref=dp_soft_tech_spec?keyLookUp=watch_help_attr-name_calendar_type\" target=\"_blank\" rel=\"noopener\">Calendar</a></span></th>\r\n<td class=\"a-span7 a-size-base\" style=\"text-align: right;\">Day-Date-Month</td>\r\n</tr>\r\n<tr>\r\n<th class=\"a-span5 a-size-base\" style=\"text-align: left;\">Item weight</th>\r\n<td class=\"a-span7 a-size-base\" style=\"text-align: right;\">1.4 Ounces</td>\r\n</tr>\r\n<tr>\r\n<th class=\"a-span5 a-size-base\" style=\"text-align: left;\"><span class=\"a-declarative\" data-action=\"a-popover\" data-a-popover=\"{&quot;cache&quot;:&quot;true&quot;,&quot;name&quot;:&quot;Movement&quot;,&quot;width&quot;:&quot;500&quot;,&quot;header&quot;:&quot;Movement&quot;,&quot;position&quot;:&quot;triggerRight&quot;,&quot;scrollable&quot;:&quot;true&quot;,&quot;url&quot;:&quot;/gp/product/ajax-handlers/tech-spec-popover-contents.html/ref=dp_soft_tech_spec?keyLookUp=watch_help_attr-name_watch_movement_type&quot;}\"><a class=\"a-link-normal a-popover-trigger\" href=\"https://www.amazon.com/gp/product/ajax-handlers/tech-spec-popover-contents.html/ref=dp_soft_tech_spec?keyLookUp=/gp/product/ajax-handlers/tech-spec-popover-contents.html/ref=dp_soft_tech_spec?keyLookUp=watch_help_attr-name_watch_movement_type\" target=\"_blank\" rel=\"noopener\">Movement</a></span></th>\r\n<td class=\"a-span7 a-size-base\" style=\"text-align: right;\">Touchscreen</td>\r\n</tr>\r\n<tr>\r\n<th class=\"a-span5 a-size-base\" style=\"text-align: left;\">Water resistant depth</th>\r\n<td class=\"a-span7 a-size-base\" style=\"text-align: right;\">165 Feet</td>\r\n</tr>\r\n<tr>\r\n<th class=\"a-span5 a-size-base\" style=\"text-align: left;\">Warranty</th>\r\n<td class=\"a-span7 a-size-base\" style=\"text-align: right;\">Please review the manufacturer&rsquo;s website for warranty information.&nbsp;</td>\r\n</tr>\r\n</tbody>\r\n</table>', 'Heart Rate & Activity Tracking using Google Fit; Built-in GPS for distance tracking; Swimproof design 5ATM; Google Assistant built in - it’s your own personal Google, always ready to help; Speed through checkout with your watch using Google Pay'),
(79, 79, 'ar', 'Fossil Women\'s Gen 4 Venture HR Stainless Steel Touchscreen Smartwatch', '<p><img src=\"/storage/media/I6jpLsfXH24SiR7AH9GX6QcGXUIKA4JfXJlh6DTY.jpeg\" alt=\"\" width=\"1464\" height=\"600\" /></p>\r\n<p>&nbsp;</p>\r\n<p>&nbsp;</p>\r\n<p><span class=\"a-list-item\">Smartwatches powered with Wear OS by Google work with iPhone and Android Phones</span></p>\r\n<p><span class=\"a-list-item\">Heart Rate &amp; Activity Tracking using Google Fit; Built-in GPS for distance tracking; Swimproof design 3ATM; Google Assistant built in - it&rsquo;s your own personal Google, always ready to help; Speed through checkout with your watch using Google Pay</span></p>\r\n<p><span class=\"a-list-item\">This is one smart watch - receive smartphone notifications and app alerts, manage your calendar, control your music, download third party apps (your favorite ride-sharing or music apps), and customize your watch face; touchscreen functionality, built-in fitness tracker, microphone, music storage &amp; controls, custom goal &amp; alarm settings, calendar alerts, multiple time zones, weather, LED flashlight, wireless syncing</span></p>\r\n<p><span class=\"a-list-item\">Estimated 24 hour battery life, based on usage plus 2 additional days in low-power mode; magnetic USB rapid charger included; charge up to 80% in under an hour</span></p>\r\n<p><span class=\"a-list-item\">Classic Design. Modern Tech. This 40mm Venture HR (Heart Rate) touchscreen smartwatch lets you track your heart rate, receive notifications, customize your dial and more; Case size: 40mm; Band size: 18mm; interchangeable with all Fossil 18mm bands; imported</span></p>\r\n<p>&nbsp;</p>\r\n<p><span class=\"a-list-item\"><img src=\"/storage/media/D5Xs5ztErwpWHDt4tBNxLmO6lIrIw5jcIjOd9wmR.jpeg\" alt=\"\" width=\"800\" height=\"600\" /></span></p>\r\n<p>&nbsp;</p>\r\n<p>&nbsp;</p>\r\n<p><span class=\"a-list-item\"><img src=\"/storage/media/WJU6SCHB4Jnb0L8amB2VtSjeT08Dvs1rqYACcYM1.jpeg\" alt=\"\" width=\"800\" height=\"600\" /></span></p>\r\n<p>&nbsp;</p>\r\n<p>&nbsp;</p>\r\n<p>&nbsp;</p>\r\n<p><span class=\"a-list-item\"><img src=\"/storage/media/tOyLnxm6gzSNrXxfmFYtvgF2vp2XRpxBmfpvIgWK.jpeg\" alt=\"\" width=\"800\" height=\"600\" /></span></p>\r\n<p>&nbsp;</p>\r\n<h2>Specifications:</h2>\r\n<p>&nbsp;</p>\r\n<table id=\"technicalSpecifications_section_1\" class=\"a-keyvalue a-spacing-mini\">\r\n<tbody>\r\n<tr>\r\n<th class=\"a-span5 a-size-base\" style=\"text-align: left;\">Brand, Seller, or Collection Name</th>\r\n<td class=\"a-span7 a-size-base\" style=\"text-align: right;\">Fossil</td>\r\n</tr>\r\n<tr>\r\n<th class=\"a-span5 a-size-base\" style=\"text-align: left;\">Model number</th>\r\n<td class=\"a-span7 a-size-base\" style=\"text-align: right;\">FTW6016</td>\r\n</tr>\r\n<tr>\r\n<th class=\"a-span5 a-size-base\" style=\"text-align: left;\">Part Number</th>\r\n<td class=\"a-span7 a-size-base\" style=\"text-align: right;\">FTW6016</td>\r\n</tr>\r\n<tr>\r\n<th class=\"a-span5 a-size-base\" style=\"text-align: left;\">Model Year</th>\r\n<td class=\"a-span7 a-size-base\" style=\"text-align: right;\">2018</td>\r\n</tr>\r\n<tr>\r\n<th class=\"a-span5 a-size-base\" style=\"text-align: left;\">Item Shape</th>\r\n<td class=\"a-span7 a-size-base\" style=\"text-align: right;\">Round</td>\r\n</tr>\r\n<tr>\r\n<th class=\"a-span5 a-size-base\" style=\"text-align: left;\"><span class=\"a-declarative\" data-action=\"a-popover\" data-a-popover=\"{&quot;cache&quot;:&quot;true&quot;,&quot;name&quot;:&quot;Dial window material type&quot;,&quot;width&quot;:&quot;500&quot;,&quot;header&quot;:&quot;Dial window material type&quot;,&quot;position&quot;:&quot;triggerRight&quot;,&quot;scrollable&quot;:&quot;true&quot;,&quot;url&quot;:&quot;/gp/product/ajax-handlers/tech-spec-popover-contents.html/ref=dp_soft_tech_spec?keyLookUp=watch_help_attr-name_dial_window_material_type&quot;}\"><a class=\"a-link-normal a-popover-trigger\" href=\"https://www.amazon.com/gp/product/ajax-handlers/tech-spec-popover-contents.html/ref=dp_soft_tech_spec?keyLookUp=/gp/product/ajax-handlers/tech-spec-popover-contents.html/ref=dp_soft_tech_spec?keyLookUp=watch_help_attr-name_dial_window_material_type\" target=\"_blank\" rel=\"noopener\">Dial window material type</a></span></th>\r\n<td class=\"a-span7 a-size-base\" style=\"text-align: right;\">Glass</td>\r\n</tr>\r\n<tr>\r\n<th class=\"a-span5 a-size-base\" style=\"text-align: left;\">Display Type</th>\r\n<td class=\"a-span7 a-size-base\" style=\"text-align: right;\">Digital</td>\r\n</tr>\r\n<tr>\r\n<th class=\"a-span5 a-size-base\" style=\"text-align: left;\">Clasp</th>\r\n<td class=\"a-span7 a-size-base\" style=\"text-align: right;\">Tang Buckle</td>\r\n</tr>\r\n<tr>\r\n<th class=\"a-span5 a-size-base\" style=\"text-align: left;\">Case material</th>\r\n<td class=\"a-span7 a-size-base\" style=\"text-align: right;\">Stainless steel</td>\r\n</tr>\r\n<tr>\r\n<th class=\"a-span5 a-size-base\" style=\"text-align: left;\">Case diameter</th>\r\n<td class=\"a-span7 a-size-base\" style=\"text-align: right;\">40 millimeters</td>\r\n</tr>\r\n<tr>\r\n<th class=\"a-span5 a-size-base\" style=\"text-align: left;\">Case Thickness</th>\r\n<td class=\"a-span7 a-size-base\" style=\"text-align: right;\">8 millimeters</td>\r\n</tr>\r\n<tr>\r\n<th class=\"a-span5 a-size-base\" style=\"text-align: left;\">Band Material</th>\r\n<td class=\"a-span7 a-size-base\" style=\"text-align: right;\">Silicone</td>\r\n</tr>\r\n<tr>\r\n<th class=\"a-span5 a-size-base\" style=\"text-align: left;\">Band length</th>\r\n<td class=\"a-span7 a-size-base\" style=\"text-align: right;\">Women\'s Standard</td>\r\n</tr>\r\n<tr>\r\n<th class=\"a-span5 a-size-base\" style=\"text-align: left;\">Band width</th>\r\n<td class=\"a-span7 a-size-base\" style=\"text-align: right;\">18 millimeters</td>\r\n</tr>\r\n<tr>\r\n<th class=\"a-span5 a-size-base\" style=\"text-align: left;\">Band Color</th>\r\n<td class=\"a-span7 a-size-base\" style=\"text-align: right;\">Gray</td>\r\n</tr>\r\n<tr>\r\n<th class=\"a-span5 a-size-base\" style=\"text-align: left;\">Dial color</th>\r\n<td class=\"a-span7 a-size-base\" style=\"text-align: right;\">Black</td>\r\n</tr>\r\n<tr>\r\n<th class=\"a-span5 a-size-base\" style=\"text-align: left;\">Bezel material</th>\r\n<td class=\"a-span7 a-size-base\" style=\"text-align: right;\">Stainless steel</td>\r\n</tr>\r\n<tr>\r\n<th class=\"a-span5 a-size-base\" style=\"text-align: left;\"><span class=\"a-declarative\" data-action=\"a-popover\" data-a-popover=\"{&quot;cache&quot;:&quot;true&quot;,&quot;name&quot;:&quot;Bezel function&quot;,&quot;width&quot;:&quot;500&quot;,&quot;header&quot;:&quot;Bezel function&quot;,&quot;position&quot;:&quot;triggerRight&quot;,&quot;scrollable&quot;:&quot;true&quot;,&quot;url&quot;:&quot;/gp/product/ajax-handlers/tech-spec-popover-contents.html/ref=dp_soft_tech_spec?keyLookUp=watch_help_attr-name_bezel_function&quot;}\"><a class=\"a-link-normal a-popover-trigger\" href=\"https://www.amazon.com/gp/product/ajax-handlers/tech-spec-popover-contents.html/ref=dp_soft_tech_spec?keyLookUp=/gp/product/ajax-handlers/tech-spec-popover-contents.html/ref=dp_soft_tech_spec?keyLookUp=watch_help_attr-name_bezel_function\" target=\"_blank\" rel=\"noopener\">Bezel function</a></span></th>\r\n<td class=\"a-span7 a-size-base\" style=\"text-align: right;\">Stationary</td>\r\n</tr>\r\n<tr>\r\n<th class=\"a-span5 a-size-base\" style=\"text-align: left;\"><span class=\"a-declarative\" data-action=\"a-popover\" data-a-popover=\"{&quot;cache&quot;:&quot;true&quot;,&quot;name&quot;:&quot;Calendar&quot;,&quot;width&quot;:&quot;500&quot;,&quot;header&quot;:&quot;Calendar&quot;,&quot;position&quot;:&quot;triggerRight&quot;,&quot;scrollable&quot;:&quot;true&quot;,&quot;url&quot;:&quot;/gp/product/ajax-handlers/tech-spec-popover-contents.html/ref=dp_soft_tech_spec?keyLookUp=watch_help_attr-name_calendar_type&quot;}\"><a class=\"a-link-normal a-popover-trigger\" href=\"https://www.amazon.com/gp/product/ajax-handlers/tech-spec-popover-contents.html/ref=dp_soft_tech_spec?keyLookUp=/gp/product/ajax-handlers/tech-spec-popover-contents.html/ref=dp_soft_tech_spec?keyLookUp=watch_help_attr-name_calendar_type\" target=\"_blank\" rel=\"noopener\">Calendar</a></span></th>\r\n<td class=\"a-span7 a-size-base\" style=\"text-align: right;\">Day-Date-Month</td>\r\n</tr>\r\n<tr>\r\n<th class=\"a-span5 a-size-base\" style=\"text-align: left;\">Item weight</th>\r\n<td class=\"a-span7 a-size-base\" style=\"text-align: right;\">8.8 Ounces</td>\r\n</tr>\r\n<tr>\r\n<th class=\"a-span5 a-size-base\" style=\"text-align: left;\"><span class=\"a-declarative\" data-action=\"a-popover\" data-a-popover=\"{&quot;cache&quot;:&quot;true&quot;,&quot;name&quot;:&quot;Movement&quot;,&quot;width&quot;:&quot;500&quot;,&quot;header&quot;:&quot;Movement&quot;,&quot;position&quot;:&quot;triggerRight&quot;,&quot;scrollable&quot;:&quot;true&quot;,&quot;url&quot;:&quot;/gp/product/ajax-handlers/tech-spec-popover-contents.html/ref=dp_soft_tech_spec?keyLookUp=watch_help_attr-name_watch_movement_type&quot;}\"><a class=\"a-link-normal a-popover-trigger\" href=\"https://www.amazon.com/gp/product/ajax-handlers/tech-spec-popover-contents.html/ref=dp_soft_tech_spec?keyLookUp=/gp/product/ajax-handlers/tech-spec-popover-contents.html/ref=dp_soft_tech_spec?keyLookUp=watch_help_attr-name_watch_movement_type\" target=\"_blank\" rel=\"noopener\">Movement</a></span></th>\r\n<td class=\"a-span7 a-size-base\" style=\"text-align: right;\">Touchscreen</td>\r\n</tr>\r\n<tr>\r\n<th class=\"a-span5 a-size-base\" style=\"text-align: left;\">Water resistant depth</th>\r\n<td class=\"a-span7 a-size-base\" style=\"text-align: right;\">165 Feet</td>\r\n</tr>\r\n<tr>\r\n<th class=\"a-span5 a-size-base\" style=\"text-align: left;\">Warranty</th>\r\n<td class=\"a-span7 a-size-base\" style=\"text-align: right;\">Please review the manufacturer&rsquo;s website for warranty information.&nbsp;</td>\r\n</tr>\r\n</tbody>\r\n</table>', 'Heart Rate & Activity Tracking using Google Fit; Built-in GPS for distance tracking; Swimproof design 3ATM; Google Assistant built in - it’s your own personal Google, always ready to help; Speed through checkout with your watch using Google Pay'),
(80, 80, 'ar', 'DJI Spark Portable Mini Drone Alpine White', '<div id=\"dpx-product-description_feature_div\">\r\n<div id=\"descriptionAndDetails\" class=\"a-section a-spacing-extra-large\">\r\n<div id=\"productDescription_feature_div\" class=\"celwidget\" data-feature-name=\"productDescription\" data-cel-widget=\"productDescription_feature_div\">\r\n<div id=\"productDescription_feature_div\" class=\"a-row feature\" data-feature-name=\"productDescription\" data-template-name=\"productDescription\" data-cel-widget=\"productDescription_feature_div\">\r\n<div id=\"productDescription\" class=\"a-section a-spacing-small\">\r\n<p><strong>Spark<br /><br />Seize the Moment<br /><br />Overview</strong></p>\r\n<p><strong><br /></strong>Spark is a mini drone that features all of DJI\'s signature technologies, allowing you to seize the moment whenever you feel inspired. With intelligent flight control options, a mechanical gimbal, and a camera with incredible image quality, Spark empowers you to push your creative boundaries.</p>\r\n<p><br /><strong>Pipeline<br />Quick Launch</strong></p>\r\n<p>With FaceAware, Spark lifts off from your hand by recognizing your face.[1] It takes off and hovers in place within seconds of powering on.</p>\r\n<p><br /><strong>Simple Control</strong><br />Take amazing aerial photos using just hand gestures, without a remote controller or mobile device.[1]</p>\r\n<p><br /><strong>Create with Ease</strong><br />Intelligent Flight Modes and intuitive controls help you create cinematic aerial videos with just a few taps.</p>\r\n<p><br /><strong>Edit and Share</strong><br />The DJI GO 4 app features automatic editing templates and an array of filters. Quickly edit videos and share them straight to social media.</p>\r\n<p><br /><strong>Intelligent Flight Modes<br />Smart, reliable, and incredibly intuitive<br />QuickShot<br />Videos with a Tap</strong></p>\r\n<p><strong><br /></strong>Let Spark take professional shots for you. QuickShots help you shoot amazing footage with cinematic composition.<br />Rocket<br />Ascend with the camera pointing downward.<br />Dronie<br />Fly backward and upward, with the camera locked on your subject.<br />Circle<br />Circle around your target.<br />Helix<br />Fly upward, spiraling around your subject.</p>\r\n<p><br /><strong>TapFly<br />Flight at Your Fingertips</strong></p>\r\n<p><strong><br /></strong>In TapFly mode, just envision your shot and Spark captures it for you. Tap your phone screen and Spark, using vision technology, flies in the direction of your tap or exactly where you tapped while actively sensing obstacles. Capture shot after shot with just your fingertips.</p>\r\n<p>&nbsp;</p>\r\n<p><img src=\"/storage/media/ASqcUG193L40JmtU8JcHjErjvO7GI5nXFoX4hODK.png\" alt=\"\" width=\"300\" height=\"300\" /></p>\r\n<h4 class=\"a-spacing-mini\">&nbsp;</h4>\r\n<h4 class=\"a-spacing-mini\">TapFly, Fly at Your Fingertips</h4>\r\n<p>In TapFly mode, just envision your shot and Spark captures it for you. Tap your phone screen and Spark, using vision technology, flies in the direction of your tap or exactly where you tapped while actively sensing obstacles.</p>\r\n<p>&nbsp;</p>\r\n<p><img src=\"/storage/media/G2w417ZUyFPhxaDWUmiY5512F8x9miZeMR8zMIjV.png\" alt=\"\" width=\"300\" height=\"300\" /></p>\r\n<h4 class=\"a-spacing-mini\">&nbsp;</h4>\r\n<h4 class=\"a-spacing-mini\">ActiveTrack, Stay on Target</h4>\r\n<p>With ActiveTrack, Spark automatically recognizes objects of different shapes and sizes then tracks them according to what they are and how fast they move. This makes tracking much easier and more reliable.</p>\r\n<p>&nbsp;</p>\r\n<p><img src=\"/storage/media/9DekrBmZSxCqMu24h0sddKgzh4sOZFg8MTHN9NVo.png\" alt=\"\" width=\"300\" height=\"300\" /></p>\r\n<h4 class=\"a-spacing-mini\">&nbsp;</h4>\r\n<h4 class=\"a-spacing-mini\">Mechanical Gimbal Stabilization</h4>\r\n<p>Spark\'s 2-axis mechanical gimbal and UltraSmooth technology dramatically reduce shake and rolling shutter effect, keeping shots stable and detailed.</p>\r\n<p>&nbsp;</p>\r\n<p><img src=\"/storage/media/IElneqxwpk7ixBVW1mupBDM11ItbHaHbwwjlwl8L.png\" alt=\"\" width=\"300\" height=\"300\" /></p>\r\n<h4 class=\"a-spacing-mini\">&nbsp;</h4>\r\n<h4 class=\"a-spacing-mini\">Powerful Lens, Capture the world</h4>\r\n<p>All Spark images are consistently sharp and vivid with very little color aberration and distortion. Spark\'s camera has an f/2.6 wide-angle lens with a 25 mm equivalent focal length. Five elements are arranged into a single group that fit into a compressed frame.</p>\r\n<p>&nbsp;</p>\r\n<p><img src=\"/storage/media/BmUY9aty6WN5Dqcsqj9zMiREhFdevZX0aY8SkEk6.png\" alt=\"\" width=\"220\" height=\"220\" /></p>\r\n<h4 class=\"a-spacing-mini\">&nbsp;</h4>\r\n<h4 class=\"a-spacing-mini\">Powerful Propulsion</h4>\r\n<p class=\"a-size-small\">With its aerodynamic, lightweight, and slick design, Spark soars through the air with minimal wind resistance. The gimbal and camera are flush with the aircraft, significantly increasing stability. Powerful propulsion offers steady flight in strong winds at up to 31 mph (50 kph) in Sport Mode.2 And an advanced flight control system means flying Spark is fun and intuitive.</p>\r\n<p class=\"a-size-small\">&nbsp;</p>\r\n<p class=\"a-size-small\"><img src=\"/storage/media/e56lUf8B5xCPSZblfXc5VeIdsAxYvhEnkVFOPM6z.png\" alt=\"\" width=\"220\" height=\"220\" /></p>\r\n<h4 class=\"a-spacing-mini\">&nbsp;</h4>\r\n<h4 class=\"a-spacing-mini\">HD Wi-Fi Video Transmission</h4>\r\n<p class=\"a-size-small\">Fly Farther, See More</p>\r\n<p class=\"a-size-small\">Innovative HD Wi-Fi technology allows for 720p real-time video transmission from up to 1.2 mi (2 km) away.*</p>\r\n<p class=\"a-size-small\">*Unobstructed, free of interference, with remote controller when FCC compliant.</p>\r\n<p class=\"a-size-small\">&nbsp;</p>\r\n<p class=\"a-size-small\">&nbsp;</p>\r\n<h2>Product information:</h2>\r\n<p>&nbsp;</p>\r\n<table id=\"productDetails_detailBullets_sections1\" class=\"a-keyvalue prodDetTable\" role=\"presentation\">\r\n<tbody>\r\n<tr>\r\n<th class=\"a-color-secondary a-size-base prodDetSectionEntry\" style=\"text-align: left;\">Product Dimensions</th>\r\n<td class=\"a-size-base\" style=\"text-align: right;\">9.7 x 8 x 2.8 inches</td>\r\n</tr>\r\n<tr>\r\n<th class=\"a-color-secondary a-size-base prodDetSectionEntry\" style=\"text-align: left;\">Item Weight</th>\r\n<td class=\"a-size-base\" style=\"text-align: right;\">1.46 pounds</td>\r\n</tr>\r\n<tr>\r\n<th class=\"a-color-secondary a-size-base prodDetSectionEntry\" style=\"text-align: left;\">Shipping Weight</th>\r\n<td class=\"a-size-base\" style=\"text-align: right;\">1.46 pounds</td>\r\n</tr>\r\n<tr>\r\n<th class=\"a-color-secondary a-size-base prodDetSectionEntry\" style=\"text-align: left;\">ASIN</th>\r\n<td class=\"a-size-base\" style=\"text-align: right;\">B07CKJBKG8</td>\r\n</tr>\r\n<tr>\r\n<th class=\"a-color-secondary a-size-base prodDetSectionEntry\" style=\"text-align: left;\">Manufacturer recommended age</th>\r\n<td class=\"a-size-base\" style=\"text-align: right;\">18 years and up</td>\r\n</tr>\r\n<tr>\r\n<th class=\"a-color-secondary a-size-base prodDetSectionEntry\" style=\"text-align: left;\">Batteries</th>\r\n<td class=\"a-size-base\" style=\"text-align: right;\">1 Lithium ion batteries required.</td>\r\n</tr>\r\n</tbody>\r\n</table>\r\n<p class=\"a-size-small\">&nbsp;</p>\r\n<p>&nbsp;</p>\r\n</div>\r\n</div>\r\n</div>\r\n</div>\r\n</div>\r\n<div id=\"dpx-btf-renewed-program-description_feature_div\">\r\n<div id=\"renewedProgramDescriptionBtf_feature_div\" class=\"celwidget\" data-feature-name=\"renewedProgramDescriptionBtf\" data-cel-widget=\"renewedProgramDescriptionBtf_feature_div\"></div>\r\n</div>', '2-Axis Stabilized Gimbal Camera; 12MP Still Photos / 1080p/30 Video\r\nGesture and TapFly Control; FlightAutonomy with Obstacle Detection\r\nSubject Tracking from Various Angles; GPS- & Vision Position-Based Navigation'),
(81, 81, 'ar', 'DJI Phantom 3 Professional Quadcopter 4K', '<p><span class=\"a-list-item\"><img src=\"/storage/media/vkzbNysMcDzxhB9fLk6EoI67TvSTsYwDkqOx5zBP.jpeg\" alt=\"\" width=\"300\" height=\"300\" />&nbsp;</span></p>\r\n<h4 class=\"a-spacing-mini\">Epic Aerial Video</h4>\r\n<p>With the Phantom 3 Professional, you&rsquo;re shooting 4K video at up to 30 frames per second and capturing 12 megapixel photos that look crisper and cleaner than ever.</p>\r\n<p><span class=\"a-list-item\"><img src=\"/storage/media/YvrdvqWmxUWfcPzvB55pQlZDNqE4zBaNurBJBhQF.jpeg\" alt=\"\" width=\"300\" height=\"300\" />&nbsp;</span></p>\r\n<h4 class=\"a-spacing-mini\">Live HD View</h4>\r\n<p>Simply connect your phone or tablet, and a 720p HD view of everything your camera sees as you fly is displayed live</p>\r\n<p><img src=\"/storage/media/jDX8scoHpoeTIan58eKJg7ku38f6vkEXjWkKIV2z.jpeg\" alt=\"\" width=\"300\" height=\"300\" />&nbsp;</p>\r\n<h4 class=\"a-spacing-mini\">Complete Control</h4>\r\n<p>Keep your Phantom 3 fully under your command while accessing the most-used features right on the included remote controller.</p>\r\n<p><img src=\"/storage/media/1lzB5vYEausFcqdj7FQ1v4PPrCtksNjypCt5jrKt.jpeg\" alt=\"\" width=\"300\" height=\"300\" /> &nbsp;</p>\r\n<h4 class=\"a-spacing-mini\">Powerful Mobile App</h4>\r\n<p>Complete power is at your fingertips. Control the camera and change flight settings, all from your mobile device.</p>\r\n<p>&nbsp;</p>\r\n<p><img src=\"/storage/media/fcBMX4oNkydw3md39H7yU3Utq4qcGrvW9LLzhBhl.jpeg\" alt=\"\" width=\"300\" height=\"300\" />&nbsp;</p>\r\n<h4 class=\"a-spacing-mini\">Vision Positioning</h4>\r\n<p>Fly indoors, low to the ground, and in GPS-free areas with Vision Positioning technology.</p>\r\n<p>&nbsp;</p>\r\n<p>The Phantom 3 Professional continues the proud tradition of DJI\'s Phantom series and brings several important innovations to the Phantom\'s rich feature set. The Phantom 3 Professional carries a fully stabilized 3-axis 4k UHD video camera for smooth, crisp videos and still photos. To allow you to see what the drone sees, DJI has engineered a new generation of their Lightbridge technology that allows 720p HD digital streaming of live video directly from the drone. You can control the camera and see video in real time as you fly and you can even share the video using the DJI Pilot app\'s advanced features. To aid indoor flying, the Phantom 3 Professional includes an integrated array of optical and ultrasonic sensors call Vision Positioning that allows you to fly precisely indoors without a GPS signal. The Phantom 3 Professional includes all the tried-and-true features you\'d expect from a DJI drone, including GPS navigation with auto takeoffs and auto landings, intelligent high power flight battery, a built-in safety database of no fly zones, and a powerful mobile app for your iOS or Android device.</p>\r\n<p><br /><br /><strong>Note:&nbsp;</strong>DJI has locked your Phantom from being able to even start the motor if you live within a 15 mile radius of the White House. This encompasses not only D.C. but much of Prince Georges County, Arlington, Fairfax, Silver Spring, Falls Church and Montgomery County. DJI does not warn you of this prior to purchase. Outside of this 15 mile radius, the drone works great, but be aware, that if you bought it and live within the restricted zone, you will not be able to fly it, even on your own property.</p>\r\n<p>&nbsp;</p>\r\n<h3>Set Contains:</h3>\r\n<p>&nbsp;</p>\r\n<ul>\r\n<li style=\"list-style-type: none;\">\r\n<ul>\r\n<li>Aircraft Body (1)</li>\r\n<li>Remote Controller (1)</li>\r\n<li>Propeller Pairs (4)</li>\r\n<li>Intelligent Flight Battery (1)</li>\r\n<li>Battery Charger (1)</li>\r\n<li>Power Cable (1)</li>\r\n<li>Phantom 3 Professional / Advanced Safety Guidelines and Disclaimer (Manual)</li>\r\n<li>Phantom 3 Professional / Advanced Intelligent Flight Battery Safety Guidelines (Manual)</li>\r\n<li>Phantom 3 Professional Quick Start Guide (Manual)</li>\r\n<li>Gimbal Clamp (1)</li>\r\n<li>Vibration Absorbers (4)</li>\r\n<li>16GB Micro-SD Card (1)</li>\r\n<li>Micro-USB Cable (1)</li>\r\n<li>Anti-drop Kit (2)</li>\r\n<li>Landing Pads (4)</li>\r\n<li>Propeller Wrench (1)</li>\r\n<li>Stickers (5 - Gold, Silver, Red, Blue, Pink)</li>\r\n</ul>\r\n</li>\r\n</ul>\r\n<p>&nbsp;</p>\r\n<h2>Product information:</h2>\r\n<table id=\"productDetails_detailBullets_sections1\" class=\"a-keyvalue prodDetTable\" role=\"presentation\">\r\n<tbody>\r\n<tr>\r\n<th class=\"a-color-secondary a-size-base prodDetSectionEntry\" style=\"text-align: left;\">Product Dimensions</th>\r\n<td class=\"a-size-base\" style=\"text-align: right;\">18 x 13 x 8 inches</td>\r\n</tr>\r\n<tr>\r\n<th class=\"a-color-secondary a-size-base prodDetSectionEntry\" style=\"text-align: left;\">Item Weight</th>\r\n<td class=\"a-size-base\" style=\"text-align: right;\">9.2 pounds</td>\r\n</tr>\r\n<tr>\r\n<th class=\"a-color-secondary a-size-base prodDetSectionEntry\" style=\"text-align: left;\">Shipping Weight</th>\r\n<td class=\"a-size-base\" style=\"text-align: right;\">9.25 pounds (<a href=\"https://www.amazon.com/gp/help/seller/shipping.html/ref=dp_pd_shipping?_encoding=UTF8&amp;seller=A1JL84PCMGC6ZI&amp;asin=B00VSITBJO\">View shipping rates and policies</a>)</td>\r\n</tr>\r\n<tr>\r\n<th class=\"a-color-secondary a-size-base prodDetSectionEntry\" style=\"text-align: left;\">ASIN</th>\r\n<td class=\"a-size-base\" style=\"text-align: right;\">B00VSITBJO</td>\r\n</tr>\r\n<tr>\r\n<th class=\"a-color-secondary a-size-base prodDetSectionEntry\" style=\"text-align: left;\">Item model number</th>\r\n<td class=\"a-size-base\" style=\"text-align: right;\">CP.PT.000181</td>\r\n</tr>\r\n<tr>\r\n<th class=\"a-color-secondary a-size-base prodDetSectionEntry\" style=\"text-align: left;\">Batteries</th>\r\n<td class=\"a-size-base\" style=\"text-align: right;\">1 Lithium Metal batteries required. (included)</td>\r\n</tr>\r\n</tbody>\r\n</table>', '4k UHD video recording with fully stabilized 3-axis gimbal; Vision Positioning system allows stable flight indoors\r\nLightbridge digital streaming allows live viewing of 720p video (full resolution video is simultaneously recorded on the internal microSD card)');
INSERT INTO `product_translations` (`id`, `product_id`, `locale`, `name`, `description`, `short_description`) VALUES
(82, 82, 'ar', 'DJI Mavic Air Quadcopter with Remote Controller', '<p><span class=\"a-list-item\"><img src=\"/storage/media/VeQzhVvEoyvM7OIPUlX5LaC89SzaOzaEA9Gl70GK.jpeg\" alt=\"\" width=\"970\" height=\"300\" /></span></p>\r\n<p>&nbsp;</p>\r\n<p><span class=\"a-list-item\"><img src=\"/storage/media/peWDXnyehjWIT77Q5Nxdb0Os9ZA21kV4OndDskrk.jpeg\" alt=\"\" width=\"220\" height=\"220\" /> &nbsp;<img src=\"/storage/media/9PUdocYL0AEb3v3AAXaNZv5ZW8TMOdyRnJXesXKi.jpeg\" alt=\"\" width=\"220\" height=\"220\" /> &nbsp;<img src=\"/storage/media/wBLzOfmitYNtNvifsSzNitvQLAgG52H0nwJ3ZuCL.jpeg\" alt=\"\" width=\"220\" height=\"220\" /></span></p>\r\n<p>&nbsp;</p>\r\n<h4 class=\"a-spacing-mini\">A marvel of engineering and design</h4>\r\n<p class=\"a-size-small\">Mavic Air was built to go wherever adventure takes you. Inheriting the best of the Mavic series, this ultraportable and foldable drone features high-end flight performance and functionality for limitless exploration</p>\r\n<h4 class=\"a-spacing-mini\">32 MP Sphere Panoramas</h4>\r\n<p class=\"a-size-small\">In addition to Horizontal, Vertical, and 180&deg; panoramas, the Mavic Air stitches 25 photos together in just eight seconds to create crystal-clear 32 MP Sphere panoramas.1 View them from an immersive perspective with DJI Goggles.</p>\r\n<h4 class=\"a-spacing-mini\">4K 100 Mbps Video</h4>\r\n<p class=\"a-size-small\">The Mavic Air shoots video at an incredible 4K 30 fps, recording at 100 Mbps to capture every second with UHD quality.</p>\r\n<p class=\"a-size-small\">&nbsp;</p>\r\n<p class=\"a-size-small\"><img src=\"/storage/media/qYUfGZm9TiLlLSvdnYYAQRxBnPiR5KNvCMXJQomi.jpeg\" alt=\"\" width=\"220\" height=\"220\" /> &nbsp;<img src=\"/storage/media/8SKIefZgi4ThmQhHoHun4qPBEi3KHYG5BNsqciyk.jpeg\" alt=\"\" width=\"220\" height=\"220\" /> &nbsp;<img src=\"/storage/media/u97csICxmWwR43gl4zJBDD5EUY5GiyyvRSmesf58.jpeg\" alt=\"\" width=\"220\" height=\"220\" /></p>\r\n<p class=\"a-size-small\">&nbsp;</p>\r\n<h4 class=\"a-spacing-mini\">Slow-Motion Video</h4>\r\n<p class=\"a-size-small\">With support for recording 1080p 120 fps slow-motion video, the Mavic Air captures all your epic high-speed adventures.</p>\r\n<h4 class=\"a-spacing-mini\">HDR Photos</h4>\r\n<p class=\"a-size-small\">New HDR algorithms help you obtain the right exposure settings intelligently, according to lighting conditions. Overexposed or dark areas are processed for more natural transitions between highlights and shadows, while DSP acceleration allows for more efficient shooting.</p>\r\n<h4 class=\"a-spacing-mini\">Geometric Elegance</h4>\r\n<p class=\"a-size-small\">Expressing geometric precision, the Mavic Air\'s arms fold flush against its aerodynamic chassis. Magnesium alloy brackets reinforce the seven onboard cameras, rear vents dissipate heat efficiently, and the primary gimbal camera is recessed for better protection.</p>\r\n<p>&nbsp;</p>\r\n<p><strong>Details:</strong></p>\r\n<ul class=\"a-unordered-list a-vertical a-spacing-none\">\r\n<li><span class=\"a-list-item\">32.0MP sphere panoramas - In addition to horizontal, vertical, and 180&deg; panoramas, Mavic Air stitches 25 photos together in just eight seconds to create crystal clear 32.0MP sphere panoramas.</span></li>\r\n<li><span class=\"a-list-item\">Lightweight and compact foldable design - You can take it anywhere with you.</span></li>\r\n<li><span class=\"a-list-item\">Supports 4K video at 30 fps - The 12.0MP camera with Adobe DNG RAW support is ready to shoot. The three-axis gimbal is capable of stabilizing the camera even during high-speed motion for smooth video and sharp photos.</span></li>\r\n<li><span class=\"a-list-item\">Control your drone from up to 6562\' away - The Mavic Air Intelligent Flight lithium battery provides up to 21 minutes of flight time per charge.</span></li>\r\n<li><span class=\"a-list-item\">Dedicated remote controller- Features a foldable, low-profile, ergonomic design to hold your smartphone for maximum convenience. The detachable control sticks store inside the remote controller to pack more comfortably on the go.</span></li>\r\n<li><span class=\"a-list-item\">Fly by phone - Set up tracking to shoot a friend, or head skywards for a quick flight using your smartphone instead of controller.</span></li>\r\n<li><span class=\"a-list-item\">Share with your friends - Shoot an incredible scene and edit it with just a few taps in the DJI GO editor, and share it instantly for everyone to see.</span></li>\r\n</ul>\r\n<div class=\"a-row a-expander-container a-expander-inline-container\" aria-live=\"polite\">\r\n<div class=\"a-expander-content a-expander-extend-content a-expander-content-expanded\" aria-expanded=\"true\">\r\n<ul class=\"a-unordered-list a-vertical a-spacing-none\">\r\n<li><span class=\"a-list-item\">Safe flight - Its five vision sensors, GPS and GLONASS, a pair of ultrasonic range finders, redundant sensors, and a group of 24 powerful specialized computers make sure that your drone is flying safely.</span></li>\r\n<li><span class=\"a-list-item\">SmartCapture - Fun, simple, and intuitive, SmartCapture offers a new and interactive way of controlling the Mavic Air by hand. Launch and control the drone with hand gestures, then take photos or videos however you like.</span></li>\r\n<li><span class=\"a-list-item\">Included - DJI Mavic Air Quadcopter with Remote Controller, Intelligent flight battery, Charger and power cable, Four pairs of propellers, Propeller guards (set), RC cable (Lightning connector), RC cable (standard micro USB connector), RC cable (USB type-C connector), Gimbal protector and spare control sticks (pair), Communication cable (USB3.0 type-C), USB adapter, Two RC cable slider (large) and two RC cable slider (small), Carrying case</span></li>\r\n</ul>\r\n<p>&nbsp;</p>\r\n<h2>Product information:</h2>\r\n<table id=\"productDetails_detailBullets_sections1\" class=\"a-keyvalue prodDetTable\" role=\"presentation\">\r\n<tbody>\r\n<tr>\r\n<th class=\"a-color-secondary a-size-base prodDetSectionEntry\" style=\"text-align: left;\">Product Dimensions</th>\r\n<td class=\"a-size-base\" style=\"text-align: right;\">6.5 x 1.6 x 3.2 inches</td>\r\n</tr>\r\n<tr>\r\n<th class=\"a-color-secondary a-size-base prodDetSectionEntry\" style=\"text-align: left;\">Item Weight</th>\r\n<td class=\"a-size-base\" style=\"text-align: right;\">15.2 ounces</td>\r\n</tr>\r\n<tr>\r\n<th class=\"a-color-secondary a-size-base prodDetSectionEntry\" style=\"text-align: left;\">Shipping Weight</th>\r\n<td class=\"a-size-base\" style=\"text-align: right;\">3.8 pounds</td>\r\n</tr>\r\n<tr>\r\n<th class=\"a-color-secondary a-size-base prodDetSectionEntry\" style=\"text-align: left;\">ASIN</th>\r\n<td class=\"a-size-base\" style=\"text-align: right;\">B078WQ9SN3</td>\r\n</tr>\r\n<tr>\r\n<th class=\"a-color-secondary a-size-base prodDetSectionEntry\" style=\"text-align: left;\">Item model number</th>\r\n<td class=\"a-size-base\" style=\"text-align: right;\">CP.PT.00000130.01</td>\r\n</tr>\r\n<tr>\r\n<th class=\"a-color-secondary a-size-base prodDetSectionEntry\" style=\"text-align: left;\">Batteries</th>\r\n<td class=\"a-size-base\" style=\"text-align: right;\">1 Lithium Polymer batteries required.</td>\r\n</tr>\r\n</tbody>\r\n</table>\r\n<p>&nbsp;</p>\r\n</div>\r\n</div>', 'Adventure Unfolds, 32 MP Sphere Panoramas, Foldable and Portable, 3-Axis Gimbal and 4K Camera, 3-Directional Environment Sensing'),
(83, 83, 'ar', 'DJI Mavic Mini - Drone FlyCam Quadcopter UAV with 2.7K Camera', '<p><span class=\"a-list-item\"><img src=\"/storage/media/PzjZ0byC4tk0qzMa90U3Astkp6kmtbI1EmWCriLj.jpeg\" alt=\"\" width=\"1464\" height=\"600\" /></span></p>\r\n<p>&nbsp;</p>\r\n<p>&nbsp;</p>\r\n<p><span class=\"a-list-item\"><iframe src=\"https://www.youtube.com/embed/hS_OjalEpZI\" width=\"1000\" height=\"563\" frameborder=\"0\" allowfullscreen=\"allowfullscreen\" data-mce-fragment=\"1\"></iframe></span></p>\r\n<p>&nbsp;</p>\r\n<p><span class=\"a-list-item\"><img src=\"/storage/media/GkWUyRhqWKTRd1inVdr2h07pirYmk09Ilfn25dF0.jpeg\" alt=\"\" width=\"800\" height=\"600\" />&nbsp;</span></p>\r\n<h1 class=\"aplus-h1 aplus-module-1-heading a-text-bold\">Almost as Light as a Smartphone</h1>\r\n<p class=\"aplus-p2 aplus-module-1-description\">Weighing under 250 grams, Mavic Mini is almost as light as the average smartphone. This makes it exceptionally portable and places it in the lowest and safest weight class of drones, which in many countries may exempt it from certain regulations. Aircraft takeoff weight includes battery, propellers, and a microSD card.</p>\r\n<p>&nbsp;</p>\r\n<p>&nbsp;</p>\r\n<p><strong><span class=\"a-list-item\">Details:</span></strong></p>\r\n<ul class=\"a-unordered-list a-vertical a-spacing-none\">\r\n<li><span class=\"a-list-item\">The compact yet powerful Mavic Mini camera drone is the perfect creative companion, capturing your moments in a way that effortlessly elevates the ordinary</span></li>\r\n</ul>\r\n<p>&nbsp;</p>\r\n<ul class=\"a-unordered-list a-vertical a-spacing-none\">\r\n<li><span class=\"a-list-item\">Weighing less than 0.55lbs / 250 grams, Mavic Mini is almost as light as the average smartphone. In the United States and Canada, you can fly this camera drone without the need to register your drone with the government</span></li>\r\n</ul>\r\n<p>&nbsp;</p>\r\n<ul class=\"a-unordered-list a-vertical a-spacing-none\">\r\n<li><span class=\"a-list-item\">Mavic Mini supports 12MP aerial photos and 2.7K HD videos. A 3-axis motorized gimbal provides superior camera stability and ensures clear, Ultra-smooth footage</span></li>\r\n<li><span class=\"a-list-item\">Mavic Mini&rsquo;s weight allows it to stay in the air longer than similar consumer FlyCams on the market. Enjoy up to 30 minutes of flight time with a fully-charged battery</span></li>\r\n</ul>\r\n<p>&nbsp;</p>\r\n<ul class=\"a-unordered-list a-vertical a-spacing-none\">\r\n<li><span class=\"a-list-item\">DJI Fly App requires iOS v10.0, Android v6.0 or above. Compatible devices include: iPhone 11 Pro Max, 11 Pro, 11, XS Max, XS, XR, X, 8 Plus, 8, 7 Plus, 7, 6s Plus, 6s, 6 Plus, 6, Samsung Galaxy S10+, S10, S9+, S9 , S8+, S8, S7 edge, S7, S6, Note9, Note8, Huawei P30 Pro, P30, P20, P10, Mate 20 Pro, Mate 10, nova 5, nova 4, nova 3e, nova 2, Honor 8X, 10, 9, 20 Pro, Magic 2, Mi 8, MIX 2S, MIX 2, Redmi Note 5, Oppo Find X, R15, Vivo NEX, X27, X21, X20A, OnePlus 7, 6T, 5, Pixel 3 XL, 2 XL, 2, LG V20, LG G6</span></li>\r\n</ul>\r\n<p>&nbsp;</p>\r\n<h2>Product information:</h2>\r\n<p>&nbsp;</p>\r\n<table id=\"productDetails_detailBullets_sections1\" class=\"a-keyvalue prodDetTable\" role=\"presentation\">\r\n<tbody>\r\n<tr>\r\n<th class=\"a-color-secondary a-size-base prodDetSectionEntry\" style=\"text-align: left;\">Product Dimensions</th>\r\n<td class=\"a-size-base\" style=\"text-align: right;\">6.3 x 3.1 x 0.4 inches</td>\r\n</tr>\r\n<tr>\r\n<th class=\"a-color-secondary a-size-base prodDetSectionEntry\" style=\"text-align: left;\">Item Weight</th>\r\n<td class=\"a-size-base\" style=\"text-align: right;\">1.8 pounds</td>\r\n</tr>\r\n<tr>\r\n<th class=\"a-color-secondary a-size-base prodDetSectionEntry\" style=\"text-align: left;\">Shipping Weight</th>\r\n<td class=\"a-size-base\" style=\"text-align: right;\">1.85 pounds (<a href=\"https://www.amazon.com/gp/help/seller/shipping.html/ref=dp_pd_shipping?_encoding=UTF8&amp;seller=ATVPDKIKX0DER&amp;asin=B07RQJHG8M\">View shipping rates and policies</a>)</td>\r\n</tr>\r\n<tr>\r\n<th class=\"a-color-secondary a-size-base prodDetSectionEntry\" style=\"text-align: left;\">ASIN</th>\r\n<td class=\"a-size-base\" style=\"text-align: right;\">B07RQJHG8M</td>\r\n</tr>\r\n<tr>\r\n<th class=\"a-color-secondary a-size-base prodDetSectionEntry\" style=\"text-align: left;\">Item model number</th>\r\n<td class=\"a-size-base\" style=\"text-align: right;\">CP.MA.00000120.01</td>\r\n</tr>\r\n<tr>\r\n<th class=\"a-color-secondary a-size-base prodDetSectionEntry\" style=\"text-align: left;\">Batteries</th>\r\n<td class=\"a-size-base\" style=\"text-align: right;\">1 Lithium Polymer batteries required. (included)</td>\r\n</tr>\r\n</tbody>\r\n</table>', 'DJI Mavic Mini - Drone FlyCam Quadcopter UAV with 2 7K Camera 3-Axis Gimbal GPS 30min Flight Time less than 0 55lbs Gray'),
(84, 84, 'ar', 'SAMSUNG QN32Q50RAFXZA Flat 32\" QLED', '<h1 style=\"text-align: center;\"><span class=\"aplus-accent1 aplus-module-1-topic a-text-bold\">SAMSUNG QN32Q50RAFXZA Flat 32\" QLED</span></h1>\r\n<p>&nbsp;</p>\r\n<p><span class=\"aplus-accent1 aplus-module-1-topic a-text-bold\">Brilliant color in dark or bright scenes</span></p>\r\n<h1 class=\"aplus-h1 aplus-module-1-heading a-text-bold\">Step up to a whole new world of QLED color</h1>\r\n<p class=\"aplus-p2 aplus-module-1-description\">Quantum Dot technology lets you experience images bursting with a dazzling range of over a billion colors, each upscaled to incredible clarity thanks to our intelligent UHD processor.</p>\r\n<p class=\"aplus-p2 aplus-module-1-description\">&nbsp;</p>\r\n<p class=\"aplus-p2 aplus-module-1-description\">&nbsp;</p>\r\n<p><img src=\"/storage/media/NfTBCITvhRJ2C3SHyuI0ynaUfEJHUhsdx4e43Ebj.jpeg\" alt=\"\" width=\"1464\" height=\"600\" /></p>\r\n<p>&nbsp;</p>\r\n<p>&nbsp;</p>\r\n<p>&nbsp;</p>\r\n<p><span class=\"a-list-item\"><img style=\"display: block; margin-left: auto; margin-right: auto;\" src=\"/storage/media/h2Mj4m0gNDMnBch96RsJmLePRPIelPpWNs2XtMuz.jpeg\" alt=\"\" width=\"650\" height=\"349\" /></span></p>\r\n<p>&nbsp;</p>\r\n<p>&nbsp;</p>\r\n<p>&nbsp;</p>\r\n<p><span class=\"a-list-item\"><img style=\"display: block; margin-left: auto; margin-right: auto;\" src=\"/storage/media/ADEzBRk6QdrbbAcxdeWPdfFLjGb3PpKHlCQCHDC1.jpeg\" alt=\"\" width=\"650\" height=\"350\" /></span></p>\r\n<p>&nbsp;</p>\r\n<p>&nbsp;</p>\r\n<p>&nbsp;</p>\r\n<p><span class=\"a-list-item\"><img style=\"display: block; margin-left: auto; margin-right: auto;\" src=\"/storage/media/nHyTTW89D4vgFJU91N7gskZNJasoijlZaRXbTWCY.jpeg\" alt=\"\" width=\"650\" height=\"350\" /></span></p>\r\n<p>&nbsp;</p>\r\n<p>&nbsp;</p>\r\n<p><span class=\"a-list-item\"><img style=\"display: block; margin-left: auto; margin-right: auto;\" src=\"/storage/media/z6TsQAfwEG1SFYHrDJhMTJsZEivId6xap3QEbVRw.jpeg\" alt=\"\" width=\"650\" height=\"350\" /></span></p>\r\n<p>&nbsp;</p>\r\n<p>&nbsp;</p>\r\n<p><span class=\"a-list-item\">&nbsp;</span></p>\r\n<p>&nbsp;</p>\r\n<p>&nbsp;</p>\r\n<p style=\"text-align: center;\"><strong>Details:</strong></p>\r\n<p>&nbsp;</p>\r\n<p style=\"text-align: center;\"><span class=\"a-list-item\">4K UHD Processor: a powerful processor optimizes your tv&rsquo; s performance with 4K picture quality</span></p>\r\n<p style=\"text-align: center;\"><span class=\"a-list-item\">HD: see shades of color that reveal more detail than HDTV can deliver</span></p>\r\n<p style=\"text-align: center;\"><span class=\"a-list-item\">100% Color Volume with Quantum Dot*: Over a billion shades of brilliant color&mdash;powered by Quantum Dots&mdash;deliver our most realistic picture</span></p>\r\n<p style=\"text-align: center;\"><span class=\"a-list-item\">4K UHD: see what you&rsquo;ve been missing on a crisp, clear picture that&rsquo;s 4x the resolution of Full HD</span></p>\r\n<p style=\"text-align: center;\"><span class=\"a-list-item\">Smart TV with Universal Guide: our simple on-screen Guide is an easy way to find streaming content and live TV shows</span></p>\r\n<p style=\"text-align: center;\"><span class=\"a-list-item\">Sound Output (RMS): 20W</span></p>\r\n<p>&nbsp;</p>\r\n<p><span class=\"a-list-item\"><img style=\"display: block; margin-left: auto; margin-right: auto;\" src=\"/storage/media/Q45hVFpdOsh3xDHW78HLVRirg7OXlUIwh4zvTVXY.jpeg\" alt=\"\" width=\"800\" height=\"600\" /></span></p>\r\n<p>&nbsp;</p>\r\n<p><strong>Product information:</strong></p>\r\n<p>&nbsp;</p>\r\n<table id=\"productDetails_techSpec_section_1\" class=\"a-keyvalue prodDetTable\" role=\"presentation\">\r\n<tbody>\r\n<tr>\r\n<th class=\"a-color-secondary a-size-base prodDetSectionEntry\" style=\"text-align: left;\">Brand Name</th>\r\n<td class=\"a-size-base\" style=\"text-align: right;\">Samsung</td>\r\n</tr>\r\n<tr>\r\n<th class=\"a-color-secondary a-size-base prodDetSectionEntry\" style=\"text-align: left;\">Item Weight</th>\r\n<td class=\"a-size-base\" style=\"text-align: right;\">11.9 pounds</td>\r\n</tr>\r\n<tr>\r\n<th class=\"a-color-secondary a-size-base prodDetSectionEntry\" style=\"text-align: left;\">Product Dimensions</th>\r\n<td class=\"a-size-base\" style=\"text-align: right;\">6.1 x 28.5 x 18.8 inches</td>\r\n</tr>\r\n<tr>\r\n<th class=\"a-color-secondary a-size-base prodDetSectionEntry\" style=\"text-align: left;\">Item model number</th>\r\n<td class=\"a-size-base\" style=\"text-align: right;\">QN32Q50RAFXZA</td>\r\n</tr>\r\n<tr>\r\n<th class=\"a-color-secondary a-size-base prodDetSectionEntry\" style=\"text-align: left;\">Color Name</th>\r\n<td class=\"a-size-base\" style=\"text-align: right;\">Black</td>\r\n</tr>\r\n<tr>\r\n<th class=\"a-color-secondary a-size-base prodDetSectionEntry\" style=\"text-align: left;\">Special Features</th>\r\n<td class=\"a-size-base\" style=\"text-align: right;\">4K UHD Processor;&nbsp; Slim Design; 100% Color Volume with Quantum Dot</td>\r\n</tr>\r\n</tbody>\r\n</table>', 'Samsung 32\" QLED Smart TV. A picture that\'s worth a billion colors. Step up to a whole new world of Color. Quantum Dot technology lets you experience images bursting with a dazzling range of over one billion colors.'),
(85, 85, 'ar', 'Samsung QN55Q80RAFXZA Flat 55-Inch QLED 4K', '<h1 style=\"text-align: center;\">Samsung QN55Q80RAFXZA Flat 55-Inch QLED 4K</h1>\r\n<p>&nbsp;</p>\r\n<p><span class=\"a-list-item\"><img style=\"display: block; margin-left: auto; margin-right: auto;\" src=\"/storage/media/bp0SWBTpHQjvmQJTxNDPLMDwAE0FPhk5yFEmHiKa.jpeg\" alt=\"\" width=\"1464\" height=\"600\" /></span></p>\r\n<p>&nbsp;</p>\r\n<h3 class=\"aplus-p3\" style=\"text-align: center;\">Direct Full Array 8X</h3>\r\n<h1 class=\"aplus-h1 a-text-bold\" style=\"text-align: center;\">Precision makes perfect</h1>\r\n<p class=\"description aplus-p1\" style=\"text-align: center;\">Precisely controlled LEDs intelligently adjust to deliver rich blacks and crisp, bright whites.</p>\r\n<p class=\"description aplus-p1\">&nbsp;</p>\r\n<p class=\"description aplus-p1\"><img style=\"display: block; margin-left: auto; margin-right: auto;\" src=\"/storage/media/GkYpjm2k3ZbrYZB5AtHiS6yh4qEtO0fZ6yvXs8ms.jpeg\" alt=\"\" width=\"650\" height=\"350\" /></p>\r\n<p class=\"description aplus-p1\">&nbsp;</p>\r\n<div class=\"a-section a-spacing-none column-heading\">\r\n<h1 class=\"aplus-h3 a-text-bold\" style=\"text-align: center;\">100% Color Volume with Quantum Dot*</h1>\r\n</div>\r\n<div class=\"a-section a-spacing-none column-description\">\r\n<p class=\"aplus-p3\" style=\"text-align: center;\">Over a billion shades of brilliant color&mdash;powered by Quantum Dots&mdash;deliver our most realistic picture.</p>\r\n<p class=\"aplus-p3\" style=\"text-align: center;\"><span class=\"a-text-italic\">*QLED televisions can produce 100% Color Volume in the DCI-P3 color space, the format for most cinema screens and HDR movies for television.</span></p>\r\n<p class=\"aplus-p3\" style=\"text-align: center;\">&nbsp;</p>\r\n</div>\r\n<p><img style=\"display: block; margin-left: auto; margin-right: auto;\" src=\"/storage/media/B3XCER4OaFdw6wt6DVzg04mN1QZIgUP32kaaKetX.jpeg\" alt=\"\" width=\"650\" height=\"350\" /></p>\r\n<div class=\"a-section a-spacing-none column-heading\">\r\n<h1 class=\"aplus-h3 a-text-bold\">&nbsp;</h1>\r\n<h1 class=\"aplus-h3 a-text-bold\" style=\"text-align: center;\">Ambient Mode</h1>\r\n</div>\r\n<div class=\"a-section a-spacing-none column-description\">\r\n<p class=\"aplus-p3\" style=\"text-align: center;\">Complements your space by turning a blank screen into enticing visuals or at-a-glance news.*</p>\r\n<p class=\"aplus-p3\" style=\"text-align: center;\"><span class=\"a-text-italic\">*Background feature accuracy may vary based on TV location and is dependent on wall designs, patterns and/or colors. </span></p>\r\n<p class=\"aplus-p3\" style=\"text-align: center;\"><span class=\"a-text-italic\">SmartThings app on a mobile device (Android, iOS) is required for some functionality.</span></p>\r\n</div>\r\n<p>&nbsp;</p>\r\n<div class=\"a-section a-spacing-none column-description\">\r\n<p class=\"aplus-p3\">&nbsp;</p>\r\n<p class=\"aplus-p3\"><span class=\"a-text-italic\"><img style=\"display: block; margin-left: auto; margin-right: auto;\" src=\"/storage/media/tBAhDCDnH8vTU2IfqfZcfAmw9L0LZCzd6n21v1xt.jpeg\" alt=\"\" width=\"650\" height=\"350\" /></span></p>\r\n<p class=\"aplus-p3\">&nbsp;</p>\r\n<div class=\"a-section a-spacing-none column-heading\">\r\n<h1 class=\"aplus-h3 a-text-bold\" style=\"text-align: center;\">Bixby on TV</h1>\r\n</div>\r\n<div class=\"a-section a-spacing-none column-description\">\r\n<p class=\"aplus-p3\" style=\"text-align: center;\">Control your TV with just your voice.*</p>\r\n<p class=\"aplus-p3\" style=\"text-align: center;\"><span class=\"a-text-italic\">*Bixby voice command recognizes English (U.S.), Mandarin Chinese and Korean. Not all accents, dialects and expressions are recognized. </span></p>\r\n<p class=\"aplus-p3\" style=\"text-align: center;\"><span class=\"a-text-italic\">The list of features that can be controlled by voice commands via Bixby will continue to expand.</span></p>\r\n<p class=\"aplus-p3\">&nbsp;</p>\r\n<p class=\"aplus-p3\"><span class=\"a-text-italic\"><img style=\"display: block; margin-left: auto; margin-right: auto;\" src=\"/storage/media/5pyHITOdidJmfGVoajrqy5lkR14JyMQDNrhKpNhK.jpeg\" alt=\"\" width=\"650\" height=\"350\" /></span></p>\r\n</div>\r\n<p class=\"aplus-p3\">&nbsp;</p>\r\n<p class=\"aplus-p3\">&nbsp;</p>\r\n</div>\r\n<div class=\"a-section a-spacing-none column-heading\">\r\n<h1 class=\"aplus-h3 a-text-bold\" style=\"text-align: center;\">Smart TV with Universal Guide</h1>\r\n</div>\r\n<div class=\"a-section a-spacing-none column-description\" style=\"text-align: center;\">\r\n<p class=\"aplus-p3\">Our simple on-screen guide is an easy way to find streaming content and live TV shows.</p>\r\n</div>\r\n<p style=\"text-align: center;\">&nbsp;</p>\r\n<p><strong><span class=\"a-list-item\">Description:</span></strong></p>\r\n<ul class=\"a-unordered-list a-vertical a-spacing-none\">\r\n<li><span class=\"a-list-item\">100% COLOR VOLUME WITH QUANTUM DOTS: Powered by Quantum dots, Samsung&rsquo;s 4K QLED TV offers over a billion shades of brilliant color and 100% color volume for exceptional depth of detail that will draw you in to the picture for the best 4K TV experience</span></li>\r\n<li><span class=\"a-list-item\">DIRECT FULL ARRAY BACKLIGHT 8X: Concentrated zones of precision controlled LEDs auto adjust contrast between pure whites and ultra deep blacks, revealing hidden details in even the darkest scenes</span></li>\r\n<li><span class=\"a-list-item\">QUANTUM PROCESSOR 4K: Intelligently powered processor instantly upscales content to 4K for sharp detail and refined color; Stand Size (WxHxD) 1 x 7 x 10.1 inches</span></li>\r\n<li><span class=\"a-list-item\">QUANTUM HDR 12X: 4K depth of detail with high dynamic range powered by HDR10+ delivers the lightest to darkest colors, scene by scene, for amazing picture realism</span></li>\r\n<li><span class=\"a-list-item\">ULTRA VIEWING ANGLE: Engineered to reduce glare and enhance color even in bright rooms, the ultra viewing angle provides for a vibrant picture no matter where you sit around this big screen TV</span></li>\r\n</ul>\r\n<p>&nbsp;</p>\r\n<p><strong>Product information:</strong></p>\r\n<p>&nbsp;</p>\r\n<table id=\"productDetails_techSpec_section_1\" class=\"a-keyvalue prodDetTable\" role=\"presentation\">\r\n<tbody>\r\n<tr>\r\n<th class=\"a-color-secondary a-size-base prodDetSectionEntry\" style=\"text-align: left;\">Brand Name</th>\r\n<td class=\"a-size-base\" style=\"text-align: right;\">Samsung</td>\r\n</tr>\r\n<tr>\r\n<th class=\"a-color-secondary a-size-base prodDetSectionEntry\" style=\"text-align: left;\">Item Weight</th>\r\n<td class=\"a-size-base\" style=\"text-align: right;\">42.1 pounds</td>\r\n</tr>\r\n<tr>\r\n<th class=\"a-color-secondary a-size-base prodDetSectionEntry\" style=\"text-align: left;\">Product Dimensions</th>\r\n<td class=\"a-size-base\" style=\"text-align: right;\">2.4 x 48.4 x 27.9 inches</td>\r\n</tr>\r\n<tr>\r\n<th class=\"a-color-secondary a-size-base prodDetSectionEntry\" style=\"text-align: left;\">California residents</th>\r\n<td class=\"a-size-base\" style=\"text-align: right;\"><a href=\"https://www.amazon.com/gp/help/customer/display.html/ref=dp_prop65_warn?ie=UTF8&amp;nodeId=3234041\">Click here</a>&nbsp;for Proposition 65 warning</td>\r\n</tr>\r\n<tr>\r\n<th class=\"a-color-secondary a-size-base prodDetSectionEntry\" style=\"text-align: left;\">Item model number</th>\r\n<td class=\"a-size-base\" style=\"text-align: right;\">QN55Q80RAFXZA</td>\r\n</tr>\r\n<tr>\r\n<th class=\"a-color-secondary a-size-base prodDetSectionEntry\" style=\"text-align: left;\">Discontinued by manufacturer</th>\r\n<td class=\"a-size-base\" style=\"text-align: right;\">Yes</td>\r\n</tr>\r\n<tr>\r\n<th class=\"a-color-secondary a-size-base prodDetSectionEntry\" style=\"text-align: left;\">Color Name</th>\r\n<td class=\"a-size-base\" style=\"text-align: right;\">Silver</td>\r\n</tr>\r\n<tr>\r\n<th class=\"a-color-secondary a-size-base prodDetSectionEntry\" style=\"text-align: left;\">Speaker Type</th>\r\n<td class=\"a-size-base\" style=\"text-align: right;\">4.1CH</td>\r\n</tr>\r\n</tbody>\r\n</table>', '100% COLOR VOLUME WITH QUANTUM DOTS: Powered by Quantum dots, Samsung’s 4K QLED TV offers over a billion shades of brilliant color and 100% color volume for exceptional depth of detail that will draw you in to the picture for the best 4K TV experience'),
(86, 86, 'ar', 'Samsung QN65Q90RAFXZA Flat 65-Inch QLED 4K', '<p><img src=\"/storage/media/sZ9zRA6JvQxXsrheYUQeJ2wU9kVMu8vDnRTolKtM.jpeg\" alt=\"\" width=\"1464\" height=\"600\" /></p>\r\n<p>&nbsp;</p>\r\n<h3 class=\"aplus-p3\">Direct Full Array 16X</h3>\r\n<h1 class=\"aplus-h1 a-text-bold\">Precision makes perfect</h1>\r\n<p class=\"description aplus-p1\">Concentrated zones of precision-controlled LEDs display ultra-deep blacks and pure whites.</p>\r\n<p class=\"description aplus-p1\">&nbsp;</p>\r\n<table style=\"border-collapse: collapse; width: 100%; margin-left: auto; margin-right: auto;\" border=\"0\">\r\n<tbody>\r\n<tr>\r\n<td style=\"width: 50%;\">\r\n<p>&nbsp;</p>\r\n<p><img src=\"/storage/media/YXUZVb0tPEDOaocHmQlAh9TbQ5aZqZyjSGKBNyM2.jpeg\" alt=\"\" width=\"651\" height=\"350\" /></p>\r\n<p>&nbsp;</p>\r\n<div class=\"a-section a-spacing-none column-heading\">\r\n<h1 class=\"aplus-h3 a-text-bold\">Ambient Mode</h1>\r\n</div>\r\n<div class=\"a-section a-spacing-none column-description\">\r\n<p class=\"aplus-p3\">Complements your space by turning a blank screen into enticing visuals or at-a-glance news.*</p>\r\n<p class=\"aplus-p3\"><span class=\"a-text-italic\">*Background feature accuracy may vary based on TV location and is dependent on wall designs, patterns and/or colors. SmartThings app on a mobile device (Android, iOS) is required for some functionality.</span></p>\r\n</div>\r\n<p>&nbsp;</p>\r\n</td>\r\n<td style=\"width: 50%;\">\r\n<p><img src=\"/storage/media/OzcNkBH2cuI0mXN0wz3g63YXRkJUven7W8YLjWMR.jpeg\" alt=\"\" width=\"651\" height=\"350\" /></p>\r\n<p>&nbsp;</p>\r\n<div class=\"a-section a-spacing-none column-heading\">\r\n<h1 class=\"aplus-h3 a-text-bold\">One Invisible Connection &amp; No Gap Wall-Mount</h1>\r\n</div>\r\n<div class=\"a-section a-spacing-none column-description\">\r\n<p class=\"aplus-p3\">Your TV hangs flush to the wall, while a single, slim cable connects everything.*</p>\r\n<p class=\"aplus-p3\"><span class=\"a-text-italic\">*A small gap between the wall and TV may occur if wall is not 100% flat or is constructed off-angle to the floor or if installed incorrectly.</span></p>\r\n</div>\r\n</td>\r\n</tr>\r\n<tr>\r\n<td style=\"width: 50%;\">\r\n<p>&nbsp;</p>\r\n<p><img src=\"/storage/media/LLc7rRyqabPv7bDdCKGCjzoQ2r2cS5DHa4sIukCz.jpeg\" alt=\"\" width=\"651\" height=\"350\" /></p>\r\n<p>&nbsp;</p>\r\n<div class=\"a-section a-spacing-none column-heading\">\r\n<h1 class=\"aplus-h3 a-text-bold\">Bixby on TV</h1>\r\n</div>\r\n<div class=\"a-section a-spacing-none column-description\">\r\n<p class=\"aplus-p3\">Control your TV with just your voice.*</p>\r\n<p class=\"aplus-p3\"><span class=\"a-text-italic\">*Bixby voice command recognizes English (U.S.), Mandarin Chinese and Korean. Not all accents, dialects and expressions are recognized. The list of features that can be controlled by voice commands via Bixby will continue to expand.</span></p>\r\n</div>\r\n</td>\r\n<td style=\"width: 50%;\">\r\n<p>&nbsp;</p>\r\n<p><img src=\"/storage/media/wnAHZNmlFc5iDob8RDYmGUbgZGsmU70ebMPG8EL8.jpeg\" alt=\"\" width=\"651\" height=\"350\" /></p>\r\n<div class=\"a-section a-spacing-none column-heading\">\r\n<h1 class=\"aplus-h3 a-text-bold\">Available on all 2019 Samsung QLED TVs</h1>\r\n</div>\r\n<div class=\"a-section a-spacing-none column-description\">\r\n<p class=\"aplus-p3\">Features such as 100% Color Volume, Bixby Voice and Ambient Mode are now standard on Samsung&rsquo;s QLED TV lineup.</p>\r\n</div>\r\n<p>&nbsp;</p>\r\n</td>\r\n</tr>\r\n</tbody>\r\n</table>\r\n<p>&nbsp;</p>\r\n<table style=\"border-collapse: collapse; width: 151.885%; margin-left: auto; margin-right: auto; height: 663px;\" border=\"0\">\r\n<tbody>\r\n<tr>\r\n<td style=\"width: 33.0942%;\"><img src=\"/storage/media/vOpajESovcDS7Ne8Gb9tEAOZzcDRVg3SFuDIotLW.jpeg\" alt=\"\" width=\"800\" height=\"600\" /></td>\r\n<td style=\"width: 57.838%;\"><span class=\"aplus-accent1 aplus-module-1-topic a-text-bold\">The pinnacle of our 4K TVs</span>\r\n<h1 class=\"aplus-h1 aplus-module-1-heading a-text-bold\">Unveiling Hidden Detail&nbsp; &nbsp; &nbsp;</h1>\r\n<p class=\"aplus-p2 aplus-module-1-description\">Once it draws your eye, you&rsquo;ll want to watch more. Colors spring to life in breathtaking new shades with our finest 4K HDR, and a full array of concentrated LED zones reveals hidden details in even the darkest scenes. You need to see it to believe it.</p>\r\n</td>\r\n</tr>\r\n</tbody>\r\n</table>\r\n<p>&nbsp;</p>\r\n<p><strong>Description:</strong></p>\r\n<ul class=\"a-unordered-list a-vertical a-spacing-none\">\r\n<li><span class=\"a-list-item\">100% COLOR VOLUME WITH QUANTUM DOTS: Powered by Quantum dots, Samsung&rsquo;s 4K QLED TV offers over a billion shades of brilliant color and 100% color volume for exceptional depth of detail that will draw you in to the picture for the best 4K TV experience</span></li>\r\n</ul>\r\n<p>&nbsp;</p>\r\n<ul class=\"a-unordered-list a-vertical a-spacing-none\">\r\n<li><span class=\"a-list-item\">DIRECT FULL ARRAY BACKLIGHT 16X: Concentrated zones of precision-controlled LEDs auto-adjust contrast between pure whites and ultra-deep blacks, revealing hidden details in even the darkest scenes</span></li>\r\n<li><span class=\"a-list-item\">QUANTUM PROCESSOR 4K: Intelligently powered processor instantly upscales content to 4K for sharp detail and refined color</span></li>\r\n</ul>\r\n<p>&nbsp;</p>\r\n<ul class=\"a-unordered-list a-vertical a-spacing-none\">\r\n<li><span class=\"a-list-item\">QUANTUM HDR 16X: 4K depth of detail with high dynamic range powered by HDR10+ lets you discover a new frontier of spectacular color and incredible detail, just as the director intended</span></li>\r\n<li><span class=\"a-list-item\">ULTRA-VIEWING ANGLE: Engineered to reduce glare and enhance color even in bright rooms, the ultra-viewing angle provides for a vibrant picture no matter where you sit around this big screen TV</span></li>\r\n</ul>\r\n<p>&nbsp;</p>\r\n<p><strong>Product information:</strong></p>\r\n<p>&nbsp;</p>\r\n<table id=\"productDetails_techSpec_section_1\" class=\"a-keyvalue prodDetTable\" role=\"presentation\">\r\n<tbody>\r\n<tr>\r\n<th class=\"a-color-secondary a-size-base prodDetSectionEntry\" style=\"text-align: left;\">Brand Name</th>\r\n<td class=\"a-size-base\" style=\"text-align: right;\">Samsung</td>\r\n</tr>\r\n<tr>\r\n<th class=\"a-color-secondary a-size-base prodDetSectionEntry\" style=\"text-align: left;\">Item Weight</th>\r\n<td class=\"a-size-base\" style=\"text-align: right;\">76.9 pounds</td>\r\n</tr>\r\n<tr>\r\n<th class=\"a-color-secondary a-size-base prodDetSectionEntry\" style=\"text-align: left;\">Product Dimensions</th>\r\n<td class=\"a-size-base\" style=\"text-align: right;\">1.6 x 57.1 x 32.7 inches</td>\r\n</tr>\r\n<tr>\r\n<th class=\"a-color-secondary a-size-base prodDetSectionEntry\" style=\"text-align: left;\">California residents</th>\r\n<td class=\"a-size-base\" style=\"text-align: right;\"><a href=\"https://www.amazon.com/gp/help/customer/display.html/ref=dp_prop65_warn?ie=UTF8&amp;nodeId=3234041\">Click here</a>&nbsp;for Proposition 65 warning</td>\r\n</tr>\r\n<tr>\r\n<th class=\"a-color-secondary a-size-base prodDetSectionEntry\" style=\"text-align: left;\">Item model number</th>\r\n<td class=\"a-size-base\" style=\"text-align: right;\">QN65Q90RAFXZA</td>\r\n</tr>\r\n<tr>\r\n<th class=\"a-color-secondary a-size-base prodDetSectionEntry\" style=\"text-align: left;\">Batteries</th>\r\n<td class=\"a-size-base\" style=\"text-align: right;\">2 AAA batteries required.</td>\r\n</tr>\r\n<tr>\r\n<th class=\"a-color-secondary a-size-base prodDetSectionEntry\" style=\"text-align: left;\">Discontinued by manufacturer</th>\r\n<td class=\"a-size-base\" style=\"text-align: right;\">Yes</td>\r\n</tr>\r\n<tr>\r\n<th class=\"a-color-secondary a-size-base prodDetSectionEntry\" style=\"text-align: left;\">Color Name</th>\r\n<td class=\"a-size-base\" style=\"text-align: right;\">Silver</td>\r\n</tr>\r\n<tr>\r\n<th class=\"a-color-secondary a-size-base prodDetSectionEntry\" style=\"text-align: left;\">Speaker Type</th>\r\n<td class=\"a-size-base\" style=\"text-align: right;\">4.2CH</td>\r\n</tr>\r\n</tbody>\r\n</table>\r\n<p>&nbsp;</p>', 'QUANTUM PROCESSOR 4K: Intelligently powered processor instantly upscales content to 4K for sharp detail and refined color\r\nQUANTUM HDR 16X: 4K depth of detail with high dynamic range powered by HDR10+ lets you discover a new frontier of spectacular color and incredible detail, just as the director intended'),
(87, 87, 'ar', 'LG Electronics LG SIGNATURE OLED77G7P 77-Inch 4K', '<h3 class=\"a-spacing-mini\" style=\"text-align: center;\">LG Signature OLED TV G - 4K HDR Smart TV - 77\" Class (76.8 Diag) - OLED77G7P</h3>\r\n<p>&nbsp;</p>\r\n<table style=\"border-collapse: collapse; width: 101.915%; height: 578px; margin-left: auto; margin-right: auto;\" border=\"0\">\r\n<tbody>\r\n<tr>\r\n<td style=\"width: 25.1064%;\">\r\n<p><img src=\"/storage/media/mqIdRyAUBGJvCz7PogXN8iEbqjdVl4kPb0oxfAdb.jpeg\" alt=\"\" width=\"220\" height=\"220\" /></p>\r\n</td>\r\n<td style=\"width: 24.8936%;\"><img src=\"/storage/media/aYtrlqrm1ZpzpNLJIAYp9qlPqx43EuJxxJ6Qd8XD.jpeg\" alt=\"\" width=\"220\" height=\"220\" /></td>\r\n<td style=\"width: 25%;\"><img src=\"/storage/media/bEkMQOB1zqBrwKugVDtz1Pq1uRQAfC08lHAbgRaZ.jpeg\" alt=\"\" width=\"220\" height=\"220\" /></td>\r\n<td style=\"width: 25%;\"><img src=\"/storage/media/KFc7gJ3Opx502U5aeKI3aWi9CprTgxHjHxkwYWNQ.jpeg\" alt=\"\" width=\"220\" height=\"220\" /></td>\r\n</tr>\r\n<tr>\r\n<td style=\"width: 25.1064%;\">\r\n<h4 class=\"a-spacing-mini\">Picture on Glass, A work of art</h4>\r\n<p class=\"a-size-small\">The elegance of glass combines with the unparalleled sophistication of OLED for an image that appears to float in the air. Picture-on-Glass design places the incomparably thin, flexible, lightweight OLED panel&nbsp;</p>\r\n<p>&nbsp;</p>\r\n</td>\r\n<td style=\"width: 24.8936%;\">\r\n<h4 class=\"a-spacing-mini\">Intense Color on Perfect Black</h4>\r\n<p class=\"a-size-small\">Picture night skies as dark as night skies themselves. Against the infinite, inky darkness of perfect black, colors pop and images come alive. LG OLED pixels are what make it all possible, each turning on and off individually for truly infinite contrast.</p>\r\n</td>\r\n<td style=\"width: 25%;\">\r\n<h4 class=\"a-spacing-mini\">Dolby Vision and Dolby Atmos, True Home Cinema</h4>\r\n<p class=\"a-size-small\">LG OLED TV is the ultimate expression of a cinema-quality experience in the home. Premium content achieves the pinnacle of picture quality thanks to Active HDR with Dolby Vision. The Dolby Atmos audio is just as impressive, surrounding the audience as in the most advanced theaters.</p>\r\n</td>\r\n<td style=\"width: 25%;\">\r\n<h4 class=\"a-spacing-mini\">Bring Big Screen Sound to the Living Room</h4>\r\n<p class=\"a-size-small\">Straight from state-of-the-art theaters to the home, Dolby Atmos creates sound that can appear to come from anywhere. Crickets all around. Explosions from above. A villain laughing behind. With LG OLED TV, audio becomes an incredibly realistic, immersive experience.</p>\r\n</td>\r\n</tr>\r\n</tbody>\r\n</table>\r\n<p><img style=\"display: block; margin-left: auto; margin-right: auto;\" src=\"/storage/media/5IR7UtwozyoseWNIOr56dzpSQSJ3EvEnmPaKjMMi.jpeg\" alt=\"\" width=\"300\" height=\"300\" /></p>\r\n<h4 class=\"a-spacing-mini\">&nbsp;</h4>\r\n<h2 class=\"a-spacing-mini\" style=\"text-align: center;\">Watch what you want, when you want</h2>\r\n<p style=\"text-align: center;\">Netflix Recommended TV recognizes Smart TVs that meet strict criteria for a superior Netflix experience, such as easy app access and new features. For the third year in a row, LG TVs have the distinction of being recommended by Netflix!*</p>\r\n<p style=\"text-align: center;\">Netflix streaming membership required. Ultra HD availability subject to your Netflix subscription plan, Internet service, device capabilities, and content availability.</p>\r\n<p>&nbsp;</p>\r\n<p><img style=\"display: block; margin-left: auto; margin-right: auto;\" src=\"/storage/media/mq9bOpYLR50p1hpMSbEpXeS0WAdAE2ip3tpHuWnD.jpeg\" alt=\"\" width=\"300\" height=\"300\" /></p>\r\n<h2 style=\"text-align: center;\"><strong>Sling TV</strong></h2>\r\n<p style=\"text-align: center;\">Introducing A La Carte TV, the only live TV service that lets you personalize your channel lineup and save. Customize with your favorite extras like Sports, Comedy, Kids, News, Hollywood, Lifestyle and more. Watch 7 Days Free! Restrictions apply.</p>\r\n<p>&nbsp;</p>\r\n<p><strong>Description:</strong></p>\r\n<ul class=\"a-unordered-list a-vertical a-spacing-none\">\r\n<li><span class=\"a-list-item\">Dimensions (w x H x D): TV without stand: 68.3\" x 42\" x 3.3\", TV with stand: 68.3\" x 41.5\" x 12.5\"</span></li>\r\n<li><span class=\"a-list-item\">Smart functionality gives you access to your favorite apps and content using webOS 3.5. CONNECTIVITY : Wi-Fi Built In 802.11ac</span></li>\r\n</ul>\r\n<p>&nbsp;</p>\r\n<ul class=\"a-unordered-list a-vertical a-spacing-none\">\r\n<li><span class=\"a-list-item\">Pairs 4K Ultra HD picture clarity with the contrast, color, and detail of High Dynamic Range (HDR) for the most lifelike picture</span></li>\r\n<li><span class=\"a-list-item\">Individually lit OLED pixels achieve the ultimate contrast for outstanding picture quality</span></li>\r\n</ul>\r\n<p>&nbsp;</p>\r\n<ul class=\"a-unordered-list a-vertical a-spacing-none\">\r\n<li><span class=\"a-list-item\">OLED does not require a backlight giving it deep blacks and making it extremely thin</span></li>\r\n<li><span class=\"a-list-item\">Inputs: 4 HDMI, 3 USB, 1 RF, 1 Composite, Component Shared w/ Composite, 1 Ethernet, 1 Optical, 1 RS232C (Mini Jack). Smart TV Operating System-webOS 3.5</span></li>\r\n</ul>\r\n<p>&nbsp;</p>\r\n<p><strong>Product information:</strong></p>\r\n<p>&nbsp;</p>\r\n<table id=\"productDetails_techSpec_section_1\" class=\"a-keyvalue prodDetTable\" role=\"presentation\">\r\n<tbody>\r\n<tr>\r\n<th class=\"a-color-secondary a-size-base prodDetSectionEntry\" style=\"text-align: left;\">Brand Name</th>\r\n<td class=\"a-size-base\" style=\"text-align: right;\">LG</td>\r\n</tr>\r\n<tr>\r\n<th class=\"a-color-secondary a-size-base prodDetSectionEntry\" style=\"text-align: left;\">Item Weight</th>\r\n<td class=\"a-size-base\" style=\"text-align: right;\">119.3 pounds</td>\r\n</tr>\r\n<tr>\r\n<th class=\"a-color-secondary a-size-base prodDetSectionEntry\" style=\"text-align: left;\">Product Dimensions</th>\r\n<td class=\"a-size-base\" style=\"text-align: right;\">68.3 x 12.5 x 41.5 inches</td>\r\n</tr>\r\n<tr>\r\n<th class=\"a-color-secondary a-size-base prodDetSectionEntry\" style=\"text-align: left;\">California residents</th>\r\n<td class=\"a-size-base\" style=\"text-align: right;\">for Proposition 65 warning</td>\r\n</tr>\r\n<tr>\r\n<th class=\"a-color-secondary a-size-base prodDetSectionEntry\" style=\"text-align: left;\">Item model number</th>\r\n<td class=\"a-size-base\" style=\"text-align: right;\">OLED77G7</td>\r\n</tr>\r\n<tr>\r\n<th class=\"a-color-secondary a-size-base prodDetSectionEntry\" style=\"text-align: left;\">Batteries</th>\r\n<td class=\"a-size-base\" style=\"text-align: right;\">2 AA batteries required. (included)</td>\r\n</tr>\r\n<tr>\r\n<th class=\"a-color-secondary a-size-base prodDetSectionEntry\" style=\"text-align: left;\">Color Name</th>\r\n<td class=\"a-size-base\" style=\"text-align: right;\">Black</td>\r\n</tr>\r\n</tbody>\r\n</table>\r\n<p>&nbsp;</p>', 'Key Features:\r\n\r\n- Picture-on-Glass.\r\n\r\n- Intense Color on Perfect Black.\r\n\r\n- Active HDR with Dolby Vision.\r\n\r\n- Dolby Atmos.\r\n\r\n- webOS 3.5 Smart TV.');
INSERT INTO `product_translations` (`id`, `product_id`, `locale`, `name`, `description`, `short_description`) VALUES
(88, 88, 'ar', 'LG Electronics OLED65E8PUA 65-Inch 4K Ultra HD', '<h1 id=\"title\" class=\"a-size-large a-spacing-none\" style=\"text-align: center;\"><span id=\"productTitle\" class=\"a-size-large\">LG Electronics OLED65E8PUA 65-Inch</span></h1>\r\n<p>&nbsp;</p>\r\n<p><img style=\"display: block; margin-left: auto; margin-right: auto;\" src=\"/storage/media/cyWkJyHQJnKkGGgxjVfoLYIPGWcWvrxI6LmDE7Oy.jpeg\" alt=\"\" width=\"1080\" height=\"334\" /></p>\r\n<p>&nbsp;</p>\r\n<p><img style=\"display: block; margin-left: auto; margin-right: auto;\" src=\"/storage/media/YNF4xpjxVUY8H0YXWGhpaA208LJbYOfpl9Wv7NnD.jpeg\" alt=\"\" width=\"1080\" height=\"334\" /></p>\r\n<h2>&nbsp;</h2>\r\n<h2 style=\"text-align: center;\"><strong>Features</strong></h2>\r\n<h2><img style=\"display: block; margin-left: auto; margin-right: auto;\" src=\"/storage/media/n6gWroIN8q6EiFqVUNlMJ2AaXiWd6sC46sZqOKYP.jpeg\" alt=\"\" width=\"331\" height=\"331\" /></h2>\r\n<h4 class=\"a-spacing-mini\" style=\"text-align: center;\">Dolby Vision and Dolby Atmos, True Home Cinema</h4>\r\n<p class=\"a-size-small\" style=\"text-align: center;\">LG OLED TV is the ultimate expression of a cinema-quality experience in the home.</p>\r\n<p class=\"a-size-small\" style=\"text-align: center;\">Premium content achieves the pinnacle of picture quality thanks to Active HDR with Dolby Vision.</p>\r\n<p class=\"a-size-small\" style=\"text-align: center;\">The Dolby Atmos audio is just as impressive, surrounding the audience as in the most advanced theaters.</p>\r\n<p class=\"a-size-small\">&nbsp;</p>\r\n<p class=\"a-size-small\"><img style=\"display: block; margin-left: auto; margin-right: auto;\" src=\"/storage/media/7V9dusjBUKNfidXP1R2f8H5ZUYc7m3lnQHiI30fw.jpeg\" alt=\"\" width=\"300\" height=\"300\" /></p>\r\n<h4 class=\"a-spacing-mini\" style=\"text-align: center;\">&nbsp;</h4>\r\n<h4 class=\"a-spacing-mini\" style=\"text-align: center;\">A Brilliant Brain</h4>\r\n<p style=\"text-align: center;\">LG&mdash;the industry leaders of OLED TVs&mdash;made the Best TV Ever even better by developing the &alpha;9 Intelligent Processor.</p>\r\n<p style=\"text-align: center;\">LG\'s most powerful processor ever provides true-to-life images with incredibly rich colors,</p>\r\n<p style=\"text-align: center;\">sharpness and depth to deliver the ultimate picture quality.</p>\r\n<p>&nbsp;</p>\r\n<p><img style=\"display: block; margin-left: auto; margin-right: auto;\" src=\"/storage/media/ErmAOVpT7RecWoBU5Luy13jKG55g4zETnUlwZtFf.jpeg\" alt=\"\" width=\"300\" height=\"300\" /></p>\r\n<h4 class=\"a-spacing-mini\" style=\"text-align: center;\">&nbsp;</h4>\r\n<h4 class=\"a-spacing-mini\" style=\"text-align: center;\">OLED Pixel Level Dimming</h4>\r\n<p style=\"text-align: center;\">Each of the 8.3 million individually lit pixels of the LG OLED TV with AI ThinQ can brighten,</p>\r\n<p style=\"text-align: center;\">dim or power off completely, achieving perfect black and displaying a level of picture detail</p>\r\n<p style=\"text-align: center;\">impossible with any other television technology.</p>\r\n<p>&nbsp;</p>\r\n<p><img style=\"display: block; margin-left: auto; margin-right: auto;\" src=\"/storage/media/9zRMZB8s3aeL45PBiR1oWDgj9GZL80QryTR8SqRT.jpeg\" alt=\"\" width=\"300\" height=\"300\" /></p>\r\n<h4 class=\"a-spacing-mini\" style=\"text-align: center;\">&nbsp;</h4>\r\n<h4 class=\"a-spacing-mini\" style=\"text-align: center;\">OLED Display</h4>\r\n<p style=\"text-align: center;\">Movies, sports, games and more come to thrilling new life with the perfect black</p>\r\n<p style=\"text-align: center;\">and intense color of the LG OLED display. LG OLED TV with AI ThinQ uses the latest panels,</p>\r\n<p style=\"text-align: center;\">with brighter, self-illuminating pixels that truly deliver the Best. Picture. Ever.</p>\r\n<p>&nbsp;</p>\r\n<p><img style=\"display: block; margin-left: auto; margin-right: auto;\" src=\"/storage/media/MMYvyAzt3wf5xjGkE1JVtKVC8gl81I7kBBhiSW70.jpeg\" alt=\"\" width=\"300\" height=\"300\" /></p>\r\n<h4 class=\"a-spacing-mini\" style=\"text-align: center;\">&nbsp;</h4>\r\n<h4 class=\"a-spacing-mini\" style=\"text-align: center;\">Premium Content Choices</h4>\r\n<p style=\"text-align: center;\">LG OLED TV with AI ThinQ features comprehensive support of major high dynamic range</p>\r\n<p style=\"text-align: center;\">formats including Dolby Vision HDR from the cinema, as well as HDR10 and HLG, both</p>\r\n<p style=\"text-align: center;\">with LG&rsquo;s advanced tone-mapping technology that provides scene-by-scene optimization.</p>\r\n<p>&nbsp;</p>\r\n<p><img style=\"display: block; margin-left: auto; margin-right: auto;\" src=\"/storage/media/YSTEMW79mYCTppXrM8DQ3zNm5KJNH8pdRjN5Zyaj.jpeg\" alt=\"\" width=\"300\" height=\"300\" /></p>\r\n<h4 class=\"a-spacing-mini\" style=\"text-align: center;\">&nbsp;</h4>\r\n<h4 class=\"a-spacing-mini\" style=\"text-align: center;\">Cinematic Sound at Home with Dolby Atmos</h4>\r\n<p style=\"text-align: center;\">Dolby Atmos transports you with moving audio : crickets chirping all around,</p>\r\n<p style=\"text-align: center;\">a monster roaring from behind, or a plane soaring overhead. Dolby Atmos content creates a more</p>\r\n<p style=\"text-align: center;\">detailed sound experience that appears to come from everywhere for a wonderfully realistic,</p>\r\n<p style=\"text-align: center;\">immersive experience that puts you inside the story.</p>\r\n<p>&nbsp;</p>\r\n<p><strong>Description:</strong></p>\r\n<p>&nbsp;</p>\r\n<ul class=\"a-unordered-list a-vertical a-spacing-none\">\r\n<li><span class=\"a-list-item\">LG OLED TV with AI (Artificial Intelligence) ThinQ has the Google Assistant built in, so you can control compatible smart home devices using just your voice through the LG Magic Remote. Create a center for your smart home and beyond. Plus it works with Amazon Alexa devices (sold separately)</span></li>\r\n</ul>\r\n<p>&nbsp;</p>\r\n<ul class=\"a-unordered-list a-vertical a-spacing-none\">\r\n<li><span class=\"a-list-item\">The &alpha;9 Intelligent Processor inside the LG OLED TV with AI ThinQ is the most powerful ever from LG. Developed exclusively for LG OLED TV, the new &alpha;9 processor noticeably enhances sharpness and depth while delivering vastly more accurate colors, for the ultimate in picture quality</span></li>\r\n</ul>\r\n<p>&nbsp;</p>\r\n<ul class=\"a-unordered-list a-vertical a-spacing-none\">\r\n<li><span class=\"a-list-item\">Pixel Level Dimming enables each of the 8.3 million individually lit pixels of the LG OLED TV with AI ThinQ to brighten, dim or power off completely, achieving perfect black and displaying a level of picture detail impossible with any other television technology</span></li>\r\n</ul>\r\n<p>&nbsp;</p>\r\n<ul class=\"a-unordered-list a-vertical a-spacing-none\">\r\n<li><span class=\"a-list-item\">4K Cinema HDR on LG OLED TV with AI ThinQ features comprehensive support of major high dynamic range formats including Dolby Vision, as well as HDR10 and HLG, both with LG&rsquo;s advanced tone-mapping technology that provides scene-by-scene optimization</span></li>\r\n</ul>\r\n<p>&nbsp;</p>\r\n<ul class=\"a-unordered-list a-vertical a-spacing-none\">\r\n<li><span class=\"a-list-item\">Dolby Atmos is the same audio technology developed for state-of-the-art cinemas, with immersive sound that appears to come from everywhere, putting you in the middle of all the excitement</span></li>\r\n<li><span class=\"a-list-item\">LG OLED Display uses the latest panels, with brighter, self-illuminating pixels that deliver perfect black and intense color. LG OLED TV with AI ThinQ brings movies, sports, games and more to thrilling new life</span></li>\r\n</ul>\r\n<p>&nbsp;</p>\r\n<ul class=\"a-unordered-list a-vertical a-spacing-none\">\r\n<li><span class=\"a-list-item\">Inputs: 4 HDMI, 3 USB, 1 RF, 1 Composite in, 1 Ethernet, 1 Optical, 1 RS232C (Mini Jack) and Audio Return Channel Support via HDMI</span></li>\r\n</ul>\r\n<p>&nbsp;</p>\r\n<p><strong>Product information:</strong></p>\r\n<p>&nbsp;</p>\r\n<table id=\"productDetails_techSpec_section_1\" class=\"a-keyvalue prodDetTable\" style=\"height: 134px;\" role=\"presentation\">\r\n<tbody>\r\n<tr style=\"height: 20px;\">\r\n<th class=\"a-color-secondary a-size-base prodDetSectionEntry\" style=\"text-align: left; height: 20px; width: 149.875px;\">Brand Name</th>\r\n<td class=\"a-size-base\" style=\"height: 20px; width: 260.542px; text-align: right;\">LG</td>\r\n</tr>\r\n<tr style=\"height: 19px;\">\r\n<th class=\"a-color-secondary a-size-base prodDetSectionEntry\" style=\"text-align: left; height: 19px; width: 149.875px;\">Item Weight</th>\r\n<td class=\"a-size-base\" style=\"height: 19px; width: 260.542px; text-align: right;\">60.8 pounds</td>\r\n</tr>\r\n<tr style=\"height: 19px;\">\r\n<th class=\"a-color-secondary a-size-base prodDetSectionEntry\" style=\"text-align: left; height: 19px; width: 149.875px;\">Product Dimensions</th>\r\n<td class=\"a-size-base\" style=\"height: 19px; width: 260.542px; text-align: right;\">57 x 8.7 x 36 inches</td>\r\n</tr>\r\n<tr style=\"height: 19px;\">\r\n<th class=\"a-color-secondary a-size-base prodDetSectionEntry\" style=\"text-align: left; height: 19px; width: 149.875px;\">California residents</th>\r\n<td class=\"a-size-base\" style=\"height: 19px; width: 260.542px; text-align: right;\">for Proposition 65 warning</td>\r\n</tr>\r\n<tr style=\"height: 19px;\">\r\n<th class=\"a-color-secondary a-size-base prodDetSectionEntry\" style=\"text-align: left; height: 19px; width: 149.875px;\">Item model number</th>\r\n<td class=\"a-size-base\" style=\"height: 19px; width: 260.542px; text-align: right;\">65E8PUA</td>\r\n</tr>\r\n<tr style=\"height: 19px;\">\r\n<th class=\"a-color-secondary a-size-base prodDetSectionEntry\" style=\"text-align: left; height: 19px; width: 149.875px;\">Batteries</th>\r\n<td class=\"a-size-base\" style=\"height: 19px; width: 260.542px; text-align: right;\">2 AA batteries required. (included)</td>\r\n</tr>\r\n<tr style=\"height: 19px;\">\r\n<th class=\"a-color-secondary a-size-base prodDetSectionEntry\" style=\"text-align: left; height: 19px; width: 149.875px;\">Color Name</th>\r\n<td class=\"a-size-base\" style=\"height: 19px; width: 260.542px; text-align: right;\">Black</td>\r\n</tr>\r\n</tbody>\r\n</table>\r\n<p>&nbsp;</p>\r\n<p>&nbsp;</p>', 'The elegant E8 is exquisitely crafted with a unique glass design to make a captivating statement in your living room. This new LG OLED TV with AI (Artificial Intelligence) ThinQ becomes the hub for the smart home: Using Intelligent Voice control, speak into the LG Magic Remote to pull up family'),
(89, 89, 'ar', 'TCL 55S425 55 inch 4K Smart LED Roku TV', '<h1 id=\"title\" class=\"a-size-large a-spacing-none\" style=\"text-align: center;\"><span id=\"productTitle\" class=\"a-size-large\">TCL 55S425 55 inch 4K Smart LED</span></h1>\r\n<p>&nbsp;</p>\r\n<p>&nbsp;</p>\r\n<p><span class=\"a-size-large\"><img src=\"/storage/media/7vBnn0lHZxPdTqigWzWgKV5FSGXArtvVyPiiBLqs.png\" alt=\"\" width=\"1464\" height=\"600\" /></span></p>\r\n<p><span class=\"a-size-large\"><img src=\"/storage/media/RFGEuaswn5RBhGwGLRYsbn76ciTjj0yk7YPbXdNO.jpeg\" alt=\"\" width=\"1464\" height=\"600\" /></span></p>\r\n<p><span class=\"a-size-large\"><img src=\"/storage/media/U5LL6g1j3WOhXBSYkMq6TWlO0a7RIJR5QUto3aaS.jpeg\" alt=\"\" width=\"1464\" height=\"600\" /></span></p>\r\n<p><span class=\"a-size-large\"><img src=\"/storage/media/H7WmldA76FouMeUgn9MUUyKp7DbdFeYOAhWpFhHw.jpeg\" alt=\"\" width=\"1464\" height=\"600\" /></span></p>\r\n<p>&nbsp;</p>\r\n<p>&nbsp;</p>\r\n<p style=\"text-align: center;\"><iframe src=\"https://www.youtube.com/embed/5QQhuiIE87Q\" width=\"618\" height=\"348\" frameborder=\"0\" allowfullscreen=\"allowfullscreen\" data-mce-fragment=\"1\"></iframe></p>\r\n<p>&nbsp;</p>\r\n<p><strong>Description:</strong></p>\r\n<p>&nbsp;</p>\r\n<ul class=\"a-unordered-list a-vertical a-spacing-none\">\r\n<li><span class=\"a-list-item\">Dimensions (W x H x D): TV without stand: 49 X 28. 4 X 3. 1 inches, TV with stand: 49 X 30. 6 X 8 inches</span></li>\r\n<li><span class=\"a-list-item\">Smart functionality delivers all your favorite content with over 500, 000 movies and TV episodes, accessible through the simple and intuitive Roku TV</span></li>\r\n</ul>\r\n<p>&nbsp;</p>\r\n<ul class=\"a-unordered-list a-vertical a-spacing-none\">\r\n<li><span class=\"a-list-item\">Pairs 4K Ultra HD picture clarity with the contrast, color, and detail of high dynamic range (HDR) for the most lifelike picture.Wi-fi:802.11ac 2x2 Dual Band (support 2.4GHz &amp; 5GHz)</span></li>\r\n<li><span class=\"a-list-item\">Direct lit LED produces great picture quality. VESA Mounting Specifications-VESA Hole Pattern-200mm (V) x 200mm (H). Screw Size-M6 x 12</span></li>\r\n</ul>\r\n<p>&nbsp;</p>\r\n<ul class=\"a-unordered-list a-vertical a-spacing-none\">\r\n<li><span class=\"a-list-item\">Inputs: 3 HDMI 2. 0 with HDCP 2. 2 (one with HDMI ARC), 1 USB (media player), RF, Composite, Headphone Jack, Optical Audio Out, Ethernet</span></li>\r\n<li><span class=\"a-list-item\">Compatible with Alexa and Google Assistant</span></li>\r\n</ul>\r\n<p>&nbsp;</p>\r\n<p><strong>Product information:</strong></p>\r\n<p>&nbsp;</p>\r\n<table id=\"productDetails_techSpec_section_1\" class=\"a-keyvalue prodDetTable\" role=\"presentation\">\r\n<tbody>\r\n<tr>\r\n<th class=\"a-color-secondary a-size-base prodDetSectionEntry\" style=\"text-align: left;\">Brand Name</th>\r\n<td class=\"a-size-base\" style=\"text-align: right;\">TCL</td>\r\n</tr>\r\n<tr style=\"text-align: right;\">\r\n<th class=\"a-color-secondary a-size-base prodDetSectionEntry\" style=\"text-align: left;\">Item Weight</th>\r\n<td class=\"a-size-base\">27.1 pounds</td>\r\n</tr>\r\n<tr style=\"text-align: right;\">\r\n<th class=\"a-color-secondary a-size-base prodDetSectionEntry\" style=\"text-align: left;\">Product Dimensions</th>\r\n<td class=\"a-size-base\">49 x 8 x 30.6 inches</td>\r\n</tr>\r\n<tr style=\"text-align: right;\">\r\n<th class=\"a-color-secondary a-size-base prodDetSectionEntry\" style=\"text-align: left;\">California residents</th>\r\n<td class=\"a-size-base\">Proposition 65 warning</td>\r\n</tr>\r\n<tr style=\"text-align: right;\">\r\n<th class=\"a-color-secondary a-size-base prodDetSectionEntry\" style=\"text-align: left;\">Item model number</th>\r\n<td class=\"a-size-base\">55S425</td>\r\n</tr>\r\n<tr style=\"text-align: right;\">\r\n<th class=\"a-color-secondary a-size-base prodDetSectionEntry\" style=\"text-align: left;\">Batteries</th>\r\n<td class=\"a-size-base\">2 AAA batteries required.</td>\r\n</tr>\r\n<tr style=\"text-align: right;\">\r\n<th class=\"a-color-secondary a-size-base prodDetSectionEntry\" style=\"text-align: left;\">Number of Component Outputs</th>\r\n<td class=\"a-size-base\">Optical</td>\r\n</tr>\r\n</tbody>\r\n</table>\r\n<p>&nbsp;</p>\r\n<p>&nbsp;</p>\r\n<p>&nbsp;</p>\r\n<p>&nbsp;</p>', 'TCL, one of the world\'s largest TV manufacturers in the world and America’s fastest growing TV brand, bring the latest in 4K technology and design. We\'ve simplified the 4K Ultra HD TV so you can instantly enjoy endless entertainment.'),
(90, 90, 'ar', 'LG 86SM9070PUA Alexa Built-in Nano 9 Series 86\" 4K', '<h1 style=\"text-align: center;\"><strong>LG 86SM9070PUA&nbsp; 9 Series 86\" 4K TV</strong></h1>\r\n<p>&nbsp;</p>\r\n<p><strong><img style=\"display: block; margin-left: auto; margin-right: auto;\" src=\"/storage/media/CLvEWOZ2ScqTwz5XDXu12PplpntjDBdkD3Ncg16q.jpeg\" alt=\"\" width=\"970\" height=\"300\" /></strong></p>\r\n<p>&nbsp;</p>\r\n<p><strong><img style=\"display: block; margin-left: auto; margin-right: auto;\" src=\"/storage/media/chenwhaqtecK2hWsBFAt5jY4XfR5yexPxdl61bNC.jpeg\" alt=\"\" width=\"970\" height=\"300\" /></strong></p>\r\n<p>&nbsp;</p>\r\n<p><strong><img style=\"display: block; margin-left: auto; margin-right: auto;\" src=\"/storage/media/5zONzjJ3cKpsgRzNO0jSmtPID2GRSHXmzRrERUf9.jpeg\" alt=\"\" width=\"970\" height=\"300\" /></strong></p>\r\n<p>&nbsp;</p>\r\n<p><strong><img style=\"display: block; margin-left: auto; margin-right: auto;\" src=\"/storage/media/H6wtCja9aE2qWBvY3m1sQhPUgbZ4fK2k5puYUDJR.jpeg\" alt=\"\" width=\"970\" height=\"300\" /></strong></p>\r\n<p>&nbsp;</p>\r\n<p><strong><img style=\"display: block; margin-left: auto; margin-right: auto;\" src=\"/storage/media/PX9A3uexnYqwIMogqW2d8ZUYSV71cYz9LRQoVU3w.jpeg\" alt=\"\" width=\"970\" height=\"300\" /></strong></p>\r\n<p>&nbsp;</p>\r\n<p class=\"default\"><strong>Product description:</strong></p>\r\n<div id=\"productDescription\" class=\"a-section a-spacing-small\">\r\n<div class=\"disclaim\"><strong>Size: 86 Inch</strong></div>\r\n<p>LG\'s largest LED displays are every inch a thing of beauty. Whether you go with the 86-inch or 75-inch LG NanoCell TV Nano 9 Series, SM9070, you\'ll enjoy an experience that\'s larger than life. Movies, sports and gaming get a boost of realistic color from Nano Accuracy and the full spectrum of Nano Color. LG\'s &alpha;7 Gen 2 Intelligent Processor enriches your content. Full array local dimming control brings precise lighting across the entire display. Picture and sound are elevated with premium Dolby Vision and Dolby Atmos. And the technology of LG ThinQ integrates with the voice control of the Google Assistant* and Alexa to control entertainment and connected home. Go Ultra Large. There\'s never been a bigger reason to choose an LG NanoCell TV. *Service limited to certain languages. Some features require 3rd party service subscriptions. Google is a trademark of Google LLC.</p>\r\n</div>\r\n<p>&nbsp;</p>\r\n<div class=\"a-row\">\r\n<div class=\"a-column a-span6\">\r\n<p class=\"a-size-medium a-spacing-small\"><strong>Technical Details:</strong></p>\r\n</div>\r\n</div>\r\n<div class=\"a-expander-content a-expander-extend-content\" aria-expanded=\"true\">\r\n<div class=\"a-row a-expander-container a-expander-inline-container\" aria-live=\"polite\">\r\n<div class=\"a-expander-content a-expander-section-content a-section-expander-inner\" aria-expanded=\"true\">\r\n<table id=\"productDetails_techSpec_section_1\" class=\"a-keyvalue prodDetTable\" style=\"height: 140px;\" role=\"presentation\">\r\n<tbody>\r\n<tr style=\"height: 20px;\">\r\n<th class=\"a-color-secondary a-size-base prodDetSectionEntry\" style=\"text-align: left; height: 20px; width: 235.977px;\">Brand Name</th>\r\n<td class=\"a-size-base\" style=\"height: 20px; width: 195.977px; text-align: right;\">LG</td>\r\n</tr>\r\n<tr style=\"height: 20px;\">\r\n<th class=\"a-color-secondary a-size-base prodDetSectionEntry\" style=\"text-align: left; height: 20px; width: 235.977px;\">Item Weight</th>\r\n<td class=\"a-size-base\" style=\"height: 20px; width: 195.977px; text-align: right;\">127 pounds</td>\r\n</tr>\r\n<tr style=\"height: 20px;\">\r\n<th class=\"a-color-secondary a-size-base prodDetSectionEntry\" style=\"text-align: left; height: 20px; width: 235.977px;\">Product Dimensions</th>\r\n<td class=\"a-size-base\" style=\"height: 20px; width: 195.977px; text-align: right;\">18.3 x 75.8 x 46.6 inches</td>\r\n</tr>\r\n<tr style=\"height: 20px;\">\r\n<th class=\"a-color-secondary a-size-base prodDetSectionEntry\" style=\"text-align: left; height: 20px; width: 235.977px;\">California residents</th>\r\n<td class=\"a-size-base\" style=\"height: 20px; width: 195.977px; text-align: right;\">for Proposition 65 warning</td>\r\n</tr>\r\n<tr style=\"height: 20px;\">\r\n<th class=\"a-color-secondary a-size-base prodDetSectionEntry\" style=\"text-align: left; height: 20px; width: 235.977px;\">Item model number</th>\r\n<td class=\"a-size-base\" style=\"height: 20px; width: 195.977px; text-align: right;\">86SM9070PUA</td>\r\n</tr>\r\n<tr style=\"height: 20px;\">\r\n<th class=\"a-color-secondary a-size-base prodDetSectionEntry\" style=\"text-align: left; height: 20px; width: 235.977px;\">Discontinued by manufacturer</th>\r\n<td class=\"a-size-base\" style=\"height: 20px; width: 195.977px; text-align: right;\">Yes</td>\r\n</tr>\r\n<tr style=\"height: 20px;\">\r\n<th class=\"a-color-secondary a-size-base prodDetSectionEntry\" style=\"text-align: left; height: 20px; width: 235.977px;\">Color Name</th>\r\n<td class=\"a-size-base\" style=\"height: 20px; width: 195.977px; text-align: right;\">Black</td>\r\n</tr>\r\n</tbody>\r\n</table>\r\n</div>\r\n</div>\r\n</div>', 'LG a7 GEN 2 INTELLIGENT PROCESSOR: Images, action and color are brought to new life to instantly enhance picture quality through LG\'s best 4K processor, empowered by AI at its core.'),
(91, 91, 'ar', 'LG Electronics 75UH6550 75-Inch 4K Ultra HD Smart LED TV', '<h1 id=\"title\" class=\"a-size-large a-spacing-none\" style=\"text-align: center;\"><span id=\"productTitle\" class=\"a-size-large\">LG 75UH6550 75-Inch 4K Ultra HD Smart&nbsp; TV</span></h1>\r\n<p>&nbsp;</p>\r\n<p><span class=\"a-size-large\"><img style=\"display: block; margin-left: auto; margin-right: auto;\" src=\"/storage/media/yxcHwXvFlF0kYCzLecFyErNEhwFow68T31aUdLUx.jpeg\" alt=\"\" width=\"679\" height=\"418\" /></span></p>\r\n<p>&nbsp;</p>\r\n<h3 class=\"a-spacing-mini\" style=\"text-align: center;\">Breathtaking clarity and fine picture detail that will amaze</h3>\r\n<p style=\"text-align: center;\">4K UHD Smart LED TV - 75\" Class (74.6\" Diag) - 75UH6550.</p>\r\n<p style=\"text-align: center;\"><strong>Key Features:</strong></p>\r\n<p style=\"text-align: center;\">- 8.3M Pixels for 4x the Resolution of Full HD TVs.</p>\r\n<p style=\"text-align: center;\">- webOS 3.0: A World of Entertainment Choices at Your Fingertips.</p>\r\n<p style=\"text-align: center;\">LG 4K Ultra HD TVs contain 8.3 million pixels, so their resolution is four times that of Full HD. The result? Breathtaking clarity and fine picture details that will amaze, even when viewed up close.</p>\r\n<p style=\"text-align: center;\">&nbsp;</p>\r\n<p style=\"text-align: center;\"><img style=\"float: left;\" src=\"/storage/media/cyLyeyxqiObCChRBMc74kUTnt65cFxS4tngXOflA.jpeg\" alt=\"\" width=\"220\" height=\"220\" />&nbsp; &nbsp; &nbsp; <img src=\"/storage/media/AEfIxPUkFBh9dCEJrwsNiSpVZ84XpzcBtBo3hxXH.jpeg\" alt=\"\" width=\"220\" height=\"220\" />&nbsp; &nbsp; &nbsp; <img style=\"float: right;\" src=\"/storage/media/rs1qi5XN1SvEGnxd3vqbWoa7Zc8ySGuIyE4vzQy5.jpeg\" alt=\"\" width=\"220\" height=\"220\" /></p>\r\n<p style=\"text-align: center;\">&nbsp;</p>\r\n<table style=\"border-collapse: collapse; width: 100%; margin-left: auto; margin-right: auto;\" border=\"0\">\r\n<tbody>\r\n<tr>\r\n<td style=\"width: 33.3333%;\">\r\n<h4 class=\"a-spacing-mini\" style=\"text-align: left;\">4K UHD</h4>\r\n<p class=\"a-size-small\">Ultra high-definition TVs offer four times the resolution of Full HD televisions. UHD, also known as \'4K\', delivers exceptional clarity and detail for all video content.</p>\r\n</td>\r\n<td style=\"width: 33.3333%;\">\r\n<h4 class=\"a-spacing-mini\" style=\"text-align: center;\">Wide-Ranging Color</h4>\r\n<p class=\"a-size-small\">Color Prime Pro produces a wider range of colors for a more accurate, more lifelike picture that&rsquo;s enjoyable from a wider viewing angle.</p>\r\n</td>\r\n<td style=\"width: 33.3333%;\">\r\n<h4 class=\"a-spacing-mini\" style=\"text-align: right;\">TruMotion 120Hz</h4>\r\n<p class=\"a-size-small\">TruMotion 120Hz technology lets you see sports, video games and high-speed action with virtually no motion blur. Now your TV can keep up with your fast- moving.</p>\r\n</td>\r\n</tr>\r\n</tbody>\r\n</table>\r\n<p>&nbsp;</p>\r\n<p>&nbsp;</p>\r\n<p><img style=\"display: block; margin-left: auto; margin-right: auto;\" src=\"/storage/media/ZHHiYO5xiJ01IWVHUfXJR040brFp1uCm2xH1P5bQ.jpeg\" alt=\"\" width=\"220\" height=\"220\" /></p>\r\n<p>&nbsp;</p>\r\n<h4 class=\"a-spacing-mini\" style=\"text-align: center;\">webOS 3.0 Smart TV</h4>\r\n<p class=\"a-size-small\" style=\"text-align: center;\">The latest generation of LG\'s exclusive, award-winning Smart TV platform is incredibly easy to use with simple setup and content discovery.</p>\r\n<p class=\"a-size-small\" style=\"text-align: center;\">Disclaimer: Please check with content providers for required bandwidth to stream videos. Smart service on product is subject to change. Some apps that appear on the screen image may not be preinstalled; Internet connection is required for download.</p>\r\n<p class=\"a-size-small\" style=\"text-align: center;\">&nbsp;</p>\r\n<p class=\"a-size-small\" style=\"text-align: left;\"><strong>Details:</strong></p>\r\n<p>&nbsp;</p>\r\n<ul class=\"a-unordered-list a-vertical a-spacing-none\">\r\n<li><span class=\"a-list-item\">Refresh Rate: TruMotion 240Hz</span></li>\r\n<li><span class=\"a-list-item\">Backlight: LED</span></li>\r\n<li><span class=\"a-list-item\">Smart Functionality: Yes - 3.0</span></li>\r\n<li><span class=\"a-list-item\">Dimensions (W x H x D with stand): 66.2\" x 40.2\" x 13.4\"</span></li>\r\n<li><span class=\"a-list-item\">Inputs: 3 HDMI, 3 USB, 1 RF, 1 Component, 1 Composite, 1 Optical, 1 RS232C, 1 Ethernet</span></li>\r\n</ul>\r\n<p>&nbsp;</p>\r\n<p>&nbsp;</p>\r\n<p class=\"a-size-small\" style=\"text-align: left;\"><strong>Product Description:</strong></p>\r\n<p>&nbsp;</p>\r\n<table id=\"productDetails_techSpec_section_1\" class=\"a-keyvalue prodDetTable\" role=\"presentation\">\r\n<tbody>\r\n<tr>\r\n<th class=\"a-color-secondary a-size-base prodDetSectionEntry\" style=\"text-align: left;\">Brand Name</th>\r\n<td class=\"a-size-base\" style=\"text-align: right;\">LG</td>\r\n</tr>\r\n<tr>\r\n<th class=\"a-color-secondary a-size-base prodDetSectionEntry\" style=\"text-align: left;\">Item Weight</th>\r\n<td class=\"a-size-base\" style=\"text-align: right;\">103.2 pounds</td>\r\n</tr>\r\n<tr>\r\n<th class=\"a-color-secondary a-size-base prodDetSectionEntry\" style=\"text-align: left;\">Product Dimensions</th>\r\n<td class=\"a-size-base\" style=\"text-align: right;\">66.2 x 2.2 x 37.8 inches</td>\r\n</tr>\r\n<tr>\r\n<th class=\"a-color-secondary a-size-base prodDetSectionEntry\" style=\"text-align: left;\">Item model number</th>\r\n<td class=\"a-size-base\" style=\"text-align: right;\">75UH6550</td>\r\n</tr>\r\n<tr>\r\n<th class=\"a-color-secondary a-size-base prodDetSectionEntry\" style=\"text-align: left;\">Batteries</th>\r\n<td class=\"a-size-base\" style=\"text-align: right;\">2 AAA batteries required. (included)</td>\r\n</tr>\r\n</tbody>\r\n</table>', 'The enhanced contrast and color of HDR Pro and Color Prime Pro go big with the UH6550 Series 4K UHD Smart LED TV. Images stay vibrant and cinematic, even at an angle thanks to IPS technology, at screen sizes up to 75-inch-class. And web OS 3.0 makes streaming 4K shows and movies easy and fun!'),
(92, 92, 'ar', 'LG OLED65CXPUA Alexa Built-in CX Series 65\" 4K Ultra HD Smart OLED TV', '<h1 id=\"title\" class=\"a-size-large a-spacing-none\" style=\"text-align: center;\"><span id=\"productTitle\" class=\"a-size-large\">LG Alexa Built-in 65\" 4K Ultra HD Smart OLED TV</span></h1>\r\n<p>&nbsp;</p>\r\n<p><span class=\"a-size-large\"><img style=\"display: block; margin-left: auto; margin-right: auto;\" src=\"/storage/media/mvAaJUVURekJ7KdNUsRgEvR0ML1v2kbbIiSRVEaH.jpeg\" alt=\"\" width=\"679\" height=\"407\" /><br /></span></p>\r\n<p>&nbsp;</p>\r\n<p>&nbsp;</p>\r\n<table style=\"border-collapse: collapse; width: 100%;\" border=\"0\">\r\n<tbody>\r\n<tr>\r\n<td style=\"width: 33.3333%;\">\r\n<h2 class=\"a-text-center premium-module-4-heading aplus-h1 a-text-bold\" style=\"text-align: center;\"><img src=\"/storage/media/s9RV2CoY5JM8hrnQQjIWifVTyZEY4qYHj4IIqYXs.jpeg\" alt=\"\" width=\"355\" height=\"258\" /></h2>\r\n</td>\r\n<td style=\"width: 33.3333%;\">\r\n<h2 class=\"a-text-center premium-module-4-heading aplus-h1 a-text-bold\" style=\"text-align: center;\"><img src=\"/storage/media/yfJEgQoQGZ9jkVQ3RIbHYb8zp0GP6CR2b97FwO6X.jpeg\" alt=\"\" width=\"91\" height=\"355\" /></h2>\r\n</td>\r\n<td style=\"width: 33.3333%;\">\r\n<h2 class=\"a-text-center premium-module-4-heading aplus-h1 a-text-bold\" style=\"text-align: center;\"><span class=\"a-size-large\"><img style=\"display: block; margin-left: auto; margin-right: auto;\" src=\"/storage/media/EMSSU6oraCTvlPynsC9q4NlDPexYr2s8jRQrjsM1.jpeg\" alt=\"\" width=\"355\" height=\"220\" /></span></h2>\r\n</td>\r\n</tr>\r\n</tbody>\r\n</table>\r\n<h2 class=\"a-text-center premium-module-4-heading aplus-h1 a-text-bold\" style=\"text-align: center;\"><span class=\"a-size-large\">&nbsp;</span></h2>\r\n<h2 class=\"a-text-center premium-module-4-heading aplus-h1 a-text-bold\" style=\"text-align: center;\">&nbsp;</h2>\r\n<h2 class=\"a-text-center premium-module-4-heading aplus-h1 a-text-bold\" style=\"text-align: center;\">OLED CX Features</h2>\r\n<p>&nbsp;</p>\r\n<p><img style=\"display: block; margin-left: auto; margin-right: auto;\" src=\"/storage/media/04z2dSrkhdOgFUcbLDA2wvlGGf6hBOswUtk09gJz.jpeg\" alt=\"\" width=\"651\" height=\"350\" /></p>\r\n<div class=\"a-section a-spacing-none column-heading\">\r\n<h1 class=\"aplus-h3 a-text-bold\">&nbsp;</h1>\r\n<h1 class=\"aplus-h3 a-text-bold\" style=\"text-align: center;\">See More of Your Content in 4K</h1>\r\n</div>\r\n<div class=\"a-section a-spacing-none column-description\">\r\n<p class=\"aplus-p3\" style=\"text-align: center;\">4K processor uses AI and deep learning to authentically upscale lower resolution</p>\r\n<p class=\"aplus-p3\" style=\"text-align: center;\">content, translating the source to 4K\'s 8.3+ million pixels. The technology is so good,</p>\r\n<p class=\"aplus-p3\" style=\"text-align: center;\">you might mistake non-4K for true 4K*.</p>\r\n<p class=\"aplus-p3\" style=\"text-align: center;\">*Image quality of upscaled content will vary based on the source resolution.</p>\r\n</div>\r\n<p>&nbsp;</p>\r\n<p>&nbsp;</p>\r\n<p>&nbsp;<img style=\"display: block; margin-left: auto; margin-right: auto;\" src=\"/storage/media/2nKFBAEuUP3jez0hdkFolUxxws30AGduSb6T54nD.jpeg\" alt=\"\" width=\"651\" height=\"350\" /></p>\r\n<p>&nbsp;</p>\r\n<p>&nbsp;</p>\r\n<div class=\"a-section a-spacing-none column-heading\">\r\n<h1 class=\"aplus-h3 a-text-bold\" style=\"text-align: center;\">Cinematic Sight and Sound</h1>\r\n</div>\r\n<div class=\"a-section a-spacing-none column-description\">\r\n<p class=\"aplus-p3\" style=\"text-align: center;\">Dolby Vision IQ automatically adjusts picture settings depending on ambient</p>\r\n<p class=\"aplus-p3\" style=\"text-align: center;\">lighting conditions and content genres. Dolby Atmos puts you in the middle of</p>\r\n<p class=\"aplus-p3\" style=\"text-align: center;\">the action with multi-dimensional surround sound that seems to flow all around you.</p>\r\n<p class=\"aplus-p3\">&nbsp;</p>\r\n<p class=\"aplus-p3\">&nbsp;</p>\r\n<p class=\"aplus-p3\"><strong>Details:</strong></p>\r\n<ul class=\"a-unordered-list a-vertical a-spacing-none\">\r\n<li><span class=\"a-list-item\">LG OLED TV: Only OLED pixels emit their own light, allowing for perfect black, intense color and stunning picture.</span></li>\r\n<li><span class=\"a-list-item\">PIXEL LEVEL DIMMING: 8.3 million pixels control the light show. Millions of pixels emit their own light. Only OLED can turn pixels off completely and independently. See stunning picture, perfect black, infinite contrast and over a billion rich colors.</span></li>\r\n</ul>\r\n<p>&nbsp;</p>\r\n<ul class=\"a-unordered-list a-vertical a-spacing-none\">\r\n<li><span class=\"a-list-item\">WEBOS AND MAGIC REMOTE: LG\'s fan-favorite webOS platform makes it surprisingly fast and easy to stream movies and shows with your favorite apps and find new obsessions based on what you like. While our Magic Remote lives up to its name with voice and motion control &mdash; just speak or simply point, scroll and click.</span></li>\r\n<li><span class=\"a-list-item\">&alpha;9 GEN 3 AI PROCESSOR 4K: Everything you see and hear is automatically made better, clearer, smoother, and more dynamic with our a9 Gen 3 AI Processor 4K. You don&rsquo;t have to do a thing. Our most advanced 4K processor does it for you with AI Picture Pro, AI Sound Pro, AI 4K Upscaling, and the ability to help your TV to evolve over time.</span></li>\r\n</ul>\r\n<p>&nbsp;</p>\r\n<ul class=\"a-unordered-list a-vertical a-spacing-none\">\r\n<li><span class=\"a-list-item\">GAMING: LG OLED TV is built for gaming. AI-powered picture quality transports you to the moment. Gaming features and the latest tech, like NVIDIA G-SYNC and FreeSync, give you an edge with less lag, high refresh rates, and incredibly smooth and responsive gameplay.</span></li>\r\n<li><span class=\"a-list-item\">Connectivity Technology: Wireless</span></li>\r\n<li><span class=\"a-list-item\">Surround Sound Channel Configuration: 2.2</span></li>\r\n<li><span class=\"a-list-item\">Included Components: Power Cable, Remote Control, Stand</span></li>\r\n</ul>\r\n<p class=\"aplus-p3\">&nbsp;</p>\r\n<p class=\"aplus-p3\"><strong>Product Description:</strong></p>\r\n<table id=\"productDetails_techSpec_section_1\" class=\"a-keyvalue prodDetTable\" role=\"presentation\">\r\n<tbody>\r\n<tr>\r\n<th class=\"a-color-secondary a-size-base prodDetSectionEntry\" style=\"text-align: left;\">Brand Name</th>\r\n<td class=\"a-size-base\" style=\"text-align: right;\">LG</td>\r\n</tr>\r\n<tr>\r\n<th class=\"a-color-secondary a-size-base prodDetSectionEntry\" style=\"text-align: left;\">Item Weight</th>\r\n<td class=\"a-size-base\" style=\"text-align: right;\">71.9 pounds</td>\r\n</tr>\r\n<tr>\r\n<th class=\"a-color-secondary a-size-base prodDetSectionEntry\" style=\"text-align: left;\">Product Dimensions</th>\r\n<td class=\"a-size-base\" style=\"text-align: right;\">9.9 x 57 x 33.9 inches</td>\r\n</tr>\r\n<tr>\r\n<th class=\"a-color-secondary a-size-base prodDetSectionEntry\" style=\"text-align: left;\">Item model number</th>\r\n<td class=\"a-size-base\" style=\"text-align: right;\">OLED65CXPUA</td>\r\n</tr>\r\n<tr>\r\n<th class=\"a-color-secondary a-size-base prodDetSectionEntry\" style=\"text-align: left;\">Speaker Type</th>\r\n<td class=\"a-size-base\" style=\"text-align: right;\">Built-In</td>\r\n</tr>\r\n</tbody>\r\n</table>\r\n</div>\r\n<p>&nbsp;</p>\r\n<p>&nbsp;</p>', 'LG OLED TV CX redefines everything you see. Once you’ve seen LG OLED TV, other TVs pale in comparison. OLED is a difference-maker for movies, shows, sports and gaming. From the gridiron to the iron throne, no detail goes unseen. And only OLED pixels emit their own light for perfect black, intense color and stunning picture.'),
(93, 93, 'ar', 'Sony X950G 55 Inch TV: 4K Ultra HD Smart LED TV', '<h1 id=\"title\" class=\"a-size-large a-spacing-none\" style=\"text-align: center;\"><span id=\"productTitle\" class=\"a-size-large\">Sony X950G 55 Inch TV: 4K Ultra HD Smart LED TV</span></h1>\r\n<p>&nbsp;</p>\r\n<p><span class=\"a-size-large\"><img style=\"display: block; margin-left: auto; margin-right: auto;\" src=\"/storage/media/UIp4NApS5zOaHTnDBjOgJZTU5KUw9fKBwpZA424w.jpeg\" alt=\"\" width=\"1464\" height=\"600\" /></span></p>\r\n<p><img style=\"display: block; margin-left: auto; margin-right: auto;\" src=\"/storage/media/F9j5YHzyhBVLIabSlt2KYTGD7sFyQ4XcjDTN1SXR.jpeg\" alt=\"\" width=\"1464\" height=\"600\" /></p>\r\n<p>&nbsp;</p>\r\n<p><img style=\"display: block; margin-left: auto; margin-right: auto;\" src=\"/storage/media/D8gLflrTTrKLzi7O4pegiDzyzoeBK0kagzgbVRAy.jpeg\" alt=\"\" width=\"1464\" height=\"600\" /></p>\r\n<p><img style=\"display: block; margin-left: auto; margin-right: auto;\" src=\"/storage/media/yjW4GLTExJ49uAjAmyX7IrEDVcvQewyt0CFRGrHt.jpeg\" alt=\"\" width=\"1464\" height=\"600\" /></p>\r\n<p>&nbsp;</p>\r\n<p><img style=\"display: block; margin-left: auto; margin-right: auto;\" src=\"/storage/media/BTbXMiTjGlxosGiYIcMed8wRxzwbf5QjaAbIJXld.jpeg\" alt=\"\" width=\"1464\" height=\"600\" /></p>\r\n<h2>&nbsp;</h2>\r\n<p><strong>Details:</strong></p>\r\n<ul class=\"a-unordered-list a-vertical a-spacing-none\">\r\n<li><span class=\"a-list-item\">HIGH DYNAMIC RANGE: Experience incredible detail, brightness and clarity with 4K UHD resolution</span></li>\r\n<li><span class=\"a-list-item\">X-WIDE ANGLE: Sit anywhere in the room to enjoy incredible real-world color with the 85inch X950G</span></li>\r\n<li><span class=\"a-list-item\">IMMERSIVE AUDIO: Acoustic Multi-Audio syncs sound with action to create Sound-from Picture Reality</span></li>\r\n<li><span class=\"a-list-item\">ULTIMATE REALISM: Enjoy clear, vibrant colors with TRILUMINOS Display and 4K HDR Super Bit Mapping</span></li>\r\n<li><span class=\"a-list-item\">NO MOTION BLUR: Watch lifelike on-screen action with virtually no blur with Motion flow XR technology</span></li>\r\n<li><span class=\"a-list-item\">APPLE AIRPLAY 2 and HOMEKIT SUPPOR: Seamlessly integrate your iPhone and Siri devices with your Sony TV for effortless smart home management and content streaming.</span></li>\r\n<li><span class=\"a-list-item\">WORKS WITH ALEXA: Stream smart camera feeds with your voice. Through an Alexa enabled device, just ask Alexa to play music, launch video apps, turn up the volume, and more</span></li>\r\n</ul>\r\n<div class=\"a-row a-expander-container a-expander-inline-container\" aria-live=\"polite\">\r\n<div class=\"a-expander-content a-expander-extend-content a-expander-content-expanded\" aria-expanded=\"true\">\r\n<ul class=\"a-unordered-list a-vertical a-spacing-none\">\r\n<li><span class=\"a-list-item\">ANDROID TV: 55in flat screen TV with the Google Assistant built-in; Alexa and Google Home compatible.</span></li>\r\n<li><span class=\"a-list-item\">DIMENSIONS: TV with Stand: 48 3/8 x 30 5/8 x 10 7/8 Inch; Without Stand: 48 3/8 x 28 x 2 3/4 Inch</span></li>\r\n<li><span class=\"a-list-item\">IN THE BOX: 55 in TV, stand, remote, batteries, power cord, IR blaster, start Guide, and manual</span></li>\r\n</ul>\r\n<p>&nbsp;</p>\r\n<div class=\"a-row\">\r\n<div class=\"a-column a-span6\">\r\n<p class=\"a-size-medium a-spacing-small\"><strong>Technical Details:</strong></p>\r\n<p>&nbsp;</p>\r\n</div>\r\n</div>\r\n<div class=\"a-expander-content a-expander-extend-content\" aria-expanded=\"true\">\r\n<div class=\"a-row a-expander-container a-expander-inline-container\" aria-live=\"polite\">\r\n<div class=\"a-expander-content a-expander-section-content a-section-expander-inner\" aria-expanded=\"true\">\r\n<table id=\"productDetails_techSpec_section_1\" class=\"a-keyvalue prodDetTable\" role=\"presentation\">\r\n<tbody>\r\n<tr>\r\n<th class=\"a-color-secondary a-size-base prodDetSectionEntry\" style=\"text-align: left;\">Brand Name</th>\r\n<td class=\"a-size-base\" style=\"text-align: right;\">Sony</td>\r\n</tr>\r\n<tr>\r\n<th class=\"a-color-secondary a-size-base prodDetSectionEntry\" style=\"text-align: left;\">Item Weight</th>\r\n<td class=\"a-size-base\" style=\"text-align: right;\">41.9 pounds</td>\r\n</tr>\r\n<tr>\r\n<th class=\"a-color-secondary a-size-base prodDetSectionEntry\" style=\"text-align: left;\">Product Dimensions</th>\r\n<td class=\"a-size-base\" style=\"text-align: right;\">30.6 x 10.9 x 48.4 inches</td>\r\n</tr>\r\n<tr>\r\n<th class=\"a-color-secondary a-size-base prodDetSectionEntry\" style=\"text-align: left;\">California residents</th>\r\n<td class=\"a-size-base\" style=\"text-align: right;\">&nbsp;for Proposition 65 warning</td>\r\n</tr>\r\n<tr>\r\n<th class=\"a-color-secondary a-size-base prodDetSectionEntry\" style=\"text-align: left;\">Item model number</th>\r\n<td class=\"a-size-base\" style=\"text-align: right;\">XBR55X950G</td>\r\n</tr>\r\n<tr>\r\n<th class=\"a-color-secondary a-size-base prodDetSectionEntry\" style=\"text-align: left;\">Batteries</th>\r\n<td class=\"a-size-base\" style=\"text-align: right;\">2 AAA batteries required. (included)</td>\r\n</tr>\r\n<tr>\r\n<th class=\"a-color-secondary a-size-base prodDetSectionEntry\" style=\"text-align: left;\">Color Name</th>\r\n<td class=\"a-size-base\" style=\"text-align: right;\">Black</td>\r\n</tr>\r\n</tbody>\r\n</table>\r\n</div>\r\n</div>\r\n</div>\r\n<p>&nbsp;</p>\r\n</div>\r\n</div>\r\n<p>&nbsp;</p>', 'HIGH DYNAMIC RANGE: Experience incredible detail, brightness and clarity with 4K UHD resolution\r\nX-WIDE ANGLE: Sit anywhere in the room to enjoy incredible real-world color with the 85inch X950G\r\nIMMERSIVE AUDIO: Acoustic Multi-Audio syncs sound with action to create Sound-from Picture Reality'),
(94, 94, 'ar', 'Sony XBR49X900F 49-Inch 4K Ultra HD Smart LED TV', '<h1 id=\"title\" class=\"a-size-large a-spacing-none\" style=\"text-align: center;\"><span id=\"productTitle\" class=\"a-size-large\">Sony 49-Inch 4K Ultra HD Smart LED TV&nbsp;</span></h1>\r\n<p>&nbsp;</p>\r\n<p><span class=\"a-size-large\"><img style=\"display: block; margin-left: auto; margin-right: auto;\" src=\"/storage/media/nUxUp9Kdhykxxung66LVjGQlNmYs8Y9I8uVF7fFC.jpeg\" alt=\"\" width=\"1464\" height=\"600\" /></span></p>\r\n<p><span class=\"a-size-large\"><img style=\"display: block; margin-left: auto; margin-right: auto;\" src=\"/storage/media/0iHG3Ka2EfY6u1ZMVdSnzLGOJp3vstWDLBE2M1EJ.jpeg\" alt=\"\" width=\"1464\" height=\"600\" /></span></p>\r\n<p><span class=\"a-size-large\"><img style=\"display: block; margin-left: auto; margin-right: auto;\" src=\"/storage/media/Q45v83UJPKOH0aEr7ShekfOzBweGv2ARUYYbbaBJ.jpeg\" alt=\"\" width=\"1464\" height=\"600\" /></span></p>\r\n<p><span class=\"a-size-large\"><img style=\"display: block; margin-left: auto; margin-right: auto;\" src=\"/storage/media/jeH8mJu48cSyBNYQN6Rl1O0a0nKyC3NcfLeh9vy9.jpeg\" alt=\"\" width=\"1464\" height=\"600\" /></span></p>\r\n<p><span class=\"a-size-large\"><img style=\"display: block; margin-left: auto; margin-right: auto;\" src=\"/storage/media/ZoAslpQnjK9y6JF8igrK4IlunZQX7sCuP6CwrTtZ.jpeg\" alt=\"\" width=\"1464\" height=\"600\" /></span></p>\r\n<p>&nbsp;</p>\r\n<p><span class=\"a-size-large\"><img style=\"display: block; margin-left: auto; margin-right: auto;\" src=\"/storage/media/dUkl7LuR2FItKqORKhrsz0KVf1jUEU71nsIDxeCk.jpeg\" alt=\"\" width=\"1464\" height=\"600\" /></span></p>\r\n<h2>&nbsp;</h2>\r\n<p><strong><span class=\"a-size-large\">Details:</span></strong></p>\r\n<p>&nbsp;</p>\r\n<ul class=\"a-unordered-list a-vertical a-spacing-none\">\r\n<li><span class=\"a-list-item\">BEYOND HIGH DEFINITION: 4K HDTV picture offers stunning clarity &amp; high dynamic range color &amp; detail</span></li>\r\n<li><span class=\"a-list-item\">ENHANCED QUALITY: With the X1 Extreme Processor enjoy controlled contrast &amp; wide range of brightness. Bluetooth connectivity</span></li>\r\n</ul>\r\n<p>&nbsp;</p>\r\n<ul class=\"a-unordered-list a-vertical a-spacing-none\">\r\n<li><span class=\"a-list-item\">SAY IT. SEE IT.: Connect Alexa to your compatible Sony TV to stream smart camera feeds with your voice. You can also ask Alexa to play music, launch video apps, and more and see it all on your Sony</span></li>\r\n<li><span class=\"a-list-item\">PREMIUM DISPLAY: Enjoy vibrant colors with TRILUMINOS &amp; clear on screen action with X-Motion Clarity</span></li>\r\n</ul>\r\n<p>&nbsp;</p>\r\n<ul class=\"a-unordered-list a-vertical a-spacing-none\">\r\n<li><span class=\"a-list-item\">VOICE COMPATIBILITY: 49 inch tv is compatible with Amazon Alexa &amp; Google Home to change channels &amp; more</span></li>\r\n<li><span class=\"a-list-item\">DIMENSIONS: Without stand: 43 1/8 x 24 7/8 x 2 3/4 inch, with stand: 43 1/8 x 27 3/8 x 10 5/8 inch</span></li>\r\n<li><span class=\"a-list-item\">MULTIPLE INPUTS: 49 inch tv has 4 HDMI, 2 USB2.0, 1 USB3.0 &amp; 1 Composite port to easily switch inputs</span></li>\r\n</ul>\r\n<div class=\"a-row a-expander-container a-expander-inline-container\" aria-live=\"polite\">\r\n<div class=\"a-expander-content a-expander-extend-content a-expander-content-expanded\" aria-expanded=\"true\">\r\n<ul class=\"a-unordered-list a-vertical a-spacing-none\">\r\n<li><span class=\"a-list-item\">BOX INCLUDES: Voice Remote, Batteries, Power Cord, IR Blaster, Operating Manual, Setup Guide &amp; Stand</span></li>\r\n<li><span class=\"a-list-item\">connectivity_technology: Built-in Wi-Fi, HDMI, USB</span></li>\r\n</ul>\r\n<p>&nbsp;</p>\r\n<div class=\"a-row\">\r\n<div class=\"a-column a-span6\">\r\n<p class=\"a-size-medium a-spacing-small\"><strong>Technical Details:</strong></p>\r\n</div>\r\n</div>\r\n<div class=\"a-expander-content a-expander-extend-content\" aria-expanded=\"true\">\r\n<div class=\"a-row a-expander-container a-expander-inline-container\" aria-live=\"polite\">\r\n<div class=\"a-expander-content a-expander-section-content a-section-expander-inner\" aria-expanded=\"true\">\r\n<table id=\"productDetails_techSpec_section_1\" class=\"a-keyvalue prodDetTable\" role=\"presentation\">\r\n<tbody>\r\n<tr>\r\n<th class=\"a-color-secondary a-size-base prodDetSectionEntry\" style=\"text-align: left;\">Brand Name</th>\r\n<td class=\"a-size-base\" style=\"text-align: right;\">Sony</td>\r\n</tr>\r\n<tr>\r\n<th class=\"a-color-secondary a-size-base prodDetSectionEntry\" style=\"text-align: left;\">Item Weight</th>\r\n<td class=\"a-size-base\" style=\"text-align: right;\">19 pounds</td>\r\n</tr>\r\n<tr>\r\n<th class=\"a-color-secondary a-size-base prodDetSectionEntry\" style=\"text-align: left;\">Product Dimensions</th>\r\n<td class=\"a-size-base\" style=\"text-align: right;\">53 x 7 x 29.2 inches</td>\r\n</tr>\r\n<tr>\r\n<th class=\"a-color-secondary a-size-base prodDetSectionEntry\" style=\"text-align: left;\">California residents</th>\r\n<td class=\"a-size-base\" style=\"text-align: right;\">&nbsp;for Proposition 65 warning</td>\r\n</tr>\r\n<tr>\r\n<th class=\"a-color-secondary a-size-base prodDetSectionEntry\" style=\"text-align: left;\">Item model number</th>\r\n<td class=\"a-size-base\" style=\"text-align: right;\">XBR49X900F</td>\r\n</tr>\r\n<tr>\r\n<th class=\"a-color-secondary a-size-base prodDetSectionEntry\" style=\"text-align: left;\">Batteries</th>\r\n<td class=\"a-size-base\" style=\"text-align: right;\">2 AA batteries required. (included)</td>\r\n</tr>\r\n<tr>\r\n<th class=\"a-color-secondary a-size-base prodDetSectionEntry\" style=\"text-align: left;\">Color Name</th>\r\n<td class=\"a-size-base\" style=\"text-align: right;\">Black</td>\r\n</tr>\r\n</tbody>\r\n</table>\r\n</div>\r\n</div>\r\n</div>\r\n</div>\r\n</div>', 'BEYOND HIGH DEFINITION: 4K HDTV picture offers stunning clarity & high dynamic range color & detail\r\nENHANCED QUALITY: With the X1 Extreme Processor enjoy controlled contrast & wide range of brightness. Bluetooth connectivity'),
(95, 95, 'ar', 'HENCHIRY New Men\'s Winter Jean Jacket', '<h1 style=\"text-align: center;\">HENCHIRY New Men\'s Winter Jean Jacket</h1>\r\n<p><strong><img style=\"display: block; margin-left: auto; margin-right: auto;\" src=\"/storage/media/CeVI9iF51eHDIbGokWEVWVNrTv02qblgdvxosNUG.jpeg\" alt=\"\" width=\"790\" height=\"895\" /></strong></p>\r\n<p><strong><img style=\"display: block; margin-left: auto; margin-right: auto;\" src=\"/storage/media/CPrIGzxoS0osPuwIaLNxzWVIFIdzmRguNa10TlnJ.jpeg\" alt=\"\" width=\"790\" height=\"784\" /></strong></p>\r\n<p>&nbsp;</p>\r\n<p><strong><img style=\"display: block; margin-left: auto; margin-right: auto;\" src=\"/storage/media/ZyT89vDGKZ84LKxOxdkl216O0LxpNRTnCw7tQOlH.jpeg\" alt=\"\" width=\"790\" height=\"711\" /></strong></p>\r\n<p>&nbsp;</p>\r\n<p>&nbsp;</p>\r\n<p><strong><img style=\"display: block; margin-left: auto; margin-right: auto;\" src=\"/storage/media/UKxdVj5SIuTCG4HwuElp9RQfJevQUuT5F8xTTrGe.jpeg\" alt=\"\" width=\"790\" height=\"625\" /></strong></p>\r\n<p>&nbsp;</p>\r\n<p><strong><img style=\"display: block; margin-left: auto; margin-right: auto;\" src=\"/storage/media/xWKHar5PrVy8LlMEMs6o8PTZkcaIdaVhf6FjGeQL.jpeg\" alt=\"\" width=\"790\" height=\"778\" /></strong></p>\r\n<p>&nbsp;</p>\r\n<p><strong><img style=\"display: block; margin-left: auto; margin-right: auto;\" src=\"/storage/media/stUbFjx6Y2t0ssw0TGtT6iAZyYBkhJH1Ym8xp3kj.jpeg\" alt=\"\" width=\"790\" height=\"476\" /></strong></p>\r\n<p>&nbsp;</p>\r\n<p>&nbsp;</p>\r\n<p><strong><img style=\"display: block; margin-left: auto; margin-right: auto;\" src=\"/storage/media/Ce6deu1cuBZVBtlGvCvJZ1GOQ8DfxdLDi0NQHQgb.jpeg\" alt=\"\" width=\"790\" height=\"953\" /></strong></p>\r\n<p>&nbsp;</p>\r\n<p>&nbsp;</p>\r\n<p><strong><img style=\"display: block; margin-left: auto; margin-right: auto;\" src=\"/storage/media/t9YQJcCq8W7mDlMetMokvhWfYW6KylGCmxlhwFgO.jpeg\" alt=\"\" width=\"790\" height=\"608\" /></strong></p>\r\n<h2>&nbsp;</h2>\r\n<h2><strong>Buyer Notice</strong></h2>\r\n<p>ALl our size is Asian size , 2-3 size smaller then US/Eur Size , Every buyers need read our size before buying , The size data is for reference only, and everything is subject to the goods received! if you are not sure of size, Please tell me your height, weight, size In your country , we will recommend the size you are suitable for,And give you a reference，thanks for your understanding , have a nice day!</p>\r\n<p>&nbsp;</p>\r\n<p>&nbsp;</p>', 'Brand Name: HENCHIRY \r\nThickness: Thick （Winter) Hooded: No \r\nMaterial: COTTON \r\nClosure Type: zipper \r\nPattern Type: Solid \r\nGender: MEN');
INSERT INTO `product_translations` (`id`, `product_id`, `locale`, `name`, `description`, `short_description`) VALUES
(96, 96, 'ar', 'NaranjaSabor Men\'s Denim Jackets', '<p><img style=\"display: block; margin-left: auto; margin-right: auto;\" src=\"/storage/media/1GbtU74OseXlM43SrnnXj1WdPpIj5UaEgB2LoeHs.jpeg\" alt=\"\" width=\"800\" height=\"45\" /></p>\r\n<p>&nbsp;</p>\r\n<p><img style=\"display: block; margin-left: auto; margin-right: auto;\" src=\"/storage/media/iLAuyQwmh6JSJRtG5zrFbMqoeWvcP3nMV3pFk5If.jpeg\" alt=\"\" width=\"850\" height=\"850\" /></p>\r\n<p>&nbsp;</p>\r\n<p><img style=\"display: block; margin-left: auto; margin-right: auto;\" src=\"/storage/media/iiX8wd6fareDsXaRDkzUKvhux59HMkrNLllHImxI.jpeg\" alt=\"\" width=\"850\" height=\"850\" /></p>\r\n<p>&nbsp;</p>\r\n<p><img style=\"display: block; margin-left: auto; margin-right: auto;\" src=\"/storage/media/vHfeKpWkFsalXoklzShIoJTh83mBrefe3kBjicLF.jpeg\" alt=\"\" width=\"850\" height=\"850\" /></p>\r\n<p>&nbsp;</p>\r\n<p>&nbsp;</p>\r\n<p><img style=\"display: block; margin-left: auto; margin-right: auto;\" src=\"/storage/media/7OyZfoNMmDLdu3sRt7r8Jpzb9Km6E2ZtSxkVfBYu.jpeg\" alt=\"\" width=\"800\" height=\"45\" /></p>\r\n<p>&nbsp;</p>\r\n<p><img style=\"display: block; margin-left: auto; margin-right: auto;\" src=\"/storage/media/0LZvmgHEm0MV7cm8aA80NvutUDh3V4LPBqhqSs9Z.jpeg\" alt=\"\" width=\"850\" height=\"850\" /></p>\r\n<p><img style=\"display: block; margin-left: auto; margin-right: auto;\" src=\"/storage/media/XPsyGPks1oMMHow0GeYp6uXcIrwUhMpcD1u3Vve1.jpeg\" alt=\"\" width=\"850\" height=\"850\" /></p>\r\n<p><img style=\"display: block; margin-left: auto; margin-right: auto;\" src=\"/storage/media/kTQBY0TunjMlqjm4w8uQXbP2rp05jLLnD07KYaSy.jpeg\" alt=\"\" width=\"850\" height=\"850\" /></p>\r\n<h2>&nbsp;</h2>\r\n<h2><strong>Specifications:</strong></h2>\r\n<ul class=\"product-specs-list util-clearfix\">\r\n<li class=\"product-prop line-limit-length\"><span class=\"property-title\">Gender:&nbsp;</span><span class=\"property-desc line-limit-length\" title=\"MEN\">MEN</span></li>\r\n<li class=\"product-prop line-limit-length\"><span class=\"property-title\">Item Type:&nbsp;</span><span class=\"property-desc line-limit-length\" title=\"Outerwear &amp; Coats\">Outerwear &amp; Coats</span></li>\r\n<li class=\"product-prop line-limit-length\"><span class=\"property-title\">Outerwear Type:&nbsp;</span><span class=\"property-desc line-limit-length\" title=\"Jackets\">Jackets</span></li>\r\n<li class=\"product-prop line-limit-length\"><span class=\"property-title\">Collar:&nbsp;</span><span class=\"property-desc line-limit-length\" title=\"Turn-down Collar\">Turn-down Collar</span></li>\r\n<li class=\"product-prop line-limit-length\"><span class=\"property-title\">Closure Type:&nbsp;</span><span class=\"property-desc line-limit-length\" title=\"Single Breasted\">Single Breasted</span></li>\r\n<li class=\"product-prop line-limit-length\"><span class=\"property-title\">Decoration:&nbsp;</span><span class=\"property-desc line-limit-length\" title=\"PATTERN\">PATTERN</span></li>\r\n<li class=\"product-prop line-limit-length\"><span class=\"property-title\">Sleeve Style:&nbsp;</span><span class=\"property-desc line-limit-length\" title=\"REGULAR\">REGULAR</span></li>\r\n<li class=\"product-prop line-limit-length\"><span class=\"property-title\">Lining Material:&nbsp;</span><span class=\"property-desc line-limit-length\" title=\"Polyester\">Polyester</span></li>\r\n<li class=\"product-prop line-limit-length\"><span class=\"property-title\">Thickness:&nbsp;</span><span class=\"property-desc line-limit-length\" title=\"STANDARD\">STANDARD</span></li>\r\n<li class=\"product-prop line-limit-length\"><span class=\"property-title\">Model Number:&nbsp;</span><span class=\"property-desc line-limit-length\" title=\"NZXX439\">NZXX439</span></li>\r\n<li class=\"product-prop line-limit-length\"><span class=\"property-title\">Brand Name:&nbsp;</span><span class=\"property-desc line-limit-length\" title=\"NaranjaSabor\">NaranjaSabor</span></li>\r\n<li class=\"product-prop line-limit-length\"><span class=\"property-title\">Material:&nbsp;</span><span class=\"property-desc line-limit-length\" title=\"Polyester\">Polyester</span></li>\r\n<li class=\"product-prop line-limit-length\"><span class=\"property-title\">Type:&nbsp;</span><span class=\"property-desc line-limit-length\" title=\"Slim\">Slim</span></li>\r\n<li class=\"product-prop line-limit-length\"><span class=\"property-title\">Pattern Type:&nbsp;</span><span class=\"property-desc line-limit-length\" title=\"Print\">Print</span></li>\r\n<li class=\"product-prop line-limit-length\"><span class=\"property-title\">Cuff Style:&nbsp;</span><span class=\"property-desc line-limit-length\" title=\"Conventional\">Conventional</span></li>\r\n<li class=\"product-prop line-limit-length\"><span class=\"property-title\">Clothing Length:&nbsp;</span><span class=\"property-desc line-limit-length\" title=\"REGULAR\">REGULAR</span></li>\r\n<li class=\"product-prop line-limit-length\"><span class=\"property-title\">Detachable Part:&nbsp;</span><span class=\"property-desc line-limit-length\" title=\"NONE\">NONE</span></li>\r\n<li class=\"product-prop line-limit-length\"><span class=\"property-title\">Hooded:&nbsp;</span><span class=\"property-desc line-limit-length\" title=\"No\">No</span></li>\r\n<li class=\"product-prop line-limit-length\"><span class=\"property-title\">Style:&nbsp;</span><span class=\"property-desc line-limit-length\" title=\"Casual\">Casual</span></li>\r\n<li class=\"product-prop line-limit-length\"><span class=\"property-title\">Item:&nbsp;</span><span class=\"property-desc line-limit-length\" title=\"Mens Denim Jackets\">Mens Denim Jackets</span></li>\r\n<li class=\"product-prop line-limit-length\"><span class=\"property-title\">Color:&nbsp;</span><span class=\"property-desc line-limit-length\" title=\"Denim Blue\">Denim Blue</span></li>\r\n<li class=\"product-prop line-limit-length\"><span class=\"property-title\">Size:&nbsp;</span><span class=\"property-desc line-limit-length\" title=\"M,L,XL,XXL,XXXL\">M,L,XL,XXL,XXXL</span></li>\r\n<li class=\"product-prop line-limit-length\"><span class=\"property-title\">Season:&nbsp;</span><span class=\"property-desc line-limit-length\" title=\"Spring,Autumn,Winter\">Spring,Autumn,Winter</span></li>\r\n<li class=\"product-prop line-limit-length\"><span class=\"property-title\">Style:&nbsp;</span><span class=\"property-desc line-limit-length\" title=\"Fashipon,Streetwear\">Fashipon,Streetwear</span></li>\r\n<li class=\"product-prop line-limit-length\"><span class=\"property-title\">Type:&nbsp;</span><span class=\"property-desc line-limit-length\" title=\"Men\'s Jean Jacket\">Men\'s Jean Jacket</span></li>\r\n<li class=\"product-prop line-limit-length\" data-spm-anchor-id=\"a2g0o.detail.0.i10.5bc04820OaF43I\"><span class=\"property-title\">Drop shipping:&nbsp;</span><span class=\"property-desc line-limit-length\" title=\"dropshipping\">dropshipping</span></li>\r\n</ul>', 'NaranjaSabor Men\'s Denim Jackets Fashion Pocket Star & Striped Slim Fit Jean Jacket Male Outerwear Coats Men Brand Clothing N439'),
(97, 97, 'ar', '6XL Men jacket jeans military army soldier cotton Mens Bomber jackets', '<h2 style=\"text-align: center;\"><strong data-spm-anchor-id=\"a2g0o.detail.1000023.i5.f6d83956RZFsjW\">Plus 6XL Men jacket jeans military army soldier cotton Air force one male Brand clothing Spring Autumn Mens Bomber jackets</strong></h2>\r\n<p>&nbsp;</p>\r\n<p><strong data-spm-anchor-id=\"a2g0o.detail.1000023.i5.f6d83956RZFsjW\"><img style=\"display: block; margin-left: auto; margin-right: auto;\" src=\"/storage/media/nCNgGE49tcnCqza05pcn19sdc7XJztmXwbVKYlA4.jpeg\" alt=\"\" width=\"1000\" height=\"1000\" /></strong></p>\r\n<p>&nbsp;</p>\r\n<p><strong data-spm-anchor-id=\"a2g0o.detail.1000023.i5.f6d83956RZFsjW\"><img style=\"display: block; margin-left: auto; margin-right: auto;\" src=\"/storage/media/kdWDVtN6S859p21tgKmOSqvoA7LA0umEqOrupRIL.jpeg\" alt=\"\" width=\"790\" height=\"534\" /></strong></p>\r\n<p><strong data-spm-anchor-id=\"a2g0o.detail.1000023.i5.f6d83956RZFsjW\"><img style=\"display: block; margin-left: auto; margin-right: auto;\" src=\"/storage/media/EkRIUwE9IUrEGW4uXyDaHjYi5DRahr3HreBeQMVC.jpeg\" alt=\"\" width=\"790\" height=\"636\" /></strong></p>\r\n<p>&nbsp;</p>\r\n<p><strong data-spm-anchor-id=\"a2g0o.detail.1000023.i5.f6d83956RZFsjW\"><img style=\"display: block; margin-left: auto; margin-right: auto;\" src=\"/storage/media/J0j2qqxoT5tWJn8mOiRLNmPSYwJf6hRoVXzDWOUn.jpeg\" alt=\"\" width=\"790\" height=\"588\" /></strong></p>\r\n<p>&nbsp;</p>\r\n<p><strong data-spm-anchor-id=\"a2g0o.detail.1000023.i5.f6d83956RZFsjW\"><img style=\"display: block; margin-left: auto; margin-right: auto;\" src=\"/storage/media/5HObz6cI9VAyj13lugxgq89GAsqOYNwZyNeCEgnS.jpeg\" alt=\"\" width=\"790\" height=\"1018\" /></strong></p>\r\n<p>&nbsp;</p>\r\n<p>&nbsp;</p>\r\n<h2><strong data-spm-anchor-id=\"a2g0o.detail.1000023.i5.f6d83956RZFsjW\">Specifications:</strong></h2>\r\n<ul class=\"product-specs-list util-clearfix\">\r\n<li class=\"product-prop line-limit-length\"><span class=\"property-title\">Brand Name:&nbsp;</span><span class=\"property-desc line-limit-length\" title=\"HANQIU\">HANQIU</span></li>\r\n<li class=\"product-prop line-limit-length\"><span class=\"property-title\">Closure Type:&nbsp;</span><span class=\"property-desc line-limit-length\" title=\"zipper\">zipper</span></li>\r\n<li class=\"product-prop line-limit-length\"><span class=\"property-title\">Model Number:&nbsp;</span><span class=\"property-desc line-limit-length\" title=\"JACKET\">JACKET</span></li>\r\n<li class=\"product-prop line-limit-length\"><span class=\"property-title\">Sleeve Style:&nbsp;</span><span class=\"property-desc line-limit-length\" title=\"REGULAR\">REGULAR</span></li>\r\n<li class=\"product-prop line-limit-length\"><span class=\"property-title\">Thickness:&nbsp;</span><span class=\"property-desc line-limit-length\" title=\"Thin (Summer)\">Thin (Summer)</span></li>\r\n<li class=\"product-prop line-limit-length\"><span class=\"property-title\">Hooded:&nbsp;</span><span class=\"property-desc line-limit-length\" title=\"No\">No</span></li>\r\n<li class=\"product-prop line-limit-length\"><span class=\"property-title\">Detachable Part:&nbsp;</span><span class=\"property-desc line-limit-length\" title=\"NONE\">NONE</span></li>\r\n<li class=\"product-prop line-limit-length\"><span class=\"property-title\">Lining Material:&nbsp;</span><span class=\"property-desc line-limit-length\" title=\"COTTON\">COTTON</span></li>\r\n<li class=\"product-prop line-limit-length\"><span class=\"property-title\">Type:&nbsp;</span><span class=\"property-desc line-limit-length\" title=\"Loose\">Loose</span></li>\r\n<li class=\"product-prop line-limit-length\"><span class=\"property-title\">Pattern Type:&nbsp;</span><span class=\"property-desc line-limit-length\" title=\"Solid\">Solid</span></li>\r\n<li class=\"product-prop line-limit-length\"><span class=\"property-title\">Clothing Length:&nbsp;</span><span class=\"property-desc line-limit-length\" title=\"REGULAR\">REGULAR</span></li>\r\n<li class=\"product-prop line-limit-length\"><span class=\"property-title\">Decoration:&nbsp;</span><span class=\"property-desc line-limit-length\" title=\"Pockets\">Pockets</span></li>\r\n<li class=\"product-prop line-limit-length\"><span class=\"property-title\">Style:&nbsp;</span><span class=\"property-desc line-limit-length\" title=\"Casual\">Casual</span></li>\r\n<li class=\"product-prop line-limit-length\"><span class=\"property-title\">Material:&nbsp;</span><span class=\"property-desc line-limit-length\" title=\"COTTON\">COTTON</span></li>\r\n<li class=\"product-prop line-limit-length\"><span class=\"property-title\">Collar:&nbsp;</span><span class=\"property-desc line-limit-length\" title=\"Stand\">Stand</span></li>\r\n<li class=\"product-prop line-limit-length\"><span class=\"property-title\">Cuff Style:&nbsp;</span><span class=\"property-desc line-limit-length\" title=\"Conventional\">Conventional</span></li>\r\n<li class=\"product-prop line-limit-length\"><span class=\"property-title\">Season:&nbsp;</span><span class=\"property-desc line-limit-length\" title=\"Spring,Autumn\">Spring,Autumn</span></li>\r\n<li class=\"product-prop line-limit-length\"><span class=\"property-title\">Age range:&nbsp;</span><span class=\"property-desc line-limit-length\" title=\"24-35\">24-35</span></li>\r\n<li class=\"product-prop line-limit-length\"><span class=\"property-title\">Size:&nbsp;</span><span class=\"property-desc line-limit-length\" title=\"M,L,XL,XXL,3XL,4XL,5XL,6XL\">M,L,XL,XXL,3XL,4XL,5XL,6XL</span></li>\r\n<li class=\"product-prop line-limit-length\" data-spm-anchor-id=\"a2g0o.detail.0.i9.f6d83956RZFsjW\"><span class=\"property-title\">Gender:&nbsp;</span><span class=\"property-desc line-limit-length\" title=\"Men,Man,Male\">Men,Man,Male</span></li>\r\n</ul>\r\n<p>&nbsp;</p>\r\n<p>&nbsp;</p>', 'Plus 6XL Men jacket jeans military army soldier cotton Air force one male Brand clothing Spring Autumn Mens Bomber jackets'),
(98, 98, 'ar', '0 Degree Super Warm Winter Ski Jacket Men Waterproof', '<p><img style=\"display: block; margin-left: auto; margin-right: auto;\" src=\"/storage/media/evDF87HhHzuzBO8F7CByTUoqEw6Fkd5Emupwmn12.jpeg\" alt=\"\" width=\"750\" height=\"264\" /></p>\r\n<p>&nbsp;</p>\r\n<p><img style=\"display: block; margin-left: auto; margin-right: auto;\" src=\"/storage/media/x3DN68CZjWKk9TTp68prI1RfrAz6zTZq4cUp05ah.jpeg\" alt=\"\" width=\"800\" height=\"800\" /></p>\r\n<p>&nbsp;</p>\r\n<p><img style=\"display: block; margin-left: auto; margin-right: auto;\" src=\"/storage/media/ee6pBmbkxQl0KZKa3Lou0gZSmttdMVbfxG7Mq0X5.jpeg\" alt=\"\" width=\"800\" height=\"800\" /></p>\r\n<p>&nbsp;</p>\r\n<p><img style=\"display: block; margin-left: auto; margin-right: auto;\" src=\"/storage/media/c85lmb0SvWrKpqvDwpLX3i8NTPXH1amC7NLm5bBz.jpeg\" alt=\"\" width=\"800\" height=\"800\" /></p>\r\n<p>&nbsp;</p>\r\n<p><img style=\"display: block; margin-left: auto; margin-right: auto;\" src=\"/storage/media/vbzWJoyjTQkk7tlC38RhmafeF0aLgi69U3tP0n2L.jpeg\" alt=\"\" width=\"800\" height=\"800\" /></p>\r\n<p>&nbsp;</p>\r\n<p><img style=\"display: block; margin-left: auto; margin-right: auto;\" src=\"/storage/media/t0gnwWCtr7SPCVo0zXr2WDsvI5OKU7JBouCP5ml2.jpeg\" alt=\"\" width=\"800\" height=\"800\" /></p>\r\n<p>&nbsp;</p>\r\n<p><img style=\"display: block; margin-left: auto; margin-right: auto;\" src=\"/storage/media/i1qbTRHKSImsvGjRGisnHx10zp84rmDA0vpuheLl.jpeg\" alt=\"\" width=\"800\" height=\"800\" /></p>\r\n<p>&nbsp;</p>\r\n<p>&nbsp;</p>\r\n<p>&nbsp;</p>\r\n<h2>SPECIFICATIONS:</h2>\r\n<ul class=\"product-specs-list util-clearfix\">\r\n<li class=\"product-prop line-limit-length\"><span class=\"property-title\">Brand Name:&nbsp;</span><span class=\"property-desc line-limit-length\" title=\"Grizzilla\">Grizzilla</span></li>\r\n<li class=\"product-prop line-limit-length\"><span class=\"property-title\">Material:&nbsp;</span><span class=\"property-desc line-limit-length\" title=\"Polyester\">Polyester</span></li>\r\n<li class=\"product-prop line-limit-length\"><span class=\"property-title\">Material:&nbsp;</span><span class=\"property-desc line-limit-length\" title=\"COTTON\">COTTON</span></li>\r\n<li class=\"product-prop line-limit-length\"><span class=\"property-title\">Gender:&nbsp;</span><span class=\"property-desc line-limit-length\" title=\"MEN\">MEN</span></li>\r\n<li class=\"product-prop line-limit-length\"><span class=\"property-title\">Collar:&nbsp;</span><span class=\"property-desc line-limit-length\" title=\"Hooded\">Hooded</span></li>\r\n<li class=\"product-prop line-limit-length\"><span class=\"property-title\">Sport Type:&nbsp;</span><span class=\"property-desc line-limit-length\" title=\"Skiing\">Skiing</span></li>\r\n<li class=\"product-prop line-limit-length\"><span class=\"property-title\">Fit:&nbsp;</span><span class=\"property-desc line-limit-length\" title=\"Fits true to size, take your normal size\">Fits true to size, take your normal size</span></li>\r\n<li class=\"product-prop line-limit-length\"><span class=\"property-title\">Model Number:&nbsp;</span><span class=\"property-desc line-limit-length\" title=\"WA58\">WA58</span></li>\r\n<li class=\"product-prop line-limit-length\"><span class=\"property-title\">Outerwear Type:&nbsp;</span><span class=\"property-desc line-limit-length\" title=\"Jackets\">Jackets</span></li>\r\n<li class=\"product-prop line-limit-length\"><span class=\"property-title\">Feature:&nbsp;</span><span class=\"property-desc line-limit-length\" title=\"Anti-Wrinkle\">Anti-Wrinkle</span></li>\r\n<li class=\"product-prop line-limit-length\"><span class=\"property-title\">Feature:&nbsp;</span><span class=\"property-desc line-limit-length\" title=\"Anti-Pilling\">Anti-Pilling</span></li>\r\n<li class=\"product-prop line-limit-length\"><span class=\"property-title\">Feature:&nbsp;</span><span class=\"property-desc line-limit-length\" title=\"Anti-Shrink\">Anti-Shrink</span></li>\r\n<li class=\"product-prop line-limit-length\"><span class=\"property-title\">Feature:&nbsp;</span><span class=\"property-desc line-limit-length\" title=\"Breathable\">Breathable</span></li>\r\n<li class=\"product-prop line-limit-length\" data-spm-anchor-id=\"a2g0o.detail.0.i9.249b1c66fPrVAk\"><span class=\"property-title\">Feature:&nbsp;</span><span class=\"property-desc line-limit-length\" title=\"Waterproof\">Waterproof</span></li>\r\n</ul>', '-30 Degree Super Warm Winter Ski Jacket Men Waterproof Breathable Snowboard Snow Jacket Outdoor Skiing 3 IN 1 Sports Clothes'),
(99, 99, 'ar', 'Waterproof Jacket Men Outdoor Camping Ski', '<div id=\"PicturePanel\" class=\"pp-c\">\r\n<h1 align=\"center\"><strong>Men\'s Winter Hooded Windproof Solid Long Sleeve Soft Coat Shell Jacket</strong></h1>\r\n<p align=\"center\">&nbsp;</p>\r\n<p align=\"center\">Please check the&nbsp;Size Chart&nbsp;before order. If you are not sure the size, please send message to us.</p>\r\n</div>\r\n<p align=\"center\">&nbsp;</p>\r\n<h2 align=\"left\">&nbsp;</h2>\r\n<p><span class=\"a-list-item\"><img style=\"display: block; margin-left: auto; margin-right: auto;\" src=\"/storage/media/ZsgmBeeg0zmDCYF81iUrquVexs2sZUu41x1orJ4k.jpeg\" alt=\"\" width=\"1024\" height=\"1024\" /></span></p>\r\n<p>&nbsp;</p>\r\n<p><span class=\"a-list-item\"><img style=\"display: block; margin-left: auto; margin-right: auto;\" src=\"/storage/media/XYsU0i0HGtpkPfSaFDDpb5i1bl4VCtPNAZK5Zrg9.jpeg\" alt=\"\" width=\"1024\" height=\"1024\" /></span></p>\r\n<p>&nbsp;</p>\r\n<p><span class=\"a-list-item\"><img style=\"display: block; margin-left: auto; margin-right: auto;\" src=\"/storage/media/crFNW8CtCp3y3lRYwxj4pal1dFJ5uBkSfMW2aSnh.jpeg\" alt=\"\" width=\"1024\" height=\"1024\" /></span></p>\r\n<p>&nbsp;</p>\r\n<p><span class=\"a-list-item\"><img style=\"display: block; margin-left: auto; margin-right: auto;\" src=\"/storage/media/S78AKGDnEkjCaiY6YdcufFO2fSA3tE9l1iZ8u189.jpeg\" alt=\"\" /></span></p>\r\n<p>&nbsp;</p>\r\n<p><span class=\"a-list-item\"><img style=\"display: block; margin-left: auto; margin-right: auto;\" src=\"/storage/media/l8SDDnoxs7a8JyyOfoD5GIflzAeY1xXi2uhQg5oS.jpeg\" alt=\"\" width=\"1024\" height=\"1024\" /></span></p>\r\n<p>&nbsp;</p>\r\n<p><span class=\"a-list-item\"><img style=\"display: block; margin-left: auto; margin-right: auto;\" src=\"/storage/media/BCkBIYoMwKF1kPTr8tUFdYYAz5uuumx5ZKgVevtf.jpeg\" alt=\"\" width=\"1000\" height=\"1000\" /></span></p>\r\n<p>&nbsp;</p>\r\n<h2 align=\"left\"><span class=\"a-list-item\">Features:</span></h2>\r\n<p align=\"left\"><span class=\"a-list-item\">1.It is made of high quality materials,durable enought for your daily wearing</span></p>\r\n<p align=\"left\"><span class=\"a-list-item\">2.Stylish and fashion design make you more attractive,It contains elements of national style</span></p>\r\n<p align=\"left\"><span class=\"a-list-item\">3.Perfect Match with your favorite shorts,leggings, black slacks, denim jeans, etc</span></p>\r\n<p align=\"left\"><span class=\"a-list-item\">4.Great for Daily,Casual,I am sure you will like it!</span></p>\r\n<p align=\"left\"><span class=\"a-list-item\">5.100% Brand new and high quality.</span></p>\r\n<h2 align=\"left\">&nbsp;</h2>\r\n<h2 align=\"left\">Product information:</h2>\r\n<p align=\"left\">Season:Autumn,Winter</p>\r\n<p align=\"left\">Gender:Men</p>\r\n<p align=\"left\">Sport Type:Camping Hiking</p>\r\n<p align=\"left\">Occasion:Daily,Casual</p>\r\n<p align=\"left\">Material:Polyester</p>\r\n<p align=\"left\">Outerwear Type:Jackets</p>\r\n<p align=\"left\">Feature:Waterproof</p>\r\n<p align=\"left\">Material Technology:Gore-Tex</p>\r\n<p align=\"left\">Sleeve length:Long Sleeve</p>\r\n<p align=\"left\">collar:Hooded</p>\r\n<p align=\"left\">Fit:Fits ture to size</p>\r\n<p align=\"left\">Thickness:Standard</p>\r\n<p align=\"left\">How to wash:Hand wash Cold,Hang or Line Dry</p>\r\n<p data-spm-anchor-id=\"a2g0o.detail.1000023.i2.5680632aimCteZ\">What you get:1 PC Men Coat</p>\r\n<p data-spm-anchor-id=\"a2g0o.detail.1000023.i2.5680632aimCteZ\">&nbsp;</p>\r\n<p data-spm-anchor-id=\"a2g0o.detail.1000023.i2.5680632aimCteZ\">&nbsp;</p>\r\n<h2 data-spm-anchor-id=\"a2g0o.detail.1000023.i2.5680632aimCteZ\">Specifications:</h2>\r\n<ul class=\"product-specs-list util-clearfix\">\r\n<li class=\"product-prop line-limit-length\"><span class=\"property-title\">Brand Name:&nbsp;</span><span class=\"property-desc line-limit-length\" title=\"KLV\">KLV</span></li>\r\n<li class=\"product-prop line-limit-length\"><span class=\"property-title\">Gender:&nbsp;</span><span class=\"property-desc line-limit-length\" title=\"MEN\">MEN</span></li>\r\n<li class=\"product-prop line-limit-length\"><span class=\"property-title\">Material:&nbsp;</span><span class=\"property-desc line-limit-length\" title=\"Polyester\">Polyester</span></li>\r\n<li class=\"product-prop line-limit-length\"><span class=\"property-title\">Fit:&nbsp;</span><span class=\"property-desc line-limit-length\" title=\"Fits true to size, take your normal size\">Fits true to size, take your normal size</span></li>\r\n<li class=\"product-prop line-limit-length\"><span class=\"property-title\">Collar:&nbsp;</span><span class=\"property-desc line-limit-length\" title=\"Turn-down Collar\">Turn-down Collar</span></li>\r\n<li class=\"product-prop line-limit-length\"><span class=\"property-title\">Feature:&nbsp;</span><span class=\"property-desc line-limit-length\" title=\"Waterproof\">Waterproof</span></li>\r\n<li class=\"product-prop line-limit-length\"><span class=\"property-title\">Feature:&nbsp;</span><span class=\"property-desc line-limit-length\" title=\"Windproof\">Windproof</span></li>\r\n<li class=\"product-prop line-limit-length\" data-spm-anchor-id=\"a2g0o.detail.0.i9.5680632aimCteZ\"><span class=\"property-title\">Model Number:&nbsp;</span><span class=\"property-desc line-limit-length\" title=\"X93\">X93</span></li>\r\n</ul>', 'Features:\r\n\r\n1.It is made of high quality materials,durable enough for your daily wearing\r\n\r\n2.Stylish and fashion design make you more attractive,It contains elements of national style\r\n\r\n3.Perfect Match with your favorite shorts,leggings, black slacks, denim jeans, etc\r\n\r\n4.Great for Daily,Casual,I am sure you will like it!\r\n\r\n5.100% Brand new and high quality.'),
(100, 100, 'ar', 'Sony SRS-XB12 Mini Bluetooth Speaker Loud Extra Bass Portable', '<h1 id=\"title\" class=\"a-size-large a-spacing-none\" style=\"text-align: center;\"><span id=\"productTitle\" class=\"a-size-large\">Sony Mini Bluetooth Speaker Extra Bass&nbsp;</span></h1>\r\n<p>&nbsp;</p>\r\n<p><span class=\"a-size-large\"><img style=\"display: block; margin-left: auto; margin-right: auto;\" src=\"/storage/media/RQ64h674a84s0NMUqSr3Gs3dTb1NePqsZ8Q7GGBb.jpeg\" alt=\"\" width=\"1464\" height=\"600\" /></span></p>\r\n<p>&nbsp;</p>\r\n<p><span class=\"a-size-large\"><img style=\"display: block; margin-left: auto; margin-right: auto;\" src=\"/storage/media/Si3nC59fYfUUSHDsnDLCAfZu1FhMXOt40PxnhFFy.jpeg\" alt=\"\" width=\"1464\" height=\"600\" /></span></p>\r\n<p>&nbsp;</p>\r\n<p><span class=\"a-size-large\"><img style=\"display: block; margin-left: auto; margin-right: auto;\" src=\"/storage/media/hSgZUPUTx9yN4xz3cKWLLKtSdD61wCeHedpRRLYj.jpeg\" alt=\"\" width=\"1464\" height=\"600\" /></span></p>\r\n<p>&nbsp;</p>\r\n<p><span class=\"a-size-large\"><img style=\"display: block; margin-left: auto; margin-right: auto;\" src=\"/storage/media/WvTcBrj098uRKuD89BTYkAVGqIiw1Rrbnc961ojn.jpeg\" alt=\"\" width=\"1464\" height=\"600\" /></span></p>\r\n<p>&nbsp;</p>\r\n<p>&nbsp;</p>\r\n<p><span class=\"a-size-large\"><img style=\"display: block; margin-left: auto; margin-right: auto;\" src=\"/storage/media/svf6S4Kb6s9ztIODUZsOu0uLw9pi5TxQfTMbYJEQ.jpeg\" alt=\"\" width=\"651\" height=\"350\" /></span></p>\r\n<div class=\"a-section a-spacing-none column-heading\">\r\n<h2 class=\"aplus-h3 a-text-bold\" style=\"text-align: center;\">Waterproof Design</h2>\r\n</div>\r\n<div class=\"a-section a-spacing-none column-description\">\r\n<p class=\"aplus-p3\" style=\"text-align: center;\">With an IP67 rating, your speaker can withstand being in and around water.</p>\r\n<p class=\"aplus-p3\" style=\"text-align: center;\">&nbsp;</p>\r\n<p class=\"aplus-p3\" style=\"text-align: center;\">&nbsp;</p>\r\n<p class=\"aplus-p3\" style=\"text-align: left;\"><strong>Details:</strong></p>\r\n<p class=\"aplus-p3\" style=\"text-align: left;\">&nbsp;</p>\r\n<ul class=\"a-unordered-list a-vertical a-spacing-none\">\r\n<li><span class=\"a-list-item\">MUSIC THAT TRAVELS: Small size but mighty in volume to deliver powerful beats wherever you travel</span></li>\r\n<li><span class=\"a-list-item\">VIRTUAL HAPPY HOUR: Turn your virtual happy hour party into a dance party with EXTRA BASS, and pair two for even more fun</span></li>\r\n<li><span class=\"a-list-item\">PERFECTLY PORTABLE: Use the detachable carry strap to hang, carry, or clip the speaker to your bag</span></li>\r\n<li><span class=\"a-list-item\">WATERPROOF CASING: Take to the pool or beach without worrying about water damaging the speaker unit</span></li>\r\n<li><span class=\"a-list-item\">TOTALLY DUSTPROOF: This outdoor pocket speaker will keep on playing no matter how dusty the surface</span></li>\r\n<li><span class=\"a-list-item\">UPGRADE THE AUDIO: Wirelessly connect 2 speakers and achieve stereo sound with Speaker Add Function</span></li>\r\n<li><span class=\"a-list-item\">LONGER BATTERY LIFE: Party for longer with this rechargeable speaker\'s extended 16 hour battery life</span></li>\r\n</ul>\r\n<div class=\"a-row a-expander-container a-expander-inline-container\" aria-live=\"polite\">\r\n<div class=\"a-expander-content a-expander-extend-content a-expander-content-expanded\" aria-expanded=\"true\">\r\n<ul class=\"a-unordered-list a-vertical a-spacing-none\">\r\n<li><span class=\"a-list-item\">COMPACT SIZE: Measures approx. 3&rdquo; in diameter and 3 5/8&rdquo; in height and only weighs approx. 8. 6 oz</span></li>\r\n<li><span class=\"a-list-item\">PLAY ANYWHERE: Full range speaker for use at home, in your car, on a bike, while hiking, and more</span></li>\r\n<li><span class=\"a-list-item\">IN THE BOX: Sony SRS-XB12 Bluetooth portable speaker with attached carry strap and USB charging cable</span></li>\r\n</ul>\r\n<p>&nbsp;</p>\r\n<h2>Product information</h2>\r\n<p><span class=\"a-list-item\">Color:<strong>Black</strong></span></p>\r\n<div class=\"a-row a-spacing-top-base\">\r\n<div class=\"a-column a-span6\">\r\n<div class=\"a-row a-spacing-base\">\r\n<div class=\"a-section table-padding\">\r\n<table id=\"productDetails_detailBullets_sections1\" class=\"a-keyvalue prodDetTable\" role=\"presentation\">\r\n<tbody>\r\n<tr>\r\n<th class=\"a-color-secondary a-size-base prodDetSectionEntry\" style=\"text-align: left;\">Product Dimensions</th>\r\n<td class=\"a-size-base\" style=\"text-align: right;\">3.4 x 3.4 x 4.2 inches</td>\r\n</tr>\r\n<tr>\r\n<th class=\"a-color-secondary a-size-base prodDetSectionEntry\" style=\"text-align: left;\">Item Weight</th>\r\n<td class=\"a-size-base\" style=\"text-align: right;\">8 ounces</td>\r\n</tr>\r\n<tr>\r\n<th class=\"a-color-secondary a-size-base prodDetSectionEntry\" style=\"text-align: left;\">Shipping Weight</th>\r\n<td class=\"a-size-base\" style=\"text-align: right;\">8 ounces&nbsp;</td>\r\n</tr>\r\n<tr>\r\n<th class=\"a-color-secondary a-size-base prodDetSectionEntry\" style=\"text-align: left;\">ASIN</th>\r\n<td class=\"a-size-base\" style=\"text-align: right;\">B07P85CDHG</td>\r\n</tr>\r\n<tr>\r\n<th class=\"a-color-secondary a-size-base prodDetSectionEntry\" style=\"text-align: left;\">Item model number</th>\r\n<td class=\"a-size-base\" style=\"text-align: right;\">SRSXB12/B</td>\r\n</tr>\r\n<tr>\r\n<th class=\"a-color-secondary a-size-base prodDetSectionEntry\" style=\"text-align: left;\">Batteries</th>\r\n<td class=\"a-size-base\" style=\"text-align: right;\">1 Lithium Polymer batteries required.</td>\r\n</tr>\r\n</tbody>\r\n</table>\r\n</div>\r\n</div>\r\n</div>\r\n</div>\r\n<p>&nbsp;</p>\r\n</div>\r\n</div>\r\n</div>\r\n<p>&nbsp;</p>', 'MUSIC THAT TRAVELS: Small size but mighty in volume to deliver powerful beats wherever you travel\r\nVIRTUAL HAPPY HOUR: Turn your virtual happy hour party into a dance party with EXTRA BASS, and pair two for even more fun'),
(101, 101, 'ar', 'LG LHD657 Bluetooth Multi Region Free 5.1-Channel Home Theater', '<h1 id=\"title\" class=\"a-size-large a-spacing-none\" style=\"text-align: center;\"><span id=\"productTitle\" class=\"a-size-large\">LG LHD657 Bluetooth 5.1-Channel Home Theater</span></h1>\r\n<p>&nbsp;</p>\r\n<p><strong><span class=\"a-size-large\">Details:</span></strong></p>\r\n<p>&nbsp;</p>\r\n<ul class=\"a-unordered-list a-vertical a-spacing-none\">\r\n<li><span class=\"a-list-item\">Region Free Home Theater System with PAL/NTSC Support. It Will Play All Your DVD\'s (Region 0-9) From Around The World. 110-240 Volt Worldwide Voltage</span></li>\r\n<li><span class=\"a-list-item\">Convenient and stylish sound has arrived. Enjoy a clean, elegant look in your living room, with easy and convenient installation. 1000 Watts of Power!</span></li>\r\n<li><span class=\"a-list-item\">Audio L/R Yes, Composing of channel 3, Composite Yes, Optical x1, HDMI Output x1, Terminal Type Push in (Spring), Bluetooth, Karaoke, FREE HDMI CABLE INSIDE</span></li>\r\n<li><span class=\"a-list-item\">With the LG Home Theater System, Micro and Mini Audio you can not only play files stored on USB devices, but record CD tracks or FM radio programs on your USB, while listening at the same time</span></li>\r\n<li><span class=\"a-list-item\">Enjoy your favorite music stored on mobile devices through the LG sound system with wireless audio streaming via Bluetooth enjoy LG Audio\'s karaoke function at anytime.</span></li>\r\n</ul>\r\n<p>&nbsp;</p>\r\n<p><strong>Product information:</strong></p>\r\n<div class=\"a-row a-spacing-top-base\">\r\n<div class=\"a-column a-span6\">\r\n<div class=\"a-row a-spacing-base\">\r\n<div class=\"a-section table-padding\">\r\n<table id=\"productDetails_detailBullets_sections1\" class=\"a-keyvalue prodDetTable\" role=\"presentation\">\r\n<tbody>\r\n<tr>\r\n<th class=\"a-color-secondary a-size-base prodDetSectionEntry\" style=\"text-align: left;\">Product Dimensions</th>\r\n<td class=\"a-size-base\" style=\"text-align: right;\">35 x 21 x 17 inches</td>\r\n</tr>\r\n<tr>\r\n<th class=\"a-color-secondary a-size-base prodDetSectionEntry\" style=\"text-align: left;\">Item Weight</th>\r\n<td class=\"a-size-base\" style=\"text-align: right;\">50 pounds</td>\r\n</tr>\r\n<tr>\r\n<th class=\"a-color-secondary a-size-base prodDetSectionEntry\" style=\"text-align: left;\">Shipping Weight</th>\r\n<td class=\"a-size-base\" style=\"text-align: right;\">57 pounds</td>\r\n</tr>\r\n<tr>\r\n<th class=\"a-color-secondary a-size-base prodDetSectionEntry\" style=\"text-align: left;\">Manufacturer</th>\r\n<td class=\"a-size-base\" style=\"text-align: right;\">LG</td>\r\n</tr>\r\n<tr>\r\n<th class=\"a-color-secondary a-size-base prodDetSectionEntry\" style=\"text-align: left;\">ASIN</th>\r\n<td class=\"a-size-base\" style=\"text-align: right;\">B01KZTIHI2</td>\r\n</tr>\r\n<tr>\r\n<th class=\"a-color-secondary a-size-base prodDetSectionEntry\" style=\"text-align: left;\">Item model number</th>\r\n<td class=\"a-size-base\" style=\"text-align: right;\">LHD657</td>\r\n</tr>\r\n<tr>\r\n<th class=\"a-color-secondary a-size-base prodDetSectionEntry\" style=\"text-align: left;\">Batteries</th>\r\n<td class=\"a-size-base\" style=\"text-align: right;\">2 AAA batteries required. (included)</td>\r\n</tr>\r\n</tbody>\r\n</table>\r\n</div>\r\n</div>\r\n</div>\r\n</div>', 'Region Free Home Theater System with PAL/NTSC Support. It Will Play All Your DVD\'s (Region 0-9) From Around The World. 110-240 Volt Worldwide Voltage'),
(102, 102, 'ar', 'Polk 5.1 Channel 4K 3D A/V Surround Sound Multimedia Home Theater', '<h1 id=\"title\" class=\"a-size-large a-spacing-none\" style=\"text-align: center;\"><span id=\"productTitle\" class=\"a-size-large\">Polk 5.1 Surround Sound Multimedia Home Theater</span></h1>\r\n<p>&nbsp;</p>\r\n<p class=\"default\"><strong>Product description:</strong></p>\r\n<div id=\"productDescription\" class=\"a-section a-spacing-small\">\r\n<p><strong>Polk 5.1-channel Home Theater Speaker Set</strong><br /><br />The 5.1-channel Polk speaker package is the perfect addition to your DVD player and home theater receiver. It features 2-way bass reflex front, center and surround speakers that provide an excellent soundstage with 3-Way 4-Driver Floor-Standing Speakers, 100 watt 3-Way Bookshelf Speakers, 2-Way 145 watt Center Channel Speaker plus an earth-shaking 115W 10\" Active powered subwoofer for rumbling impact.</p>\r\n<p><br /><strong>Polk 2-Way Floor-Standing Speaker (Pair)</strong><br /><br />2-Way Speaker Design<br />150W Peak Power<br />Dual 6 1/2&rdquo; Graphite injected polymer woofer<br />1&rdquo; Kortec Soft Dome Tweeter<br />6 ohms Speaker Impedance<br />Dimensions (H x W x D) 36.5 x 9.25 x 8.75&rdquo;</p>\r\n<p><br /><br /><strong>Polk 2-Way Bookshelf Speaker System</strong><br /><br />2-Way Bass Reflex Design<br />6-1/2\" Graphite injected polymer woofer<br />1&rdquo; (25mm) Kortec Soft Dome tweeters<br />150 watts music power<br />8 ohms Speaker Impedance<br />Dimensions (H x W x D) 10.63 x 6.5&rdquo; x 7.25&rdquo;</p>\r\n<p><br /><br /><strong>Polk 2-Way Center Channel Speaker</strong><br /><br />Two-way Acoustic Suspension Design<br />Dual 5-1/4\" Woofers<br />1&rdquo; Kortec Soft Dome tweeters<br />100 Watts Music Power<br />6 ohms Speaker Impedance<br />Dimensions (H x W x D) 6.5 x 19 x 8.5&rdquo;</p>\r\n<p><br /><br /><strong>Polk 10\" Active Subwoofer</strong><br /><br />10\" Woofer<br />100W Peak Power<br />Graphite injected polymer woofers<br />Patented BassTrac circuitry reduces fuzziness and distortion<br />Dimensions (H x W x D) 14.3 x 14 x 16</p>\r\n<p>&nbsp;</p>\r\n<p><strong>Product information:</strong></p>\r\n<div class=\"a-row a-spacing-top-base\">\r\n<div class=\"a-column a-span6\">\r\n<div class=\"a-row a-spacing-base\">\r\n<div class=\"a-section table-padding\">\r\n<table id=\"productDetails_detailBullets_sections1\" class=\"a-keyvalue prodDetTable\" role=\"presentation\">\r\n<tbody>\r\n<tr>\r\n<th class=\"a-color-secondary a-size-base prodDetSectionEntry\" style=\"text-align: left;\">Shipping Weight</th>\r\n<td class=\"a-size-base\" style=\"text-align: right;\">150 pounds</td>\r\n</tr>\r\n<tr>\r\n<th class=\"a-color-secondary a-size-base prodDetSectionEntry\" style=\"text-align: left;\">Manufacturer</th>\r\n<td class=\"a-size-base\" style=\"text-align: right;\">Polk</td>\r\n</tr>\r\n<tr>\r\n<th class=\"a-color-secondary a-size-base prodDetSectionEntry\" style=\"text-align: left;\">ASIN</th>\r\n<td class=\"a-size-base\" style=\"text-align: right;\">B079ZBHPFD</td>\r\n</tr>\r\n</tbody>\r\n</table>\r\n</div>\r\n</div>\r\n</div>\r\n</div>\r\n<p>&nbsp;</p>\r\n</div>', 'Compact and powerful - Enhance your TV experience with rich, dynamic sound of the Polk Surround Sound Multimedia Home Theater Speaker System\r\nPolk 2-Way Floor-Standing Speakers (Pair)'),
(103, 103, 'ar', 'Bose SoundSport, Wireless Earbuds, (Sweatproof Bluetooth Headphones)', '<h1 id=\"title\" class=\"a-size-large a-spacing-none\" style=\"text-align: center;\"><span id=\"productTitle\" class=\"a-size-large\">Bose SoundSport, Wireless Earbuds</span></h1>\r\n<p>&nbsp;</p>\r\n<p><span class=\"a-size-large\"><img style=\"display: block; margin-left: auto; margin-right: auto;\" src=\"/storage/media/1QTwUWAaA36Tgw9LgWaI2fApRHzve9N6MJ3HjDMl.jpeg\" alt=\"\" width=\"1464\" height=\"600\" /></span></p>\r\n<p style=\"text-align: center;\">&nbsp;</p>\r\n<p style=\"text-align: center;\">&nbsp;</p>\r\n<p style=\"text-align: center;\"><span class=\"a-size-large\"><iframe src=\"https://www.youtube.com/embed/szTXcgsGlNI\" width=\"640\" height=\"360\" frameborder=\"0\" allowfullscreen=\"allowfullscreen\" data-mce-fragment=\"1\"></iframe></span></p>\r\n<p>&nbsp;</p>\r\n<p>&nbsp;</p>\r\n<p><img style=\"display: block; margin-left: auto; margin-right: auto;\" src=\"/storage/media/P9j8oj9bzXHDW8Yx0JJLvxXRDavjhG3CKACKXlSD.jpeg\" alt=\"\" width=\"1464\" height=\"600\" /></p>\r\n<p>&nbsp;</p>\r\n<p><img style=\"display: block; margin-left: auto; margin-right: auto;\" src=\"/storage/media/sRpYNFVfiaOcwp5AfLxW2zmp1sAs6AEXnM8IlW4i.jpeg\" alt=\"\" width=\"800\" height=\"600\" /></p>\r\n<p>&nbsp;</p>\r\n<h1 class=\"aplus-h1 aplus-module-1-heading a-text-bold\" style=\"text-align: center;\">Nothing to lose.</h1>\r\n<p class=\"aplus-p2 aplus-module-1-description\" style=\"text-align: center;\">The Bose Connect app makes it easier to connect and switch between devices.</p>\r\n<p class=\"aplus-p2 aplus-module-1-description\" style=\"text-align: center;\">Personalize your settings so you can power your workout quickly and easily.</p>\r\n<p class=\"aplus-p2 aplus-module-1-description\" style=\"text-align: center;\">Tile makes it easy to find your headphones if they ever go missing.</p>\r\n<p class=\"aplus-p2 aplus-module-1-description\" style=\"text-align: center;\">Use the Bose Connect app to update your headphones&rsquo; software, then download</p>\r\n<p class=\"aplus-p2 aplus-module-1-description\" style=\"text-align: center;\">the Tile app and follow the instructions. And you&rsquo;ll never lose your music.</p>\r\n<p class=\"aplus-p2 aplus-module-1-description\" style=\"text-align: center;\">&nbsp;</p>\r\n<table style=\"border-collapse: collapse; width: 100%;\" border=\"0\">\r\n<tbody>\r\n<tr>\r\n<td style=\"width: 50%;\"><img src=\"/storage/media/NQjdR4HjIY5AmPvqfLvzffY26VKU1X2fMVQG8Rnh.jpeg\" alt=\"\" width=\"800\" height=\"600\" /></td>\r\n<td style=\"width: 50%;\">\r\n<h1 class=\"aplus-h1 aplus-module-1-heading a-text-bold\" style=\"text-align: center;\">The only challenge left is your workout.</h1>\r\n</td>\r\n</tr>\r\n</tbody>\r\n</table>\r\n<p style=\"text-align: center;\">&nbsp;</p>\r\n<p>&nbsp;</p>\r\n<p class=\"default\"><strong>Product description:</strong></p>\r\n<div id=\"productDescription\" class=\"a-section a-spacing-small\">\r\n<div class=\"disclaim\">Color:<strong>Black</strong></div>\r\n<p>With no wires in the way, Bose Sound Sport wireless headphones keep you moving with powerful audio and Stay Hear+ tips designed for comfort and stability. A soft silicone material and unique shape provide a secure fit that stays put and feels good. Connect to your device easily with Bluetooth and NFC pairing, and use the inline mic and remote to control volume, skip tracks and take calls.</p>\r\n<p>With the Bose Connect app, controlling and switching between multiple devices is easy. These headphones are sweat and weather resistant and have a lithium ion battery that delivers up to 6 hours per charge. With performance like this, the only challenge left is your workout.</p>\r\n<p>Included: Sound Sport wireless headphones; Stay Hear+ tips; USB charging cable; carry case. Allow up to two hours to fully charge the battery. A full charge powers the headphones for up to six hours. The headphones will not play while charging.</p>\r\n<p>Note: Before charging, be sure the headphones are at room temperature between 41 degree Fahrenheit (5 degree Celsius ) and 104 degree Fahrenheit (40 degree Celsius ). &ldquo;Made for iPod,&rdquo; &ldquo;Made for iPhone,&rdquo; and &ldquo;Made for iPad&rdquo; mean that an electronic accessory has been designed to connect specifically to iPod, iPhone, or iPad, respectively, and has been certified by the developer to meet Apple performance standards.</p>\r\n<p>Apple is not responsible for the operation of this device or its compliance with safety and regulatory standards. Please note that the use of this accessory with iPod, iPhone or iPad may affect wireless performance</p>\r\n</div>\r\n<p>&nbsp;</p>\r\n<p><strong>Product information:</strong></p>\r\n<p><span class=\"a-size-large\">Color:<strong>Black</strong></span></p>\r\n<div class=\"a-row a-spacing-top-base\">\r\n<div class=\"a-column a-span6\">\r\n<div class=\"a-row a-spacing-base\">\r\n<div class=\"a-section table-padding\">\r\n<table id=\"productDetails_detailBullets_sections1\" class=\"a-keyvalue prodDetTable\" role=\"presentation\">\r\n<tbody>\r\n<tr>\r\n<th class=\"a-color-secondary a-size-base prodDetSectionEntry\" style=\"text-align: left;\">Product Dimensions</th>\r\n<td class=\"a-size-base\" style=\"text-align: right;\">1 x 1.2 x 1.2 inches</td>\r\n</tr>\r\n<tr>\r\n<th class=\"a-color-secondary a-size-base prodDetSectionEntry\" style=\"text-align: left;\">Item Weight</th>\r\n<td class=\"a-size-base\" style=\"text-align: right;\">0.8 ounces</td>\r\n</tr>\r\n<tr>\r\n<th class=\"a-color-secondary a-size-base prodDetSectionEntry\" style=\"text-align: left;\">Shipping Weight</th>\r\n<td class=\"a-size-base\" style=\"text-align: right;\">12.6 ounces</td>\r\n</tr>\r\n<tr>\r\n<th class=\"a-color-secondary a-size-base prodDetSectionEntry\" style=\"text-align: left;\">ASIN</th>\r\n<td class=\"a-size-base\" style=\"text-align: right;\">B01L7PSJFO</td>\r\n</tr>\r\n<tr>\r\n<th class=\"a-color-secondary a-size-base prodDetSectionEntry\" style=\"text-align: left;\">Item model number</th>\r\n<td class=\"a-size-base\" style=\"text-align: right;\">761529-0010</td>\r\n</tr>\r\n<tr>\r\n<th class=\"a-color-secondary a-size-base prodDetSectionEntry\" style=\"text-align: left;\">Batteries</th>\r\n<td class=\"a-size-base\" style=\"text-align: right;\">1 Lithium Metal batteries required. (included)</td>\r\n</tr>\r\n</tbody>\r\n</table>\r\n</div>\r\n</div>\r\n</div>\r\n</div>\r\n<p>&nbsp;</p>', 'A high quality audio experience, consistently balanced at any volume, thanks to Bose active EQ. Connectivity Technology: Wireless\r\nWireless convenience, with easy Bluetooth and NFC pairing aided by voice prompts\r\nExclusive Stay Hear and tips keep the headphones comfortably in place during workouts'),
(104, 104, 'ar', 'Powerbeats3 Wireless In-Ear Headphones - Black', '<h1 id=\"title\" class=\"a-size-large a-spacing-none\" style=\"text-align: center;\"><span id=\"productTitle\" class=\"a-size-large\">Powerbeats3 Wireless In-Ear Headphones - Black</span></h1>\r\n<p>&nbsp;</p>\r\n<div id=\"descriptionAndDetails\" class=\"a-section a-spacing-extra-large\">\r\n<div id=\"productDescription_feature_div\" class=\"celwidget\" data-feature-name=\"productDescription\" data-cel-widget=\"productDescription_feature_div\">\r\n<div id=\"productDescription_feature_div\" class=\"a-row feature\" data-feature-name=\"productDescription\" data-template-name=\"productDescription\" data-cel-widget=\"productDescription_feature_div\">\r\n<p class=\"default\"><strong>Product description:</strong></p>\r\n<div id=\"productDescription\" class=\"a-section a-spacing-small\">\r\n<p>In-Ear Stereo Headphones, Connect via Class 1 Bluetooth with your device for wireless workout freedom, Includes 4 sets of eartips, case and Micro USB charging cable</p>\r\n<p>Up to 12 hours of battery life to power through multiple workouts, With Fast Fuel, a 5-minute charge gives you 1 hour of playback when battery is low, Sweat and water resistance to handle tough training</p>\r\n<p>Take calls, control your music and activate Siri with RemoteTalk, Rechargeable Lithium-Ion battery</p>\r\n<p>Simultaneously connect to your Apple Watch, iPad and Mac (requires iCloud account and macOS Sierra, iOS 10, or watchOS 3)</p>\r\n<p>Flexible, secure-fit earhooks maximize comfort and stability, Dynamic, high-performance sound pushes you to the next level</p>\r\n<p>&nbsp;</p>\r\n<p><strong>Product information:</strong></p>\r\n<div class=\"a-row a-spacing-top-base\">\r\n<div class=\"a-column a-span6\">\r\n<div class=\"a-row a-spacing-base\">\r\n<div class=\"a-section table-padding\">\r\n<table id=\"productDetails_detailBullets_sections1\" class=\"a-keyvalue prodDetTable\" style=\"width: 504px;\" role=\"presentation\">\r\n<tbody>\r\n<tr>\r\n<th class=\"a-color-secondary a-size-base prodDetSectionEntry\" style=\"width: 156.542px; text-align: left;\">Product Dimensions</th>\r\n<td class=\"a-size-base\" style=\"width: 317.875px; text-align: right;\">8.3 x 2.5 x 2.7 inches</td>\r\n</tr>\r\n<tr>\r\n<th class=\"a-color-secondary a-size-base prodDetSectionEntry\" style=\"width: 156.542px; text-align: left;\">Item Weight</th>\r\n<td class=\"a-size-base\" style=\"width: 317.875px; text-align: right;\">3.52 ounces</td>\r\n</tr>\r\n<tr>\r\n<th class=\"a-color-secondary a-size-base prodDetSectionEntry\" style=\"width: 156.542px; text-align: left;\">Shipping Weight</th>\r\n<td class=\"a-size-base\" style=\"width: 317.875px; text-align: right;\">5.6 ounces&nbsp;</td>\r\n</tr>\r\n<tr>\r\n<th class=\"a-color-secondary a-size-base prodDetSectionEntry\" style=\"width: 156.542px; text-align: left;\">Manufacturer</th>\r\n<td class=\"a-size-base\" style=\"width: 317.875px; text-align: right;\">Beats</td>\r\n</tr>\r\n<tr>\r\n<th class=\"a-color-secondary a-size-base prodDetSectionEntry\" style=\"width: 156.542px; text-align: left;\">ASIN</th>\r\n<td class=\"a-size-base\" style=\"width: 317.875px; text-align: right;\">B06X979GGB</td>\r\n</tr>\r\n<tr>\r\n<th class=\"a-color-secondary a-size-base prodDetSectionEntry\" style=\"width: 156.542px; text-align: left;\">California residents</th>\r\n<td class=\"a-size-base\" style=\"width: 317.875px; text-align: right;\">&nbsp;for Proposition 65 warning</td>\r\n</tr>\r\n<tr>\r\n<th class=\"a-color-secondary a-size-base prodDetSectionEntry\" style=\"width: 156.542px; text-align: left;\">Item model number</th>\r\n<td class=\"a-size-base\" style=\"width: 317.875px; text-align: right;\">ML8V2LL/A</td>\r\n</tr>\r\n<tr>\r\n<th class=\"a-color-secondary a-size-base prodDetSectionEntry\" style=\"width: 156.542px; text-align: left;\">Batteries</th>\r\n<td class=\"a-size-base\" style=\"width: 317.875px; text-align: right;\">1 Lithium ion batteries required.</td>\r\n</tr>\r\n</tbody>\r\n</table>\r\n</div>\r\n</div>\r\n</div>\r\n</div>\r\n<p>&nbsp;</p>\r\n</div>\r\n</div>\r\n</div>\r\n</div>\r\n<div id=\"renewedProgramDescriptionBtf_feature_div\" class=\"celwidget\" data-feature-name=\"renewedProgramDescriptionBtf\" data-cel-widget=\"renewedProgramDescriptionBtf_feature_div\"></div>', 'Up to 12 hours of battery life to power through multiple workouts\r\nWith Fast Fuel, a 5-minute charge gives you 1 hour of playback when battery is low');
INSERT INTO `product_translations` (`id`, `product_id`, `locale`, `name`, `description`, `short_description`) VALUES
(105, 105, 'ar', 'Beats Solo3 Wireless On-Ear Headphones - Apple W1 Headphone Chip, Class 1 Bluetooth', '<h1 id=\"title\" class=\"a-size-large a-spacing-none\" style=\"text-align: center;\"><span id=\"productTitle\" class=\"a-size-large\">Beats Solo3 Wireless On-Ear Headphones</span></h1>\r\n<h1 class=\"a-size-large a-spacing-none\" style=\"text-align: center;\">&nbsp;</h1>\r\n<h1 class=\"a-size-large a-spacing-none\" style=\"text-align: center;\"><span id=\"productTitle\" class=\"a-size-large\"><img src=\"/storage/media/BkpYICatCTYVIc1i5UOpeBgaINVwU7Z5Tm5YdsVr.png\" alt=\"\" width=\"1500\" height=\"798\" /></span></h1>\r\n<h1 class=\"a-size-large a-spacing-none\" style=\"text-align: center;\"><span id=\"productTitle\" class=\"a-size-large\"><img src=\"/storage/media/RMw6BsYDUeEfKW18FpoTbYWnb41iiTA8ecOzW9WH.png\" alt=\"\" width=\"1500\" height=\"668\" /></span></h1>\r\n<h1 class=\"a-size-large a-spacing-none\" style=\"text-align: center;\"><span id=\"productTitle\" class=\"a-size-large\"><img src=\"/storage/media/DXUBrN8dfILWEwLsXkTb9GOvsNgkOJMQpJLbPvJY.png\" alt=\"\" width=\"1500\" height=\"617\" /></span></h1>\r\n<h1 class=\"a-size-large a-spacing-none\" style=\"text-align: center;\"><span id=\"productTitle\" class=\"a-size-large\"><img src=\"/storage/media/BBy8URh2gouiiycE3CbQB8KckC39VKZJWdnDsDEx.png\" alt=\"\" width=\"1500\" height=\"600\" /></span></h1>\r\n<h1 class=\"a-size-large a-spacing-none\" style=\"text-align: center;\">&nbsp;</h1>\r\n<p class=\"a-size-large a-spacing-none\" style=\"text-align: left;\"><strong><span class=\"a-size-large\">Product Details:</span></strong></p>\r\n<p class=\"a-size-large a-spacing-none\" style=\"text-align: left;\">&nbsp;</p>\r\n<ul class=\"a-unordered-list a-vertical a-spacing-none\">\r\n<li><span class=\"a-list-item\">High-performance wireless Bluetooth headphones in black</span></li>\r\n<li><span class=\"a-list-item\">Features the Apple W1 chip and Class 1 wireless Bluetooth connectivity</span></li>\r\n<li><span class=\"a-list-item\">With up to 40 hours of battery life, Beats Solo3 wireless is your perfect everyday headphone</span></li>\r\n<li><span class=\"a-list-item\">Compatible with iOS and Android devices</span></li>\r\n<li><span class=\"a-list-item\">With Fast Fuel, 5 minutes of charging gives you 3 hours of playback when battery is low</span></li>\r\n<li><span class=\"a-list-item\">Adjustable fit with comfort-cushioned ear cups made for everyday use</span></li>\r\n<li><span class=\"a-list-item\">Sleek, streamlined design that&rsquo;s durable and foldable to go everywhere you do</span></li>\r\n</ul>\r\n<div class=\"a-row a-expander-container a-expander-inline-container\" aria-live=\"polite\">\r\n<div class=\"a-expander-content a-expander-extend-content a-expander-content-expanded\" aria-expanded=\"true\">\r\n<ul class=\"a-unordered-list a-vertical a-spacing-none\">\r\n<li><span class=\"a-list-item\">Take calls, control your music, and activate Siri with the multifunction on-ear controls</span></li>\r\n<li><span class=\"a-list-item\">The award-winning sound and design you&rsquo;ve come to love from Beats, with premium playback with fine-tuned acoustics that maximize clarity, breadth, and balance</span></li>\r\n<li><span class=\"a-list-item\">What&rsquo;s in the Box: Beats Solo3 Wireless Headphones, Carrying Case, Universal USB charging cable (USB-A to USB Micro-B), Quick Start Guide, Warranty Card</span></li>\r\n</ul>\r\n<p>&nbsp;</p>\r\n<div class=\"a-row\">\r\n<div class=\"a-column a-span6\">\r\n<p class=\"a-size-medium a-spacing-small\"><strong>Technical Details:</strong></p>\r\n<p class=\"a-size-medium a-spacing-small\">&nbsp;</p>\r\n</div>\r\n</div>\r\n<div class=\"a-expander-content a-expander-extend-content\" aria-expanded=\"true\">\r\n<div class=\"a-row a-expander-container a-expander-inline-container\" aria-live=\"polite\">\r\n<div class=\"a-expander-content a-expander-section-content a-section-expander-inner\" aria-expanded=\"true\">\r\n<table id=\"productDetails_techSpec_section_1\" class=\"a-keyvalue prodDetTable\" style=\"width: 439px;\" role=\"presentation\">\r\n<tbody>\r\n<tr>\r\n<th class=\"a-color-secondary a-size-base prodDetSectionEntry\" style=\"width: 192.542px; text-align: left;\">Package Dimensions</th>\r\n<td class=\"a-size-base\" style=\"width: 216.542px; text-align: right;\">7.5 x 5.2 x 3.7 inches</td>\r\n</tr>\r\n<tr>\r\n<th class=\"a-color-secondary a-size-base prodDetSectionEntry\" style=\"width: 192.542px; text-align: left;\">Item Weight</th>\r\n<td class=\"a-size-base\" style=\"width: 216.542px; text-align: right;\">1.4 pounds</td>\r\n</tr>\r\n<tr>\r\n<th class=\"a-color-secondary a-size-base prodDetSectionEntry\" style=\"width: 192.542px; text-align: left;\">Shipping Weight</th>\r\n<td class=\"a-size-base\" style=\"width: 216.542px; text-align: right;\">1.4 pounds</td>\r\n</tr>\r\n<tr>\r\n<th class=\"a-color-secondary a-size-base prodDetSectionEntry\" style=\"width: 192.542px; text-align: left;\">Manufacturer</th>\r\n<td class=\"a-size-base\" style=\"width: 216.542px; text-align: right;\">Beats</td>\r\n</tr>\r\n<tr>\r\n<th class=\"a-color-secondary a-size-base prodDetSectionEntry\" style=\"width: 192.542px; text-align: left;\">ASIN</th>\r\n<td class=\"a-size-base\" style=\"width: 216.542px; text-align: right;\">B07YVYZ8T5</td>\r\n</tr>\r\n<tr>\r\n<th class=\"a-color-secondary a-size-base prodDetSectionEntry\" style=\"width: 192.542px; text-align: left;\">Item model number</th>\r\n<td class=\"a-size-base\" style=\"width: 216.542px; text-align: right;\">MX432LL/A</td>\r\n</tr>\r\n<tr>\r\n<th class=\"a-color-secondary a-size-base prodDetSectionEntry\" style=\"width: 192.542px; text-align: left;\">Batteries</th>\r\n<td class=\"a-size-base\" style=\"width: 216.542px; text-align: right;\">1 Lithium ion batteries required.</td>\r\n</tr>\r\n<tr>\r\n<th class=\"a-color-secondary a-size-base prodDetSectionEntry\" style=\"width: 192.542px; text-align: left;\">Date first listed on Amazon</th>\r\n<td class=\"a-size-base\" style=\"width: 216.542px; text-align: right;\">October 15, 2019</td>\r\n</tr>\r\n</tbody>\r\n</table>\r\n</div>\r\n</div>\r\n</div>\r\n</div>\r\n</div>\r\n<h1 class=\"a-size-large a-spacing-none\" style=\"text-align: center;\"><span id=\"productTitle\" class=\"a-size-large\">&nbsp;</span></h1>', 'High-performance wireless Bluetooth headphones in black\r\nFeatures the Apple W1 chip and Class 1 wireless Bluetooth connectivity\r\nWith up to 40 hours of battery life, Beats Solo3 wireless is your perfect everyday headphone'),
(106, 106, 'ar', 'DUDALINA Men Long Sleeve Shirt Men Casual Men Shirt Social Plus Size M-5XL', '<h1 style=\"text-align: center;\"><strong>DUDALINA Men Long Sleeve Shirt&nbsp;</strong></h1>\r\n<p>&nbsp;</p>\r\n<p><strong><img style=\"display: block; margin-left: auto; margin-right: auto;\" src=\"/storage/media/35szh3gWoBK5wH2Evw0KCqTcSO6KOhtIDRQdSDCx.webp\" alt=\"\" width=\"951\" height=\"329\" /></strong></p>\r\n<p>&nbsp;</p>\r\n<p>&nbsp;</p>\r\n<p><strong><img style=\"display: block; margin-left: auto; margin-right: auto;\" src=\"/storage/media/rX74SsIrLoReHAgXFHsfSOdcjI5qHolsarwhyZw0.webp\" alt=\"\" width=\"800\" height=\"399\" /></strong></p>\r\n<p>&nbsp;</p>\r\n<p><strong><img style=\"display: block; margin-left: auto; margin-right: auto;\" src=\"/storage/media/ATksAMrkFveIWNYjqFUJGdcZyIvcbPsVTrbVgHKB.jpeg\" alt=\"\" width=\"792\" height=\"1118\" /></strong></p>\r\n<p><strong><img style=\"display: block; margin-left: auto; margin-right: auto;\" src=\"/storage/media/1wZWjZooqf3UeRyYxrqFZIsvCF8eSzmG1qImAWpd.webp\" alt=\"\" width=\"792\" height=\"1132\" /></strong></p>\r\n<p><strong><img style=\"display: block; margin-left: auto; margin-right: auto;\" src=\"/storage/media/MPnQ1YuMio9XS7KUqSMnzl742lP6BMSSUAVcJQ2C.webp\" alt=\"\" width=\"800\" height=\"800\" /></strong></p>\r\n<p>&nbsp;</p>\r\n<h3><span class=\"property-title\">Specifications:</span></h3>\r\n<ul class=\"product-specs-list util-clearfix\">\r\n<li class=\"product-prop line-limit-length\"><span class=\"property-title\">Brand Name:&nbsp;</span><span class=\"property-desc line-limit-length\" title=\"DUDALINA\">DUDALINA</span></li>\r\n<li class=\"product-prop line-limit-length\"><span class=\"property-title\">Shirts Type:&nbsp;</span><span class=\"property-desc line-limit-length\" title=\"Casual Shirts\">Casual Shirts</span></li>\r\n<li class=\"product-prop line-limit-length\"><span class=\"property-title\">Sleeve Length(cm):&nbsp;</span><span class=\"property-desc line-limit-length\" title=\"Full\">Full</span></li>\r\n<li class=\"product-prop line-limit-length\"><span class=\"property-title\">Material:&nbsp;</span><span class=\"property-desc line-limit-length\" title=\"COTTON\">COTTON</span></li>\r\n<li class=\"product-prop line-limit-length\"><span class=\"property-title\">Closure Type:&nbsp;</span><span class=\"property-desc line-limit-length\" title=\"Single Breasted\">Single Breasted</span></li>\r\n<li class=\"product-prop line-limit-length\"><span class=\"property-title\">Gender:&nbsp;</span><span class=\"property-desc line-limit-length\" title=\"MEN\">MEN</span></li>\r\n<li class=\"product-prop line-limit-length\"><span class=\"property-title\">Item Type:&nbsp;</span><span class=\"property-desc line-limit-length\" title=\"Shirts\">Shirts</span></li>\r\n<li class=\"product-prop line-limit-length\"><span class=\"property-title\">Model Number:&nbsp;</span><span class=\"property-desc line-limit-length\" title=\"E51311\">E51311</span></li>\r\n<li class=\"product-prop line-limit-length\"><span class=\"property-title\">Fabric Type:&nbsp;</span><span class=\"property-desc line-limit-length\" title=\"Satin\">Satin</span></li>\r\n<li class=\"product-prop line-limit-length\"><span class=\"property-title\">Pattern Type:&nbsp;</span><span class=\"property-desc line-limit-length\" title=\"Plaid\">Plaid</span></li>\r\n<li class=\"product-prop line-limit-length\"><span class=\"property-title\">Collar:&nbsp;</span><span class=\"property-desc line-limit-length\" title=\"Turn-down Collar\">Turn-down Collar</span></li>\r\n<li class=\"product-prop line-limit-length\"><span class=\"property-title\">Style:&nbsp;</span><span class=\"property-desc line-limit-length\" title=\"Casual\">Casual</span></li>\r\n<li class=\"product-prop line-limit-length\"><span class=\"property-title\">Sleeve Style:&nbsp;</span><span class=\"property-desc line-limit-length\" title=\"REGULAR\">REGULAR</span></li>\r\n<li class=\"product-prop line-limit-length\"><span class=\"property-title\">Fabric:&nbsp;</span><span class=\"property-desc line-limit-length\" title=\"100% Cotton\">100% Cotton</span></li>\r\n<li class=\"product-prop line-limit-length\"><span class=\"property-title\">Origin:&nbsp;</span><span class=\"property-desc line-limit-length\" title=\"Made In China\">Made In China</span></li>\r\n<li class=\"product-prop line-limit-length\" data-spm-anchor-id=\"a2g0o.detail.0.i9.2f2e1f3714j4hR\"><span class=\"property-title\">Colors:&nbsp;</span><span class=\"property-desc line-limit-length\" title=\"7\">7</span></li>\r\n</ul>\r\n<p>&nbsp;</p>\r\n<p>&nbsp;</p>\r\n<p>&nbsp;</p>', 'Brand Name: DUDALINA\r\n  Shirts Type: Casual \r\n  ShirtsSleeve Length(cm): Full\r\n  Material: COTTON\r\n  Closure Type: Single Breasted\r\n  Gender: MEN'),
(107, 107, 'ar', '5XL Plus Size Brand-clothing Cotton Mens Clothing Solid Soft Men Shirt', '<h1 style=\"text-align: center;\">5XL Plus Size Mens Clothing Solid Soft Men Shirt</h1>\r\n<p>&nbsp;</p>\r\n<p><img style=\"display: block; margin-left: auto; margin-right: auto;\" src=\"/storage/media/j8KajeRLnKjq2h9pjaYhbRQsWD1lRw0gLoW2UhgR.webp\" alt=\"\" width=\"800\" height=\"551\" /></p>\r\n<p>&nbsp;</p>\r\n<p>&nbsp;</p>\r\n<p><img style=\"display: block; margin-left: auto; margin-right: auto;\" src=\"/storage/media/r4fzXDdzyTPossmCNU3YpYbGNWyH8XKUMIhdWBoG.jpeg\" alt=\"\" width=\"800\" height=\"552\" /></p>\r\n<p><img style=\"display: block; margin-left: auto; margin-right: auto;\" src=\"/storage/media/YgcrN3a6eN8n7YA7mqJfFYvJpBDeoHboZSvr34T8.webp\" alt=\"\" width=\"800\" height=\"800\" /></p>\r\n<p><img style=\"display: block; margin-left: auto; margin-right: auto;\" src=\"/storage/media/vWDBp43RSwaRAjNwMeEeT9S7WIbrDecyoHYWogmw.webp\" alt=\"\" width=\"800\" height=\"800\" /></p>\r\n<p>&nbsp;</p>\r\n<h3><img style=\"display: block; margin-left: auto; margin-right: auto;\" src=\"/storage/media/ZBfmfIAAaraEpdJP8GEDk7N0M0qECk1k738tBvc4.webp\" alt=\"\" width=\"800\" height=\"422\" /></h3>\r\n<h3>&nbsp;</h3>\r\n<h3>&nbsp;</h3>\r\n<h3><strong>Specifications:</strong></h3>\r\n<ul class=\"product-specs-list util-clearfix\">\r\n<li class=\"product-prop line-limit-length\"><span class=\"property-title\">Gender:&nbsp;</span><span class=\"property-desc line-limit-length\" title=\"MEN\">MEN</span></li>\r\n<li class=\"product-prop line-limit-length\"><span class=\"property-title\">Item Type:&nbsp;</span><span class=\"property-desc line-limit-length\" title=\"Shirts\">Shirts</span></li>\r\n<li class=\"product-prop line-limit-length\"><span class=\"property-title\">Shirts Type:&nbsp;</span><span class=\"property-desc line-limit-length\" title=\"Tuxedo Shirts\">Tuxedo Shirts</span></li>\r\n<li class=\"product-prop line-limit-length\"><span class=\"property-title\">Material:&nbsp;</span><span class=\"property-desc line-limit-length\" title=\"COTTON\">COTTON</span></li>\r\n<li class=\"product-prop line-limit-length\"><span class=\"property-title\">Material:&nbsp;</span><span class=\"property-desc line-limit-length\" title=\"Polyester\">Polyester</span></li>\r\n<li class=\"product-prop line-limit-length\"><span class=\"property-title\">Sleeve Length(cm):&nbsp;</span><span class=\"property-desc line-limit-length\" title=\"Full\">Full</span></li>\r\n<li class=\"product-prop line-limit-length\"><span class=\"property-title\">Collar:&nbsp;</span><span class=\"property-desc line-limit-length\" title=\"MANDARIN COLLAR\">MANDARIN COLLAR</span></li>\r\n<li class=\"product-prop line-limit-length\"><span class=\"property-title\">Style:&nbsp;</span><span class=\"property-desc line-limit-length\" title=\"Casual\">Casual</span></li>\r\n<li class=\"product-prop line-limit-length\"><span class=\"property-title\">Fabric Type:&nbsp;</span><span class=\"property-desc line-limit-length\" title=\"Broadcloth\">Broadcloth</span></li>\r\n<li class=\"product-prop line-limit-length\"><span class=\"property-title\">Model Number:&nbsp;</span><span class=\"property-desc line-limit-length\" title=\"M-5XL\">M-5XL</span></li>\r\n<li class=\"product-prop line-limit-length\"><span class=\"property-title\">Sleeve Style:&nbsp;</span><span class=\"property-desc line-limit-length\" title=\"REGULAR\">REGULAR</span></li>\r\n<li class=\"product-prop line-limit-length\"><span class=\"property-title\">Pattern Type:&nbsp;</span><span class=\"property-desc line-limit-length\" title=\"Plaid\">Plaid</span></li>\r\n<li class=\"product-prop line-limit-length\"><span class=\"property-title\">Closure Type:&nbsp;</span><span class=\"property-desc line-limit-length\" title=\"Single Breasted\">Single Breasted</span></li>\r\n<li class=\"product-prop line-limit-length\"><span class=\"property-title\">Brand Name:&nbsp;</span><span class=\"property-desc line-limit-length\" title=\"CW\">CW</span></li>\r\n<li class=\"product-prop line-limit-length\"><span class=\"property-title\">pointy collar (routine):&nbsp;</span><span class=\"property-desc line-limit-length\" title=\"Collar type:\">Collar type:</span></li>\r\n<li class=\"product-prop line-limit-length\"><span class=\"property-title\">long sleeve:&nbsp;</span><span class=\"property-desc line-limit-length\" title=\"Sleeve length:\">Sleeve length:</span></li>\r\n<li class=\"product-prop line-limit-length\"><span class=\"property-title\">gender:&nbsp;</span><span class=\"property-desc line-limit-length\" title=\"Men\">Men</span></li>\r\n<li class=\"product-prop line-limit-length\"><span class=\"property-title\">four seasons.:&nbsp;</span><span class=\"property-desc line-limit-length\" title=\"Applicable season:\">Applicable season:</span></li>\r\n<li class=\"product-prop line-limit-length\"><span class=\"property-title\">item type:&nbsp;</span><span class=\"property-desc line-limit-length\" title=\"Shirts\">Shirts</span></li>\r\n<li class=\"product-prop line-limit-length\" data-spm-anchor-id=\"a2g0o.detail.0.i11.1b7570bb7aRaXK\"><span class=\"property-title\">youth is popular.:&nbsp;</span><span class=\"property-desc line-limit-length\" title=\"Basic style:\">Basic style:</span></li>\r\n</ul>', 'Gender: MEN\r\n  Item Type: Shirts\r\n  Shirts Type: Tuxedo \r\n  ShirtsMaterial: COTTON\r\n  Material: Polyester\r\n  Sleeve Length(cm): Full\r\n  Collar: MANDARIN COLLAR'),
(108, 108, 'ar', '2019 brand casual spring luxury plaid long sleeve slim fit men shirt', '<h1 style=\"text-align: center;\">Casual spring luxury long sleeve slim fit men shirt</h1>\r\n<p>&nbsp;</p>\r\n<p><img style=\"display: block; margin-left: auto; margin-right: auto;\" src=\"/storage/media/nCTHhi3ZUSYFWBAGtQWRU9jfiuSje8POJcSiyHxL.webp\" alt=\"\" width=\"951\" height=\"399\" /></p>\r\n<p>&nbsp;</p>\r\n<p><img style=\"display: block; margin-left: auto; margin-right: auto;\" src=\"/storage/media/yCiArUVtXTQbLE816VI3h7fDk2x0mHUfzDJQ56kD.webp\" alt=\"\" width=\"791\" height=\"830\" /></p>\r\n<p>&nbsp;</p>\r\n<p><img style=\"display: block; margin-left: auto; margin-right: auto;\" src=\"/storage/media/d7YQIYadUhLa1vKfm0xD0rexjuirytT4T0OD6q0N.webp\" alt=\"\" width=\"791\" height=\"804\" /></p>\r\n<p>&nbsp;</p>\r\n<p><img style=\"display: block; margin-left: auto; margin-right: auto;\" src=\"/storage/media/xesdRdiNsaGQlKYIDFOFVFrVos0jeAmHEuot54pU.webp\" alt=\"\" width=\"791\" height=\"804\" /></p>\r\n<p>&nbsp;</p>\r\n<p><img style=\"display: block; margin-left: auto; margin-right: auto;\" src=\"/storage/media/7y6DNHVEdUJwbcCOKjzbuqrjtdY0iHNJ0t5MgXK0.webp\" alt=\"\" width=\"791\" height=\"970\" /></p>\r\n<p>&nbsp;</p>\r\n<p><img style=\"display: block; margin-left: auto; margin-right: auto;\" src=\"/storage/media/zn8tQDufOpLCt2QlGhBKZD2jeZJdRhitqueLPVLK.webp\" alt=\"\" width=\"791\" height=\"1368\" /></p>\r\n<p>&nbsp;</p>\r\n<h4>Specifications:</h4>\r\n<ul class=\"product-specs-list util-clearfix\">\r\n<li class=\"product-prop line-limit-length\"><span class=\"property-title\">Brand Name:&nbsp;</span><span class=\"property-desc line-limit-length\" title=\"ZLITTLELAZY\">ZLITTLELAZY</span></li>\r\n<li class=\"product-prop line-limit-length\"><span class=\"property-title\">Shirts Type:&nbsp;</span><span class=\"property-desc line-limit-length\" title=\"Casual Shirts\">Casual Shirts</span></li>\r\n<li class=\"product-prop line-limit-length\"><span class=\"property-title\">Sleeve Length(cm):&nbsp;</span><span class=\"property-desc line-limit-length\" title=\"Full\">Full</span></li>\r\n<li class=\"product-prop line-limit-length\"><span class=\"property-title\">Material:&nbsp;</span><span class=\"property-desc line-limit-length\" title=\"spandex\">spandex</span></li>\r\n<li class=\"product-prop line-limit-length\"><span class=\"property-title\">Material:&nbsp;</span><span class=\"property-desc line-limit-length\" title=\"Polyester Fiber\">Polyester Fiber</span></li>\r\n<li class=\"product-prop line-limit-length\"><span class=\"property-title\">Fabric Type:&nbsp;</span><span class=\"property-desc line-limit-length\" title=\"Broadcloth\">Broadcloth</span></li>\r\n<li class=\"product-prop line-limit-length\"><span class=\"property-title\">Pattern Type:&nbsp;</span><span class=\"property-desc line-limit-length\" title=\"Plaid\">Plaid</span></li>\r\n<li class=\"product-prop line-limit-length\"><span class=\"property-title\">Closure Type:&nbsp;</span><span class=\"property-desc line-limit-length\" title=\"Single Breasted\">Single Breasted</span></li>\r\n<li class=\"product-prop line-limit-length\"><span class=\"property-title\">Gender:&nbsp;</span><span class=\"property-desc line-limit-length\" title=\"MEN\">MEN</span></li>\r\n<li class=\"product-prop line-limit-length\"><span class=\"property-title\">Collar:&nbsp;</span><span class=\"property-desc line-limit-length\" title=\"Square Collar\">Square Collar</span></li>\r\n<li class=\"product-prop line-limit-length\"><span class=\"property-title\">Style:&nbsp;</span><span class=\"property-desc line-limit-length\" title=\"Casual\">Casual</span></li>\r\n<li class=\"product-prop line-limit-length\"><span class=\"property-title\">Item Type:&nbsp;</span><span class=\"property-desc line-limit-length\" title=\"Shirts\">Shirts</span></li>\r\n<li class=\"product-prop line-limit-length\"><span class=\"property-title\">Sleeve Style:&nbsp;</span><span class=\"property-desc line-limit-length\" title=\"REGULAR\">REGULAR</span></li>\r\n<li class=\"product-prop line-limit-length\" data-spm-anchor-id=\"a2g0o.detail.0.i11.50c52659A1qB01\"><span class=\"property-title\">Model Number:&nbsp;</span><span class=\"property-desc line-limit-length\" title=\"2019112\">2019112</span></li>\r\n</ul>\r\n<p>&nbsp;</p>', 'Brand Name: ZLITTLELAZY\r\n  Shirts Type: Casual Shirts\r\n  Sleeve Length(cm): Full\r\n  Material: spandex\r\n  Material: Polyester Fiber'),
(109, 109, 'ar', 'Long-sleeved Camisa Masculina Chemise Men Public Club Fancy Shirt', '<h1 style=\"text-align: center;\">Masculina Chemise Men Public Club Fancy Shirt</h1>\r\n<p><img style=\"display: block; margin-left: auto; margin-right: auto;\" src=\"/storage/media/tBky7y4ol2vnNYtnCkryxSjeEaV2tmu5i6Bs9R04.jpeg\" alt=\"\" width=\"1001\" height=\"1001\" /></p>\r\n<p>&nbsp;</p>\r\n<p><img style=\"display: block; margin-left: auto; margin-right: auto;\" src=\"/storage/media/bJt0fG0EE5sx5RVENrZJkG89ru9roe451y3GA7sP.jpeg\" alt=\"\" width=\"1001\" height=\"1001\" /></p>\r\n<p>&nbsp;</p>\r\n<p>&nbsp;</p>\r\n<p><img style=\"display: block; margin-left: auto; margin-right: auto;\" src=\"/storage/media/irRFYu0fYf0al4jJNqWSbAk246gKgcfAXSBpDzS7.jpeg\" alt=\"\" width=\"1001\" height=\"1001\" /></p>\r\n<p>&nbsp;</p>\r\n<p><img style=\"display: block; margin-left: auto; margin-right: auto;\" src=\"/storage/media/yyyt1YFe4q6NmyzrsjUeWy4jrV49K6i5kM7dnVgk.jpeg\" alt=\"\" width=\"1001\" height=\"1001\" /></p>\r\n<p>&nbsp;</p>\r\n<p><img style=\"display: block; margin-left: auto; margin-right: auto;\" src=\"/storage/media/FbeTyMU88zcIsvb6xw47QmRyCbRWJgGfiKadTu7H.webp\" alt=\"\" width=\"1001\" height=\"1001\" /></p>\r\n<h3>&nbsp;</h3>\r\n<h4><strong>Specifications:</strong></h4>\r\n<p>&nbsp;</p>\r\n<ul class=\"product-specs-list util-clearfix\">\r\n<li class=\"product-prop line-limit-length\"><span class=\"property-title\">Shirts Type:&nbsp;</span><span class=\"property-desc line-limit-length\" title=\"Dress Shirts\">Dress Shirts</span></li>\r\n<li class=\"product-prop line-limit-length\"><span class=\"property-title\">Sleeve Length(cm):&nbsp;</span><span class=\"property-desc line-limit-length\" title=\"Full\">Full</span></li>\r\n<li class=\"product-prop line-limit-length\"><span class=\"property-title\">Material:&nbsp;</span><span class=\"property-desc line-limit-length\" title=\"COTTON\">COTTON</span></li>\r\n<li class=\"product-prop line-limit-length\"><span class=\"property-title\">Fabric Type:&nbsp;</span><span class=\"property-desc line-limit-length\" title=\"Broadcloth\">Broadcloth</span></li>\r\n<li class=\"product-prop line-limit-length\"><span class=\"property-title\">Pattern Type:&nbsp;</span><span class=\"property-desc line-limit-length\" title=\"Print\">Print</span></li>\r\n<li class=\"product-prop line-limit-length\"><span class=\"property-title\">Closure Type:&nbsp;</span><span class=\"property-desc line-limit-length\" title=\"Single Breasted\">Single Breasted</span></li>\r\n<li class=\"product-prop line-limit-length\"><span class=\"property-title\">Gender:&nbsp;</span><span class=\"property-desc line-limit-length\" title=\"MEN\">MEN</span></li>\r\n<li class=\"product-prop line-limit-length\"><span class=\"property-title\">Collar:&nbsp;</span><span class=\"property-desc line-limit-length\" title=\"Stand\">Stand</span></li>\r\n<li class=\"product-prop line-limit-length\"><span class=\"property-title\">Style:&nbsp;</span><span class=\"property-desc line-limit-length\" title=\"Hip Hop\">Hip Hop</span></li>\r\n<li class=\"product-prop line-limit-length\"><span class=\"property-title\">Item Type:&nbsp;</span><span class=\"property-desc line-limit-length\" title=\"Shirts\">Shirts</span></li>\r\n<li class=\"product-prop line-limit-length\"><span class=\"property-title\">Sleeve Style:&nbsp;</span><span class=\"property-desc line-limit-length\" title=\"REGULAR\">REGULAR</span></li>\r\n<li class=\"product-prop line-limit-length\" data-spm-anchor-id=\"a2g0o.detail.0.i10.7dba601b1BDo99\"><span class=\"property-title\">Model Number:&nbsp;</span><span class=\"property-desc line-limit-length\" title=\"Shirt Men\">Shirt Men</span></li>\r\n</ul>\r\n<p>&nbsp;</p>', 'Shirts Type: Dress Shirts\r\n  Sleeve Length(cm): Full\r\n  Material: COTTON\r\n  Fabric Type: Broadcloth\r\n  Pattern Type: Print'),
(110, 110, 'ar', 'Europe size Summer Short Sleeve Solid Polo Shirt', '<h1 style=\"text-align: center;\"><strong>Europe size Summer Short Sleeve Solid Polo Shirt</strong></h1>\r\n<p>&nbsp;</p>\r\n<p><strong><img style=\"display: block; margin-left: auto; margin-right: auto;\" src=\"/storage/media/qwBJXIFCIp2cuDiXyoK1Wrsg85AMvTZwfXTabrNy.webp\" alt=\"\" width=\"809\" height=\"188\" /></strong></p>\r\n<p><strong><img style=\"display: block; margin-left: auto; margin-right: auto;\" src=\"/storage/media/tWuf6inxMmkMpDp5yWlvlecPbcawgNfbMKJgUiiK.webp\" alt=\"\" width=\"800\" height=\"800\" /></strong></p>\r\n<p><strong><img style=\"display: block; margin-left: auto; margin-right: auto;\" src=\"/storage/media/ySRwYoM0jLMwbNISJF2sShvSC8f28eQ3g4ZZnqLV.webp\" alt=\"\" width=\"800\" height=\"800\" /></strong></p>\r\n<p>&nbsp;</p>\r\n<p><strong><img style=\"display: block; margin-left: auto; margin-right: auto;\" src=\"/storage/media/4L41HAdWwcQWmItJYAMPpk73purhb0jiLAJgfI1L.webp\" alt=\"\" width=\"800\" height=\"533\" /></strong></p>\r\n<p>&nbsp;</p>\r\n<p>&nbsp;</p>\r\n<p><strong><img style=\"display: block; margin-left: auto; margin-right: auto;\" src=\"/storage/media/ZOlYEiQsHNqqwgHZS3GVqispCW5t9YZMG8yeHBBs.jpeg\" alt=\"\" width=\"800\" height=\"533\" /></strong></p>\r\n<p>&nbsp;</p>\r\n<p>&nbsp;</p>\r\n<p><strong><img style=\"display: block; margin-left: auto; margin-right: auto;\" src=\"/storage/media/bmNUf2hNKPdTPYYNJEp9xrEbvzsNKMa7CmQcA5KN.webp\" alt=\"\" width=\"800\" height=\"533\" /></strong></p>\r\n<p>&nbsp;</p>\r\n<p>&nbsp;</p>\r\n<p><strong><img style=\"display: block; margin-left: auto; margin-right: auto;\" src=\"/storage/media/afjJ3zkU2sVqz7ftZ2jz38w2bCyEaKbkQsdhfEq2.webp\" alt=\"\" width=\"800\" height=\"533\" /></strong></p>\r\n<h3>&nbsp;</h3>\r\n<p>&nbsp;</p>\r\n<h3><strong>Specifications:</strong></h3>\r\n<ul class=\"product-specs-list util-clearfix\">\r\n<li class=\"product-prop line-limit-length\"><span class=\"property-title\">Brand Name:&nbsp;</span><span class=\"property-desc line-limit-length\" title=\"yipihorse\">yipihorse</span></li>\r\n<li class=\"product-prop line-limit-length\"><span class=\"property-title\">Sleeve Length(cm):&nbsp;</span><span class=\"property-desc line-limit-length\" title=\"Short\">Short</span></li>\r\n<li class=\"product-prop line-limit-length\"><span class=\"property-title\">Style:&nbsp;</span><span class=\"property-desc line-limit-length\" title=\"Casual\">Casual</span></li>\r\n<li class=\"product-prop line-limit-length\"><span class=\"property-title\">Type:&nbsp;</span><span class=\"property-desc line-limit-length\" title=\"Loose\">Loose</span></li>\r\n<li class=\"product-prop line-limit-length\"><span class=\"property-title\">Material:&nbsp;</span><span class=\"property-desc line-limit-length\" title=\"COTTON\">COTTON</span></li>\r\n<li class=\"product-prop line-limit-length\"><span class=\"property-title\">Feature:&nbsp;</span><span class=\"property-desc line-limit-length\" title=\"Plus Size\">Plus Size</span></li>\r\n<li class=\"product-prop line-limit-length\"><span class=\"property-title\">Gender:&nbsp;</span><span class=\"property-desc line-limit-length\" title=\"MEN\">MEN</span></li>\r\n<li class=\"product-prop line-limit-length\"><span class=\"property-title\">Color Style:&nbsp;</span><span class=\"property-desc line-limit-length\" title=\"Solid\">Solid</span></li>\r\n<li class=\"product-prop line-limit-length\"><span class=\"property-title\">Tops Type:&nbsp;</span><span class=\"property-desc line-limit-length\" title=\"Polos\">Polos</span></li>\r\n<li class=\"product-prop line-limit-length\"><span class=\"property-title\">Decoration:&nbsp;</span><span class=\"property-desc line-limit-length\" title=\"Embroidery\">Embroidery</span></li>\r\n<li class=\"product-prop line-limit-length\"><span class=\"property-title\">Pattern Type:&nbsp;</span><span class=\"property-desc line-limit-length\" title=\"Solid\">Solid</span></li>\r\n<li class=\"product-prop line-limit-length\"><span class=\"property-title\">Sale by Pack:&nbsp;</span><span class=\"property-desc line-limit-length\" title=\"No\">No</span></li>\r\n<li class=\"product-prop line-limit-length\"><span class=\"property-title\">Suitable for season:&nbsp;</span><span class=\"property-desc line-limit-length\" title=\"The summer\">The summer</span></li>\r\n<li class=\"product-prop line-limit-length\"><span class=\"property-title\">The article number:&nbsp;</span><span class=\"property-desc line-limit-length\" title=\"YPM00025\">YPM00025</span></li>\r\n<li class=\"product-prop line-limit-length\"><span class=\"property-title\">Listed season/year:&nbsp;</span><span class=\"property-desc line-limit-length\" title=\"In the spring of 2019\">In the spring of 2019</span></li>\r\n<li class=\"product-prop line-limit-length\"><span class=\"property-title\">The content of the main fabric content:&nbsp;</span><span class=\"property-desc line-limit-length\" title=\"90\">90</span></li>\r\n<li class=\"product-prop line-limit-length\"><span class=\"property-title\">The main fabric content:&nbsp;</span><span class=\"property-desc line-limit-length\" title=\"Modal\">Modal</span></li>\r\n<li class=\"product-prop line-limit-length\" data-spm-anchor-id=\"a2g0o.detail.0.i10.60f85d86YaKvKO\"><span class=\"property-title\">Applicable scenarios:&nbsp;</span><span class=\"property-desc line-limit-length\" title=\"Movement\">Movement</span></li>\r\n</ul>\r\n<p>&nbsp;</p>', 'Brand Name: yipihorse \r\n  Sleeve Length(cm): Short\r\n   Style: Casual\r\n    Type: Loose\r\n      Material: COTTON'),
(111, 111, 'ar', 'Men Embroidery Polo Giraffe Shirt', '<h1 style=\"text-align: center;\"><strong>&nbsp;Men Embroidery Polo Giraffe Shirt</strong></h1>\r\n<p>&nbsp;</p>\r\n<p><strong><img style=\"display: block; margin-left: auto; margin-right: auto;\" src=\"/storage/media/DCq8AMAGWvrOEoiTzSNyppctxjtwWe0Zkx4cQm63.jpeg\" alt=\"\" width=\"939\" height=\"685\" /></strong></p>\r\n<p>&nbsp;</p>\r\n<p><strong><img style=\"display: block; margin-left: auto; margin-right: auto;\" src=\"/storage/media/P6pdoyg8mnAqquWhjrOJCeQRxXqvV6i80XPpGKhF.webp\" alt=\"\" width=\"800\" height=\"800\" /></strong></p>\r\n<p><strong><img style=\"display: block; margin-left: auto; margin-right: auto;\" src=\"/storage/media/5zNSmedzgmOgROSdtuOpzJKR5pWjXX1AiBviPH09.webp\" alt=\"\" width=\"800\" height=\"800\" /></strong></p>\r\n<p>&nbsp;</p>\r\n<p><strong><img style=\"display: block; margin-left: auto; margin-right: auto;\" src=\"/storage/media/o53cFafZBlRzPguxjY0xIPDaIm9mycHzOqkcwSq4.jpeg\" alt=\"\" width=\"800\" height=\"533\" /></strong></p>\r\n<p>&nbsp;</p>\r\n<p><strong><img style=\"display: block; margin-left: auto; margin-right: auto;\" src=\"/storage/media/7YrbStW9v5L0aTQ3cbhH9ReZmXFW6GuJ2ssLiN2D.jpeg\" alt=\"\" width=\"800\" height=\"533\" /></strong></p>\r\n<p>&nbsp;</p>\r\n<p><strong><img style=\"display: block; margin-left: auto; margin-right: auto;\" src=\"/storage/media/IenhwyIgdQOO8mUS3nUL7ytzSrWcj00A7hx4mJs4.jpeg\" alt=\"\" width=\"800\" height=\"533\" /></strong></p>\r\n<p>&nbsp;</p>\r\n<p><strong><img style=\"display: block; margin-left: auto; margin-right: auto;\" src=\"/storage/media/4zUyt5iQAAN5NWVWWi99wfrNZWFex4pxOYpkcG52.jpeg\" alt=\"\" width=\"800\" height=\"533\" /></strong></p>\r\n<p>&nbsp;</p>\r\n<p><strong><img style=\"display: block; margin-left: auto; margin-right: auto;\" src=\"/storage/media/X6bREi32rbaLkikZnCIOSlzHI2XPOlYIM3idbYcy.jpeg\" alt=\"\" width=\"800\" height=\"533\" /></strong></p>\r\n<h3>&nbsp;</h3>\r\n<h3><strong>Specifications:</strong></h3>\r\n<p>&nbsp;</p>\r\n<ul class=\"product-specs-list util-clearfix\">\r\n<li class=\"product-prop line-limit-length\"><span class=\"property-title\">Brand Name:&nbsp;</span><span class=\"property-desc line-limit-length\" title=\"GustOmerD\">GustOmerD</span></li>\r\n<li class=\"product-prop line-limit-length\"><span class=\"property-title\">Sleeve Length(cm):&nbsp;</span><span class=\"property-desc line-limit-length\" title=\"Short\">Short</span></li>\r\n<li class=\"product-prop line-limit-length\"><span class=\"property-title\">Type:&nbsp;</span><span class=\"property-desc line-limit-length\" title=\"Slim\">Slim</span></li>\r\n<li class=\"product-prop line-limit-length\"><span class=\"property-title\">Style:&nbsp;</span><span class=\"property-desc line-limit-length\" title=\"Casual\">Casual</span></li>\r\n<li class=\"product-prop line-limit-length\"><span class=\"property-title\">Decoration:&nbsp;</span><span class=\"property-desc line-limit-length\" title=\"Embroidery\">Embroidery</span></li>\r\n<li class=\"product-prop line-limit-length\"><span class=\"property-title\">Decoration:&nbsp;</span><span class=\"property-desc line-limit-length\" title=\"Epaulet\">Epaulet</span></li>\r\n<li class=\"product-prop line-limit-length\"><span class=\"property-title\">Pattern Type:&nbsp;</span><span class=\"property-desc line-limit-length\" title=\"Solid\">Solid</span></li>\r\n<li class=\"product-prop line-limit-length\"><span class=\"property-title\">Material:&nbsp;</span><span class=\"property-desc line-limit-length\" title=\"Cotton Blends\">Cotton Blends</span></li>\r\n<li class=\"product-prop line-limit-length\"><span class=\"property-title\">Feature:&nbsp;</span><span class=\"property-desc line-limit-length\" title=\"Anti-Pilling\">Anti-Pilling</span></li>\r\n<li class=\"product-prop line-limit-length\"><span class=\"property-title\">Color Style:&nbsp;</span><span class=\"property-desc line-limit-length\" title=\"Solid\">Solid</span></li>\r\n<li class=\"product-prop line-limit-length\"><span class=\"property-title\">style:&nbsp;</span><span class=\"property-desc line-limit-length\" title=\"polo giraffe\">polo giraffe</span></li>\r\n<li class=\"product-prop line-limit-length\" data-spm-anchor-id=\"a2g0o.detail.0.i10.7f7a510ctURkbX\"><span class=\"property-title\">fashion:&nbsp;</span><span class=\"property-desc line-limit-length\" title=\"Deer embroidery\">Deer embroidery</span></li>\r\n</ul>', 'Brand Name: GustOmerD\r\n    Sleeve Length(cm): Short\r\n    Type: SlimStyle: Casual\r\n    Decoration: Embroidery'),
(112, 112, 'ar', 'NEGIZBER New Man Polo Shirt', '<h1 style=\"text-align: center;\">NEGIZBER New Man Polo Shirt</h1>\r\n<p>&nbsp;</p>\r\n<p><img style=\"display: block; margin-left: auto; margin-right: auto;\" src=\"/storage/media/7bBElblak8HCbeLlrIYftR66SBAxo0q2bo7Dqmqh.png\" alt=\"\" width=\"940\" height=\"686\" /></p>\r\n<p>&nbsp;</p>\r\n<p><img style=\"display: block; margin-left: auto; margin-right: auto;\" src=\"/storage/media/HC6SoMhwx94F8kkaYoamOtp3MoEmXPp4Yc4rxG5S.webp\" alt=\"\" width=\"800\" height=\"800\" /></p>\r\n<p>&nbsp;</p>\r\n<p><img style=\"display: block; margin-left: auto; margin-right: auto;\" src=\"/storage/media/C1jm65uAKwFUYRZulhWSQamoDMAJ5HveLZdgk5i1.webp\" alt=\"\" width=\"800\" height=\"800\" /></p>\r\n<p><img style=\"display: block; margin-left: auto; margin-right: auto;\" src=\"/storage/media/Ny4iAiOO3VrTwzE4d7KuDJOccAF1zd1WhwkksxEm.jpeg\" alt=\"\" width=\"800\" height=\"800\" /></p>\r\n<h3><strong>Specifications:</strong></h3>\r\n<p>&nbsp;</p>\r\n<ul class=\"product-specs-list util-clearfix\">\r\n<li class=\"product-prop line-limit-length\"><span class=\"property-title\">Brand Name:&nbsp;</span><span class=\"property-desc line-limit-length\" title=\"NEGIZBER\">NEGIZBER</span></li>\r\n<li class=\"product-prop line-limit-length\"><span class=\"property-title\">Sleeve Length(cm):&nbsp;</span><span class=\"property-desc line-limit-length\" title=\"Short\">Short</span></li>\r\n<li class=\"product-prop line-limit-length\"><span class=\"property-title\">Type:&nbsp;</span><span class=\"property-desc line-limit-length\" title=\"Slim\">Slim</span></li>\r\n<li class=\"product-prop line-limit-length\"><span class=\"property-title\">Style:&nbsp;</span><span class=\"property-desc line-limit-length\" title=\"Casual\">Casual</span></li>\r\n<li class=\"product-prop line-limit-length\"><span class=\"property-title\">Decoration:&nbsp;</span><span class=\"property-desc line-limit-length\" title=\"NONE\">NONE</span></li>\r\n<li class=\"product-prop line-limit-length\"><span class=\"property-title\">Pattern Type:&nbsp;</span><span class=\"property-desc line-limit-length\" title=\"Solid\">Solid</span></li>\r\n<li class=\"product-prop line-limit-length\"><span class=\"property-title\">Material:&nbsp;</span><span class=\"property-desc line-limit-length\" title=\"COTTON\">COTTON</span></li>\r\n<li class=\"product-prop line-limit-length\"><span class=\"property-title\">Feature:&nbsp;</span><span class=\"property-desc line-limit-length\" title=\"Anti-Pilling\">Anti-Pilling</span></li>\r\n<li class=\"product-prop line-limit-length\"><span class=\"property-title\">Color Style:&nbsp;</span><span class=\"property-desc line-limit-length\" title=\"Solid\">Solid</span></li>\r\n<li class=\"product-prop line-limit-length\" data-spm-anchor-id=\"a2g0o.detail.0.i10.5df2472dunT9gs\"><span class=\"property-title\">Material:&nbsp;</span><span class=\"property-desc line-limit-length\" title=\"35% cotton,65% polyester\">35% cotton,65% polyester</span></li>\r\n</ul>\r\n<p>&nbsp;</p>\r\n<p>&nbsp;</p>\r\n<p>&nbsp;</p>', 'Brand Name: NEGIZBER\r\n    Sleeve Length(cm): Short\r\n     Type: SlimStyle: Casual\r\n      Decoration: NONE'),
(113, 113, 'ar', 'Men Casual Deer Embroidery Polo shirt', '<h1 style=\"text-align: center;\">&nbsp;Men Casual Deer Embroidery Polo shirt&nbsp;</h1>\r\n<p>&nbsp;</p>\r\n<p><img style=\"display: block; margin-left: auto; margin-right: auto;\" src=\"/storage/media/nZtb7MihegJ8XW2BWCB5EsT6kQokSYgUqNQBB22o.jpeg\" alt=\"\" width=\"800\" height=\"800\" /></p>\r\n<p>&nbsp;</p>\r\n<p><img style=\"display: block; margin-left: auto; margin-right: auto;\" src=\"/storage/media/KTQEO56oR2DwlJ3Hitj5SLWiet4F3IBOvlTCOEwq.jpeg\" alt=\"\" width=\"800\" height=\"800\" /></p>\r\n<p>&nbsp;</p>\r\n<p><img style=\"display: block; margin-left: auto; margin-right: auto;\" src=\"/storage/media/B3WKUOZELwOj7g5dy5zuLZRsLMBZoQ7T9rvZJBB8.jpeg\" alt=\"\" width=\"800\" height=\"800\" /></p>\r\n<p>&nbsp;</p>\r\n<p><img style=\"display: block; margin-left: auto; margin-right: auto;\" src=\"/storage/media/jkzSNzoo0M8LaZCY1DsT4aieaDQy5DVebWPTlC2F.jpeg\" alt=\"\" width=\"800\" height=\"800\" /></p>\r\n<p>&nbsp;</p>\r\n<p><img style=\"display: block; margin-left: auto; margin-right: auto;\" src=\"/storage/media/xe7bBFoRqskqPJK0pKRBaGC6WEeyDgcbAqPCQhOi.jpeg\" alt=\"\" width=\"800\" height=\"800\" /></p>\r\n<p>&nbsp;</p>\r\n<p><img style=\"display: block; margin-left: auto; margin-right: auto;\" src=\"/storage/media/gvGtOZSGuahayloLrm7zAp40p0JAKHWC2LA6bXzr.jpeg\" alt=\"\" width=\"900\" height=\"698\" /></p>\r\n<p>&nbsp;</p>\r\n<p><img style=\"display: block; margin-left: auto; margin-right: auto;\" src=\"/storage/media/RSVPZE39bRdMHLY5ZmSFvWOJAGIPEJIhR7Jcvnz8.jpeg\" alt=\"\" width=\"900\" height=\"738\" /></p>\r\n<p>&nbsp;</p>\r\n<h3>&nbsp;</h3>\r\n<h3>Specifications:</h3>\r\n<p>&nbsp;</p>\r\n<ul class=\"product-specs-list util-clearfix\">\r\n<li class=\"product-prop line-limit-length\"><span class=\"property-title\">Sleeve Length(cm):&nbsp;</span><span class=\"property-desc line-limit-length\" title=\"Short\">Short</span></li>\r\n<li class=\"product-prop line-limit-length\"><span class=\"property-title\">Style:&nbsp;</span><span class=\"property-desc line-limit-length\" title=\"Casual\">Casual</span></li>\r\n<li class=\"product-prop line-limit-length\"><span class=\"property-title\">Type:&nbsp;</span><span class=\"property-desc line-limit-length\" title=\"Slim\">Slim</span></li>\r\n<li class=\"product-prop line-limit-length\"><span class=\"property-title\">Decoration:&nbsp;</span><span class=\"property-desc line-limit-length\" title=\"Embroidery\">Embroidery</span></li>\r\n<li class=\"product-prop line-limit-length\"><span class=\"property-title\">Pattern Type:&nbsp;</span><span class=\"property-desc line-limit-length\" title=\"Solid\">Solid</span></li>\r\n<li class=\"product-prop line-limit-length\"><span class=\"property-title\">Material:&nbsp;</span><span class=\"property-desc line-limit-length\" title=\"Polyester\">Polyester</span></li>\r\n<li class=\"product-prop line-limit-length\"><span class=\"property-title\">Feature:&nbsp;</span><span class=\"property-desc line-limit-length\" title=\"Quick Dry\">Quick Dry</span></li>\r\n<li class=\"product-prop line-limit-length\" data-spm-anchor-id=\"a2g0o.detail.0.i10.1411b109tgi0Bp\"><span class=\"property-title\">Color Style:&nbsp;</span><span class=\"property-desc line-limit-length\" title=\"Solid\">Solid</span></li>\r\n</ul>', 'Sleeve Length(cm): Short\r\n  Style: Casual\r\n   Type: Slim\r\n    Decoration: Embroidery\r\n      Pattern Type: Solid'),
(114, 114, 'ar', '2019 Fashion Automatic Metal Buckle Strap Male belt', '<h1 style=\"text-align: center;\">Fashion Automatic Metal Buckle Strap Male belt</h1>\r\n<p>&nbsp;</p>\r\n<p><img style=\"display: block; margin-left: auto; margin-right: auto;\" src=\"/storage/media/7HhLB6m1ToPpqGlZcjnav7niQKrqUptHC2Aez4xA.webp\" alt=\"\" width=\"800\" height=\"707\" /></p>\r\n<p>&nbsp;</p>\r\n<p><img style=\"display: block; margin-left: auto; margin-right: auto;\" src=\"/storage/media/AmMLI84Z9n8hM4cd3n1NYa9d392UkzCkvgiyzrTc.webp\" alt=\"\" width=\"800\" height=\"920\" /></p>\r\n<p>&nbsp;</p>\r\n<p><img style=\"display: block; margin-left: auto; margin-right: auto;\" src=\"/storage/media/mgEQjQVgMs5aTq1Q5jINLkFCxbv0L6arhNMiSrDP.webp\" alt=\"\" width=\"800\" height=\"800\" /></p>\r\n<p>&nbsp;</p>\r\n<p><img style=\"display: block; margin-left: auto; margin-right: auto;\" src=\"/storage/media/5N1MLcer5hqdYrN8wdvB1KizqcPysvJAc39Q5uQ6.jpeg\" alt=\"\" width=\"800\" height=\"800\" /></p>\r\n<p>&nbsp;</p>\r\n<p>&nbsp;</p>\r\n<p><img style=\"display: block; margin-left: auto; margin-right: auto;\" src=\"/storage/media/GP2jCgMvZXvRh5K2RPqSjT5olkHmOTyaSSaQkaa4.webp\" alt=\"\" width=\"792\" height=\"752\" /></p>\r\n<p>&nbsp;</p>\r\n<h4><strong>Product Details:</strong></h4>\r\n<ul class=\"product-specs-list util-clearfix\">\r\n<li class=\"product-prop line-limit-length\"><span class=\"property-title\">Department Name:&nbsp;</span><span class=\"property-desc line-limit-length\" title=\"Adult\">Adult</span></li>\r\n<li class=\"product-prop line-limit-length\"><span class=\"property-title\">Belts Material:&nbsp;</span><span class=\"property-desc line-limit-length\" title=\"Cowskin\">Cowskin</span></li>\r\n<li class=\"product-prop line-limit-length\"><span class=\"property-title\">Belts Material:&nbsp;</span><span class=\"property-desc line-limit-length\" title=\"Faux Leather\">Faux Leather</span></li>\r\n<li class=\"product-prop line-limit-length\"><span class=\"property-title\">Gender:&nbsp;</span><span class=\"property-desc line-limit-length\" title=\"MEN\">MEN</span></li>\r\n<li class=\"product-prop line-limit-length\"><span class=\"property-title\">Belt Width:&nbsp;</span><span class=\"property-desc line-limit-length\" title=\"3.5cm\">3.5cm</span></li>\r\n<li class=\"product-prop line-limit-length\"><span class=\"property-title\">Style:&nbsp;</span><span class=\"property-desc line-limit-length\" title=\"Casual\">Casual</span></li>\r\n<li class=\"product-prop line-limit-length\"><span class=\"property-title\">Pattern Type:&nbsp;</span><span class=\"property-desc line-limit-length\" title=\"geometric\">geometric</span></li>\r\n<li class=\"product-prop line-limit-length\"><span class=\"property-title\">Buckle Length:&nbsp;</span><span class=\"property-desc line-limit-length\" title=\"8cm\">8cm</span></li>\r\n<li class=\"product-prop line-limit-length\"><span class=\"property-title\">Item Type:&nbsp;</span><span class=\"property-desc line-limit-length\" title=\"Belts\">Belts</span></li>\r\n<li class=\"product-prop line-limit-length\" data-spm-anchor-id=\"a2g0o.detail.0.i10.db3adb04tJGLX7\"><span class=\"property-title\">Buckle Width:&nbsp;</span><span class=\"property-desc line-limit-length\" title=\"4cm\">4cm</span></li>\r\n</ul>\r\n<p>&nbsp;</p>', 'Department Name: Adult\r\n   Belts Material: Cowskin\r\n   Belts Material: Faux Leather');
INSERT INTO `product_translations` (`id`, `product_id`, `locale`, `name`, `description`, `short_description`) VALUES
(115, 115, 'ar', 'WILLIAMPOLO Fashion Men Leather Belts Solid Buckle', '<h1 style=\"text-align: center;\">WILLIAMPOLO Fashion Men Leather Belts</h1>\r\n<p>&nbsp;</p>\r\n<p><img style=\"display: block; margin-left: auto; margin-right: auto;\" src=\"/storage/media/Gc5ijdc3xrrouR07T0EE684JsrmxoeafESS0Xs1h.webp\" alt=\"\" width=\"967\" height=\"925\" /></p>\r\n<p>&nbsp;</p>\r\n<p><img style=\"display: block; margin-left: auto; margin-right: auto;\" src=\"/storage/media/RY8FhNfdvJfYnegktGv8FRJjv09k1Hmw8xKzYtBf.webp\" alt=\"\" width=\"967\" height=\"1029\" /></p>\r\n<p>&nbsp;</p>\r\n<p><img style=\"display: block; margin-left: auto; margin-right: auto;\" src=\"/storage/media/Nods3wgFuQGdxelMZp4jIvWZb5dS2247qz3xHqai.webp\" alt=\"\" width=\"967\" height=\"969\" /></p>\r\n<p><img style=\"display: block; margin-left: auto; margin-right: auto;\" src=\"/storage/media/Ci1xJ8U1hthlFHfnmp5HmgSz8rkd85Ewl7Ch91QF.webp\" alt=\"\" width=\"967\" height=\"640\" /></p>\r\n<p><img style=\"display: block; margin-left: auto; margin-right: auto;\" src=\"/storage/media/atBPIcKbGFnsAU8DYu9Jg4oLzuAGxV67ggR0Mpl0.webp\" alt=\"\" width=\"967\" height=\"552\" /></p>\r\n<p>&nbsp;</p>\r\n<h3>&nbsp;</h3>\r\n<h4>Product Details:</h4>\r\n<ul class=\"product-specs-list util-clearfix\">\r\n<li class=\"product-prop line-limit-length\"><span class=\"property-title\">Brand Name:&nbsp;</span><span class=\"property-desc line-limit-length\" title=\"WILLIAMPOLO\">WILLIAMPOLO</span></li>\r\n<li class=\"product-prop line-limit-length\"><span class=\"property-title\">Belts Material:&nbsp;</span><span class=\"property-desc line-limit-length\" title=\"Cowskin\">Cowskin</span></li>\r\n<li class=\"product-prop line-limit-length\"><span class=\"property-title\">Gender:&nbsp;</span><span class=\"property-desc line-limit-length\" title=\"MEN\">MEN</span></li>\r\n<li class=\"product-prop line-limit-length\"><span class=\"property-title\">Department Name:&nbsp;</span><span class=\"property-desc line-limit-length\" title=\"Adult\">Adult</span></li>\r\n<li class=\"product-prop line-limit-length\"><span class=\"property-title\">Model Number:&nbsp;</span><span class=\"property-desc line-limit-length\" title=\"WILLIAMPOLO-18221-223\">WILLIAMPOLO-18221-223</span></li>\r\n<li class=\"product-prop line-limit-length\"><span class=\"property-title\">Pattern Type:&nbsp;</span><span class=\"property-desc line-limit-length\" title=\"Solid\">Solid</span></li>\r\n<li class=\"product-prop line-limit-length\"><span class=\"property-title\">Item Type:&nbsp;</span><span class=\"property-desc line-limit-length\" title=\"Belts\">Belts</span></li>\r\n<li class=\"product-prop line-limit-length\"><span class=\"property-title\">Belt Width:&nbsp;</span><span class=\"property-desc line-limit-length\" title=\"3.5cm\">3.5cm</span></li>\r\n<li class=\"product-prop line-limit-length\"><span class=\"property-title\">Buckle Length:&nbsp;</span><span class=\"property-desc line-limit-length\" title=\"7cm\">7cm</span></li>\r\n<li class=\"product-prop line-limit-length\"><span class=\"property-title\">Style:&nbsp;</span><span class=\"property-desc line-limit-length\" title=\"Fashion\">Fashion</span></li>\r\n<li class=\"product-prop line-limit-length\"><span class=\"property-title\">Buckle Width:&nbsp;</span><span class=\"property-desc line-limit-length\" title=\"4cm\">4cm</span></li>\r\n<li class=\"product-prop line-limit-length\"><span class=\"property-title\">feature:&nbsp;</span><span class=\"property-desc line-limit-length\" title=\"strap male genuine leather\">strap male genuine leather</span></li>\r\n<li class=\"product-prop line-limit-length\"><span class=\"property-title\">feature 1:&nbsp;</span><span class=\"property-desc line-limit-length\" title=\"belt luxury men belts for dresses\">belt luxury men belts for dresses</span></li>\r\n<li class=\"product-prop line-limit-length\"><span class=\"property-title\">feature 2:&nbsp;</span><span class=\"property-desc line-limit-length\" title=\"luxury brand mens belt\">luxury brand mens belt</span></li>\r\n<li class=\"product-prop line-limit-length\"><span class=\"property-title\">feature 3:&nbsp;</span><span class=\"property-desc line-limit-length\" title=\"fashion man 2019 leather belt\">fashion man 2019 leather belt</span></li>\r\n<li class=\"product-prop line-limit-length\"><span class=\"property-title\">feature 4:&nbsp;</span><span class=\"property-desc line-limit-length\" title=\"belt buckles for men\">belt buckles for men</span></li>\r\n<li class=\"product-prop line-limit-length\"><span class=\"property-title\">feature 5:&nbsp;</span><span class=\"property-desc line-limit-length\" title=\"Fashion Automatic head designer belt\">Fashion Automatic head designer belt</span></li>\r\n<li class=\"product-prop line-limit-length\"><span class=\"property-title\">feature 6:&nbsp;</span><span class=\"property-desc line-limit-length\" title=\"Automatic Buckle strap male genuine leather\">Automatic Buckle strap male genuine leather</span></li>\r\n<li class=\"product-prop line-limit-length\"><span class=\"property-title\">feature 7:&nbsp;</span><span class=\"property-desc line-limit-length\" title=\"designer belts men high quality\">designer belts men high quality</span></li>\r\n<li class=\"product-prop line-limit-length\"><span class=\"property-title\">style:&nbsp;</span><span class=\"property-desc line-limit-length\" title=\"Business/fashion\">Business/fashion</span></li>\r\n<li class=\"product-prop line-limit-length\"><span class=\"property-title\">style 1:&nbsp;</span><span class=\"property-desc line-limit-length\" title=\"men belts genuine leather luxury\">men belts genuine leather luxury</span></li>\r\n<li class=\"product-prop line-limit-length\" data-spm-anchor-id=\"a2g0o.detail.0.i9.ea8b66a1sGcujA\"><span class=\"property-title\">style 2:&nbsp;</span><span class=\"property-desc line-limit-length\" title=\"belts for male luxury designer brand\">belts for male luxury designer brand</span></li>\r\n</ul>\r\n<p>&nbsp;</p>', 'Brand Name: WILLIAMPOLO\r\n   Belts Material: Cowskin\r\n   Gender: MEN\r\n   Department Name: Adult'),
(116, 116, 'ar', 'KSTUN Men\'s Jeans Classic Direct Stretch Dark Blue Business Casual Denim Pants', '<h1 style=\"text-align: center;\">KSTUN Men\'s Jeans Casual Denim Pants&nbsp;</h1>\r\n<p>&nbsp;</p>\r\n<p><img style=\"display: block; margin-left: auto; margin-right: auto;\" src=\"/storage/media/lIZzqnIVSLI7TuW4vUW55JdSkvJw2L7SKInqpusO.webp\" alt=\"\" width=\"960\" height=\"390\" /></p>\r\n<p>&nbsp;</p>\r\n<p><img style=\"display: block; margin-left: auto; margin-right: auto;\" src=\"/storage/media/YwurVkYc8Il0uRpEq90D1kMfcDd69rZoPwv8d50l.jpeg\" alt=\"\" width=\"800\" height=\"1200\" /></p>\r\n<p>&nbsp;</p>\r\n<p><img style=\"display: block; margin-left: auto; margin-right: auto;\" src=\"/storage/media/178MwvyUfFuX61zN5b868JO0nMLL86JYPXCJUhFl.webp\" alt=\"\" width=\"800\" height=\"800\" /></p>\r\n<p>&nbsp;</p>\r\n<p><img style=\"display: block; margin-left: auto; margin-right: auto;\" src=\"/storage/media/Wh9YxdMKM3LfZpYxnrykEvrkTKSJB5whEBi5SFOd.webp\" alt=\"\" width=\"800\" height=\"800\" /></p>\r\n<p>&nbsp;</p>\r\n<p><img style=\"display: block; margin-left: auto; margin-right: auto;\" src=\"/storage/media/UxokY0TLMJHAHeS4mhRD2sxUi1HSpbgUcj680yQL.jpeg\" alt=\"\" width=\"791\" height=\"620\" /></p>\r\n<p>&nbsp;</p>\r\n<p><img style=\"display: block; margin-left: auto; margin-right: auto;\" src=\"/storage/media/l8pWKzZAe2NVIWU55rttocDMfapLzBd2KDOiFjhE.jpeg\" alt=\"\" width=\"791\" height=\"620\" /></p>\r\n<p>&nbsp;</p>\r\n<h4>Product Details:</h4>\r\n<ul class=\"product-specs-list util-clearfix\">\r\n<li class=\"product-prop line-limit-length\"><span class=\"property-title\">Brand Name:&nbsp;</span><span class=\"property-desc line-limit-length\" title=\"KSTUN\">KSTUN</span></li>\r\n<li class=\"product-prop line-limit-length\"><span class=\"property-title\">Closure Type:&nbsp;</span><span class=\"property-desc line-limit-length\" title=\"Zipper Fly\">Zipper Fly</span></li>\r\n<li class=\"product-prop line-limit-length\"><span class=\"property-title\">Waist Type:&nbsp;</span><span class=\"property-desc line-limit-length\" title=\"Mid\">Mid</span></li>\r\n<li class=\"product-prop line-limit-length\"><span class=\"property-title\">Decoration:&nbsp;</span><span class=\"property-desc line-limit-length\" title=\"Scratched\">Scratched</span></li>\r\n<li class=\"product-prop line-limit-length\"><span class=\"property-title\">Pattern Type:&nbsp;</span><span class=\"property-desc line-limit-length\" title=\"Solid\">Solid</span></li>\r\n<li class=\"product-prop line-limit-length\"><span class=\"property-title\">Material:&nbsp;</span><span class=\"property-desc line-limit-length\" title=\"Denim\">Denim</span></li>\r\n<li class=\"product-prop line-limit-length\"><span class=\"property-title\">Model Number:&nbsp;</span><span class=\"property-desc line-limit-length\" title=\"YJ-070-1\">YJ-070-1</span></li>\r\n<li class=\"product-prop line-limit-length\"><span class=\"property-title\">Gender:&nbsp;</span><span class=\"property-desc line-limit-length\" title=\"MEN\">MEN</span></li>\r\n<li class=\"product-prop line-limit-length\"><span class=\"property-title\">Jeans Style:&nbsp;</span><span class=\"property-desc line-limit-length\" title=\"Straight\">Straight</span></li>\r\n<li class=\"product-prop line-limit-length\"><span class=\"property-title\">Wash:&nbsp;</span><span class=\"property-desc line-limit-length\" title=\"Moustache Effect\">Moustache Effect</span></li>\r\n<li class=\"product-prop line-limit-length\"><span class=\"property-title\">Wash:&nbsp;</span><span class=\"property-desc line-limit-length\" title=\"Stonewashed\">Stonewashed</span></li>\r\n<li class=\"product-prop line-limit-length\"><span class=\"property-title\">Wash:&nbsp;</span><span class=\"property-desc line-limit-length\" title=\"DARK\">DARK</span></li>\r\n<li class=\"product-prop line-limit-length\"><span class=\"property-title\">Fit Type:&nbsp;</span><span class=\"property-desc line-limit-length\" title=\"Slim\">Slim</span></li>\r\n<li class=\"product-prop line-limit-length\"><span class=\"property-title\">Style:&nbsp;</span><span class=\"property-desc line-limit-length\" title=\"Smart Casual\">Smart Casual</span></li>\r\n<li class=\"product-prop line-limit-length\"><span class=\"property-title\">Item Type:&nbsp;</span><span class=\"property-desc line-limit-length\" title=\"JEANS\">JEANS</span></li>\r\n<li class=\"product-prop line-limit-length\"><span class=\"property-title\">Thickness:&nbsp;</span><span class=\"property-desc line-limit-length\" title=\"Lightweight\">Lightweight</span></li>\r\n<li class=\"product-prop line-limit-length\"><span class=\"property-title\">Length:&nbsp;</span><span class=\"property-desc line-limit-length\" title=\"Full Length\">Full Length</span></li>\r\n<li class=\"product-prop line-limit-length\" data-spm-anchor-id=\"a2g0o.detail.0.i10.2fef6581c8ayE8\"><span class=\"property-title\">Fabric Type:&nbsp;</span><span class=\"property-desc line-limit-length\" title=\"Stripe\">Stripe</span></li>\r\n</ul>\r\n<p>&nbsp;</p>', 'Brand Name: KSTUN\r\n  Closure Type: Zipper Fly\r\n   Waist Type: Mid\r\n    Decoration: Scratched'),
(117, 117, 'ar', 'Classic Men Casual Mid-Rise Straight Slim Denim Jeans Youth Long Pants', '<h1 style=\"text-align: center;\">Men Casual Mid-Rise Straight Slim Denim Jeans</h1>\r\n<p>&nbsp;</p>\r\n<p>&nbsp;</p>\r\n<p><img style=\"display: block; margin-left: auto; margin-right: auto;\" src=\"/storage/media/BDaPUJrsEZ8fbafT8HC60OdwFINxENLKTCQ6jq4W.webp\" alt=\"\" width=\"1001\" height=\"1001\" /></p>\r\n<p>&nbsp;</p>\r\n<p><img style=\"display: block; margin-left: auto; margin-right: auto;\" src=\"/storage/media/KDO8uBmA26UT4mplG44UcD648CaRGY0klIEeEXi0.webp\" alt=\"\" width=\"1001\" height=\"1001\" /></p>\r\n<p>&nbsp;</p>\r\n<p><img style=\"display: block; margin-left: auto; margin-right: auto;\" src=\"/storage/media/3ll70n7JEuwS9Ic6opJJNtaRil94h9i2ufdhzwFN.webp\" alt=\"\" width=\"1001\" height=\"1001\" /></p>\r\n<p>&nbsp;</p>\r\n<p><img style=\"display: block; margin-left: auto; margin-right: auto;\" src=\"/storage/media/tdnPLjcf54iBKkMTo2SWSBYgNjpw8DUMiSzhv3Wf.webp\" alt=\"\" width=\"1001\" height=\"1001\" /></p>\r\n<h3>&nbsp;</h3>\r\n<h4>Product Description:</h4>\r\n<ul class=\"product-specs-list util-clearfix\">\r\n<li class=\"product-prop line-limit-length\"><span class=\"property-title\">Brand Name:&nbsp;</span><span class=\"property-desc line-limit-length\" title=\"SANWOOD\">SANWOOD</span></li>\r\n<li class=\"product-prop line-limit-length\"><span class=\"property-title\">Closure Type:&nbsp;</span><span class=\"property-desc line-limit-length\" title=\"Zipper Fly\">Zipper Fly</span></li>\r\n<li class=\"product-prop line-limit-length\"><span class=\"property-title\">Waist Type:&nbsp;</span><span class=\"property-desc line-limit-length\" title=\"Low\">Low</span></li>\r\n<li class=\"product-prop line-limit-length\"><span class=\"property-title\">Decoration:&nbsp;</span><span class=\"property-desc line-limit-length\" title=\"Pockets\">Pockets</span></li>\r\n<li class=\"product-prop line-limit-length\"><span class=\"property-title\">Pattern Type:&nbsp;</span><span class=\"property-desc line-limit-length\" title=\"Solid\">Solid</span></li>\r\n<li class=\"product-prop line-limit-length\"><span class=\"property-title\">Model Number:&nbsp;</span><span class=\"property-desc line-limit-length\" title=\"36918\">36918</span></li>\r\n<li class=\"product-prop line-limit-length\"><span class=\"property-title\">Jeans Style:&nbsp;</span><span class=\"property-desc line-limit-length\" title=\"Straight\">Straight</span></li>\r\n<li class=\"product-prop line-limit-length\"><span class=\"property-title\">Wash:&nbsp;</span><span class=\"property-desc line-limit-length\" title=\"Light\">Light</span></li>\r\n<li class=\"product-prop line-limit-length\"><span class=\"property-title\">Fit Type:&nbsp;</span><span class=\"property-desc line-limit-length\" title=\"Slim\">Slim</span></li>\r\n<li class=\"product-prop line-limit-length\"><span class=\"property-title\">Style:&nbsp;</span><span class=\"property-desc line-limit-length\" title=\"Casual\">Casual</span></li>\r\n<li class=\"product-prop line-limit-length\" data-spm-anchor-id=\"a2g0o.detail.0.i11.6bac3098wzQQJU\"><span class=\"property-title\">Thickness:&nbsp;</span><span class=\"property-desc line-limit-length\" title=\"Midweight\">Midweight</span></li>\r\n<li class=\"product-prop line-limit-length\" data-spm-anchor-id=\"a2g0o.detail.0.i10.6bac3098wzQQJU\"><span class=\"property-title\">Length:&nbsp;</span><span class=\"property-desc line-limit-length\" title=\"Full Length\">Full Length</span></li>\r\n<li class=\"product-prop line-limit-length\" data-spm-anchor-id=\"a2g0o.detail.0.i12.6bac3098wzQQJU\"><span class=\"property-title\">Fabric Type:&nbsp;</span><span class=\"property-desc line-limit-length\" title=\"Softener\">Softener</span></li>\r\n</ul>\r\n<p>&nbsp;</p>', 'Brand Name: SANWOOD\r\n   Closure Type: Zipper Fly\r\n    Waist Type: Low\r\n     Decoration: Pockets'),
(118, 118, 'ar', 'SAUCE ORIGIN 910-CL Selvedge Jeans Raw Jeans Mens', '<h1 style=\"text-align: center;\">SAUCE ORIGIN Selvedge Jeans Raw Jeans Mens&nbsp;</h1>\r\n<p>&nbsp;</p>\r\n<p><img style=\"display: block; margin-left: auto; margin-right: auto;\" src=\"/storage/media/LwXnxlNkxcWemXzshZtzapGqBmkE64mXvK450E2X.jpeg\" alt=\"\" width=\"2000\" height=\"1880\" /></p>\r\n<p>&nbsp;</p>\r\n<p><img style=\"display: block; margin-left: auto; margin-right: auto;\" src=\"/storage/media/dpKg0oeuKx9oYaWZYk7HpXpXgmhxo88JIOscRUv9.jpeg\" alt=\"\" width=\"2000\" height=\"1164\" /></p>\r\n<p>&nbsp;</p>\r\n<p><img style=\"display: block; margin-left: auto; margin-right: auto;\" src=\"/storage/media/KYpfepHabURHLVPfroaJGx5xGBV91ttGHYUAR88g.jpeg\" alt=\"\" width=\"2000\" height=\"2564\" /></p>\r\n<p>&nbsp;</p>\r\n<p><img style=\"display: block; margin-left: auto; margin-right: auto;\" src=\"/storage/media/pnpjCEql3TDbKZ9oJRg9xjEtywK3mgXCl5iy5lfE.jpeg\" alt=\"\" width=\"740\" height=\"492\" /></p>\r\n<p>&nbsp;</p>\r\n<p><img style=\"display: block; margin-left: auto; margin-right: auto;\" src=\"/storage/media/9MZOzYFENiEdBC5DpYmi8mHHfDvHCqIEGYAAQ97c.jpeg\" alt=\"\" width=\"2000\" height=\"1329\" /></p>\r\n<p>&nbsp;</p>\r\n<p><img style=\"display: block; margin-left: auto; margin-right: auto;\" src=\"/storage/media/EIpmt5f6Cn4NAMahGd9awLfGLE4GHNURJ8naxG9U.jpeg\" alt=\"\" width=\"2000\" height=\"1328\" /></p>\r\n<p>&nbsp;</p>\r\n<p><img style=\"display: block; margin-left: auto; margin-right: auto;\" src=\"/storage/media/RhT9TjlbSV5X7R8dU4qej11oZ4tQpOaPJ54w5Xtg.jpeg\" alt=\"\" width=\"2000\" height=\"1328\" /></p>\r\n<p>&nbsp;</p>\r\n<p><img style=\"display: block; margin-left: auto; margin-right: auto;\" src=\"/storage/media/h46zF4zjtQdEU8Md8y1tBt5JZmVeFrmbY3FbZ2C1.jpeg\" alt=\"\" width=\"2000\" height=\"1328\" /></p>\r\n<p>&nbsp;</p>\r\n<h4>Product Details:</h4>\r\n<ul class=\"product-specs-list util-clearfix\">\r\n<li class=\"product-prop line-limit-length\"><span class=\"property-title\">Brand Name:&nbsp;</span><span class=\"property-desc line-limit-length\" title=\"SauceZhan\">SauceZhan</span></li>\r\n<li class=\"product-prop line-limit-length\"><span class=\"property-title\">Closure Type:&nbsp;</span><span class=\"property-desc line-limit-length\" title=\"Button Fly\">Button Fly</span></li>\r\n<li class=\"product-prop line-limit-length\"><span class=\"property-title\">Waist Type:&nbsp;</span><span class=\"property-desc line-limit-length\" title=\"Mid\">Mid</span></li>\r\n<li class=\"product-prop line-limit-length\"><span class=\"property-title\">Decoration:&nbsp;</span><span class=\"property-desc line-limit-length\" title=\"LOGO\">LOGO</span></li>\r\n<li class=\"product-prop line-limit-length\"><span class=\"property-title\">Pattern Type:&nbsp;</span><span class=\"property-desc line-limit-length\" title=\"Solid\">Solid</span></li>\r\n<li class=\"product-prop line-limit-length\"><span class=\"property-title\">Jeans Style:&nbsp;</span><span class=\"property-desc line-limit-length\" title=\"Pencil Pants\">Pencil Pants</span></li>\r\n<li class=\"product-prop line-limit-length\"><span class=\"property-title\">Wash:&nbsp;</span><span class=\"property-desc line-limit-length\" title=\"No\">No</span></li>\r\n<li class=\"product-prop line-limit-length\"><span class=\"property-title\">Fit Type:&nbsp;</span><span class=\"property-desc line-limit-length\" title=\"Slim\">Slim</span></li>\r\n<li class=\"product-prop line-limit-length\"><span class=\"property-title\">Style:&nbsp;</span><span class=\"property-desc line-limit-length\" title=\"vintage\">vintage</span></li>\r\n<li class=\"product-prop line-limit-length\"><span class=\"property-title\">Thickness:&nbsp;</span><span class=\"property-desc line-limit-length\" title=\"Midweight\">Midweight</span></li>\r\n<li class=\"product-prop line-limit-length\"><span class=\"property-title\">Length:&nbsp;</span><span class=\"property-desc line-limit-length\" title=\"Full Length\">Full Length</span></li>\r\n<li class=\"product-prop line-limit-length\"><span class=\"property-title\">Fabric Type:&nbsp;</span><span class=\"property-desc line-limit-length\" title=\"Plaid\">Plaid</span></li>\r\n<li class=\"product-prop line-limit-length\"><span class=\"property-title\">pigment:&nbsp;</span><span class=\"property-desc line-limit-length\" title=\"blue\">blue</span></li>\r\n<li class=\"product-prop line-limit-length\"><span class=\"property-title\">Basic style:&nbsp;</span><span class=\"property-desc line-limit-length\" title=\"Youth pop\">Youth pop</span></li>\r\n<li class=\"product-prop line-limit-length\"><span class=\"property-title\">Suitable scenarios:&nbsp;</span><span class=\"property-desc line-limit-length\" title=\"Other leisure\">Other leisure</span></li>\r\n<li class=\"product-prop line-limit-length\" data-spm-anchor-id=\"a2g0o.detail.0.i9.69ae72f7YcuciO\"><span class=\"property-title\">Pants:&nbsp;</span><span class=\"property-desc line-limit-length\" title=\"trousers\">trousers</span></li>\r\n</ul>\r\n<p>&nbsp;</p>\r\n<p>&nbsp;</p>\r\n<p>&nbsp;</p>', 'Brand Name: SauceZhan\r\n   Closure Type: Button Fly\r\n    Waist Type: Mid\r\n     Decoration: LOGO'),
(119, 119, 'ar', 'Women Bag PU Leather Handbag for Female', '<h1 style=\"text-align: center;\">Women Bag PU Leather Handbag for Female</h1>\r\n<p>&nbsp;</p>\r\n<p>&nbsp;</p>\r\n<p>&nbsp;</p>\r\n<p><img style=\"display: block; margin-left: auto; margin-right: auto;\" src=\"/storage/media/FhQenPk3Bl4WGjX5L04zPuZxmwxXsluZIiJiu1cl.jpeg\" alt=\"\" width=\"800\" height=\"800\" /></p>\r\n<p>&nbsp;</p>\r\n<p>&nbsp;</p>\r\n<p>&nbsp;</p>\r\n<p>&nbsp;</p>\r\n<p><img style=\"display: block; margin-left: auto; margin-right: auto;\" src=\"/storage/media/rXOzriQl45agr1fHlZ6Tu12Uxc1Gr6KaBqVIgKlm.jpeg\" alt=\"\" width=\"800\" height=\"800\" /></p>\r\n<p>&nbsp;</p>\r\n<p>&nbsp;</p>\r\n<p><img style=\"display: block; margin-left: auto; margin-right: auto;\" src=\"/storage/media/WK9pmIHhH86RRH2xfqi1vvsCLmbC5eLTBLfQ472J.png\" alt=\"\" width=\"607\" height=\"921\" /></p>\r\n<p>&nbsp;</p>\r\n<h4>Product Details:</h4>\r\n<ul class=\"product-specs-list util-clearfix\">\r\n<li class=\"product-prop line-limit-length\"><span class=\"property-title\">Brand Name:&nbsp;</span><span class=\"property-desc line-limit-length\" title=\"SUUTOOP\">SUUTOOP</span></li>\r\n<li class=\"product-prop line-limit-length\"><span class=\"property-title\">Shape:&nbsp;</span><span class=\"property-desc line-limit-length\" title=\"Flap\">Flap</span></li>\r\n<li class=\"product-prop line-limit-length\"><span class=\"property-title\">Handbags Type:&nbsp;</span><span class=\"property-desc line-limit-length\" title=\"Messenger Bags\">Messenger Bags</span></li>\r\n<li class=\"product-prop line-limit-length\"><span class=\"property-title\">Main Material:&nbsp;</span><span class=\"property-desc line-limit-length\" title=\"PU\">PU</span></li>\r\n<li class=\"product-prop line-limit-length\"><span class=\"property-title\">Closure Type:&nbsp;</span><span class=\"property-desc line-limit-length\" title=\"zipper\">zipper</span></li>\r\n<li class=\"product-prop line-limit-length\"><span class=\"property-title\">Hardness:&nbsp;</span><span class=\"property-desc line-limit-length\" title=\"Soft\">Soft</span></li>\r\n<li class=\"product-prop line-limit-length\"><span class=\"property-title\">Exterior:&nbsp;</span><span class=\"property-desc line-limit-length\" title=\"Silt Pocket\">Silt Pocket</span></li>\r\n<li class=\"product-prop line-limit-length\"><span class=\"property-title\">Style:&nbsp;</span><span class=\"property-desc line-limit-length\" title=\"Fashion\">Fashion</span></li>\r\n<li class=\"product-prop line-limit-length\"><span class=\"property-title\">Model Number:&nbsp;</span><span class=\"property-desc line-limit-length\" title=\"women crossbody\">women crossbody</span></li>\r\n<li class=\"product-prop line-limit-length\"><span class=\"property-title\">Lining Material:&nbsp;</span><span class=\"property-desc line-limit-length\" title=\"Polyester\">Polyester</span></li>\r\n<li class=\"product-prop line-limit-length\"><span class=\"property-title\">Occasion:&nbsp;</span><span class=\"property-desc line-limit-length\" title=\"Versatile\">Versatile</span></li>\r\n<li class=\"product-prop line-limit-length\"><span class=\"property-title\">Gender:&nbsp;</span><span class=\"property-desc line-limit-length\" title=\"WOMEN\">WOMEN</span></li>\r\n<li class=\"product-prop line-limit-length\"><span class=\"property-title\">Pattern Type:&nbsp;</span><span class=\"property-desc line-limit-length\" title=\"printing\">printing</span></li>\r\n<li class=\"product-prop line-limit-length\"><span class=\"property-title\">Number of Handles/Straps:&nbsp;</span><span class=\"property-desc line-limit-length\" title=\"Single\">Single</span></li>\r\n<li class=\"product-prop line-limit-length\"><span class=\"property-title\">Interior:&nbsp;</span><span class=\"property-desc line-limit-length\" title=\"Interior Compartment\">Interior Compartment</span></li>\r\n<li class=\"product-prop line-limit-length\"><span class=\"property-title\">Interior:&nbsp;</span><span class=\"property-desc line-limit-length\" title=\"Cell Phone Pocket\">Cell Phone Pocket</span></li>\r\n<li class=\"product-prop line-limit-length\"><span class=\"property-title\">Interior:&nbsp;</span><span class=\"property-desc line-limit-length\" title=\"Interior Zipper Pocket\">Interior Zipper Pocket</span></li>\r\n<li class=\"product-prop line-limit-length\"><span class=\"property-title\">Interior:&nbsp;</span><span class=\"property-desc line-limit-length\" title=\"Interior Slot Pocket\">Interior Slot Pocket</span></li>\r\n<li class=\"product-prop line-limit-length\"><span class=\"property-title\">Decoration:&nbsp;</span><span class=\"property-desc line-limit-length\" title=\"Ribbons\">Ribbons</span></li>\r\n<li class=\"product-prop line-limit-length\"><span class=\"property-title\">Item Type:&nbsp;</span><span class=\"property-desc line-limit-length\" title=\"Handbags\">Handbags</span></li>\r\n<li class=\"product-prop line-limit-length\"><span class=\"property-title\">Tape:&nbsp;</span><span class=\"property-desc line-limit-length\" title=\"Women handbag\">Women handbag</span></li>\r\n<li class=\"product-prop line-limit-length\"><span class=\"property-title\">Tape1:&nbsp;</span><span class=\"property-desc line-limit-length\" title=\"Ladies shoulder bag\">Ladies shoulder bag</span></li>\r\n<li class=\"product-prop line-limit-length\" data-spm-anchor-id=\"a2g0o.detail.0.i10.1fba989eMJmbWj\"><span class=\"property-title\">Tape2:&nbsp;</span><span class=\"property-desc line-limit-length\" title=\"Girls crossbody bag\">Girls crossbody bag</span></li>\r\n</ul>\r\n<p>&nbsp;</p>', 'Brand Name: SUUTOOP\r\n   Shape: Flap\r\n    Handbags Type: Messenger Bags\r\n     Main Material: PU\r\n      Closure Type: zipper'),
(120, 120, 'ar', 'Women Oxford Backpack For Girls', '<h1 style=\"text-align: center;\">Women Oxford Backpack For Girls</h1>\r\n<p>&nbsp;</p>\r\n<p>&nbsp;</p>\r\n<p><img style=\"display: block; margin-left: auto; margin-right: auto;\" src=\"/storage/media/ar0T5pNHGMxwVsP1WHDeokTAmD8alcksRQa2JIbj.jpeg\" alt=\"\" width=\"800\" height=\"800\" /></p>\r\n<p>&nbsp;</p>\r\n<p><img style=\"display: block; margin-left: auto; margin-right: auto;\" src=\"/storage/media/FqdRir20NedJArPsEKgFxtIp6MqktNBkxypdc3bM.webp\" alt=\"\" width=\"800\" height=\"672\" /></p>\r\n<p>&nbsp;</p>\r\n<p><img style=\"display: block; margin-left: auto; margin-right: auto;\" src=\"/storage/media/Dn9dVPOLg91mEqbzwiEAGG3xy76YbiuBNMQ1W0kO.webp\" alt=\"\" width=\"800\" height=\"800\" /></p>\r\n<p>&nbsp;</p>\r\n<p><img style=\"display: block; margin-left: auto; margin-right: auto;\" src=\"/storage/media/wNKYlg5LtmkTAUoiP9kAqzqOw0tb2ZeaQRHMG8BR.webp\" alt=\"\" width=\"800\" height=\"800\" /></p>\r\n<p>&nbsp;</p>\r\n<p><img style=\"display: block; margin-left: auto; margin-right: auto;\" src=\"/storage/media/uWq6jaaO7ne2u1mwVTKcMX94Fs6FqrGoZA5CLL8G.webp\" alt=\"\" width=\"800\" height=\"800\" /></p>\r\n<p>&nbsp;</p>\r\n<p><img style=\"display: block; margin-left: auto; margin-right: auto;\" src=\"/storage/media/wSMORvsQcPS88Kl6Ph7tShlc4VTFw2HN0FURBM4l.webp\" alt=\"\" width=\"800\" height=\"800\" /></p>\r\n<p>&nbsp;</p>\r\n<h4>Product Details:</h4>\r\n<ul class=\"product-specs-list util-clearfix\">\r\n<li class=\"product-prop line-limit-length\"><span class=\"property-title\">Item Type:&nbsp;</span><span class=\"property-desc line-limit-length\" title=\"Backpacks\">Backpacks</span></li>\r\n<li class=\"product-prop line-limit-length\"><span class=\"property-title\">Main Material:&nbsp;</span><span class=\"property-desc line-limit-length\" title=\"Oxford\">Oxford</span></li>\r\n<li class=\"product-prop line-limit-length\"><span class=\"property-title\">Decoration:&nbsp;</span><span class=\"property-desc line-limit-length\" title=\"Tassel\">Tassel</span></li>\r\n<li class=\"product-prop line-limit-length\"><span class=\"property-title\">Gender:&nbsp;</span><span class=\"property-desc line-limit-length\" title=\"WOMEN\">WOMEN</span></li>\r\n<li class=\"product-prop line-limit-length\"><span class=\"property-title\">Pattern Type:&nbsp;</span><span class=\"property-desc line-limit-length\" title=\"Solid\">Solid</span></li>\r\n<li class=\"product-prop line-limit-length\"><span class=\"property-title\">Backpacks Type:&nbsp;</span><span class=\"property-desc line-limit-length\" title=\"Softback\">Softback</span></li>\r\n<li class=\"product-prop line-limit-length\"><span class=\"property-title\">Closure Type:&nbsp;</span><span class=\"property-desc line-limit-length\" title=\"Zipper &amp; Hasp\">Zipper &amp; Hasp</span></li>\r\n<li class=\"product-prop line-limit-length\"><span class=\"property-title\">Lining Material:&nbsp;</span><span class=\"property-desc line-limit-length\" title=\"Polyester\">Polyester</span></li>\r\n<li class=\"product-prop line-limit-length\"><span class=\"property-title\">Capacity:&nbsp;</span><span class=\"property-desc line-limit-length\" title=\"20-35 Litre\">20-35 Litre</span></li>\r\n<li class=\"product-prop line-limit-length\"><span class=\"property-title\">Rain Cover:&nbsp;</span><span class=\"property-desc line-limit-length\" title=\"No\">No</span></li>\r\n<li class=\"product-prop line-limit-length\"><span class=\"property-title\">Carrying System:&nbsp;</span><span class=\"property-desc line-limit-length\" title=\"Arcuate Shoulder Strap\">Arcuate Shoulder Strap</span></li>\r\n<li class=\"product-prop line-limit-length\"><span class=\"property-title\">Model Number:&nbsp;</span><span class=\"property-desc line-limit-length\" title=\"vintage Backpacks for girls\">vintage Backpacks for girls</span></li>\r\n<li class=\"product-prop line-limit-length\"><span class=\"property-title\">Exterior:&nbsp;</span><span class=\"property-desc line-limit-length\" title=\"Silt Pocket\">Silt Pocket</span></li>\r\n<li class=\"product-prop line-limit-length\"><span class=\"property-title\">Style:&nbsp;</span><span class=\"property-desc line-limit-length\" title=\"Fashion\">Fashion</span></li>\r\n<li class=\"product-prop line-limit-length\"><span class=\"property-title\">Handle/Strap Type:&nbsp;</span><span class=\"property-desc line-limit-length\" title=\"Soft Handle\">Soft Handle</span></li>\r\n<li class=\"product-prop line-limit-length\"><span class=\"property-title\">Interior:&nbsp;</span><span class=\"property-desc line-limit-length\" title=\"Interior Slot Pocket\">Interior Slot Pocket</span></li>\r\n<li class=\"product-prop line-limit-length\"><span class=\"property-title\">Interior:&nbsp;</span><span class=\"property-desc line-limit-length\" title=\"Cell Phone Pocket\">Cell Phone Pocket</span></li>\r\n<li class=\"product-prop line-limit-length\"><span class=\"property-title\">Interior:&nbsp;</span><span class=\"property-desc line-limit-length\" title=\"Interior Compartment\">Interior Compartment</span></li>\r\n<li class=\"product-prop line-limit-length\"><span class=\"property-title\">Technics:&nbsp;</span><span class=\"property-desc line-limit-length\" title=\"Jacquard\">Jacquard</span></li>\r\n<li class=\"product-prop line-limit-length\"><span class=\"property-title\">Brand Name:&nbsp;</span><span class=\"property-desc line-limit-length\" title=\"PHTESS\">PHTESS</span></li>\r\n<li class=\"product-prop line-limit-length\"><span class=\"property-title\">Item Type:&nbsp;</span><span class=\"property-desc line-limit-length\" title=\"Backpacks School Bags for girls\">Backpacks School Bags for girls</span></li>\r\n<li class=\"product-prop line-limit-length\"><span class=\"property-title\">Material:&nbsp;</span><span class=\"property-desc line-limit-length\" title=\"ladies Backpack bagpack\">ladies Backpack bagpack</span></li>\r\n<li class=\"product-prop line-limit-length\"><span class=\"property-title\">Shape:&nbsp;</span><span class=\"property-desc line-limit-length\" title=\"school Backpacks for girls\">school Backpacks for girls</span></li>\r\n<li class=\"product-prop line-limit-length\"><span class=\"property-title\">Exterior:&nbsp;</span><span class=\"property-desc line-limit-length\" title=\"travel female backpacks Bags\">travel female backpacks Bags</span></li>\r\n<li class=\"product-prop line-limit-length\"><span class=\"property-title\">Size:&nbsp;</span><span class=\"property-desc line-limit-length\" title=\"L30cm W25cm Thk14cm vintage back pack\">L30cm W25cm Thk14cm vintage back pack</span></li>\r\n<li class=\"product-prop line-limit-length\"><span class=\"property-title\">Closure Type:&nbsp;</span><span class=\"property-desc line-limit-length\" title=\"lxuxury leather backpack\">lxuxury leather backpack</span></li>\r\n<li class=\"product-prop line-limit-length\"><span class=\"property-title\">Gender:&nbsp;</span><span class=\"property-desc line-limit-length\" title=\"Women Sac a dos femme\">Women Sac a dos femme</span></li>\r\n<li class=\"product-prop line-limit-length\" data-spm-anchor-id=\"a2g0o.detail.0.i10.6eed7f185HFtQb\"><span class=\"property-title\">Color:&nbsp;</span><span class=\"property-desc line-limit-length\" title=\"black red khaki\">black red khaki</span></li>\r\n</ul>', 'Item Type: Backpacks\r\n   Main Material: Oxford\r\n    Decoration: Tassel\r\n    Gender: WOMEN\r\n    Pattern Type: Solid'),
(121, 121, 'ar', 'Fashion Woman Bag Female Hand Tote Bag', '<h1 style=\"text-align: center;\">Fashion Woman Bag Female Hand Tote Bag</h1>\r\n<p><img style=\"display: block; margin-left: auto; margin-right: auto;\" src=\"/storage/media/1nz5efzG7W0oxAEDYCzEo8PWmD6nlcGM74YculfC.jpeg\" alt=\"\" width=\"751\" height=\"1168\" /></p>\r\n<p><img style=\"display: block; margin-left: auto; margin-right: auto;\" src=\"/storage/media/epPwCC2kXFF3ahFSQUBrtDziKHinLVUnSPYZUMCs.jpeg\" alt=\"\" width=\"751\" height=\"1168\" /></p>\r\n<p><img style=\"display: block; margin-left: auto; margin-right: auto;\" src=\"/storage/media/WZNaqRf1Z5byP4kGk2zgx3VPgG4JIV7udEh2dU7n.jpeg\" alt=\"\" width=\"751\" height=\"1169\" /></p>\r\n<p><img style=\"display: block; margin-left: auto; margin-right: auto;\" src=\"/storage/media/Fm2EUoStBoZAPkoLVrrxK0Yc0s6cOpF957Ur6Ugr.jpeg\" alt=\"\" width=\"748\" height=\"626\" /></p>\r\n<p>&nbsp;</p>\r\n<h4>Product Details:</h4>\r\n<ul class=\"product-specs-list util-clearfix\">\r\n<li class=\"product-prop line-limit-length\"><span class=\"property-title\">Brand Name:&nbsp;</span><span class=\"property-desc line-limit-length\" title=\"JIN QIAO ER\">JIN QIAO ER</span></li>\r\n<li class=\"product-prop line-limit-length\"><span class=\"property-title\">Handbags Type:&nbsp;</span><span class=\"property-desc line-limit-length\" title=\"Shoulder Bags\">Shoulder Bags</span></li>\r\n<li class=\"product-prop line-limit-length\"><span class=\"property-title\">Types of bags:&nbsp;</span><span class=\"property-desc line-limit-length\" title=\"Shoulder &amp; Handbags\">Shoulder &amp; Handbags</span></li>\r\n<li class=\"product-prop line-limit-length\"><span class=\"property-title\">Main Material:&nbsp;</span><span class=\"property-desc line-limit-length\" title=\"PU\">PU</span></li>\r\n<li class=\"product-prop line-limit-length\"><span class=\"property-title\">Shape:&nbsp;</span><span class=\"property-desc line-limit-length\" title=\"Composite Bag\">Composite Bag</span></li>\r\n<li class=\"product-prop line-limit-length\"><span class=\"property-title\">Exterior:&nbsp;</span><span class=\"property-desc line-limit-length\" title=\"Silt Pocket\">Silt Pocket</span></li>\r\n<li class=\"product-prop line-limit-length\"><span class=\"property-title\">Model Number:&nbsp;</span><span class=\"property-desc line-limit-length\" title=\"B274\">B274</span></li>\r\n<li class=\"product-prop line-limit-length\"><span class=\"property-title\">Gender:&nbsp;</span><span class=\"property-desc line-limit-length\" title=\"WOMEN\">WOMEN</span></li>\r\n<li class=\"product-prop line-limit-length\"><span class=\"property-title\">Lining Material:&nbsp;</span><span class=\"property-desc line-limit-length\" title=\"Polyester\">Polyester</span></li>\r\n<li class=\"product-prop line-limit-length\"><span class=\"property-title\">Number of Handles/Straps:&nbsp;</span><span class=\"property-desc line-limit-length\" title=\"Single\">Single</span></li>\r\n<li class=\"product-prop line-limit-length\"><span class=\"property-title\">Decoration:&nbsp;</span><span class=\"property-desc line-limit-length\" title=\"Rivet\">Rivet</span></li>\r\n<li class=\"product-prop line-limit-length\"><span class=\"property-title\">Decoration:&nbsp;</span><span class=\"property-desc line-limit-length\" title=\"Letter\">Letter</span></li>\r\n<li class=\"product-prop line-limit-length\"><span class=\"property-title\">Decoration:&nbsp;</span><span class=\"property-desc line-limit-length\" title=\"Sequined\">Sequined</span></li>\r\n<li class=\"product-prop line-limit-length\"><span class=\"property-title\">Decoration:&nbsp;</span><span class=\"property-desc line-limit-length\" title=\"Tassel\">Tassel</span></li>\r\n<li class=\"product-prop line-limit-length\"><span class=\"property-title\">Style:&nbsp;</span><span class=\"property-desc line-limit-length\" title=\"Fashion\">Fashion</span></li>\r\n<li class=\"product-prop line-limit-length\"><span class=\"property-title\">Occasion:&nbsp;</span><span class=\"property-desc line-limit-length\" title=\"Versatile\">Versatile</span></li>\r\n<li class=\"product-prop line-limit-length\"><span class=\"property-title\">Closure Type:&nbsp;</span><span class=\"property-desc line-limit-length\" title=\"zipper\">zipper</span></li>\r\n<li class=\"product-prop line-limit-length\"><span class=\"property-title\">Interior:&nbsp;</span><span class=\"property-desc line-limit-length\" title=\"Interior Slot Pocket\">Interior Slot Pocket</span></li>\r\n<li class=\"product-prop line-limit-length\"><span class=\"property-title\">Interior:&nbsp;</span><span class=\"property-desc line-limit-length\" title=\"Cell Phone Pocket\">Cell Phone Pocket</span></li>\r\n<li class=\"product-prop line-limit-length\"><span class=\"property-title\">Interior:&nbsp;</span><span class=\"property-desc line-limit-length\" title=\"Interior Zipper Pocket\">Interior Zipper Pocket</span></li>\r\n<li class=\"product-prop line-limit-length\"><span class=\"property-title\">Interior:&nbsp;</span><span class=\"property-desc line-limit-length\" title=\"Interior Compartment\">Interior Compartment</span></li>\r\n<li class=\"product-prop line-limit-length\"><span class=\"property-title\">Hardness:&nbsp;</span><span class=\"property-desc line-limit-length\" title=\"Soft\">Soft</span></li>\r\n<li class=\"product-prop line-limit-length\"><span class=\"property-title\">Pattern Type:&nbsp;</span><span class=\"property-desc line-limit-length\" title=\"Solid\">Solid</span></li>\r\n<li class=\"product-prop line-limit-length\"><span class=\"property-title\">Item Type:&nbsp;</span><span class=\"property-desc line-limit-length\" title=\"Handbags\">Handbags</span></li>\r\n<li class=\"product-prop line-limit-length\"><span class=\"property-title\">hand bag sets:&nbsp;</span><span class=\"property-desc line-limit-length\" title=\"composite bag\">composite bag</span></li>\r\n<li class=\"product-prop line-limit-length\"><span class=\"property-title\">genuine leather bag:&nbsp;</span><span class=\"property-desc line-limit-length\" title=\"woman\'s handbag set\">woman\'s handbag set</span></li>\r\n<li class=\"product-prop line-limit-length\"><span class=\"property-title\">woman bag set:&nbsp;</span><span class=\"property-desc line-limit-length\" title=\"women bag\">women bag</span></li>\r\n<li class=\"product-prop line-limit-length\"><span class=\"property-title\">bags for women 2019:&nbsp;</span><span class=\"property-desc line-limit-length\" title=\"women\'s bags\">women\'s bags</span></li>\r\n<li class=\"product-prop line-limit-length\"><span class=\"property-title\">tote bag luxury:&nbsp;</span><span class=\"property-desc line-limit-length\" title=\"woman\'s handbag\">woman\'s handbag</span></li>\r\n<li class=\"product-prop line-limit-length\"><span class=\"property-title\">woman hand bag set:&nbsp;</span><span class=\"property-desc line-limit-length\" title=\"genuine leather bag for women\">genuine leather bag for women</span></li>\r\n<li class=\"product-prop line-limit-length\"><span class=\"property-title\">Luxury handbag women:&nbsp;</span><span class=\"property-desc line-limit-length\" title=\"female handbags\">female handbags</span></li>\r\n<li class=\"product-prop line-limit-length\" data-spm-anchor-id=\"a2g0o.detail.0.i11.62786b3cstHAT9\"><span class=\"property-title\">Lady\'s bag:&nbsp;</span><span class=\"property-desc line-limit-length\" title=\"female bags\">female bags</span></li>\r\n</ul>', 'Brand Name: JIN QIAO ER\r\n   Handbags Type: Shoulder Bags\r\n   Types of bags: Shoulder & Handbags\r\n    Main Material: PU\r\n     Shape: Composite Bag'),
(122, 122, 'ar', 'WENYUJH 2019 New Large-capacity Student Schoolbag', '<h1 style=\"text-align: center;\">WENYUJH New Large-capacity Student Schoolbag</h1>\r\n<p>&nbsp;</p>\r\n<p><img style=\"display: block; margin-left: auto; margin-right: auto;\" src=\"/storage/media/4dHpy80HPmGRBTRxO5riEsp3DUxUyztNe8LOjNaO.webp\" alt=\"\" width=\"800\" height=\"800\" /></p>\r\n<p>&nbsp;</p>\r\n<p><img style=\"display: block; margin-left: auto; margin-right: auto;\" src=\"/storage/media/AjY6dCAHLOLbxTJJcHBnR5H9f58wa6OePUiHjFpR.webp\" alt=\"\" width=\"800\" height=\"800\" /></p>\r\n<p>&nbsp;</p>\r\n<p><img style=\"display: block; margin-left: auto; margin-right: auto;\" src=\"/storage/media/aIOwRbL2klMkoWuQfrAY0XTszfDrbGUnpa52G8My.webp\" alt=\"\" width=\"800\" height=\"800\" /></p>\r\n<p>&nbsp;</p>\r\n<p><img style=\"display: block; margin-left: auto; margin-right: auto;\" src=\"/storage/media/MyX9SiF9swMQ9B1PpOQcGBjQLXfM0FHRPTGwVxdr.webp\" alt=\"\" width=\"800\" height=\"800\" /></p>\r\n<p>&nbsp;</p>\r\n<h4>&nbsp;</h4>\r\n<h4>Product Details:</h4>\r\n<ul class=\"product-specs-list util-clearfix\">\r\n<li class=\"product-prop line-limit-length\"><span class=\"property-title\">Brand Name:&nbsp;</span><span class=\"property-desc line-limit-length\" title=\"WENYUJH\">WENYUJH</span></li>\r\n<li class=\"product-prop line-limit-length\"><span class=\"property-title\">Main Material:&nbsp;</span><span class=\"property-desc line-limit-length\" title=\"Oxford\">Oxford</span></li>\r\n<li class=\"product-prop line-limit-length\"><span class=\"property-title\">Technics:&nbsp;</span><span class=\"property-desc line-limit-length\" title=\"Embossing\">Embossing</span></li>\r\n<li class=\"product-prop line-limit-length\"><span class=\"property-title\">Gender:&nbsp;</span><span class=\"property-desc line-limit-length\" title=\"MEN\">MEN</span></li>\r\n<li class=\"product-prop line-limit-length\"><span class=\"property-title\">Backpacks Type:&nbsp;</span><span class=\"property-desc line-limit-length\" title=\"Softback\">Softback</span></li>\r\n<li class=\"product-prop line-limit-length\"><span class=\"property-title\">Capacity:&nbsp;</span><span class=\"property-desc line-limit-length\" title=\"20-35 Litre\">20-35 Litre</span></li>\r\n<li class=\"product-prop line-limit-length\"><span class=\"property-title\">Interior:&nbsp;</span><span class=\"property-desc line-limit-length\" title=\"Cell Phone Pocket\">Cell Phone Pocket</span></li>\r\n<li class=\"product-prop line-limit-length\"><span class=\"property-title\">Interior:&nbsp;</span><span class=\"property-desc line-limit-length\" title=\"Interior Slot Pocket\">Interior Slot Pocket</span></li>\r\n<li class=\"product-prop line-limit-length\"><span class=\"property-title\">Interior:&nbsp;</span><span class=\"property-desc line-limit-length\" title=\"Computer Interlayer\">Computer Interlayer</span></li>\r\n<li class=\"product-prop line-limit-length\"><span class=\"property-title\">Handle/Strap Type:&nbsp;</span><span class=\"property-desc line-limit-length\" title=\"Soft Handle\">Soft Handle</span></li>\r\n<li class=\"product-prop line-limit-length\"><span class=\"property-title\">Item Type:&nbsp;</span><span class=\"property-desc line-limit-length\" title=\"Backpacks\">Backpacks</span></li>\r\n<li class=\"product-prop line-limit-length\" data-spm-anchor-id=\"a2g0o.detail.0.i10.7dfc1cf40Z7U3N\"><span class=\"property-title\">Decoration:&nbsp;</span><span class=\"property-desc line-limit-length\" title=\"NONE\">NONE</span></li>\r\n</ul>\r\n<p>&nbsp;</p>', 'Brand Name: WENYUJH\r\n   Main Material: Oxford\r\n    Technics: Embossing\r\n     Gender: MENBack\r\n     packs Type: Softback');
INSERT INTO `product_translations` (`id`, `product_id`, `locale`, `name`, `description`, `short_description`) VALUES
(123, 123, 'ar', 'Puimentiua Men Backpack Laptop Bag Brand', '<h1 style=\"text-align: center;\">Puimentiua Men Backpack Laptop Bag Brand</h1>\r\n<p>&nbsp;</p>\r\n<p><img style=\"display: block; margin-left: auto; margin-right: auto;\" src=\"/storage/media/xe9KPW4Znrfpi1nK4YsSiW8ep9TBY7NAcqe39R0X.jpeg\" alt=\"\" width=\"800\" height=\"800\" /></p>\r\n<p><img style=\"display: block; margin-left: auto; margin-right: auto;\" src=\"/storage/media/OCxJQ3K8sCNTw1yhEOtCcONovR8ZBpqcqz08jWfz.webp\" alt=\"\" width=\"800\" height=\"800\" /></p>\r\n<p><img style=\"display: block; margin-left: auto; margin-right: auto;\" src=\"/storage/media/gWqDgi58umwtdPRFRlk7LGSYKhrXAzck9MIdw9He.jpeg\" alt=\"\" width=\"800\" height=\"800\" /></p>\r\n<p><img style=\"display: block; margin-left: auto; margin-right: auto;\" src=\"/storage/media/iZrvy8PDGyMWgtv3cQwj9FDEiMCA2asT2QzJqHEu.jpeg\" alt=\"\" width=\"800\" height=\"800\" /></p>\r\n<h4>&nbsp;</h4>\r\n<h4>Product Details:</h4>\r\n<ul class=\"product-specs-list util-clearfix\">\r\n<li class=\"product-prop line-limit-length\"><span class=\"property-title\">Brand Name:&nbsp;</span><span class=\"property-desc line-limit-length\" title=\"Puimentiua\">Puimentiua</span></li>\r\n<li class=\"product-prop line-limit-length\"><span class=\"property-title\">Main Material:&nbsp;</span><span class=\"property-desc line-limit-length\" title=\"Oxford\">Oxford</span></li>\r\n<li class=\"product-prop line-limit-length\"><span class=\"property-title\">Technics:&nbsp;</span><span class=\"property-desc line-limit-length\" title=\"Embossing\">Embossing</span></li>\r\n<li class=\"product-prop line-limit-length\"><span class=\"property-title\">Gender:&nbsp;</span><span class=\"property-desc line-limit-length\" title=\"MEN\">MEN</span></li>\r\n<li class=\"product-prop line-limit-length\"><span class=\"property-title\">Backpacks Type:&nbsp;</span><span class=\"property-desc line-limit-length\" title=\"Softback\">Softback</span></li>\r\n<li class=\"product-prop line-limit-length\"><span class=\"property-title\">Capacity:&nbsp;</span><span class=\"property-desc line-limit-length\" title=\"20-35 Litre\">20-35 Litre</span></li>\r\n<li class=\"product-prop line-limit-length\"><span class=\"property-title\">Interior:&nbsp;</span><span class=\"property-desc line-limit-length\" title=\"Interior Compartment\">Interior Compartment</span></li>\r\n<li class=\"product-prop line-limit-length\"><span class=\"property-title\">Interior:&nbsp;</span><span class=\"property-desc line-limit-length\" title=\"Computer Interlayer\">Computer Interlayer</span></li>\r\n<li class=\"product-prop line-limit-length\"><span class=\"property-title\">Interior:&nbsp;</span><span class=\"property-desc line-limit-length\" title=\"Cell Phone Pocket\">Cell Phone Pocket</span></li>\r\n<li class=\"product-prop line-limit-length\"><span class=\"property-title\">Interior:&nbsp;</span><span class=\"property-desc line-limit-length\" title=\"Interior Zipper Pocket\">Interior Zipper Pocket</span></li>\r\n<li class=\"product-prop line-limit-length\"><span class=\"property-title\">Interior:&nbsp;</span><span class=\"property-desc line-limit-length\" title=\"Interior Slot Pocket\">Interior Slot Pocket</span></li>\r\n<li class=\"product-prop line-limit-length\"><span class=\"property-title\">Handle/Strap Type:&nbsp;</span><span class=\"property-desc line-limit-length\" title=\"Soft Handle\">Soft Handle</span></li>\r\n<li class=\"product-prop line-limit-length\"><span class=\"property-title\">Decoration:&nbsp;</span><span class=\"property-desc line-limit-length\" title=\"None\">None</span></li>\r\n<li class=\"product-prop line-limit-length\"><span class=\"property-title\">Closure Type:&nbsp;</span><span class=\"property-desc line-limit-length\" title=\"zipper\">zipper</span></li>\r\n<li class=\"product-prop line-limit-length\"><span class=\"property-title\">Rain Cover:&nbsp;</span><span class=\"property-desc line-limit-length\" title=\"No\">No</span></li>\r\n<li class=\"product-prop line-limit-length\"><span class=\"property-title\">Exterior:&nbsp;</span><span class=\"property-desc line-limit-length\" title=\"NONE\">NONE</span></li>\r\n<li class=\"product-prop line-limit-length\"><span class=\"property-title\">Carrying System:&nbsp;</span><span class=\"property-desc line-limit-length\" title=\"Arcuate Shoulder Strap\">Arcuate Shoulder Strap</span></li>\r\n<li class=\"product-prop line-limit-length\"><span class=\"property-title\">Model Number:&nbsp;</span><span class=\"property-desc line-limit-length\" title=\"fashion backpack\">fashion backpack</span></li>\r\n<li class=\"product-prop line-limit-length\"><span class=\"property-title\">Lining Material:&nbsp;</span><span class=\"property-desc line-limit-length\" title=\"Polyester\">Polyester</span></li>\r\n<li class=\"product-prop line-limit-length\"><span class=\"property-title\">Style:&nbsp;</span><span class=\"property-desc line-limit-length\" title=\"Casual\">Casual</span></li>\r\n<li class=\"product-prop line-limit-length\"><span class=\"property-title\">Pattern Type:&nbsp;</span><span class=\"property-desc line-limit-length\" title=\"Solid\">Solid</span></li>\r\n<li class=\"product-prop line-limit-length\"><span class=\"property-title\">material:&nbsp;</span><span class=\"property-desc line-limit-length\" title=\"oxford\">oxford</span></li>\r\n<li class=\"product-prop line-limit-length\"><span class=\"property-title\">size:&nbsp;</span><span class=\"property-desc line-limit-length\" title=\"32*18*48CM\">32*18*48CM</span></li>\r\n<li class=\"product-prop line-limit-length\"><span class=\"property-title\">quality:&nbsp;</span><span class=\"property-desc line-limit-length\" title=\"high quality\">high quality</span></li>\r\n<li class=\"product-prop line-limit-length\"><span class=\"property-title\">backpack for:&nbsp;</span><span class=\"property-desc line-limit-length\" title=\"women/men\">women/men</span></li>\r\n<li class=\"product-prop line-limit-length\"><span class=\"property-title\">function:&nbsp;</span><span class=\"property-desc line-limit-length\" title=\"external USB charging/multi-pocket/travel organizer\">external USB charging/multi-pocket/travel organizer</span></li>\r\n<li class=\"product-prop line-limit-length\"><span class=\"property-title\">laptop backpack:&nbsp;</span><span class=\"property-desc line-limit-length\" title=\"school backpacks for teenagers\">school backpacks for teenagers</span></li>\r\n<li class=\"product-prop line-limit-length\"><span class=\"property-title\">usb backpack:&nbsp;</span><span class=\"property-desc line-limit-length\" title=\"bookbag\">bookbag</span></li>\r\n<li class=\"product-prop line-limit-length\" data-spm-anchor-id=\"a2g0o.detail.0.i9.17b3510bNCuvaz\"><span class=\"property-title\">model:&nbsp;</span><span class=\"property-desc line-limit-length\" title=\"M128003\">M128003</span></li>\r\n</ul>\r\n<p>&nbsp;</p>\r\n<p>&nbsp;</p>', 'Brand Name: Puimentiua\r\n  Main Material: Oxford\r\n   Technics: Embossing\r\n     Gender: MEN\r\n      Backpacks Type: Softback'),
(124, 124, 'ar', 'Backpack / School Bag For Teenagers', '<h1 style=\"text-align: center;\">&nbsp;Backpack / School Bag For Teenagers</h1>\r\n<p>&nbsp;</p>\r\n<p><img style=\"display: block; margin-left: auto; margin-right: auto;\" src=\"/storage/media/AhhVkiYHCvDVTcqeQAvPk5G2ILsegDzA1OYXiPZ0.jpeg\" alt=\"\" width=\"751\" height=\"663\" /></p>\r\n<p><img style=\"display: block; margin-left: auto; margin-right: auto;\" src=\"/storage/media/jNTnDeumVIZGvB4xX07mf7WHqDhFziIX0Qzn4Sfa.jpeg\" alt=\"\" width=\"751\" height=\"526\" /></p>\r\n<p>&nbsp;</p>\r\n<p><img style=\"display: block; margin-left: auto; margin-right: auto;\" src=\"/storage/media/JFgV4kK7eGReD8te4DsWnECUUE9YjCzBsMKrNxqk.jpeg\" alt=\"\" width=\"751\" height=\"642\" /></p>\r\n<p>&nbsp;</p>\r\n<p><img style=\"display: block; margin-left: auto; margin-right: auto;\" src=\"/storage/media/hhYBG4khxmQ16FFxcBmeP91gJsz4leYAeB8YpCNY.jpeg\" alt=\"\" width=\"751\" height=\"460\" /></p>\r\n<p>&nbsp;</p>\r\n<p><img style=\"display: block; margin-left: auto; margin-right: auto;\" src=\"/storage/media/B56fp7qFkLXL77APDd6gcmmxZISVs3J7bzGIPpCZ.jpeg\" alt=\"\" width=\"751\" height=\"410\" /></p>\r\n<p>&nbsp;</p>\r\n<p><img style=\"display: block; margin-left: auto; margin-right: auto;\" src=\"/storage/media/TKjy5CQDmPA5r2sO8vU1uvJbCM61HFW5NSyQpr70.jpeg\" alt=\"\" width=\"751\" height=\"718\" /></p>\r\n<p>&nbsp;</p>\r\n<p><img style=\"display: block; margin-left: auto; margin-right: auto;\" src=\"/storage/media/yEAlhWCcTDbD1G4ChjHuWQaJV1kiVgBMzM0OcC4u.jpeg\" alt=\"\" width=\"751\" height=\"459\" /></p>\r\n<h4>&nbsp;</h4>\r\n<h4>Product Details:</h4>\r\n<ul class=\"product-specs-list util-clearfix\">\r\n<li class=\"product-prop line-limit-length\"><span class=\"property-title\">Brand Name:&nbsp;</span><span class=\"property-desc line-limit-length\" title=\"conagy\">conagy</span></li>\r\n<li class=\"product-prop line-limit-length\"><span class=\"property-title\">Main Material:&nbsp;</span><span class=\"property-desc line-limit-length\" title=\"Canvas\">Canvas</span></li>\r\n<li class=\"product-prop line-limit-length\"><span class=\"property-title\">Handle/Strap Type:&nbsp;</span><span class=\"property-desc line-limit-length\" title=\"Soft Handle\">Soft Handle</span></li>\r\n<li class=\"product-prop line-limit-length\"><span class=\"property-title\">Carrying System:&nbsp;</span><span class=\"property-desc line-limit-length\" title=\"Resin Mesh\">Resin Mesh</span></li>\r\n<li class=\"product-prop line-limit-length\"><span class=\"property-title\">Model Number:&nbsp;</span><span class=\"property-desc line-limit-length\" title=\"xv8-7\">xv8-7</span></li>\r\n<li class=\"product-prop line-limit-length\"><span class=\"property-title\">Lining Material:&nbsp;</span><span class=\"property-desc line-limit-length\" title=\"Polyester\">Polyester</span></li>\r\n<li class=\"product-prop line-limit-length\"><span class=\"property-title\">Item Type:&nbsp;</span><span class=\"property-desc line-limit-length\" title=\"Backpacks\">Backpacks</span></li>\r\n<li class=\"product-prop line-limit-length\"><span class=\"property-title\">Gender:&nbsp;</span><span class=\"property-desc line-limit-length\" title=\"Unisex\">Unisex</span></li>\r\n<li class=\"product-prop line-limit-length\"><span class=\"property-title\">Backpacks Type:&nbsp;</span><span class=\"property-desc line-limit-length\" title=\"Softback\">Softback</span></li>\r\n<li class=\"product-prop line-limit-length\"><span class=\"property-title\">Decoration:&nbsp;</span><span class=\"property-desc line-limit-length\" title=\"NONE\">NONE</span></li>\r\n<li class=\"product-prop line-limit-length\"><span class=\"property-title\">Style:&nbsp;</span><span class=\"property-desc line-limit-length\" title=\"Preppy Style\">Preppy Style</span></li>\r\n<li class=\"product-prop line-limit-length\"><span class=\"property-title\">Rain Cover:&nbsp;</span><span class=\"property-desc line-limit-length\" title=\"No\">No</span></li>\r\n<li class=\"product-prop line-limit-length\"><span class=\"property-title\">Exterior:&nbsp;</span><span class=\"property-desc line-limit-length\" title=\"Solid Bag\">Solid Bag</span></li>\r\n<li class=\"product-prop line-limit-length\"><span class=\"property-title\">Closure Type:&nbsp;</span><span class=\"property-desc line-limit-length\" title=\"zipper\">zipper</span></li>\r\n<li class=\"product-prop line-limit-length\"><span class=\"property-title\">Pattern Type:&nbsp;</span><span class=\"property-desc line-limit-length\" title=\"Solid\">Solid</span></li>\r\n<li class=\"product-prop line-limit-length\"><span class=\"property-title\">Interior:&nbsp;</span><span class=\"property-desc line-limit-length\" title=\"Interior Compartment\">Interior Compartment</span></li>\r\n<li class=\"product-prop line-limit-length\"><span class=\"property-title\">Interior:&nbsp;</span><span class=\"property-desc line-limit-length\" title=\"Interior Zipper Pocket\">Interior Zipper Pocket</span></li>\r\n<li class=\"product-prop line-limit-length\"><span class=\"property-title\">Interior:&nbsp;</span><span class=\"property-desc line-limit-length\" title=\"Interior Slot Pocket\">Interior Slot Pocket</span></li>\r\n<li class=\"product-prop line-limit-length\"><span class=\"property-title\">Interior:&nbsp;</span><span class=\"property-desc line-limit-length\" title=\"Cell Phone Pocket\">Cell Phone Pocket</span></li>\r\n<li class=\"product-prop line-limit-length\"><span class=\"property-title\">Style:&nbsp;</span><span class=\"property-desc line-limit-length\" title=\"European and American style\">European and American style</span></li>\r\n<li class=\"product-prop line-limit-length\" data-spm-anchor-id=\"a2g0o.detail.0.i9.68403dadpULjtj\"><span class=\"property-title\">wholesale:&nbsp;</span><span class=\"property-desc line-limit-length\" title=\"Yes\">Yes</span></li>\r\n</ul>\r\n<p>&nbsp;</p>', 'Brand Name: conagy\r\n   Main Material: Canvas\r\n    Handle/Strap Type: Soft Handle\r\n     Carrying System: Resin Mesh\r\n     Model Number: xv8-7'),
(125, 125, 'ar', 'Xiaomi XiaoAI Bluetooth Speaker Pro HiFi Audio Chip', '<h1 style=\"text-align: center;\">Xiaomi XiaoAI Bluetooth Speaker Pro HiFi</h1>\r\n<p>&nbsp;</p>\r\n<p><img style=\"display: block; margin-left: auto; margin-right: auto;\" src=\"/storage/media/UtTAOyKTzHPniMv8XHM6QcYuGpuOtXItpHYVyqTp.jpeg\" alt=\"\" width=\"1000\" height=\"1000\" /></p>\r\n<p>&nbsp;</p>\r\n<p><img style=\"display: block; margin-left: auto; margin-right: auto;\" src=\"/storage/media/eTYZUTuoMsmlAjz53SBllvznXag626yc1sh47acG.webp\" alt=\"\" width=\"1000\" height=\"1000\" /></p>\r\n<p>&nbsp;</p>\r\n<p><img style=\"display: block; margin-left: auto; margin-right: auto;\" src=\"/storage/media/mSq2mOapOAp0g7p4M82qlV6ydK3E1gw7oiJvAEf3.webp\" alt=\"\" width=\"1000\" height=\"1000\" /></p>\r\n<p>&nbsp;</p>\r\n<p><img style=\"display: block; margin-left: auto; margin-right: auto;\" src=\"/storage/media/AcOP9Drkb76syKSxhXtWlvQh6Z2gYfH7Qyksqo4M.webp\" alt=\"\" width=\"1000\" height=\"1000\" /></p>\r\n<p>&nbsp;</p>\r\n<p><img style=\"display: block; margin-left: auto; margin-right: auto;\" src=\"/storage/media/iqEXGQVruXx3DBWL1dHplhx47u2JBJh2hEpF1V4v.webp\" alt=\"\" width=\"1000\" height=\"1000\" /></p>\r\n<p>&nbsp;</p>\r\n<p><img style=\"display: block; margin-left: auto; margin-right: auto;\" src=\"/storage/media/ChbDEFzOdiVzPmzkMhQfJxxFqClWmVAzwuMkEs60.jpeg\" alt=\"\" width=\"1000\" height=\"1000\" /></p>\r\n<p>&nbsp;</p>\r\n<h4><img style=\"display: block; margin-left: auto; margin-right: auto;\" src=\"/storage/media/feNnVeiWD48Se1vpxlpqoAX4s6xzn2e0uFznAstp.webp\" alt=\"\" width=\"1000\" height=\"1000\" /></h4>\r\n<h4>&nbsp;</h4>\r\n<h4>Specifications:</h4>\r\n<ul class=\"product-specs-list util-clearfix\">\r\n<li class=\"product-prop line-limit-length\"><span class=\"property-title\">Brand Name:&nbsp;</span><span class=\"property-desc line-limit-length\" title=\"Xiaomi\">Xiaomi</span></li>\r\n<li class=\"product-prop line-limit-length\"><span class=\"property-title\">Communication:&nbsp;</span><span class=\"property-desc line-limit-length\" title=\"AUX\">AUX</span></li>\r\n<li class=\"product-prop line-limit-length\"><span class=\"property-title\">Communication:&nbsp;</span><span class=\"property-desc line-limit-length\" title=\"Bluetooth\">Bluetooth</span></li>\r\n<li class=\"product-prop line-limit-length\"><span class=\"property-title\">Display Screen:&nbsp;</span><span class=\"property-desc line-limit-length\" title=\"No\">No</span></li>\r\n<li class=\"product-prop line-limit-length\"><span class=\"property-title\">Battery:&nbsp;</span><span class=\"property-desc line-limit-length\" title=\"No\">No</span></li>\r\n<li class=\"product-prop line-limit-length\"><span class=\"property-title\">Speaker Type:&nbsp;</span><span class=\"property-desc line-limit-length\" title=\"Portable\">Portable</span></li>\r\n<li class=\"product-prop line-limit-length\"><span class=\"property-title\">Power Source:&nbsp;</span><span class=\"property-desc line-limit-length\" title=\"AC\">AC</span></li>\r\n<li class=\"product-prop line-limit-length\"><span class=\"property-title\">Number of Loudspeaker Enclosure:&nbsp;</span><span class=\"property-desc line-limit-length\" title=\"1\">1</span></li>\r\n<li class=\"product-prop line-limit-length\"><span class=\"property-title\">Cabinet Material:&nbsp;</span><span class=\"property-desc line-limit-length\" title=\"Plastic\">Plastic</span></li>\r\n<li class=\"product-prop line-limit-length\"><span class=\"property-title\">Audio Crossover:&nbsp;</span><span class=\"property-desc line-limit-length\" title=\"Full-Range\">Full-Range</span></li>\r\n<li class=\"product-prop line-limit-length\"><span class=\"property-title\">Built-in Microphone:&nbsp;</span><span class=\"property-desc line-limit-length\" title=\"Yes\">Yes</span></li>\r\n<li class=\"product-prop line-limit-length\"><span class=\"property-title\">Channels:&nbsp;</span><span class=\"property-desc line-limit-length\" title=\"2 (2.0)\">2 (2.0)</span></li>\r\n<li class=\"product-prop line-limit-length\"><span class=\"property-title\">Feature:&nbsp;</span><span class=\"property-desc line-limit-length\" title=\"Play Video\">Play Video</span></li>\r\n<li class=\"product-prop line-limit-length\"><span class=\"property-title\">Intelligent Personal Assistant:&nbsp;</span><span class=\"property-desc line-limit-length\" title=\"XIAO AI\">XIAO AI</span></li>\r\n<li class=\"product-prop line-limit-length\"><span class=\"property-title\">Remote Control:&nbsp;</span><span class=\"property-desc line-limit-length\" title=\"No\">No</span></li>\r\n<li class=\"product-prop line-limit-length\"><span class=\"property-title\">Playback Function:&nbsp;</span><span class=\"property-desc line-limit-length\" title=\"MP3\">MP3</span></li>\r\n<li class=\"product-prop line-limit-length\"><span class=\"property-title\">Material:&nbsp;</span><span class=\"property-desc line-limit-length\" title=\"Plastic\">Plastic</span></li>\r\n<li class=\"product-prop line-limit-length\"><span class=\"property-title\">Model Number:&nbsp;</span><span class=\"property-desc line-limit-length\" title=\"Xiaomi Bluetooth Speaker Pro\">Xiaomi Bluetooth Speaker Pro</span></li>\r\n<li class=\"product-prop line-limit-length\"><span class=\"property-title\">Code:&nbsp;</span><span class=\"property-desc line-limit-length\" title=\"PAE0437B-US\">PAE0437B-US</span></li>\r\n<li class=\"product-prop line-limit-length\" data-spm-anchor-id=\"a2g0o.detail.0.i10.2ae0326cxeQZxS\"><span class=\"property-title\">Plug:&nbsp;</span><span class=\"property-desc line-limit-length\" title=\"US Plug\">US Plug</span></li>\r\n</ul>\r\n<p>&nbsp;</p>\r\n<h1 style=\"text-align: center;\">&nbsp;</h1>\r\n<h1 style=\"text-align: center;\">&nbsp;</h1>', 'Features:\r\n-118mm bottle-like speaker is capable of offering powerful bass, 750ml large sound capacity.\r\n-360 degree concert-like sound effect\r\n-Louder Volume More Bass: Distortion-free at maximum volume; room  filling sound, perfect for home, dorm room, kitchen, bathroom, car, parties'),
(126, 126, 'ar', 'Huawei Bluetooth Subwoofer Speakers', '<h1 style=\"text-align: center;\">Huawei Bluetooth Subwoofer Speakers</h1>\r\n<p>&nbsp;</p>\r\n<p><img style=\"display: block; margin-left: auto; margin-right: auto;\" src=\"/storage/media/ZzOkyTJMGt7j1G5bXoi6gOUhtAl4HtGTVOHJP5fz.jpeg\" alt=\"\" width=\"791\" height=\"357\" /></p>\r\n<p>&nbsp;</p>\r\n<p><img style=\"display: block; margin-left: auto; margin-right: auto;\" src=\"/storage/media/xbaipULHeptvPGMNdX83DJCWECB0IaY3QXDPSn6o.webp\" alt=\"\" width=\"791\" height=\"504\" /></p>\r\n<p>&nbsp;</p>\r\n<p><img style=\"display: block; margin-left: auto; margin-right: auto;\" src=\"/storage/media/5WSY0WLnon5Rsf8m1ZRn83qNYj863xSV9AeDeBMM.webp\" alt=\"\" width=\"791\" height=\"498\" /></p>\r\n<p>&nbsp;</p>\r\n<p><img style=\"display: block; margin-left: auto; margin-right: auto;\" src=\"/storage/media/9rZZxBTiTCxdiEvIttiVsniIwmr95XR12yKpNc8x.webp\" alt=\"\" width=\"791\" height=\"417\" /></p>\r\n<p>&nbsp;</p>\r\n<p><img style=\"display: block; margin-left: auto; margin-right: auto;\" src=\"/storage/media/fHhlEYzNrl2KvtQnqC0vv7KB9REqKsnVKIarvIJl.webp\" alt=\"\" width=\"791\" height=\"681\" /></p>\r\n<p>&nbsp;</p>\r\n<div>\r\n<h4>&nbsp;</h4>\r\n<h4><strong>Product Description:</strong>&nbsp;&nbsp;</h4>\r\n<div>\r\n<div>-This Bluetooth 4.0 Speaker is an extraordinary device that allows for premium hands-free music playback and phone calls by wirelessly connecting to other devices(Bluetooth-enabled mobiles and tablets).&nbsp;&nbsp;&nbsp;</div>\r\n<div>-With breath lamps design, it\'s a special and favorable speaker in pocket size that has voice prompt function and touch sensitive buttons for easy use.&nbsp;&nbsp;&nbsp;</div>\r\n</div>\r\n</div>\r\n<div>&nbsp;</div>\r\n<h4><strong>Specification:</strong></h4>\r\n<div>\r\n<div>\r\n<div>-Bluetooth version: Bluetooth 4.0, support A2DP1.2, HFP1.6, HSP1.2, AVRCP1.4p;&nbsp;&nbsp;</div>\r\n<div>-Bluetooth chipset: CSR&nbsp;&nbsp;</div>\r\n<div>-Buttons: ON/OFF, Volume + / -, Previous / Next track, Bluetooth Pair/Unpair&nbsp;&nbsp;</div>\r\n<div>-Working distance: about 10 meters&nbsp;&nbsp;</div>\r\n<div>-Power: 1.8W&nbsp;&nbsp;</div>\r\n<div>-Battery: 700mAh&nbsp;&nbsp;</div>\r\n<div>-Port: Micro USB&nbsp;&nbsp;</div>\r\n<div>-Input power: 4.75V-5.25V&nbsp;&nbsp;</div>\r\n<div>-Charging time: 3 hours&nbsp;&nbsp;</div>\r\n<div>-Play time: 5hours (about 4 hours for 75% volume)&nbsp;&nbsp;</div>\r\n<div>-Standby time:24 hours&nbsp;&nbsp;</div>\r\n<div>-Respond frequency: 65Hz ~20KHz&nbsp;&nbsp;</div>\r\n<div>-Max volume: 83dB&nbsp;&nbsp;</div>\r\n<div>-Dimension: 80 x 83 x 83 mm / 3.15 x 3.27 x 3.27 in&nbsp;&nbsp;</div>\r\n<div>-Net weight: 0.25kg&nbsp;&nbsp;</div>\r\n</div>\r\n<div>&nbsp;</div>\r\n<h4><strong>Package Contents:</strong>&nbsp;&nbsp;</h4>\r\n<div>1 x Bluetooth&nbsp;Speaker&nbsp;&nbsp;</div>\r\n<div>1 x Micro USB Cable&nbsp;&nbsp;</div>\r\n<div data-spm-anchor-id=\"a2g0o.detail.1000023.i0.39cd137aeJC5UJ\">1 x User Manual&nbsp;&nbsp;</div>\r\n</div>\r\n<p>&nbsp;</p>', 'Bluetooth version: Bluetooth 4.0, support A2DP1.2, HFP1.6, HSP1.2, AVRCP1.4p;  \r\n Bluetooth chipset: CSR  \r\n Buttons: ON/OFF, Volume + / -, Previous / Next track, Bluetooth Pair/Unpair'),
(127, 127, 'ar', 'Reebok Black Men Casual Shoes Cn6749', '<h1 style=\"text-align: center;\">Reebok Black Men Casual Shoes Cn6749</h1>\r\n<p><img style=\"display: block; margin-left: auto; margin-right: auto;\" src=\"/storage/media/ARRH218Jw9NDjhpFOSY1BLGu7crw48sgeGcxL6fg.webp\" alt=\"\" width=\"1024\" height=\"1024\" /></p>\r\n<p>&nbsp;</p>\r\n<p><img style=\"display: block; margin-left: auto; margin-right: auto;\" src=\"/storage/media/miJqzAJdwBKmvIKkxsn4GUMV7nCBNN48hRnhrNSY.jpeg\" alt=\"\" width=\"1024\" height=\"1024\" /></p>\r\n<p><img style=\"display: block; margin-left: auto; margin-right: auto;\" src=\"/storage/media/0zpTUoQyneqC2nRIfgG7ZQGrmSFfpOwfOz7Ml8rq.jpeg\" alt=\"\" width=\"1024\" height=\"1024\" /></p>\r\n<p>&nbsp;</p>\r\n<p><img style=\"display: block; margin-left: auto; margin-right: auto;\" src=\"/storage/media/ahZGy5bpXQahjN0pkQ2con6hRjzecjKiuMxytqBJ.png\" alt=\"\" width=\"1100\" height=\"819\" /></p>\r\n<p>&nbsp;</p>\r\n<p>&nbsp;</p>', NULL),
(128, 128, 'ar', 'Adidas Blue Women Casual Shoes Ef0152 Runfalcon', '<h1 style=\"text-align: center;\">Adidas Blue Women Casual Shoes Ef0152 Runfalcon</h1>\r\n<p><img style=\"display: block; margin-left: auto; margin-right: auto;\" src=\"/storage/media/OYj3KbuzdB3pA5mk101BTjZ89gqHkIAbwV1bjdKz.webp\" alt=\"\" width=\"1024\" height=\"1024\" /></p>\r\n<p><img style=\"display: block; margin-left: auto; margin-right: auto;\" src=\"/storage/media/VLRwM6CCuGmHhLBsbGesjEiZRkjU3GitjpjyIr8r.jpeg\" alt=\"\" width=\"1024\" height=\"1024\" /></p>\r\n<p>&nbsp;</p>\r\n<p><img style=\"display: block; margin-left: auto; margin-right: auto;\" src=\"/storage/media/IZMRvLQN910kf7pP6Yq05I332WoLTc7uoWLO4CgM.jpeg\" alt=\"\" width=\"1024\" height=\"1024\" /></p>\r\n<p>&nbsp;</p>\r\n<p>&nbsp;</p>', NULL),
(129, 129, 'ar', 'Adidas Men \'S Running Shoe EF8904', '<h1 style=\"text-align: center;\">Adidas Men \'S Running Shoe EF8904</h1>\r\n<p><img style=\"display: block; margin-left: auto; margin-right: auto;\" src=\"/storage/media/udWBWxvGZCydWCMhAUa0YJQIQBLjVXllceGsrguY.jpeg\" alt=\"\" width=\"1024\" height=\"1024\" /></p>\r\n<p>&nbsp;</p>\r\n<p><img style=\"display: block; margin-left: auto; margin-right: auto;\" src=\"/storage/media/we7hnAcjBSMwJ0zKRjpQPoygAjebz54qEkP9IDpn.jpeg\" alt=\"\" width=\"1024\" height=\"1024\" /></p>\r\n<p>&nbsp;</p>\r\n<p><img style=\"display: block; margin-left: auto; margin-right: auto;\" src=\"/storage/media/qYYvO6NcU3BGB3PFedxeIGbXHsueIsO84HdfrccY.webp\" alt=\"\" width=\"1024\" height=\"1024\" /></p>', NULL),
(130, 130, 'ar', 'NIKE AIR MAX 270 Parent-child Shoes Original', '<h1 style=\"text-align: center;\">NIKE AIR MAX 270 Parent-child Shoes Original</h1>\r\n<p>&nbsp;</p>\r\n<p><img style=\"display: block; margin-left: auto; margin-right: auto;\" src=\"/storage/media/wXwFumuJQdKli3082r2Q1TpZsx9mSOE1rsv7MkVP.webp\" alt=\"\" width=\"800\" height=\"800\" /></p>\r\n<p>&nbsp;</p>\r\n<p><img style=\"display: block; margin-left: auto; margin-right: auto;\" src=\"/storage/media/235wgGXN54ZrCKgybOu1RUhof8Af5aY6ZrZedLoc.webp\" alt=\"\" width=\"800\" height=\"800\" /></p>\r\n<p>&nbsp;</p>\r\n<p><img style=\"display: block; margin-left: auto; margin-right: auto;\" src=\"/storage/media/Io9Ttk7d3zUQRK0mgOUssSk4PIBWOTnn9FxZaF8Z.webp\" alt=\"\" width=\"800\" height=\"800\" /></p>\r\n<p>&nbsp;</p>\r\n<p><img style=\"display: block; margin-left: auto; margin-right: auto;\" src=\"/storage/media/kx0evIkVQcxJSaRzTnug5uQ9gvyA8yM66aTfdFWr.webp\" alt=\"\" width=\"899\" height=\"800\" /></p>\r\n<p><img style=\"display: block; margin-left: auto; margin-right: auto;\" src=\"/storage/media/FE5rz4R6qLimH9kycMScahauGH24oTkWLavbl1vN.jpeg\" alt=\"\" width=\"951\" height=\"877\" /></p>\r\n<h4>&nbsp;</h4>\r\n<h4>Product Description:</h4>\r\n<ul class=\"product-specs-list util-clearfix\">\r\n<li class=\"product-prop line-limit-length\"><span class=\"property-title\">Brand Name:&nbsp;</span><span class=\"property-desc line-limit-length\" title=\"Nike\">Nike</span></li>\r\n<li class=\"product-prop line-limit-length\"><span class=\"property-title\">Outsole Material:&nbsp;</span><span class=\"property-desc line-limit-length\" title=\"Rubber\">Rubber</span></li>\r\n<li class=\"product-prop line-limit-length\"><span class=\"property-title\">Insole Material:&nbsp;</span><span class=\"property-desc line-limit-length\" title=\"Rubber\">Rubber</span></li>\r\n<li class=\"product-prop line-limit-length\"><span class=\"property-title\">Fit:&nbsp;</span><span class=\"property-desc line-limit-length\" title=\"Fits true to size, take your normal size\">Fits true to size, take your normal size</span></li>\r\n<li class=\"product-prop line-limit-length\"><span class=\"property-title\">Upper Material:&nbsp;</span><span class=\"property-desc line-limit-length\" title=\"Mesh (Air mesh)\">Mesh (Air mesh)</span></li>\r\n<li class=\"product-prop line-limit-length\"><span class=\"property-title\">Closure Type:&nbsp;</span><span class=\"property-desc line-limit-length\" title=\"Lace-Up\">Lace-Up</span></li>\r\n<li class=\"product-prop line-limit-length\"><span class=\"property-title\">Pattern Type:&nbsp;</span><span class=\"property-desc line-limit-length\" title=\"Solid\">Solid</span></li>\r\n<li class=\"product-prop line-limit-length\"><span class=\"property-title\">Season:&nbsp;</span><span class=\"property-desc line-limit-length\" title=\"All season\">All season</span></li>\r\n<li class=\"product-prop line-limit-length\"><span class=\"property-title\">Feature:&nbsp;</span><span class=\"property-desc line-limit-length\" title=\"Breathable\">Breathable</span></li>\r\n<li class=\"product-prop line-limit-length\"><span class=\"property-title\">Lining Material:&nbsp;</span><span class=\"property-desc line-limit-length\" title=\"Synthetic\">Synthetic</span></li>\r\n<li class=\"product-prop line-limit-length\"><span class=\"property-title\">Gender:&nbsp;</span><span class=\"property-desc line-limit-length\" title=\"Unisex\">Unisex</span></li>\r\n<li class=\"product-prop line-limit-length\" data-spm-anchor-id=\"a2g0o.detail.0.i11.55833eabDKX37C\"><span class=\"property-title\">Age Range:&nbsp;</span><span class=\"property-desc line-limit-length\" title=\"Adult and Children\">Adult and Children</span></li>\r\n</ul>', 'Brand Name: Nike \r\n  Outsole Material: Rubber\r\n   Insole Material: Rubber\r\n    Fit: Fits true to size, take your normal size\r\n     Upper Material: Mesh (Air mesh)'),
(131, 131, 'ar', 'EVO VR - Virtual Reality Headset for All Smartphones', '<h1 id=\"title\" class=\"a-size-large a-spacing-none\" style=\"text-align: center;\"><span id=\"productTitle\" class=\"a-size-large\">EVO VR - Virtual Reality Headset&nbsp;</span></h1>\r\n<p>&nbsp;</p>\r\n<p><span class=\"a-size-large\"><img style=\"display: block; margin-left: auto; margin-right: auto;\" src=\"/storage/media/vurPdV9sqG1xj3p8kJMpdTcfhLbtF2Z3CsiXRtbv.jpeg\" alt=\"\" width=\"475\" height=\"292\" /></span></p>\r\n<h4 class=\"default\">Product description:</h4>\r\n<div id=\"productDescription\" class=\"a-section a-spacing-small\">\r\n<p>Slide your smartphone into the EVO Next Virtual Reality Headset (Black) and let the adventures begin. Dive into a 3D interactive game, your own home theater or explore the globe. It is lightweight and surprisingly comfortable and provides hours of uninterrupted escape.</p>\r\n<p>&nbsp;</p>\r\n<h4>Product information:</h4>\r\n<div class=\"a-row a-spacing-top-base\">\r\n<div class=\"a-column a-span6\">\r\n<div class=\"a-row a-spacing-base\">\r\n<div class=\"a-section table-padding\">\r\n<table id=\"productDetails_detailBullets_sections1\" class=\"a-keyvalue prodDetTable\" role=\"presentation\">\r\n<tbody>\r\n<tr>\r\n<th class=\"a-color-secondary a-size-base prodDetSectionEntry\" style=\"text-align: left;\">Product Dimensions</th>\r\n<td class=\"a-size-base\" style=\"text-align: right;\">7.87 x 4.33 x 5.12 inches</td>\r\n</tr>\r\n<tr>\r\n<th class=\"a-color-secondary a-size-base prodDetSectionEntry\" style=\"text-align: left;\">Item Weight</th>\r\n<td class=\"a-size-base\" style=\"text-align: right;\">1.15 pounds</td>\r\n</tr>\r\n<tr>\r\n<th class=\"a-color-secondary a-size-base prodDetSectionEntry\" style=\"text-align: left;\">ASIN</th>\r\n<td class=\"a-size-base\" style=\"text-align: right;\">B01JBQ1EUI</td>\r\n</tr>\r\n<tr>\r\n<th class=\"a-color-secondary a-size-base prodDetSectionEntry\" style=\"text-align: left;\">UNSPSC Code</th>\r\n<td class=\"a-size-base\" style=\"text-align: right;\">52160000</td>\r\n</tr>\r\n<tr>\r\n<th class=\"a-color-secondary a-size-base prodDetSectionEntry\" style=\"text-align: left;\">Item model number</th>\r\n<td class=\"a-size-base\" style=\"text-align: right;\">4336701501</td>\r\n</tr>\r\n</tbody>\r\n</table>\r\n</div>\r\n</div>\r\n</div>\r\n</div>\r\n</div>\r\n<p>&nbsp;</p>', 'Slide your smartphone into the EVO Next Virtual Reality Headset (Black) and let the adventures begin. Dive into a 3D interactive game, your own home theater or explore the globe. It is lightweight and surprisingly comfortable and provides hours of uninterrupted escape.'),
(132, 132, 'ar', 'Oculus Rift S PC-Powered VR Gaming Headset', '<h1 id=\"title\" class=\"a-size-large a-spacing-none\" style=\"text-align: center;\"><span id=\"productTitle\" class=\"a-size-large\">Oculus Rift S PC-Powered VR Gaming Headset</span></h1>\r\n<p>&nbsp;</p>\r\n<p><span class=\"a-size-large\"><img style=\"display: block; margin-left: auto; margin-right: auto;\" src=\"/storage/media/1ARMUzSfLl5OgTg5kjkvz85dJQfqKlavd2hmQ9w6.jpeg\" alt=\"\" width=\"1464\" height=\"600\" /></span></p>\r\n<p>&nbsp;</p>\r\n<p><span class=\"a-size-large\"><img style=\"display: block; margin-left: auto; margin-right: auto;\" src=\"/storage/media/LNitFUHC8GPLu3TtXHYrvwYFDUFW1eoh8I1J0kus.jpeg\" alt=\"\" width=\"1464\" height=\"600\" /></span></p>\r\n<p>&nbsp;</p>\r\n<p><span class=\"a-size-large\"><img style=\"display: block; margin-left: auto; margin-right: auto;\" src=\"/storage/media/ekLjQe3FD2y6pxAoekVRVyWgUk61MkiZtvgfCTpf.jpeg\" alt=\"\" width=\"1464\" height=\"600\" /></span></p>\r\n<h4>&nbsp;</h4>\r\n<h4><span class=\"a-size-large\">Details:</span></h4>\r\n<ul class=\"a-unordered-list a-vertical a-spacing-none\">\r\n<li><span class=\"a-list-item\">Top VR gaming library: Blast, slash and soar your way through the top library in VR gaming. Oculus Rift S lets you play hundreds of games and exclusives already available in the Oculus store, with so much more to come.</span></li>\r\n<li><span class=\"a-list-item\">Improved optics: Stare down the competition with next-generation lenses and a sharper display. Improved optics deliver bright, vivid colors and reduced &ldquo;screen-door&rdquo; effect.</span></li>\r\n</ul>\r\n<p>&nbsp;</p>\r\n<ul class=\"a-unordered-list a-vertical a-spacing-none\">\r\n<li><span class=\"a-list-item\">Ergonomic design: keep your head in the game thanks to a Halo headband redesigned with speed in mind. Rift S stays securely and comfortably in place with a quick twist of the Fit wheel, so it can take-or double take-your fastest reactions.</span></li>\r\n<li><span class=\"a-list-item\">Oculus touch controllers: arm yourself with our updated Oculus touch controllers. Your slashes, throws and grab appear in VR with intuitive, realistic Precision, transporting your hands and gestures right into the game.</span></li>\r\n<li><span class=\"a-list-item\">Oculus insight tracking: take a step forward with Oculus insight. It translates your movements into VR No matter which way you\'re facing and provides room-scale tracking without external Sensors.</span></li>\r\n</ul>\r\n<h4>&nbsp;</h4>\r\n<h4><span class=\"a-list-item\">Product Description:</span></h4>\r\n<table id=\"productDetails_detailBullets_sections1\" class=\"a-keyvalue prodDetTable\" style=\"height: 411px;\" role=\"presentation\">\r\n<tbody>\r\n<tr style=\"height: 19px;\">\r\n<th class=\"a-color-secondary a-size-base prodDetSectionEntry\" style=\"height: 19px; width: 211.208px; text-align: left;\">ASIN</th>\r\n<td class=\"a-size-base\" style=\"height: 19px; width: 531.208px; text-align: right;\">B07PTMKYS7</td>\r\n</tr>\r\n<tr style=\"height: 19px;\">\r\n<th class=\"a-color-secondary a-size-base prodDetSectionEntry\" style=\"height: 19px; width: 211.208px; text-align: left;\">Release date</th>\r\n<td class=\"a-size-base\" style=\"height: 19px; width: 531.208px; text-align: right;\">May 21, 2019</td>\r\n</tr>\r\n<tr style=\"height: 19px;\">\r\n<th class=\"a-color-secondary a-size-base prodDetSectionEntry\" style=\"height: 19px; width: 211.208px; text-align: left;\">Return Policy</th>\r\n<td style=\"height: 19px; width: 531.208px; text-align: right;\">\r\n<div class=\"a-section\">This product is non-returnable and non-refundable.</div>\r\n</td>\r\n</tr>\r\n<tr style=\"height: 19px;\">\r\n<th class=\"a-color-secondary a-size-base prodDetSectionEntry\" style=\"height: 19px; width: 211.208px; text-align: left;\">Language:</th>\r\n<td class=\"a-size-base\" style=\"height: 19px; width: 531.208px; text-align: right;\">English</td>\r\n</tr>\r\n<tr style=\"height: 19px;\">\r\n<th class=\"a-color-secondary a-size-base prodDetSectionEntry\" style=\"height: 19px; width: 211.208px; text-align: left;\">Product Dimensions</th>\r\n<td class=\"a-size-base\" style=\"height: 19px; width: 531.208px; text-align: right;\">10.94 x 6.3 x 8.27 inches; 1.87 pounds</td>\r\n</tr>\r\n<tr style=\"height: 19px;\">\r\n<th class=\"a-color-secondary a-size-base prodDetSectionEntry\" style=\"height: 19px; width: 211.208px; text-align: left;\">Item model number</th>\r\n<td class=\"a-size-base\" style=\"height: 19px; width: 531.208px; text-align: right;\">301-00178-01</td>\r\n</tr>\r\n<tr style=\"height: 40px;\">\r\n<th class=\"a-color-secondary a-size-base prodDetSectionEntry\" style=\"height: 40px; width: 211.208px; text-align: left;\">Is Discontinued By Manufacturer</th>\r\n<td class=\"a-size-base\" style=\"height: 40px; width: 531.208px; text-align: right;\">No</td>\r\n</tr>\r\n<tr style=\"height: 19px;\">\r\n<th class=\"a-color-secondary a-size-base prodDetSectionEntry\" style=\"height: 19px; width: 211.208px; text-align: left;\">Item Weight</th>\r\n<td class=\"a-size-base\" style=\"height: 19px; width: 531.208px; text-align: right;\">1.87 pounds</td>\r\n</tr>\r\n<tr style=\"height: 19px;\">\r\n<th class=\"a-color-secondary a-size-base prodDetSectionEntry\" style=\"height: 19px; width: 211.208px; text-align: left;\">Manufacturer</th>\r\n<td class=\"a-size-base\" style=\"height: 19px; width: 531.208px; text-align: right;\">Oculus</td>\r\n</tr>\r\n<tr style=\"height: 19px;\">\r\n<th class=\"a-color-secondary a-size-base prodDetSectionEntry\" style=\"height: 19px; width: 211.208px; text-align: left;\">UNSPSC Code</th>\r\n<td class=\"a-size-base\" style=\"height: 19px; width: 531.208px; text-align: right;\">52160000</td>\r\n</tr>\r\n<tr style=\"height: 19px;\">\r\n<th class=\"a-color-secondary a-size-base prodDetSectionEntry\" style=\"height: 19px; width: 211.208px; text-align: left;\">Batteries</th>\r\n<td class=\"a-size-base\" style=\"height: 19px; width: 531.208px; text-align: right;\">2 AA batteries required. (included)</td>\r\n</tr>\r\n<tr style=\"height: 19px;\">\r\n<th class=\"a-color-secondary a-size-base prodDetSectionEntry\" style=\"height: 19px; width: 211.208px; text-align: left;\">Date First Available</th>\r\n<td class=\"a-size-base\" style=\"height: 19px; width: 531.208px; text-align: right;\">March 18, 2019</td>\r\n</tr>\r\n</tbody>\r\n</table>\r\n<p>&nbsp;</p>\r\n<p>&nbsp;</p>', 'Top VR gaming library: Blast, slash and soar your way through the top library in VR gaming. Oculus Rift S lets you play hundreds of games and exclusives already available in the Oculus store, with so much more to come.'),
(133, 133, 'ar', 'Oculus Quest All-in-one VR Gaming Headset – 128GB', '<h1 id=\"title\" class=\"a-size-large a-spacing-none\" style=\"text-align: center;\"><span id=\"productTitle\" class=\"a-size-large\">Oculus Quest All-in-one VR Gaming Headset</span></h1>\r\n<p>&nbsp;</p>\r\n<p><span class=\"a-size-large\"><img style=\"display: block; margin-left: auto; margin-right: auto;\" src=\"/storage/media/o0aUZIxQcnxmsjf6U7Dh8FXS42uz5tyBlPBaUlHK.jpeg\" alt=\"\" width=\"1464\" height=\"600\" /></span></p>\r\n<p>&nbsp;</p>\r\n<p><span class=\"a-size-large\"><img style=\"display: block; margin-left: auto; margin-right: auto;\" src=\"/storage/media/8ipaOEeAIABFxuRFHicP6NB8rUwQ8XUM8bGSI60m.jpeg\" alt=\"\" width=\"1464\" height=\"600\" /></span></p>\r\n<p>&nbsp;</p>\r\n<p><span class=\"a-size-large\"><img style=\"display: block; margin-left: auto; margin-right: auto;\" src=\"/storage/media/kBBgqdJB0wWfAWoTEy1JNFegYTdb5KtrIcAFr8Im.jpeg\" alt=\"\" width=\"1464\" height=\"600\" /></span></p>\r\n<p>&nbsp;</p>\r\n<p><span class=\"a-size-large\"><img style=\"display: block; margin-left: auto; margin-right: auto;\" src=\"/storage/media/oBMmyV47zZMQlj3D86s52KdUgEzDgz1gcym6j5wg.jpeg\" alt=\"\" width=\"1464\" height=\"600\" /></span></p>\r\n<h4>&nbsp;</h4>\r\n<h4><span class=\"a-size-large\">Product Details:</span></h4>\r\n<ul class=\"a-unordered-list a-vertical a-spacing-none\">\r\n<li><span class=\"a-list-item\">All-in-one VR: No PC. No wires. No limits. Oculus Quest is an all-in-one gaming system built for virtual reality. Now you can play almost anywhere with just a VR headset and controllers.</span></li>\r\n<li><span class=\"a-list-item\">Oculus Touch Controllers: Arm yourself with the award-winning Oculus Touch controllers. Your slashes, throws and grabs appear in VR with intuitive, realistic precision, transporting your hands and gestures right into the game</span></li>\r\n</ul>\r\n<p>&nbsp;</p>\r\n<ul class=\"a-unordered-list a-vertical a-spacing-none\">\r\n<li><span class=\"a-list-item\">Easy set up: The world is your arcade. Set up is easy whether you\'re at home or someplace new. Oculus Quest works with your environment, so you can play standing or sitting in spaces big or small.</span></li>\r\n<li><span class=\"a-list-item\">Incredible VR Games: Stop watching games and step into them. Whether you\'re dodging spells or slashing through enemy hordes, you\'ve never been this close to the action.</span></li>\r\n</ul>\r\n<p>&nbsp;</p>\r\n<ul class=\"a-unordered-list a-vertical a-spacing-none\">\r\n<li><span class=\"a-list-item\">Guardian Helps Keep You Safe: Explore the universe without tripping over the coffee table. The Oculus Guardian system is designed to help you avoid nearby objects while you\'re in-game.</span></li>\r\n</ul>\r\n<p>&nbsp;</p>\r\n<p>&nbsp;</p>\r\n<h4>Product information:</h4>\r\n<p><span class=\"a-list-item\">Edition:<strong>128GB</strong></span></p>\r\n<div class=\"a-row a-spacing-top-base\">\r\n<div class=\"a-column a-span6\">\r\n<div class=\"a-row a-spacing-base\">\r\n<div class=\"a-section table-padding\">\r\n<table id=\"productDetails_detailBullets_sections1\" class=\"a-keyvalue prodDetTable\" role=\"presentation\">\r\n<tbody>\r\n<tr>\r\n<th class=\"a-color-secondary a-size-base prodDetSectionEntry\" style=\"width: 151.208px; text-align: left;\">ASIN</th>\r\n<td class=\"a-size-base\" style=\"width: 363.208px; text-align: right;\">B07PRDGYTW</td>\r\n</tr>\r\n<tr>\r\n<th class=\"a-color-secondary a-size-base prodDetSectionEntry\" style=\"width: 151.208px; text-align: left;\">Release date</th>\r\n<td class=\"a-size-base\" style=\"width: 363.208px; text-align: right;\">May 21, 2019</td>\r\n</tr>\r\n<tr>\r\n<th class=\"a-color-secondary a-size-base prodDetSectionEntry\" style=\"width: 151.208px; text-align: left;\">Return Policy</th>\r\n<td style=\"width: 363.208px; text-align: right;\">\r\n<div class=\"a-section\">This product is non-returnable and non-refundable.</div>\r\n</td>\r\n</tr>\r\n<tr>\r\n<th class=\"a-color-secondary a-size-base prodDetSectionEntry\" style=\"width: 151.208px; text-align: left;\">Package Dimensions</th>\r\n<td class=\"a-size-base\" style=\"width: 363.208px; text-align: right;\">14.5 x 8.9 x 5 inches; 4.57 pounds</td>\r\n</tr>\r\n<tr>\r\n<th class=\"a-color-secondary a-size-base prodDetSectionEntry\" style=\"width: 151.208px; text-align: left;\">Item model number</th>\r\n<td class=\"a-size-base\" style=\"width: 363.208px; text-align: right;\">301-00171-01</td>\r\n</tr>\r\n<tr>\r\n<th class=\"a-color-secondary a-size-base prodDetSectionEntry\" style=\"width: 151.208px; text-align: left;\">Item Weight</th>\r\n<td class=\"a-size-base\" style=\"width: 363.208px; text-align: right;\">4.57 pounds</td>\r\n</tr>\r\n<tr>\r\n<th class=\"a-color-secondary a-size-base prodDetSectionEntry\" style=\"width: 151.208px; text-align: left;\">Manufacturer</th>\r\n<td class=\"a-size-base\" style=\"width: 363.208px; text-align: right;\">Oculus</td>\r\n</tr>\r\n<tr>\r\n<th class=\"a-color-secondary a-size-base prodDetSectionEntry\" style=\"width: 151.208px; text-align: left;\">UNSPSC Code</th>\r\n<td class=\"a-size-base\" style=\"width: 363.208px; text-align: right;\">52160000</td>\r\n</tr>\r\n<tr>\r\n<th class=\"a-color-secondary a-size-base prodDetSectionEntry\" style=\"width: 151.208px; text-align: left;\">Batteries</th>\r\n<td class=\"a-size-base\" style=\"width: 363.208px; text-align: right;\">1 Lithium ion batteries required. (included)</td>\r\n</tr>\r\n<tr>\r\n<th class=\"a-color-secondary a-size-base prodDetSectionEntry\" style=\"width: 151.208px; text-align: left;\">Date First Available</th>\r\n<td class=\"a-size-base\" style=\"width: 363.208px; text-align: right;\">January 10, 2019</td>\r\n</tr>\r\n</tbody>\r\n</table>\r\n</div>\r\n</div>\r\n</div>\r\n</div>', 'All-in-one VR: No PC. No wires. No limits. Oculus Quest is an all-in-one gaming system built for virtual reality. Now you can play almost anywhere with just a VR headset and controllers.'),
(134, 134, 'ar', 'Apple iMac 27-Inch Desktop, 3.4 GHz Intel Core i7 Processor, 16 GB memory', '<h1 id=\"title\" class=\"a-size-large a-spacing-none\" style=\"text-align: center;\"><span id=\"productTitle\" class=\"a-size-large\">Apple iMac 27-Inch Desktop, 3.4 GHz Intel Core i7</span></h1>\r\n<h1 class=\"a-size-large a-spacing-none\" style=\"text-align: left;\">&nbsp;</h1>\r\n<h1 class=\"a-size-large a-spacing-none\" style=\"text-align: left;\"><span id=\"productTitle\" class=\"a-size-large\"><img style=\"display: block; margin-left: auto; margin-right: auto;\" src=\"/storage/media/7jSdkG4QeA0mh3G8QtMvSAVxVI6vwPumjlRaHKQR.jpeg\" alt=\"\" width=\"447\" height=\"500\" /></span></h1>\r\n<h4 class=\"a-size-large a-spacing-none\" style=\"text-align: left;\">&nbsp;</h4>\r\n<h4 class=\"a-size-large a-spacing-none\" style=\"text-align: left;\"><span id=\"productTitle\" class=\"a-size-large\">Product Details:&nbsp;</span></h4>\r\n<ul class=\"a-unordered-list a-vertical a-spacing-none\">\r\n<li><span class=\"a-list-item\">This Certified Refurbished product is tested and certified to look and work like new. The refurbishing process includes functionality testing, basic cleaning, inspection, and repackaging. The product ships with all relevant accessories, a minimum 90-day warranty, and may arrive in a generic box. Only select sellers who maintain a high performance bar may offer Certified Refurbished products on Amazon.com</span></li>\r\n<li><span class=\"a-list-item\">3.4GHz quad-core Intel Core i7 (Turbo Boost up to 3.9GHz)</span></li>\r\n<li><span class=\"a-list-item\">16GB of 1600MHz DDR3 memory user-accessible SO-DIMM</span></li>\r\n<li><span class=\"a-list-item\">1TB (7200-rpm) hard drive, NVIDIA GeForce GTX 675MX graphics processor with 1GB of GDDR5 memory</span></li>\r\n<li><span class=\"a-list-item\">Stereo speakers, Dual microphones, Headphone port. 802.11n Wi-Fi wireless networking;2 IEEE 802.11a/b/g compatible</span></li>\r\n</ul>\r\n<h4>&nbsp;</h4>\r\n<h4><span class=\"a-list-item\">Technical Details:</span></h4>\r\n<table id=\"productDetails_techSpec_section_1\" class=\"a-keyvalue prodDetTable\" role=\"presentation\">\r\n<tbody>\r\n<tr>\r\n<th class=\"a-color-secondary a-size-base prodDetSectionEntry\" style=\"text-align: left;\">Screen Size</th>\r\n<td class=\"a-size-base\" style=\"text-align: right;\">27 inches</td>\r\n</tr>\r\n<tr>\r\n<th class=\"a-color-secondary a-size-base prodDetSectionEntry\" style=\"text-align: left;\">Processor</th>\r\n<td class=\"a-size-base\" style=\"text-align: right;\">3.4 GHz core_i7</td>\r\n</tr>\r\n<tr>\r\n<th class=\"a-color-secondary a-size-base prodDetSectionEntry\" style=\"text-align: left;\">RAM</th>\r\n<td class=\"a-size-base\" style=\"text-align: right;\">16 GB ddr3_sdram</td>\r\n</tr>\r\n<tr>\r\n<th class=\"a-color-secondary a-size-base prodDetSectionEntry\" style=\"text-align: left;\">Hard Drive</th>\r\n<td class=\"a-size-base\" style=\"text-align: right;\">1 TB mechanical_hard_drive</td>\r\n</tr>\r\n<tr>\r\n<th class=\"a-color-secondary a-size-base prodDetSectionEntry\" style=\"text-align: left;\">Graphics Coprocessor</th>\r\n<td class=\"a-size-base\" style=\"text-align: right;\">NVIDIA GeForce GTX 675MX</td>\r\n</tr>\r\n<tr>\r\n<th class=\"a-color-secondary a-size-base prodDetSectionEntry\" style=\"text-align: left;\">Card Description</th>\r\n<td class=\"a-size-base\" style=\"text-align: right;\">Dedicated</td>\r\n</tr>\r\n<tr>\r\n<th class=\"a-color-secondary a-size-base prodDetSectionEntry\" style=\"text-align: left;\">Wireless Type</th>\r\n<td class=\"a-size-base\" style=\"text-align: right;\">802.11ab</td>\r\n</tr>\r\n</tbody>\r\n</table>', '3.4GHz quad-core Intel Core i7 (Turbo Boost up to 3.9GHz)\r\n16GB of 1600MHz DDR3 memory user-accessible SO-DIMM\r\n1TB (7200-rpm) hard drive, NVIDIA GeForce GTX 675MX graphics processor with 1GB of GDDR5 memory');
INSERT INTO `product_translations` (`id`, `product_id`, `locale`, `name`, `description`, `short_description`) VALUES
(135, 135, 'ar', 'Apple iMac Pro 27\" with 5K Retina Display', '<h1 class=\"default\" style=\"text-align: center;\">Apple iMac Pro 27\" with 5K Retina Display</h1>\r\n<p>&nbsp;</p>\r\n<p><img style=\"display: block; margin-left: auto; margin-right: auto;\" src=\"/storage/media/93J8ZQDfSCJrYqsoK3RT54GYS7fnIoboiwxbHQLa.jpeg\" alt=\"\" width=\"499\" height=\"419\" /></p>\r\n<p>&nbsp;</p>\r\n<p><img style=\"display: block; margin-left: auto; margin-right: auto;\" src=\"/storage/media/6m272OVdVzgWeqAzM5RhHpSSXg7X1vCMyFhz8pHu.jpeg\" alt=\"\" width=\"499\" height=\"412\" /></p>\r\n<h2 class=\"default\">&nbsp;</h2>\r\n<h4 class=\"default\">Product description:</h4>\r\n<ul class=\"a-unordered-list a-vertical a-spacing-none\">\r\n<li><span class=\"a-list-item\">Apple 27\" iMac Pro with Retina 5K Display (Late 2017) - Magic Keyboard with Numeric Keypad (Space Gray) - Magic Mouse 2 (Space Gray) - Lightning to USB Cable - Power Cord - Apple 1 Year Warranty (90 Days Technical Support)</span></li>\r\n<li><span class=\"a-list-item\">Operating System: macOS</span></li>\r\n<li><span class=\"a-list-item\">Processor: Intel Xeon W 10-Core 3.0GHz (turbo 4.5GHz) 23.75MB cache</span></li>\r\n<li><span class=\"a-list-item\">Memory: 64GB DDR4 SDRAM 2666 MHz ECC</span></li>\r\n<li><span class=\"a-list-item\">Available Memory Slots: None</span></li>\r\n</ul>\r\n<p>&nbsp;</p>\r\n<div id=\"productDescription\" class=\"a-section a-spacing-small\">\r\n<p>The vision is brighter than ever A desktop experience that draws you in and keeps you there. This is the idea behind today\'s iMac. And now that idea is more powerful than ever. The new iMac is packed with all-new processors, the latest graphics technologies, innovative storage and higher-bandwidth connectivity. And it all comes to life on the brightest and most colorful Retina display iMac has ever seen.</p>\r\n<p>&nbsp;</p>\r\n<p>So you get an even more immersive experience - and a scintillating new way to take it all in. Performance - Think fast - We did Performance boosts across the board Faster and more powerful than ever, iMac is now equipped with Xeon processor and the latest high-performance graphics. Graphics that render you speechless iMac features powerful new AMD Radeon Pro Vega 64 graphics that make a spectacle of everything you see. The 27-inch iMac with Retina 5K display is loaded with up to 8GB of dedicated VRAM.</p>\r\n<p>&nbsp;</p>\r\n<p>It delivers visual effects and 3D graphics that exhibit raw power in its most polished form. On top of that, you get advanced video editing capabilities. Now you can edit multicam projects in Final Cut Pro X with up to five streams of full-resolution 4K video. Accelerate your every move An all-new Intel Xeon W 8-Core Intel Core processor in your iMac. It\'s more speed than iMac has ever reached before. And Turbo Boost gives you even more power when you\'re using processor-intensive applications like L.</p>\r\n<h4>&nbsp;</h4>\r\n<h4>Technical Details:</h4>\r\n<table id=\"productDetails_techSpec_section_1\" class=\"a-keyvalue prodDetTable\" role=\"presentation\">\r\n<tbody>\r\n<tr>\r\n<th class=\"a-color-secondary a-size-base prodDetSectionEntry\" style=\"text-align: left;\">Screen Size</th>\r\n<td class=\"a-size-base\" style=\"text-align: right;\">27 inches</td>\r\n</tr>\r\n<tr>\r\n<th class=\"a-color-secondary a-size-base prodDetSectionEntry\" style=\"text-align: left;\">Processor</th>\r\n<td class=\"a-size-base\" style=\"text-align: right;\">intel_xeon</td>\r\n</tr>\r\n<tr>\r\n<th class=\"a-color-secondary a-size-base prodDetSectionEntry\" style=\"text-align: left;\">RAM</th>\r\n<td class=\"a-size-base\" style=\"text-align: right;\">64 GB</td>\r\n</tr>\r\n<tr>\r\n<th class=\"a-color-secondary a-size-base prodDetSectionEntry\" style=\"text-align: left;\">Hard Drive</th>\r\n<td class=\"a-size-base\" style=\"text-align: right;\">1 TB flash_memory_solid_state</td>\r\n</tr>\r\n<tr>\r\n<th class=\"a-color-secondary a-size-base prodDetSectionEntry\" style=\"text-align: left;\">Card Description</th>\r\n<td class=\"a-size-base\" style=\"text-align: right;\">Dedicated</td>\r\n</tr>\r\n</tbody>\r\n</table>\r\n<p>&nbsp;</p>\r\n<p>&nbsp;</p>\r\n<p>&nbsp;</p>\r\n<p>&nbsp;</p>\r\n</div>', 'Apple 27\" iMac Pro with Retina 5K Display (Late 2017) - Magic Keyboard with Numeric Keypad (Space Gray) - Magic Mouse 2 (Space Gray) - Lightning to USB Cable - Power Cord - Apple 1 Year Warranty (90 Days Technical Support)'),
(136, 136, 'ar', 'Apple iMac ME089LL/A 27in Intel Core i7-4771 3.5GHz', '<h1 id=\"title\" class=\"a-size-large a-spacing-none\" style=\"text-align: center;\"><span id=\"productTitle\" class=\"a-size-large\">Apple iMac&nbsp; 27in Intel Core i7-4771 3.5GHz</span></h1>\r\n<p>&nbsp;</p>\r\n<p><span class=\"a-size-large\"><img style=\"display: block; margin-left: auto; margin-right: auto;\" src=\"/storage/media/xsrLAl9mgVgbJEtgFtgCwOqELl3NP0tOFr8O0LSf.jpeg\" alt=\"\" width=\"679\" height=\"571\" /></span></p>\r\n<p>&nbsp;</p>\r\n<p><span class=\"a-size-large\"><img style=\"display: block; margin-left: auto; margin-right: auto;\" src=\"/storage/media/q33G4DjIwJxsJi4qTqpJ1Ybe7u1UrR3Dva1MVRiU.jpeg\" alt=\"\" width=\"515\" height=\"450\" /></span></p>\r\n<p>&nbsp;</p>\r\n<div id=\"descriptionAndDetails\" class=\"a-section a-spacing-extra-large\">\r\n<div id=\"productDescription_feature_div\" class=\"celwidget\" data-feature-name=\"productDescription\" data-cel-widget=\"productDescription_feature_div\">\r\n<div id=\"productDescription_feature_div\" class=\"a-row feature\" data-feature-name=\"productDescription\" data-template-name=\"productDescription\" data-cel-widget=\"productDescription_feature_div\">\r\n<h4 class=\"default\">Product description:</h4>\r\n<ul class=\"a-unordered-list a-vertical a-spacing-none\">\r\n<li><span class=\"a-list-item\">Intel Core i7-4771 3.5GHz; 1000GB SATA; 16GB DDR3</span></li>\r\n<li><span class=\"a-list-item\">27\" LED; 2560 x 1440; NVIDIA GeForce GTX 775M</span></li>\r\n<li><span class=\"a-list-item\">All-in-One; No Optical Drive; Apple Mac OS X 10.8</span></li>\r\n</ul>\r\n<p>&nbsp;</p>\r\n<div id=\"productDescription\" class=\"a-section a-spacing-small\">\r\n<p>Creating the stunningly thin design of the iMac took some equally stunning feats of technological innovation. Apple refined, re-imagined, or re-engineered everything about it from the inside out. The result is an elegant all-in-one computer that\'s as much a work of art as it is state of the art.</p>\r\n<p>&nbsp;</p>\r\n<p>With Intel Core i5 processor, Thunderbolt, and groundbreaking storage options, the slimmest iMac yet is also the most powerful. OS X makes every Mac intuitive and easy to use.</p>\r\n<h4>&nbsp;</h4>\r\n<h4>Technical Details:</h4>\r\n<table id=\"productDetails_techSpec_section_1\" class=\"a-keyvalue prodDetTable\" role=\"presentation\">\r\n<tbody>\r\n<tr>\r\n<th class=\"a-color-secondary a-size-base prodDetSectionEntry\" style=\"text-align: left;\">Screen Size</th>\r\n<td class=\"a-size-base\" style=\"text-align: right;\">27 inches</td>\r\n</tr>\r\n<tr>\r\n<th class=\"a-color-secondary a-size-base prodDetSectionEntry\" style=\"text-align: left;\">Processor</th>\r\n<td class=\"a-size-base\" style=\"text-align: right;\">3.5 GHz core_i7_4771</td>\r\n</tr>\r\n<tr>\r\n<th class=\"a-color-secondary a-size-base prodDetSectionEntry\" style=\"text-align: left;\">RAM</th>\r\n<td class=\"a-size-base\" style=\"text-align: right;\">16 GB ddr3_sdram</td>\r\n</tr>\r\n<tr>\r\n<th class=\"a-color-secondary a-size-base prodDetSectionEntry\" style=\"text-align: left;\">Hard Drive</th>\r\n<td class=\"a-size-base\" style=\"text-align: right;\">1 TB</td>\r\n</tr>\r\n<tr>\r\n<th class=\"a-color-secondary a-size-base prodDetSectionEntry\" style=\"text-align: left;\">Card Description</th>\r\n<td class=\"a-size-base\" style=\"text-align: right;\">Dedicated</td>\r\n</tr>\r\n</tbody>\r\n</table>\r\n</div>\r\n</div>\r\n</div>\r\n</div>\r\n<div id=\"renewedProgramDescriptionBtf_feature_div\" class=\"celwidget\" data-feature-name=\"renewedProgramDescriptionBtf\" data-cel-widget=\"renewedProgramDescriptionBtf_feature_div\"></div>', 'Intel Core i7-4771 3.5GHz; 1000GB SATA; 16GB DDR3\r\n27\" LED; 2560 x 1440; NVIDIA GeForce GTX 775M\r\nAll-in-One; No Optical Drive; Apple Mac OS X 10.8'),
(137, 137, 'ar', 'Wong Rain Classic 100% 925 Sterling Silver', '<h1 class=\"product-title-text\" style=\"text-align: center;\">Wong Rain Classic 100% 925 Sterling Silver</h1>\r\n<p>&nbsp;</p>\r\n<p><img style=\"display: block; margin-left: auto; margin-right: auto;\" src=\"/storage/media/t9ICuYCMzoOMpAPAEfQAW5mhPyXF884r3hwdL4zG.jpeg\" alt=\"\" width=\"800\" height=\"800\" /></p>\r\n<p>&nbsp;</p>\r\n<p><img style=\"display: block; margin-left: auto; margin-right: auto;\" src=\"/storage/media/k1Rbs63AHHIvs0TrZ3TddnFjeYKWsQkO1RP6DLnv.jpeg\" alt=\"\" width=\"800\" height=\"800\" /></p>\r\n<p>&nbsp;</p>\r\n<p><img style=\"display: block; margin-left: auto; margin-right: auto;\" src=\"/storage/media/5MCllblz5P68jsWVdngMQHoKqg3E3b4d9eyXiLjt.jpeg\" alt=\"\" width=\"800\" height=\"800\" /></p>\r\n<p>&nbsp;</p>\r\n<p><img style=\"display: block; margin-left: auto; margin-right: auto;\" src=\"/storage/media/tygsyvXQbawCjonuCsFhiahxja5VKqMAgrLRxe4x.jpeg\" alt=\"\" width=\"751\" height=\"656\" /></p>\r\n<p>&nbsp;</p>\r\n<h4>&nbsp;</h4>\r\n<h4>Product Details:</h4>\r\n<ul class=\"product-specs-list util-clearfix\">\r\n<li class=\"product-prop line-limit-length\"><span class=\"property-title\">Brand Name:&nbsp;</span><span class=\"property-desc line-limit-length\" title=\"Wong Rain\">Wong Rain</span></li>\r\n<li class=\"product-prop line-limit-length\"><span class=\"property-title\">CertificateType:&nbsp;</span><span class=\"property-desc line-limit-length\" title=\"GDTC\">GDTC</span></li>\r\n<li class=\"product-prop line-limit-length\"><span class=\"property-title\">Gender:&nbsp;</span><span class=\"property-desc line-limit-length\" title=\"Women\">Women</span></li>\r\n<li class=\"product-prop line-limit-length\"><span class=\"property-title\">Metals Type:&nbsp;</span><span class=\"property-desc line-limit-length\" title=\"silver\">silver</span></li>\r\n<li class=\"product-prop line-limit-length\"><span class=\"property-title\">Metal Stamp:&nbsp;</span><span class=\"property-desc line-limit-length\" title=\"925,Sterling\">925,Sterling</span></li>\r\n<li class=\"product-prop line-limit-length\"><span class=\"property-title\">Main Stone:&nbsp;</span><span class=\"property-desc line-limit-length\" title=\"Moissanite\">Moissanite</span></li>\r\n<li class=\"product-prop line-limit-length\"><span class=\"property-title\">Setting Type:&nbsp;</span><span class=\"property-desc line-limit-length\" title=\"Prong Setting\">Prong Setting</span></li>\r\n<li class=\"product-prop line-limit-length\"><span class=\"property-title\">Style:&nbsp;</span><span class=\"property-desc line-limit-length\" title=\"Classic\">Classic</span></li>\r\n<li class=\"product-prop line-limit-length\"><span class=\"property-title\">Side Stone:&nbsp;</span><span class=\"property-desc line-limit-length\" title=\"Other Natrual material\">Other Natrual material</span></li>\r\n<li class=\"product-prop line-limit-length\"><span class=\"property-title\">is_customized:&nbsp;</span><span class=\"property-desc line-limit-length\" title=\"Yes\">Yes</span></li>\r\n<li class=\"product-prop line-limit-length\"><span class=\"property-title\">Model Number:&nbsp;</span><span class=\"property-desc line-limit-length\" title=\"JZ325\">JZ325</span></li>\r\n<li class=\"product-prop line-limit-length\"><span class=\"property-title\">Occasion:&nbsp;</span><span class=\"property-desc line-limit-length\" title=\"Wedding\">Wedding</span></li>\r\n<li class=\"product-prop line-limit-length\"><span class=\"property-title\">Rings Type:&nbsp;</span><span class=\"property-desc line-limit-length\" title=\"Wedding Bands\">Wedding Bands</span></li>\r\n<li class=\"product-prop line-limit-length\" data-spm-anchor-id=\"a2g0o.detail.0.i9.69697993dXI9Cc\"><span class=\"property-title\">Shape\\pattern:&nbsp;</span><span class=\"property-desc line-limit-length\" title=\"geometric\">geometric</span></li>\r\n</ul>', 'Wong Rain Classic 100% 925 Sterling Silver Created Moissanite Gemstone Wedding Engagement Diamonds Ring Fine Jewelry Wholesale'),
(138, 138, 'ar', 'Sterling Silver Heart in Heart Pendant Necklace', '<h1 id=\"title\" class=\"a-size-large a-spacing-none a-color-secondary\" style=\"text-align: center;\"><span id=\"productTitle\" class=\"a-size-large\">Sterling Silver Heart in Heart Pendant Necklace</span></h1>\r\n<p><span class=\"a-size-large\"><img style=\"display: block; margin-left: auto; margin-right: auto;\" src=\"/storage/media/bvrbikmlNc602sWRyBxI1VAwwWUisJgT3CaKx75A.jpeg\" alt=\"\" width=\"600\" height=\"180\" /></span></p>\r\n<p>&nbsp;</p>\r\n<p><span class=\"a-size-large\"><img style=\"display: block; margin-left: auto; margin-right: auto;\" src=\"/storage/media/MyQsN63S0cvvEyl5hlhNLiDNTHvQVPVZnCbrPSPI.jpeg\" alt=\"\" width=\"971\" height=\"600\" /></span></p>\r\n<p>&nbsp;</p>\r\n<table style=\"border-collapse: collapse; width: 100%;\" border=\"0\">\r\n<tbody>\r\n<tr>\r\n<td style=\"width: 50%;\"><img style=\"display: block; margin-left: auto; margin-right: auto;\" src=\"/storage/media/4LL8YLGdHjUGpDTi7CmG3MWyOli7wgIXANhDWTdA.jpeg\" alt=\"\" width=\"220\" height=\"220\" /></td>\r\n<td style=\"width: 50%;\">\r\n<h4 class=\"a-spacing-mini\">Superior Material</h4>\r\n<p class=\"a-size-small\">Beautiful jewelry starts with quality materials. Each Peora gemstone is hand-picked from the finest rough material that is meticulously selected for color hue and saturation. This means every piece of Peora jewelry contains stones that display vibrant color adding to the beauty of the piece.</p>\r\n</td>\r\n</tr>\r\n</tbody>\r\n</table>\r\n<p>&nbsp;</p>\r\n<table style=\"border-collapse: collapse; width: 100%;\" border=\"0\">\r\n<tbody>\r\n<tr>\r\n<td style=\"width: 50%;\"><img style=\"display: block; margin-left: auto; margin-right: auto;\" src=\"/storage/media/SxrkxEihzhJcnW1rEcYf8BvWGALpkIjYSfhoQbQE.jpeg\" alt=\"\" width=\"220\" height=\"220\" /></td>\r\n<td style=\"width: 50%;\">\r\n<h4 class=\"a-spacing-mini\">Precision Cutting</h4>\r\n<p class=\"a-size-small\">With experience that span generations, our stone cutters lay each facet with mathematical precision capturing the dance of light within. Every curve and angle are purposefully cut resulting in an extraordinary display of brilliance you can experience.</p>\r\n</td>\r\n</tr>\r\n</tbody>\r\n</table>\r\n<p>&nbsp;</p>\r\n<p>&nbsp;</p>\r\n<table style=\"border-collapse: collapse; width: 100%;\" border=\"0\">\r\n<tbody>\r\n<tr>\r\n<td style=\"width: 50%;\"><img style=\"display: block; margin-left: auto; margin-right: auto;\" src=\"/storage/media/ZiWKTF2mnNTZwUXoUgzXBFKEAS78K97n5lBIeBQa.jpeg\" alt=\"\" width=\"220\" height=\"220\" /></td>\r\n<td style=\"width: 50%;\">\r\n<h4 class=\"a-spacing-mini\">Handcrafted</h4>\r\n<p class=\"a-size-small\">Jewelry is a form of expression; it is also an extension of yourself. With decades of experience our skilled craftsmen combine traditional and modern techniques to deliver finely crafted jewelry you can feel good about.</p>\r\n</td>\r\n</tr>\r\n</tbody>\r\n</table>\r\n<p>&nbsp;</p>\r\n<p>&nbsp;</p>\r\n<table style=\"border-collapse: collapse; width: 100%;\" border=\"0\">\r\n<tbody>\r\n<tr>\r\n<td style=\"width: 50%;\"><img style=\"display: block; margin-left: auto; margin-right: auto;\" src=\"/storage/media/faVo8gS4xgiSqynoZIK8uI7NHC0TfySkiM45K0F2.jpeg\" alt=\"\" width=\"220\" height=\"220\" /></td>\r\n<td style=\"width: 50%;\">\r\n<h4 class=\"a-spacing-mini\">Precious Metals</h4>\r\n<p class=\"a-size-small\">Solid and durable fine precious metals of 14K Gold and 925 Sterling Silver are used to craft our jewelry, and individually stamped to ensure metal purity. Each piece is hand polished ensuring a luxurious finish. Hypoallergenic, nickel-free and safe to wear for sensitive skin.</p>\r\n</td>\r\n</tr>\r\n</tbody>\r\n</table>\r\n<p>&nbsp;</p>\r\n<p>&nbsp;</p>\r\n<p>&nbsp;</p>\r\n<p><img style=\"display: block; margin-left: auto; margin-right: auto;\" src=\"/storage/media/I8RkG1a8KtZ7HS3JA9ess5ONTfJp2UOkFRHrIbnY.jpeg\" alt=\"\" width=\"300\" height=\"300\" /></p>\r\n<h4 class=\"a-spacing-mini\">Peora Heart in Heart Shape Sterling Silver Pendant Necklace, Natural, Created, Simulated Gemstones, with 18 inch Chain</h4>\r\n<ul class=\"a-unordered-list a-vertical\">\r\n<li><span class=\"a-list-item\">Peora Signature Pendant Necklace Collection - Heart Shaped stones skillfully cut from the finest raw materials for maximum brilliance</span></li>\r\n<li><span class=\"a-list-item\">Available in Rich and Vibrant Stones - Aquamarine, Amethyst, Garnet, Peridot, Citrine, Swiss Blue Topaz, London Blue Topaz, Created Blue Sapphire, Created Ruby and Simulated Emerald</span></li>\r\n<li><span class=\"a-list-item\">Crafted in 925 Sterling Silver - Hypoallergenic and Rhodium coated for high polish and rich finish</span></li>\r\n<li><span class=\"a-list-item\">Heart in Heart Design - A charming twist to a classic favorite</span></li>\r\n<li><span class=\"a-list-item\">Signature Gift Box - Gift ready with 18 inch Chain</span></li>\r\n</ul>\r\n<p>&nbsp;</p>\r\n<h4 class=\"a-spacing-small a-spacing-top-small\">Jewelry Information:</h4>\r\n<table id=\"technicalSpecifications_section_1\" class=\"a-keyvalue a-spacing-mini\">\r\n<tbody>\r\n<tr>\r\n<th class=\"a-span5 a-size-base\" style=\"text-align: left;\">Brand, Seller, or Collection Name</th>\r\n<td class=\"a-span7 a-size-base\" style=\"text-align: right;\">Peora</td>\r\n</tr>\r\n<tr>\r\n<th class=\"a-span5 a-size-base\" style=\"text-align: left;\"><span class=\"a-declarative\" data-action=\"a-popover\" data-a-popover=\"{&quot;cache&quot;:&quot;true&quot;,&quot;name&quot;:&quot;Metal stamp&quot;,&quot;width&quot;:&quot;500&quot;,&quot;header&quot;:&quot;Metal stamp&quot;,&quot;position&quot;:&quot;triggerRight&quot;,&quot;scrollable&quot;:&quot;true&quot;,&quot;url&quot;:&quot;/gp/product/ajax-handlers/tech-spec-popover-contents.html/ref=dp_soft_tech_spec?keyLookUp=jewelry_help_attr-name_metal_stamp&quot;}\"><a class=\"a-link-normal a-popover-trigger\" href=\"https://www.amazon.com/gp/product/ajax-handlers/tech-spec-popover-contents.html/ref=dp_soft_tech_spec?keyLookUp=/gp/product/ajax-handlers/tech-spec-popover-contents.html/ref=dp_soft_tech_spec?keyLookUp=jewelry_help_attr-name_metal_stamp\" target=\"_blank\" rel=\"noopener\">Metal stamp</a></span></th>\r\n<td class=\"a-span7 a-size-base\" style=\"text-align: right;\">925 Sterling</td>\r\n</tr>\r\n<tr>\r\n<th class=\"a-span5 a-size-base\" style=\"text-align: left;\"><span class=\"a-declarative\" data-action=\"a-popover\" data-a-popover=\"{&quot;cache&quot;:&quot;true&quot;,&quot;name&quot;:&quot;Metal&quot;,&quot;width&quot;:&quot;500&quot;,&quot;header&quot;:&quot;Metal&quot;,&quot;position&quot;:&quot;triggerRight&quot;,&quot;scrollable&quot;:&quot;true&quot;,&quot;url&quot;:&quot;/gp/product/ajax-handlers/tech-spec-popover-contents.html/ref=dp_soft_tech_spec?keyLookUp=jewelry_help_attr-name_metal_type&quot;}\"><a class=\"a-link-normal a-popover-trigger\" href=\"https://www.amazon.com/gp/product/ajax-handlers/tech-spec-popover-contents.html/ref=dp_soft_tech_spec?keyLookUp=/gp/product/ajax-handlers/tech-spec-popover-contents.html/ref=dp_soft_tech_spec?keyLookUp=jewelry_help_attr-name_metal_type\" target=\"_blank\" rel=\"noopener\">Metal</a></span></th>\r\n<td class=\"a-span7 a-size-base\" style=\"text-align: right;\">Sterling silver</td>\r\n</tr>\r\n<tr>\r\n<th class=\"a-span5 a-size-base\" style=\"text-align: left;\">Material</th>\r\n<td class=\"a-span7 a-size-base\" style=\"text-align: right;\">metal, gemstone</td>\r\n</tr>\r\n<tr>\r\n<th class=\"a-span5 a-size-base\" style=\"text-align: left;\">Gem Type</th>\r\n<td class=\"a-span7 a-size-base\" style=\"text-align: right;\">Garnet</td>\r\n</tr>\r\n<tr>\r\n<th class=\"a-span5 a-size-base\" style=\"text-align: left;\"><span class=\"a-declarative\" data-action=\"a-popover\" data-a-popover=\"{&quot;cache&quot;:&quot;true&quot;,&quot;name&quot;:&quot;Minimum total gem weight&quot;,&quot;width&quot;:&quot;500&quot;,&quot;header&quot;:&quot;Minimum total gem weight&quot;,&quot;position&quot;:&quot;triggerRight&quot;,&quot;scrollable&quot;:&quot;true&quot;,&quot;url&quot;:&quot;/gp/product/ajax-handlers/tech-spec-popover-contents.html/ref=dp_soft_tech_spec?keyLookUp=jewelry_help_attr-name_total_gem_weight&quot;}\"><a class=\"a-link-normal a-popover-trigger\" href=\"https://www.amazon.com/gp/product/ajax-handlers/tech-spec-popover-contents.html/ref=dp_soft_tech_spec?keyLookUp=/gp/product/ajax-handlers/tech-spec-popover-contents.html/ref=dp_soft_tech_spec?keyLookUp=jewelry_help_attr-name_total_gem_weight\" target=\"_blank\" rel=\"noopener\">Minimum total gem weight</a></span></th>\r\n<td class=\"a-span7 a-size-base\" style=\"text-align: right;\">1.00 carats</td>\r\n</tr>\r\n<tr>\r\n<th class=\"a-span5 a-size-base\" style=\"text-align: left;\">Setting</th>\r\n<td class=\"a-span7 a-size-base\" style=\"text-align: right;\"><span class=\"a-declarative\" data-action=\"a-popover\" data-a-popover=\"{&quot;cache&quot;:&quot;true&quot;,&quot;name&quot;:&quot;bezel-setting&quot;,&quot;width&quot;:&quot;500&quot;,&quot;header&quot;:&quot;bezel-setting&quot;,&quot;position&quot;:&quot;triggerRight&quot;,&quot;scrollable&quot;:&quot;true&quot;,&quot;url&quot;:&quot;/gp/product/ajax-handlers/tech-spec-popover-contents.html/ref=dp_soft_tech_spec?keyLookUp=jewelry_help_attr-value_bezel-setting&quot;}\"><a class=\"a-link-normal a-popover-trigger\" href=\"https://www.amazon.com/gp/product/ajax-handlers/tech-spec-popover-contents.html/ref=dp_soft_tech_spec?keyLookUp=/gp/product/ajax-handlers/tech-spec-popover-contents.html/ref=dp_soft_tech_spec?keyLookUp=jewelry_help_attr-value_bezel-setting\" target=\"_blank\" rel=\"noopener\">bezel-setting</a></span></td>\r\n</tr>\r\n<tr>\r\n<th class=\"a-span5 a-size-base\" style=\"text-align: left;\">Item Length</th>\r\n<td class=\"a-span7 a-size-base\" style=\"text-align: right;\">0.75 inches</td>\r\n</tr>\r\n<tr>\r\n<th class=\"a-span5 a-size-base\" style=\"text-align: left;\">Height</th>\r\n<td class=\"a-span7 a-size-base\" style=\"text-align: right;\">0.75 inches</td>\r\n</tr>\r\n<tr>\r\n<th class=\"a-span5 a-size-base\" style=\"text-align: left;\">Width</th>\r\n<td class=\"a-span7 a-size-base\" style=\"text-align: right;\">0.5 inches</td>\r\n</tr>\r\n<tr>\r\n<th class=\"a-span5 a-size-base\" style=\"text-align: left;\">Length</th>\r\n<td class=\"a-span7 a-size-base\" style=\"text-align: right;\">0.75 inches</td>\r\n</tr>\r\n<tr>\r\n<th class=\"a-span5 a-size-base\" style=\"text-align: left;\">Chain</th>\r\n<td class=\"a-span7 a-size-base\" style=\"text-align: right;\">Box</td>\r\n</tr>\r\n<tr>\r\n<th class=\"a-span5 a-size-base\" style=\"text-align: left;\">Clasp</th>\r\n<td class=\"a-span7 a-size-base\" style=\"text-align: right;\">Spring ring</td>\r\n</tr>\r\n<tr>\r\n<th class=\"a-span5 a-size-base\" style=\"text-align: left;\"><span class=\"a-declarative\" data-action=\"a-popover\" data-a-popover=\"{&quot;cache&quot;:&quot;true&quot;,&quot;name&quot;:&quot;Total metal weight&quot;,&quot;width&quot;:&quot;500&quot;,&quot;header&quot;:&quot;Total metal weight&quot;,&quot;position&quot;:&quot;triggerRight&quot;,&quot;scrollable&quot;:&quot;true&quot;,&quot;url&quot;:&quot;/gp/product/ajax-handlers/tech-spec-popover-contents.html/ref=dp_soft_tech_spec?keyLookUp=jewelry_help_attr-name_total_metal_weight&quot;}\"><a class=\"a-link-normal a-popover-trigger\" href=\"https://www.amazon.com/gp/product/ajax-handlers/tech-spec-popover-contents.html/ref=dp_soft_tech_spec?keyLookUp=/gp/product/ajax-handlers/tech-spec-popover-contents.html/ref=dp_soft_tech_spec?keyLookUp=jewelry_help_attr-name_total_metal_weight\" target=\"_blank\" rel=\"noopener\">Total metal weight</a></span></th>\r\n<td class=\"a-span7 a-size-base\" style=\"text-align: right;\">2.25 Grams</td>\r\n</tr>\r\n<tr>\r\n<th class=\"a-span5 a-size-base\" style=\"text-align: left;\">Number of stones</th>\r\n<td class=\"a-span7 a-size-base\" style=\"text-align: right;\">1</td>\r\n</tr>\r\n<tr>\r\n<th class=\"a-span5 a-size-base\" style=\"text-align: left;\"><span class=\"a-declarative\" data-action=\"a-popover\" data-a-popover=\"{&quot;cache&quot;:&quot;true&quot;,&quot;name&quot;:&quot;Stone Weight&quot;,&quot;width&quot;:&quot;500&quot;,&quot;header&quot;:&quot;Stone Weight&quot;,&quot;position&quot;:&quot;triggerRight&quot;,&quot;scrollable&quot;:&quot;true&quot;,&quot;url&quot;:&quot;/gp/product/ajax-handlers/tech-spec-popover-contents.html/ref=dp_soft_tech_spec?keyLookUp=jewelry_help_attr-name_stone_weight&quot;}\"><a class=\"a-link-normal a-popover-trigger\" href=\"https://www.amazon.com/gp/product/ajax-handlers/tech-spec-popover-contents.html/ref=dp_soft_tech_spec?keyLookUp=/gp/product/ajax-handlers/tech-spec-popover-contents.html/ref=dp_soft_tech_spec?keyLookUp=jewelry_help_attr-name_stone_weight\" target=\"_blank\" rel=\"noopener\">Stone Weight</a></span></th>\r\n<td class=\"a-span7 a-size-base\" style=\"text-align: right;\">1.00 carats</td>\r\n</tr>\r\n<tr>\r\n<th class=\"a-span5 a-size-base\" style=\"text-align: left;\">Model number</th>\r\n<td class=\"a-span7 a-size-base\" style=\"text-align: right;\">SP11598</td>\r\n</tr>\r\n</tbody>\r\n</table>\r\n<p>&nbsp;</p>\r\n<p>&nbsp;</p>', '6x6mm heart-shaped genuine Garnet gemstone, 1 carat\r\nPendant is crafted out of Sterling Silver and is stamped 925, includes Certificate of Authenticity. For Amazon Fulfilled Orders, Certificate is available upon request.'),
(139, 139, 'ar', 'Meolin Charm Creative Twisted Crystal Pendant Necklace Fashion Stylish', '<h1 id=\"title\" class=\"a-size-large a-spacing-none\" style=\"text-align: center;\"><span id=\"productTitle\" class=\"a-size-large\">Meolin Charm Creative Twisted Crystal Pendant&nbsp;</span></h1>\r\n<p>&nbsp;</p>\r\n<p><span class=\"a-size-large\"><img style=\"display: block; margin-left: auto; margin-right: auto;\" src=\"/storage/media/w5SaCifIArdhnr8w6ZiEakZOArQ3oIjLIIWMnGip.jpeg\" alt=\"\" width=\"523\" height=\"522\" /></span></p>\r\n<p>&nbsp;</p>\r\n<h4><span class=\"a-size-large\">Details:<br /></span></h4>\r\n<ul class=\"a-unordered-list a-vertical a-spacing-none\">\r\n<li><span class=\"a-list-item\">Material: high-quality alloy, not easy to fade, not easy allergy, noble elegance, shining charming.</span></li>\r\n<li><span class=\"a-list-item\">Fits most people,you can adjust the length to a perfect fit with the extension chain.</span></li>\r\n<li><span class=\"a-list-item\">Unique design achievements unique to you, no matter what occasion,it will makes you attracting the attention of others.</span></li>\r\n<li><span class=\"a-list-item\">A Magnificent Gift for Your Mom, Sister, Friend, Teacher, Co-worker, Wife or Girlfriend for Christmas, Birthday, Anniversary, Graduation or Mother\'s Day.</span></li>\r\n<li><span class=\"a-list-item\">Note:Avoid contact with water,To keep item bright, clean item regularly and frequently with a soft cloth.</span></li>\r\n</ul>\r\n<h4 class=\"default\">&nbsp;</h4>\r\n<h4 class=\"default\">Product description:</h4>\r\n<div id=\"productDescription\" class=\"a-section a-spacing-small\">\r\n<p>Product Material: Silver</p>\r\n<p>Product size: Chain length: 44cm; Pendant length and width: 2.4*1cm</p>\r\n<p>Package: 1 pcs</p>\r\n<p>Features: Great jewelry gifts Suitable for her, lover, wife, couple, Birthday, Valentine&rsquo;s Day, Christmas&rsquo; Day, Mother&rsquo;s Day, wedding, party, anniversary, prom and casual days.</p>\r\n</div>', 'Material: high-quality alloy, not easy to fade, not easy allergy, noble elegance, shining charming.\r\nFits most people,you can adjust the length to a perfect fit with the extension chain.'),
(140, 140, 'ar', 'Vintage Polarized Sunglasses Women Men', '<h1 class=\"product-title-text\" style=\"text-align: center;\" data-spm-anchor-id=\"a2g0o.detail.1000016.i2.3a6f1ac2MC0rWj\">Vintage Polarized Sunglasses Women Men</h1>\r\n<p>&nbsp;</p>\r\n<p><img style=\"display: block; margin-left: auto; margin-right: auto;\" src=\"/storage/media/er17C9CTh1J54PZ8IfSQt7KL2FPNX9SvqXNPyRNa.jpeg\" alt=\"\" width=\"791\" height=\"1277\" /></p>\r\n<p>&nbsp;</p>\r\n<p><img style=\"display: block; margin-left: auto; margin-right: auto;\" src=\"/storage/media/0HMiUjtn1Q672zz5ngtK5ZvKE31ChvQgzuhkh7kI.webp\" alt=\"\" width=\"791\" height=\"1227\" /></p>\r\n<p>&nbsp;</p>\r\n<p><img style=\"display: block; margin-left: auto; margin-right: auto;\" src=\"/storage/media/78yJDp84Nu6BZDqebtxmuLi8KZNKwyBv1Lhdfi7v.webp\" alt=\"\" width=\"791\" height=\"522\" /></p>\r\n<p>&nbsp;</p>\r\n<p><img style=\"display: block; margin-left: auto; margin-right: auto;\" src=\"/storage/media/c9MhVtUUiJ9zoAJKGKg3Pn3u4GzbcVEw5ziU8buL.webp\" alt=\"\" width=\"791\" height=\"697\" /></p>\r\n<h4>&nbsp;</h4>\r\n<h4>Product Details:</h4>\r\n<ul class=\"product-specs-list util-clearfix\">\r\n<li class=\"product-prop line-limit-length\"><span class=\"property-title\">Brand Name:&nbsp;</span><span class=\"property-desc line-limit-length\" title=\"ISSCOR\">ISSCOR</span></li>\r\n<li class=\"product-prop line-limit-length\"><span class=\"property-title\">Gender:&nbsp;</span><span class=\"property-desc line-limit-length\" title=\"WOMEN\">WOMEN</span></li>\r\n<li class=\"product-prop line-limit-length\"><span class=\"property-title\">Style:&nbsp;</span><span class=\"property-desc line-limit-length\" title=\"punk\">punk</span></li>\r\n<li class=\"product-prop line-limit-length\"><span class=\"property-title\">Department Name:&nbsp;</span><span class=\"property-desc line-limit-length\" title=\"Adult\">Adult</span></li>\r\n<li class=\"product-prop line-limit-length\"><span class=\"property-title\">Frame Material:&nbsp;</span><span class=\"property-desc line-limit-length\" title=\"Alloy\">Alloy</span></li>\r\n<li class=\"product-prop line-limit-length\"><span class=\"property-title\">Lenses Optical Attribute:&nbsp;</span><span class=\"property-desc line-limit-length\" title=\"Polarized\">Polarized</span></li>\r\n<li class=\"product-prop line-limit-length\"><span class=\"property-title\">Eyewear Type:&nbsp;</span><span class=\"property-desc line-limit-length\" title=\"Sunglasses\">Sunglasses</span></li>\r\n<li class=\"product-prop line-limit-length\"><span class=\"property-title\">Lens Height:&nbsp;</span><span class=\"property-desc line-limit-length\" title=\"59mm\">59mm</span></li>\r\n<li class=\"product-prop line-limit-length\"><span class=\"property-title\">Lenses Material:&nbsp;</span><span class=\"property-desc line-limit-length\" title=\"Polaroid\">Polaroid</span></li>\r\n<li class=\"product-prop line-limit-length\"><span class=\"property-title\">Model Number:&nbsp;</span><span class=\"property-desc line-limit-length\" title=\"03321\">03321</span></li>\r\n<li class=\"product-prop line-limit-length\"><span class=\"property-title\">Item Type:&nbsp;</span><span class=\"property-desc line-limit-length\" title=\"Eyewear\">Eyewear</span></li>\r\n<li class=\"product-prop line-limit-length\" data-spm-anchor-id=\"a2g0o.detail.0.i10.3a6f1ac2MC0rWj\"><span class=\"property-title\">Lens Width:&nbsp;</span><span class=\"property-desc line-limit-length\" title=\"65mm\">65mm</span></li>\r\n</ul>\r\n<p>&nbsp;</p>', 'Brand Name: ISSCOR\r\n  Gender: WOMEN\r\n   Style: punk\r\n    Department Name: Adult\r\n      Frame Material: Alloy'),
(141, 141, 'ar', 'Men UV400 Sunglasses Men Women Luxury Vintage Semi-Rimless Brand Designer Fashion Mirror Shades', '<h1 class=\"product-title-text\" style=\"text-align: center;\" data-spm-anchor-id=\"a2g0o.detail.1000016.i2.4c2b13e37XvGV8\">Men UV400 Sunglasses Men Women Luxury</h1>\r\n<p>&nbsp;</p>\r\n<p><img style=\"display: block; margin-left: auto; margin-right: auto;\" src=\"/storage/media/IiXEopwLOqCDryijxWMxP0b0SQrniilJCuCldwnZ.webp\" alt=\"\" width=\"797\" height=\"640\" /></p>\r\n<p>&nbsp;</p>\r\n<p><img style=\"display: block; margin-left: auto; margin-right: auto;\" src=\"/storage/media/H3AmdTPN9YgMnQKoVd0NOf0DPdPDhVCQj3qwMcpq.jpeg\" alt=\"\" width=\"800\" height=\"800\" /></p>\r\n<p>&nbsp;</p>\r\n<p><img style=\"display: block; margin-left: auto; margin-right: auto;\" src=\"/storage/media/F2gAFaLswuZzsVYPHUDT16gqgRMVRUjnTOOah4xJ.jpeg\" alt=\"\" width=\"800\" height=\"800\" /></p>\r\n<p>&nbsp;</p>\r\n<p><img style=\"display: block; margin-left: auto; margin-right: auto;\" src=\"/storage/media/kXc92lIczYkPBu9KPRNVOTHPAiuey6sVW9fCS7QM.jpeg\" alt=\"\" width=\"800\" height=\"784\" /></p>\r\n<p>&nbsp;</p>\r\n<p><img style=\"display: block; margin-left: auto; margin-right: auto;\" src=\"/storage/media/yhfp4faP6pGFrXBnHuXCZ7v7NqLLIu2qmkF94YEr.webp\" alt=\"\" width=\"791\" height=\"765\" /></p>\r\n<p>&nbsp;</p>\r\n<p><img style=\"display: block; margin-left: auto; margin-right: auto;\" src=\"/storage/media/pesMskLulFkarJKtuwzGpJmwtghZbbCJFVqlEsXz.webp\" alt=\"\" width=\"791\" height=\"549\" /></p>\r\n<p>&nbsp;</p>\r\n<p><img style=\"display: block; margin-left: auto; margin-right: auto;\" src=\"/storage/media/SAEb4WIZ4SGUJaV96RoRMGFXsEIyAlS7QORbobKK.webp\" alt=\"\" width=\"800\" height=\"800\" /></p>\r\n<p>&nbsp;</p>\r\n<p>Product Details:<br /><br /></p>\r\n<ul class=\"product-specs-list util-clearfix\">\r\n<li class=\"product-prop line-limit-length\"><span class=\"property-title\">Eyewear Type:&nbsp;</span><span class=\"property-desc line-limit-length\" title=\"Sunglasses\">Sunglasses</span></li>\r\n<li class=\"product-prop line-limit-length\"><span class=\"property-title\">Item Type:&nbsp;</span><span class=\"property-desc line-limit-length\" title=\"Eyewear\">Eyewear</span></li>\r\n<li class=\"product-prop line-limit-length\"><span class=\"property-title\">Lens Width:&nbsp;</span><span class=\"property-desc line-limit-length\" title=\"50mm\">50mm</span></li>\r\n<li class=\"product-prop line-limit-length\"><span class=\"property-title\">Department Name:&nbsp;</span><span class=\"property-desc line-limit-length\" title=\"Adult\">Adult</span></li>\r\n<li class=\"product-prop line-limit-length\"><span class=\"property-title\">Model Number:&nbsp;</span><span class=\"property-desc line-limit-length\" title=\"FSK3016 rays bain bann\">FSK3016 rays bain bann</span></li>\r\n<li class=\"product-prop line-limit-length\"><span class=\"property-title\">Style:&nbsp;</span><span class=\"property-desc line-limit-length\" title=\"Square\">Square</span></li>\r\n<li class=\"product-prop line-limit-length\"><span class=\"property-title\">Frame Material:&nbsp;</span><span class=\"property-desc line-limit-length\" title=\"Alloy\">Alloy</span></li>\r\n<li class=\"product-prop line-limit-length\"><span class=\"property-title\">Lenses Optical Attribute:&nbsp;</span><span class=\"property-desc line-limit-length\" title=\"Mirror\">Mirror</span></li>\r\n<li class=\"product-prop line-limit-length\"><span class=\"property-title\">Lenses Optical Attribute:&nbsp;</span><span class=\"property-desc line-limit-length\" title=\"UV400\">UV400</span></li>\r\n<li class=\"product-prop line-limit-length\"><span class=\"property-title\">Gender:&nbsp;</span><span class=\"property-desc line-limit-length\" title=\"MEN\">MEN</span></li>\r\n<li class=\"product-prop line-limit-length\"><span class=\"property-title\">Lens Height:&nbsp;</span><span class=\"property-desc line-limit-length\" title=\"44mm\">44mm</span></li>\r\n<li class=\"product-prop line-limit-length\"><span class=\"property-title\">Brand Name:&nbsp;</span><span class=\"property-desc line-limit-length\" title=\"HDSUNFLY\">HDSUNFLY</span></li>\r\n<li class=\"product-prop line-limit-length\" data-spm-anchor-id=\"a2g0o.detail.0.i11.4c2b13e37XvGV8\"><span class=\"property-title\">Lenses Material:&nbsp;</span><span class=\"property-desc line-limit-length\" title=\"Polycarbonate\">Polycarbonate</span></li>\r\n</ul>\r\n<p>&nbsp;</p>\r\n<p>&nbsp;</p>', 'Eyewear Type: Sunglasses\r\n   Item Type: Eyewear\r\n    Lens Width: 50mm\r\n     Department Name: Adult\r\n       Model Number: FSK3016 rays'),
(142, 142, 'ar', 'Tony Stark Sunglasses Men Eye wear Vintage Retro Men\'s Glasses', '<h1 class=\"product-title-text\" style=\"text-align: center;\" data-spm-anchor-id=\"a2g0o.detail.1000016.i2.7ef533f6zOUVzr\">Tony Stark Sunglasses Men Eyewear Vintage</h1>\r\n<p>&nbsp;</p>\r\n<p><img style=\"display: block; margin-left: auto; margin-right: auto;\" src=\"/storage/media/eRvQ2k76QOuyaiPr1uqZEAcwilmbOXdI0f5GH4ZY.webp\" alt=\"\" width=\"791\" height=\"702\" /></p>\r\n<p><img style=\"display: block; margin-left: auto; margin-right: auto;\" src=\"/storage/media/OfyAlffXwx4ngtxH7CYRWXslDMd54mCqTUoBoHQj.webp\" alt=\"\" width=\"791\" height=\"756\" /></p>\r\n<h4><img style=\"display: block; margin-left: auto; margin-right: auto;\" src=\"/storage/media/GnlbQ9iET15vQCwIBl1fGsOgGUd324xNfUhyfBeM.jpeg\" alt=\"\" width=\"791\" height=\"799\" /></h4>\r\n<h4>Description:</h4>\r\n<ul class=\"product-specs-list util-clearfix\">\r\n<li class=\"product-prop line-limit-length\"><span class=\"property-title\">Brand Name:&nbsp;</span><span class=\"property-desc line-limit-length\" title=\"QUISVIKER\">QUISVIKER</span></li>\r\n<li class=\"product-prop line-limit-length\"><span class=\"property-title\">Gender:&nbsp;</span><span class=\"property-desc line-limit-length\" title=\"MEN\">MEN</span></li>\r\n<li class=\"product-prop line-limit-length\"><span class=\"property-title\">Style:&nbsp;</span><span class=\"property-desc line-limit-length\" title=\"Square\">Square</span></li>\r\n<li class=\"product-prop line-limit-length\"><span class=\"property-title\">Department Name:&nbsp;</span><span class=\"property-desc line-limit-length\" title=\"Adult\">Adult</span></li>\r\n<li class=\"product-prop line-limit-length\"><span class=\"property-title\">Frame Material:&nbsp;</span><span class=\"property-desc line-limit-length\" title=\"Polycarbonate\">Polycarbonate</span></li>\r\n<li class=\"product-prop line-limit-length\"><span class=\"property-title\">Lenses Optical Attribute:&nbsp;</span><span class=\"property-desc line-limit-length\" title=\"UV400\">UV400</span></li>\r\n<li class=\"product-prop line-limit-length\"><span class=\"property-title\">Eyewear Type:&nbsp;</span><span class=\"property-desc line-limit-length\" title=\"Sunglasses\">Sunglasses</span></li>\r\n<li class=\"product-prop line-limit-length\" data-spm-anchor-id=\"a2g0o.detail.0.i10.7ef533f6zOUVzr\"><span class=\"property-title\">Item Type:&nbsp;</span><span class=\"property-desc line-limit-length\" title=\"Eyewear\">Eyewear</span></li>\r\n</ul>\r\n<p>&nbsp;</p>\r\n<p>&nbsp;</p>\r\n<p>&nbsp;</p>', 'Brand Name: QUISVIKER\r\n   Gender: MENStyle: Square\r\n    Department Name: Adult\r\n      Frame Material: Polycarbonate\r\n        Lenses Optical Attribute: UV400\r\n          Eyewear Type: Sunglasses'),
(143, 143, 'ar', 'Round Sunglasses Polarized Women Men 2018 New Fashion', '<h1 style=\"text-align: center;\">Round Sunglasses Polarized Women Men 2018&nbsp;</h1>\r\n<p>&nbsp;</p>\r\n<p><img style=\"display: block; margin-left: auto; margin-right: auto;\" src=\"/storage/media/XkI9INpSeqtz6cbadDFkLYuV0fqRL3ApGDcy05oy.jpeg\" alt=\"\" width=\"836\" height=\"548\" /></p>\r\n<p>&nbsp;</p>\r\n<p><img style=\"display: block; margin-left: auto; margin-right: auto;\" src=\"/storage/media/cIVIQ6LyeFsoaU1w3lGDELQfJ4M5hUQm8UQbsmnF.webp\" alt=\"\" width=\"800\" height=\"800\" /></p>\r\n<p>&nbsp;</p>\r\n<p><img style=\"display: block; margin-left: auto; margin-right: auto;\" src=\"/storage/media/dLVzbtz219Zhbb216Jw4EkM0ZQ2DBQlF0G752v0F.webp\" alt=\"\" width=\"800\" height=\"800\" /></p>\r\n<p>&nbsp;</p>\r\n<p><img style=\"display: block; margin-left: auto; margin-right: auto;\" src=\"/storage/media/63T8nlrgqYcEzb7hRHrRirMFm6rU0JiEXWP4eDjc.webp\" alt=\"\" width=\"800\" height=\"800\" /></p>\r\n<p>&nbsp;</p>\r\n<p><img style=\"display: block; margin-left: auto; margin-right: auto;\" src=\"/storage/media/467YlRLsrzpHtSTScAD0vUIgpg4PDDJp8aFPBAyQ.webp\" alt=\"\" width=\"791\" height=\"762\" /></p>\r\n<p>&nbsp;</p>\r\n<h4><img style=\"display: block; margin-left: auto; margin-right: auto;\" src=\"/storage/media/KeuUJaKIXrapTwgibmVk17dx1uxXir5euhPcJVRt.webp\" alt=\"\" width=\"800\" height=\"907\" /></h4>\r\n<h4>Details:</h4>\r\n<ul class=\"product-specs-list util-clearfix\">\r\n<li class=\"product-prop line-limit-length\"><span class=\"property-title\">Eyewear Type:&nbsp;</span><span class=\"property-desc line-limit-length\" title=\"Sunglasses\">Sunglasses</span></li>\r\n<li class=\"product-prop line-limit-length\"><span class=\"property-title\">Item Type:&nbsp;</span><span class=\"property-desc line-limit-length\" title=\"Eyewear\">Eyewear</span></li>\r\n<li class=\"product-prop line-limit-length\"><span class=\"property-title\">Style:&nbsp;</span><span class=\"property-desc line-limit-length\" title=\"ROUND\">ROUND</span></li>\r\n<li class=\"product-prop line-limit-length\"><span class=\"property-title\">Lenses Optical Attribute:&nbsp;</span><span class=\"property-desc line-limit-length\" title=\"UV400\">UV400</span></li>\r\n<li class=\"product-prop line-limit-length\"><span class=\"property-title\">Lenses Optical Attribute:&nbsp;</span><span class=\"property-desc line-limit-length\" title=\"Mirror\">Mirror</span></li>\r\n<li class=\"product-prop line-limit-length\"><span class=\"property-title\">Lenses Optical Attribute:&nbsp;</span><span class=\"property-desc line-limit-length\" title=\"Polarized\">Polarized</span></li>\r\n<li class=\"product-prop line-limit-length\"><span class=\"property-title\">Frame Material:&nbsp;</span><span class=\"property-desc line-limit-length\" title=\"Alloy\">Alloy</span></li>\r\n<li class=\"product-prop line-limit-length\"><span class=\"property-title\">Gender:&nbsp;</span><span class=\"property-desc line-limit-length\" title=\"WOMEN\">WOMEN</span></li>\r\n<li class=\"product-prop line-limit-length\"><span class=\"property-title\">Department Name:&nbsp;</span><span class=\"property-desc line-limit-length\" title=\"Adult\">Adult</span></li>\r\n<li class=\"product-prop line-limit-length\"><span class=\"property-title\">Lenses Material:&nbsp;</span><span class=\"property-desc line-limit-length\" title=\"Polaroid\">Polaroid</span></li>\r\n<li class=\"product-prop line-limit-length\"><span class=\"property-title\">Lens Height:&nbsp;</span><span class=\"property-desc line-limit-length\" title=\"47mm\">47mm</span></li>\r\n<li class=\"product-prop line-limit-length\" data-spm-anchor-id=\"a2g0o.detail.0.i10.4d505b41ijGeHq\"><span class=\"property-title\">Lens Width:&nbsp;</span><span class=\"property-desc line-limit-length\" title=\"47mm\">47mm</span></li>\r\n<li class=\"product-prop line-limit-length\"><span class=\"property-title\">Model Number:&nbsp;</span><span class=\"property-desc line-limit-length\" title=\"GD3447 Rays Bain Bann\">GD3447 Rays Bain Bann</span></li>\r\n<li class=\"product-prop line-limit-length\" data-spm-anchor-id=\"a2g0o.detail.0.i11.4d505b41ijGeHq\"><span class=\"property-title\">Brand Name:&nbsp;</span><span class=\"property-desc line-limit-length\" title=\"HDSUNFLY\">HDSUNFLY</span></li>\r\n</ul>', 'Eyewear Type: Sunglasses\r\n   Item Type: Eyewear\r\n    Style: ROUND\r\n      Lenses Optical Attribute: UV400\r\n        Lenses Optical Attribute: Mirror\r\n           Lenses Optical Attribute: Polarized\r\n             Frame Material: Alloy'),
(144, 144, 'ar', 'NaranjaSabor Fashion Thin Men\'s Jackets', '<h1 class=\"product-title-text\" style=\"text-align: center;\">NaranjaSabor Fashion Thin Men\'s Jackets</h1>\r\n<p>&nbsp;</p>\r\n<p><img style=\"display: block; margin-left: auto; margin-right: auto;\" src=\"/storage/media/jJM6HkSgR7J4Nqbp7ki2DDoEQbann3GnoOvmR22T.webp\" alt=\"\" width=\"800\" height=\"800\" /></p>\r\n<p>&nbsp;</p>\r\n<p><img style=\"display: block; margin-left: auto; margin-right: auto;\" src=\"/storage/media/OS93hRgQihp7LTp7lQNvxB0JSY1rwdNzTbjkTJR8.webp\" alt=\"\" width=\"800\" height=\"800\" /></p>\r\n<p>&nbsp;</p>\r\n<p>&nbsp;</p>\r\n<p><img style=\"display: block; margin-left: auto; margin-right: auto;\" src=\"/storage/media/XdxUWgpBmWGP2iPCXuKHhphMivDrxLhNwqITmy4W.webp\" alt=\"\" width=\"931\" height=\"2395\" /></p>\r\n<h4>Product Details:</h4>\r\n<ul class=\"product-specs-list util-clearfix\">\r\n<li class=\"product-prop line-limit-length\"><span class=\"property-title\">Brand Name:&nbsp;</span><span class=\"property-desc line-limit-length\" title=\"NaranjaSabor\">NaranjaSabor</span></li>\r\n<li class=\"product-prop line-limit-length\"><span class=\"property-title\">Thickness:&nbsp;</span><span class=\"property-desc line-limit-length\" title=\"STANDARD\">STANDARD</span></li>\r\n<li class=\"product-prop line-limit-length\"><span class=\"property-title\">Hooded:&nbsp;</span><span class=\"property-desc line-limit-length\" title=\"No\">No</span></li>\r\n<li class=\"product-prop line-limit-length\"><span class=\"property-title\">Material:&nbsp;</span><span class=\"property-desc line-limit-length\" title=\"Polyester\">Polyester</span></li>\r\n<li class=\"product-prop line-limit-length\"><span class=\"property-title\">Material:&nbsp;</span><span class=\"property-desc line-limit-length\" title=\"COTTON\">COTTON</span></li>\r\n<li class=\"product-prop line-limit-length\"><span class=\"property-title\">Closure Type:&nbsp;</span><span class=\"property-desc line-limit-length\" title=\"zipper\">zipper</span></li>\r\n<li class=\"product-prop line-limit-length\"><span class=\"property-title\">Decoration:&nbsp;</span><span class=\"property-desc line-limit-length\" title=\"Zippers\">Zippers</span></li>\r\n<li class=\"product-prop line-limit-length\"><span class=\"property-title\">Pattern Type:&nbsp;</span><span class=\"property-desc line-limit-length\" title=\"Solid\">Solid</span></li>\r\n<li class=\"product-prop line-limit-length\"><span class=\"property-title\">Gender:&nbsp;</span><span class=\"property-desc line-limit-length\" title=\"MEN\">MEN</span></li>\r\n<li class=\"product-prop line-limit-length\"><span class=\"property-title\">Item Type:&nbsp;</span><span class=\"property-desc line-limit-length\" title=\"Outerwear &amp; Coats\">Outerwear &amp; Coats</span></li>\r\n<li class=\"product-prop line-limit-length\"><span class=\"property-title\">Type:&nbsp;</span><span class=\"property-desc line-limit-length\" title=\"REGULAR\">REGULAR</span></li>\r\n<li class=\"product-prop line-limit-length\"><span class=\"property-title\">Collar:&nbsp;</span><span class=\"property-desc line-limit-length\" title=\"Stand\">Stand</span></li>\r\n<li class=\"product-prop line-limit-length\"><span class=\"property-title\">Sleeve Style:&nbsp;</span><span class=\"property-desc line-limit-length\" title=\"REGULAR\">REGULAR</span></li>\r\n<li class=\"product-prop line-limit-length\"><span class=\"property-title\">Detachable Part:&nbsp;</span><span class=\"property-desc line-limit-length\" title=\"NONE\">NONE</span></li>\r\n<li class=\"product-prop line-limit-length\"><span class=\"property-title\">Model Number:&nbsp;</span><span class=\"property-desc line-limit-length\" title=\"NZXX483\">NZXX483</span></li>\r\n<li class=\"product-prop line-limit-length\"><span class=\"property-title\">Style:&nbsp;</span><span class=\"property-desc line-limit-length\" title=\"Casual\">Casual</span></li>\r\n<li class=\"product-prop line-limit-length\"><span class=\"property-title\">Outerwear Type:&nbsp;</span><span class=\"property-desc line-limit-length\" title=\"Jackets\">Jackets</span></li>\r\n<li class=\"product-prop line-limit-length\"><span class=\"property-title\">Lining Material:&nbsp;</span><span class=\"property-desc line-limit-length\" title=\"Polyester\">Polyester</span></li>\r\n<li class=\"product-prop line-limit-length\"><span class=\"property-title\">Cuff Style:&nbsp;</span><span class=\"property-desc line-limit-length\" title=\"Conventional\">Conventional</span></li>\r\n<li class=\"product-prop line-limit-length\"><span class=\"property-title\">Clothing Length:&nbsp;</span><span class=\"property-desc line-limit-length\" title=\"REGULAR\">REGULAR</span></li>\r\n<li class=\"product-prop line-limit-length\"><span class=\"property-title\">Color:&nbsp;</span><span class=\"property-desc line-limit-length\" title=\"Black,Khaki\">Black,Khaki</span></li>\r\n<li class=\"product-prop line-limit-length\"><span class=\"property-title\">Size:&nbsp;</span><span class=\"property-desc line-limit-length\" title=\"M,L,XL,2XL,3XL,4XL,5XL\">M,L,XL,2XL,3XL,4XL,5XL</span></li>\r\n<li class=\"product-prop line-limit-length\"><span class=\"property-title\">Type1:&nbsp;</span><span class=\"property-desc line-limit-length\" title=\"Mens Tactical Psrksd\">Mens Tactical Psrksd</span></li>\r\n<li class=\"product-prop line-limit-length\"><span class=\"property-title\">Drop shipping:&nbsp;</span><span class=\"property-desc line-limit-length\" title=\"dropshipping\">dropshipping</span></li>\r\n<li class=\"product-prop line-limit-length\"><span class=\"property-title\">Type2:&nbsp;</span><span class=\"property-desc line-limit-length\" title=\"Men\'s Spring Coat\">Men\'s Spring Coat</span></li>\r\n<li class=\"product-prop line-limit-length\"><span class=\"property-title\">Type3:&nbsp;</span><span class=\"property-desc line-limit-length\" title=\"Male Jackets\">Male Jackets</span></li>\r\n<li class=\"product-prop line-limit-length\" data-spm-anchor-id=\"a2g0o.detail.0.i9.656c40d6OxduAH\"><span class=\"property-title\">Type4:&nbsp;</span><span class=\"property-desc line-limit-length\" title=\"Mens Outerwear Clothing\">Mens Outerwear Clothing</span></li>\r\n</ul>\r\n<p>&nbsp;</p>', 'Brand Name: NaranjaSabor\r\n  Thickness: STANDARD\r\n    Hooded: No\r\n    Material: Polyester\r\n    Material: COTTON\r\n    Closure Type: zipper\r\n    Decoration: Zippers');
INSERT INTO `product_translations` (`id`, `product_id`, `locale`, `name`, `description`, `short_description`) VALUES
(145, 145, 'ar', 'New Spring Summer Thin Casual Jacket Mens Fashion', '<h1 class=\"product-title-text\" style=\"text-align: center;\">New Spring Summer Thin Casual Jacket</h1>\r\n<p>&nbsp;</p>\r\n<p><img style=\"display: block; margin-left: auto; margin-right: auto;\" src=\"/storage/media/4oyrUCHB4M7E1SQXKPuE63PwRl6v3wStyojLpoAD.webp\" alt=\"\" width=\"800\" height=\"800\" /></p>\r\n<p><img style=\"display: block; margin-left: auto; margin-right: auto;\" src=\"/storage/media/4XUINjoY4ralSEZHZsYd2i9dRvnsSpdySGmctkEO.jpeg\" alt=\"\" width=\"800\" height=\"800\" /></p>\r\n<p>&nbsp;</p>\r\n<p><img style=\"display: block; margin-left: auto; margin-right: auto;\" src=\"/storage/media/VatTAZY0axk6iUY9I0dPVrdIVfM3WFrsp4C3nk2A.jpeg\" alt=\"\" width=\"791\" height=\"1257\" /></p>\r\n<p><img style=\"display: block; margin-left: auto; margin-right: auto;\" src=\"/storage/media/aWpqJPdbSqe3XQieeHIxdGnMt6URvGHEZw62sRYF.jpeg\" alt=\"\" width=\"791\" height=\"1350\" /></p>\r\n<p><img style=\"display: block; margin-left: auto; margin-right: auto;\" src=\"/storage/media/MURwWxJ9PfD3pdS48GIUHCVCTwqvsc5yolI4WUER.jpeg\" alt=\"\" width=\"791\" height=\"546\" /></p>\r\n<p><img style=\"display: block; margin-left: auto; margin-right: auto;\" src=\"/storage/media/iZcVvug0ejIvXc5WmpMnSQrkhuxzsUEYlgqheE5a.jpeg\" alt=\"\" width=\"791\" height=\"654\" /></p>\r\n<h4>&nbsp;</h4>\r\n<h4>Product Details:</h4>\r\n<ul class=\"product-specs-list util-clearfix\">\r\n<li class=\"product-prop line-limit-length\"><span class=\"property-title\">Brand Name:&nbsp;</span><span class=\"property-desc line-limit-length\" title=\"woodvoice\">woodvoice</span></li>\r\n<li class=\"product-prop line-limit-length\"><span class=\"property-title\">Closure Type:&nbsp;</span><span class=\"property-desc line-limit-length\" title=\"zipper\">zipper</span></li>\r\n<li class=\"product-prop line-limit-length\"><span class=\"property-title\">Type:&nbsp;</span><span class=\"property-desc line-limit-length\" title=\"REGULAR\">REGULAR</span></li>\r\n<li class=\"product-prop line-limit-length\"><span class=\"property-title\">Model Number:&nbsp;</span><span class=\"property-desc line-limit-length\" title=\"HT5575\">HT5575</span></li>\r\n<li class=\"product-prop line-limit-length\"><span class=\"property-title\">Pattern Type:&nbsp;</span><span class=\"property-desc line-limit-length\" title=\"Solid\">Solid</span></li>\r\n<li class=\"product-prop line-limit-length\"><span class=\"property-title\">Sleeve Style:&nbsp;</span><span class=\"property-desc line-limit-length\" title=\"REGULAR\">REGULAR</span></li>\r\n<li class=\"product-prop line-limit-length\"><span class=\"property-title\">Clothing Length:&nbsp;</span><span class=\"property-desc line-limit-length\" title=\"REGULAR\">REGULAR</span></li>\r\n<li class=\"product-prop line-limit-length\"><span class=\"property-title\">Thickness:&nbsp;</span><span class=\"property-desc line-limit-length\" title=\"STANDARD\">STANDARD</span></li>\r\n<li class=\"product-prop line-limit-length\"><span class=\"property-title\">Hooded:&nbsp;</span><span class=\"property-desc line-limit-length\" title=\"No\">No</span></li>\r\n<li class=\"product-prop line-limit-length\"><span class=\"property-title\">Decoration:&nbsp;</span><span class=\"property-desc line-limit-length\" title=\"NONE\">NONE</span></li>\r\n<li class=\"product-prop line-limit-length\"><span class=\"property-title\">Style:&nbsp;</span><span class=\"property-desc line-limit-length\" title=\"Smart Casual\">Smart Casual</span></li>\r\n<li class=\"product-prop line-limit-length\"><span class=\"property-title\">Material:&nbsp;</span><span class=\"property-desc line-limit-length\" title=\"Polyester\">Polyester</span></li>\r\n<li class=\"product-prop line-limit-length\"><span class=\"property-title\">Collar:&nbsp;</span><span class=\"property-desc line-limit-length\" title=\"Turn-down Collar\">Turn-down Collar</span></li>\r\n<li class=\"product-prop line-limit-length\"><span class=\"property-title\">Detachable Part:&nbsp;</span><span class=\"property-desc line-limit-length\" title=\"NONE\">NONE</span></li>\r\n<li class=\"product-prop line-limit-length\" data-spm-anchor-id=\"a2g0o.detail.0.i10.5e5441b8wYhFgc\"><span class=\"property-title\">Lining Material:&nbsp;</span><span class=\"property-desc line-limit-length\" title=\"Polyester\">Polyester</span></li>\r\n</ul>', 'Brand Name: woodvoice\r\n   Closure Type: zipper\r\n    Type: REGULAR3\r\n      Model Number: HT5575\r\n        Pattern Type: Solid'),
(146, 146, 'ar', 'Hot Mens Parka Coats Men Winter Warm Hooded', '<h1 class=\"product-title-text\" style=\"text-align: center;\">Hot Mens Parka Coats Men Winter Warm Hooded</h1>\r\n<p>&nbsp;</p>\r\n<p><img style=\"display: block; margin-left: auto; margin-right: auto;\" src=\"/storage/media/A5gyeRPTAlypEKW4DwSKqtBn6kE9FwpCY7Prk6kl.webp\" alt=\"\" width=\"800\" height=\"800\" /></p>\r\n<p><img style=\"display: block; margin-left: auto; margin-right: auto;\" src=\"/storage/media/MmyFGY9CN8vxPOlsR2GGDiWPN34syp2NKUAACeKk.webp\" alt=\"\" width=\"800\" height=\"800\" /></p>\r\n<p><img style=\"display: block; margin-left: auto; margin-right: auto;\" src=\"/storage/media/SECgFYrrSpC2bLSsL3hUAnzKhnFwAXOsRcQJKh35.webp\" alt=\"\" width=\"751\" height=\"1680\" /></p>\r\n<p><img style=\"display: block; margin-left: auto; margin-right: auto;\" src=\"/storage/media/PB2khzC9L7qXkpJjxLF1FdVtWaAgvRk2fNrGLpH2.jpeg\" alt=\"\" width=\"751\" height=\"1099\" /></p>\r\n<p><img style=\"display: block; margin-left: auto; margin-right: auto;\" src=\"/storage/media/cJnQFJSLoSujJXMTmbDGKjx4diDwneZ4Rmg14uDT.webp\" alt=\"\" width=\"751\" height=\"1116\" /></p>\r\n<p><img style=\"display: block; margin-left: auto; margin-right: auto;\" src=\"/storage/media/WsjufDKdOjsE1RhUwka7HsOFaDEt1QCbqtoH7bYb.webp\" alt=\"\" width=\"751\" height=\"804\" /></p>\r\n<h4>&nbsp;</h4>\r\n<h4>Product Details:</h4>\r\n<ul class=\"product-specs-list util-clearfix\">\r\n<li class=\"product-prop line-limit-length\"><span class=\"property-title\">Brand Name:&nbsp;</span><span class=\"property-desc line-limit-length\" title=\"CARSONYEUNG\">CARSONYEUNG</span></li>\r\n<li class=\"product-prop line-limit-length\"><span class=\"property-title\">Closure Type:&nbsp;</span><span class=\"property-desc line-limit-length\" title=\"zipper\">zipper</span></li>\r\n<li class=\"product-prop line-limit-length\"><span class=\"property-title\">Item Type:&nbsp;</span><span class=\"property-desc line-limit-length\" title=\"Outerwear &amp; Coats\">Outerwear &amp; Coats</span></li>\r\n<li class=\"product-prop line-limit-length\"><span class=\"property-title\">Model Number:&nbsp;</span><span class=\"property-desc line-limit-length\" title=\"JK-LMMY90\">JK-LMMY90</span></li>\r\n<li class=\"product-prop line-limit-length\"><span class=\"property-title\">Sleeve Style:&nbsp;</span><span class=\"property-desc line-limit-length\" title=\"REGULAR\">REGULAR</span></li>\r\n<li class=\"product-prop line-limit-length\"><span class=\"property-title\">Thickness:&nbsp;</span><span class=\"property-desc line-limit-length\" title=\"Thick （Winter)\">Thick （Winter)</span></li>\r\n<li class=\"product-prop line-limit-length\"><span class=\"property-title\">Hooded:&nbsp;</span><span class=\"property-desc line-limit-length\" title=\"Yes\">Yes</span></li>\r\n<li class=\"product-prop line-limit-length\"><span class=\"property-title\">Outerwear Type:&nbsp;</span><span class=\"property-desc line-limit-length\" title=\"Jackets\">Jackets</span></li>\r\n<li class=\"product-prop line-limit-length\"><span class=\"property-title\">Detachable Part:&nbsp;</span><span class=\"property-desc line-limit-length\" title=\"NONE\">NONE</span></li>\r\n<li class=\"product-prop line-limit-length\"><span class=\"property-title\">Lining Material:&nbsp;</span><span class=\"property-desc line-limit-length\" title=\"Polyester / Cotton\">Polyester / Cotton</span></li>\r\n<li class=\"product-prop line-limit-length\"><span class=\"property-title\">Type:&nbsp;</span><span class=\"property-desc line-limit-length\" title=\"Loose\">Loose</span></li>\r\n<li class=\"product-prop line-limit-length\"><span class=\"property-title\">Pattern Type:&nbsp;</span><span class=\"property-desc line-limit-length\" title=\"Patchwork\">Patchwork</span></li>\r\n<li class=\"product-prop line-limit-length\"><span class=\"property-title\">Gender:&nbsp;</span><span class=\"property-desc line-limit-length\" title=\"MEN\">MEN</span></li>\r\n<li class=\"product-prop line-limit-length\"><span class=\"property-title\">Clothing Length:&nbsp;</span><span class=\"property-desc line-limit-length\" title=\"REGULAR\">REGULAR</span></li>\r\n<li class=\"product-prop line-limit-length\"><span class=\"property-title\">Decoration:&nbsp;</span><span class=\"property-desc line-limit-length\" title=\"Fur\">Fur</span></li>\r\n<li class=\"product-prop line-limit-length\"><span class=\"property-title\">Style:&nbsp;</span><span class=\"property-desc line-limit-length\" title=\"Casual\">Casual</span></li>\r\n<li class=\"product-prop line-limit-length\"><span class=\"property-title\">Material:&nbsp;</span><span class=\"property-desc line-limit-length\" title=\"Cashmere\">Cashmere</span></li>\r\n<li class=\"product-prop line-limit-length\"><span class=\"property-title\">Material:&nbsp;</span><span class=\"property-desc line-limit-length\" title=\"COTTON\">COTTON</span></li>\r\n<li class=\"product-prop line-limit-length\" data-spm-anchor-id=\"a2g0o.detail.0.i9.696a5636PMl9Gb\"><span class=\"property-title\">Material:&nbsp;</span><span class=\"property-desc line-limit-length\" title=\"Polyester\">Polyester</span></li>\r\n</ul>\r\n<p>&nbsp;</p>\r\n<p>&nbsp;</p>', 'Brand Name: CARSONYEUNG\r\n    Closure Type: zipper\r\n     Item Type: Outerwear & Coats\r\n      Model Number: JK-LMMY90\r\n        Sleeve Style: REGULAR\r\n          Thickness: Thick （Winter)\r\n            Hooded: Yes'),
(147, 147, 'ar', 'Apple 32-inch Pro Display XDR with Retina 6K Display', '<h1 id=\"title\" class=\"a-size-large a-spacing-none\" style=\"text-align: center;\"><span id=\"productTitle\" class=\"a-size-large\">Apple 32-inch Pro Display XDR with Retina 6K</span></h1>\r\n<p><span class=\"a-size-large\"><img style=\"display: block; margin-left: auto; margin-right: auto;\" src=\"/storage/media/iTuGsPhg45NNy1BjYBAijlpQF7ThpQiZIA527YYt.jpeg\" alt=\"\" width=\"1500\" height=\"1269\" /></span></p>\r\n<p><span class=\"a-size-large\"><img style=\"display: block; margin-left: auto; margin-right: auto;\" src=\"/storage/media/oohXvnbcwoxhKk92rUoVoKhRg69UWq9yMXTaXu1L.jpeg\" alt=\"\" width=\"1500\" height=\"1269\" /></span></p>\r\n<p><span class=\"a-size-large\"><img style=\"display: block; margin-left: auto; margin-right: auto;\" src=\"/storage/media/AbhtHxwIc7IsPPnAM6MPS5jmhqM4l4s31w9VzTCi.jpeg\" alt=\"\" width=\"1500\" height=\"1269\" /></span></p>\r\n<p><span class=\"a-size-large\"><img style=\"display: block; margin-left: auto; margin-right: auto;\" src=\"/storage/media/IGs0n8Ab1LTtJXjs5EERn8yR9s3IbNgzNK7UfmJM.jpeg\" alt=\"\" width=\"1500\" height=\"1269\" /></span></p>\r\n<p><span class=\"a-size-large\"><img style=\"display: block; margin-left: auto; margin-right: auto;\" src=\"/storage/media/Dd0reK2TRIYveu11c1SiVt17GM0hCAB2yFLqV25d.jpeg\" alt=\"\" width=\"1500\" height=\"1269\" /></span></p>\r\n<h4><span class=\"a-size-large\"><img style=\"display: block; margin-left: auto; margin-right: auto;\" src=\"/storage/media/pqSpQde3RuSatFb9gIZ5aYELRyEvoMDzki9LecAz.jpeg\" alt=\"\" width=\"1500\" height=\"1269\" /></span></h4>\r\n<h4><span class=\"a-size-large\">Details:</span></h4>\r\n<ul class=\"a-unordered-list a-vertical a-spacing-none\">\r\n<li><span class=\"a-list-item\">32-inch LCD display with Retina 6K resolution (6016 by 3384 pixels)</span></li>\r\n<li><span class=\"a-list-item\">Pro Stand and VESA Mount Adapter sold separately</span></li>\r\n<li><span class=\"a-list-item\">Extreme Dynamic Range (XDR)</span></li>\r\n<li><span class=\"a-list-item\">Brightness: 1000 nits sustained, 1600 nits peak</span></li>\r\n<li><span class=\"a-list-item\">Contrast ratio: 1,000,000:1</span></li>\r\n<li><span class=\"a-list-item\">P3 wide color gamut, 10-bit color depth</span></li>\r\n<li><span class=\"a-list-item\">Superwide viewing angle</span></li>\r\n</ul>\r\n<div class=\"a-row a-expander-container a-expander-inline-container\" aria-live=\"polite\">\r\n<div class=\"a-expander-content a-expander-extend-content a-expander-content-expanded\" aria-expanded=\"true\">\r\n<ul class=\"a-unordered-list a-vertical a-spacing-none\">\r\n<li><span class=\"a-list-item\">Reference modes</span></li>\r\n<li><span class=\"a-list-item\">One Thunderbolt 3 port, three USB-C ports</span></li>\r\n</ul>\r\n<h4>&nbsp;</h4>\r\n<h4>Technical Details:&nbsp;</h4>\r\n<table id=\"productDetails_techSpec_section_1\" class=\"a-keyvalue prodDetTable\" role=\"presentation\">\r\n<tbody>\r\n<tr>\r\n<th class=\"a-color-secondary a-size-base prodDetSectionEntry\" style=\"text-align: left;\">Product Dimensions</th>\r\n<td class=\"a-size-base\" style=\"text-align: right;\">33.94 x 4.57 x 22.44 inches</td>\r\n</tr>\r\n<tr>\r\n<th class=\"a-color-secondary a-size-base prodDetSectionEntry\" style=\"text-align: left;\">Item Weight</th>\r\n<td class=\"a-size-base\" style=\"text-align: right;\">32.9 pounds</td>\r\n</tr>\r\n<tr>\r\n<th class=\"a-color-secondary a-size-base prodDetSectionEntry\" style=\"text-align: left;\">Manufacturer</th>\r\n<td class=\"a-size-base\" style=\"text-align: right;\">Apple Computer</td>\r\n</tr>\r\n<tr>\r\n<th class=\"a-color-secondary a-size-base prodDetSectionEntry\" style=\"text-align: left;\">ASIN</th>\r\n<td class=\"a-size-base\" style=\"text-align: right;\">B082M1P2ZQ</td>\r\n</tr>\r\n<tr>\r\n<th class=\"a-color-secondary a-size-base prodDetSectionEntry\" style=\"text-align: left;\">UNSPSC Code</th>\r\n<td class=\"a-size-base\" style=\"text-align: right;\">43211900</td>\r\n</tr>\r\n<tr>\r\n<th class=\"a-color-secondary a-size-base prodDetSectionEntry\" style=\"text-align: left;\">Item model number</th>\r\n<td class=\"a-size-base\" style=\"text-align: right;\">MWPF2LL/A</td>\r\n</tr>\r\n<tr>\r\n<th class=\"a-color-secondary a-size-base prodDetSectionEntry\" style=\"text-align: left;\">Date First Available</th>\r\n<td class=\"a-size-base\" style=\"text-align: right;\">December 12, 2019</td>\r\n</tr>\r\n</tbody>\r\n</table>\r\n</div>\r\n</div>\r\n<p>&nbsp;</p>\r\n<div class=\"a-expander-content a-expander-extend-content\" aria-expanded=\"true\">\r\n<div class=\"a-row a-expander-container a-expander-inline-container\" aria-live=\"polite\">&nbsp;</div>\r\n</div>', '32-inch LCD display with Retina 6K resolution (6016 by 3384 pixels)\r\nPro Stand and VESA Mount Adapter sold separately\r\nExtreme Dynamic Range (XDR)\r\nBrightness: 1000 nits sustained, 1600 nits peak\r\nContrast ratio: 1,000,000:1\r\nP3 wide color gamut, 10-bit color depth\r\nSuperwide viewing angle\r\nReference modes\r\nOne Thunderbolt 3 port, three USB-C ports'),
(148, 148, 'ar', 'New Apple Mac Mini (3.6GHz Quad-core 8th-Generation)', '<h1 id=\"title\" class=\"a-size-large a-spacing-none\" style=\"text-align: center;\"><span id=\"productTitle\" class=\"a-size-large\">Mac Mini (3.6GHz Quad-core 8th-Generation)</span></h1>\r\n<p>&nbsp;</p>\r\n<p><span class=\"a-size-large\"><img style=\"display: block; margin-left: auto; margin-right: auto;\" src=\"/storage/media/d1ozzIORjADACJK58ve3jE2XdmnAK7dSVry06UCv.jpeg\" alt=\"\" width=\"1500\" height=\"784\" /></span></p>\r\n<p>&nbsp;</p>\r\n<p><span class=\"a-size-large\"><img style=\"display: block; margin-left: auto; margin-right: auto;\" src=\"/storage/media/II8z8mdxyg8AIfQvgvje7jaJDGKY0gN6JpJHmWIn.jpeg\" alt=\"\" width=\"1500\" height=\"987\" /></span></p>\r\n<p>&nbsp;</p>\r\n<p><span class=\"a-size-large\"><img style=\"display: block; margin-left: auto; margin-right: auto;\" src=\"/storage/media/7YRC0xB4CPhuqlynEz6XoYysJryQ4G4YlKQlixKG.jpeg\" alt=\"\" width=\"1500\" height=\"666\" /></span></p>\r\n<p>&nbsp;</p>\r\n<p><span class=\"a-size-large\"><img style=\"display: block; margin-left: auto; margin-right: auto;\" src=\"/storage/media/elV8uMPvr5YQmVuXOXhhaBmRM5CZGq9cwBW8fGsS.jpeg\" alt=\"\" width=\"1500\" height=\"1390\" /></span></p>\r\n<p>&nbsp;</p>\r\n<p><span class=\"a-size-large\"><img style=\"display: block; margin-left: auto; margin-right: auto;\" src=\"/storage/media/o3cRhJ7zptmbhuqcBXmP9iHAPEmKW7DMfttBYe96.jpeg\" alt=\"\" width=\"1500\" height=\"1480\" /></span></p>\r\n<p>&nbsp;</p>\r\n<p><span class=\"a-size-large\"><img style=\"display: block; margin-left: auto; margin-right: auto;\" src=\"/storage/media/AQYhloKCGkXhtRQdootulIisZ1FvK2e8dmonF5R6.jpeg\" alt=\"\" width=\"1500\" height=\"732\" /></span></p>\r\n<p>&nbsp;</p>\r\n<h4><span class=\"a-size-large\">Details:</span></h4>\r\n<ul class=\"a-unordered-list a-vertical a-spacing-none\">\r\n<li><span class=\"a-list-item\">Eighth-generation quad-core Intel Core i3</span></li>\r\n<li><span class=\"a-list-item\">Intel UHD Graphics 630</span></li>\r\n<li><span class=\"a-list-item\">8GB 2666MHz DDR4</span></li>\r\n<li><span class=\"a-list-item\">Ultrafast SSD storage</span></li>\r\n<li><span class=\"a-list-item\">Four Thunderbolt 3 (USB-C) ports, one HDMI 2.0 port, and two USB 3 ports</span></li>\r\n<li><span class=\"a-list-item\">Gigabit Ethernet and 802.11ac Wi-Fi</span></li>\r\n<li><span class=\"a-list-item\">The latest version of macOS</span></li>\r\n</ul>\r\n<p>&nbsp;</p>\r\n<h4><span class=\"a-size-large\">Specifications:<br /><br /></span></h4>\r\n<table class=\"a-bordered\">\r\n<tbody>\r\n<tr>\r\n<td style=\"text-align: left;\">\r\n<p><strong>Processor</strong></p>\r\n</td>\r\n<td style=\"text-align: right;\">\r\n<p>3.6GHz quad-core Intel Core i3, 6MB shared L3 cache</p>\r\n</td>\r\n</tr>\r\n<tr>\r\n<td style=\"text-align: left;\">\r\n<p><strong>Connections and Expansion</strong></p>\r\n</td>\r\n<td style=\"text-align: right;\">\r\n<p>Four Thunderbolt 3 (USB-C) ports with support for: DisplayPort, Thunderbolt (up to 40 Gbps), USB 3.1 Gen 2 (up to 10 Gbps), Thunderbolt 2, HDMI, DVI, and VGA supported using adapters (sold separately), Two USB 3 ports (up to 5 Gbps), HDMI 2.0 port, Gigabit Ethernet port (configurable to 10Gb Ethernet), 3.5 mm headphone jack</p>\r\n</td>\r\n</tr>\r\n<tr>\r\n<td style=\"text-align: left;\">\r\n<p><strong>Wireless</strong></p>\r\n</td>\r\n<td style=\"text-align: right;\">\r\n<p>802.11ac Wi-Fi wireless networking IEEE 802.11a/b/g/n compatible, Bluetooth 5.0 wireless technology</p>\r\n</td>\r\n</tr>\r\n<tr>\r\n<td style=\"text-align: left;\">\r\n<p><strong>In the Box</strong></p>\r\n</td>\r\n<td style=\"text-align: right;\">\r\n<p>Mac mini, Power cord</p>\r\n</td>\r\n</tr>\r\n</tbody>\r\n</table>\r\n<p>&nbsp;</p>', 'Eighth-generation quad-core Intel Core i3\r\nIntel UHD Graphics 630\r\n8GB 2666MHz DDR4\r\nUltrafast SSD storage\r\nFour Thunderbolt 3 (USB-C) ports, one HDMI 2.0 port, and two USB 3 ports'),
(149, 149, 'ar', 'Fanmis Men\'s Luxury Analog Quartz Gold Wrist Watches', '<h1 id=\"title\" class=\"a-size-large a-spacing-none a-color-secondary\" style=\"text-align: center;\"><span id=\"productTitle\" class=\"a-size-large\">Men\'s Luxury Analog Quartz Gold Wrist Watches</span></h1>\r\n<p>&nbsp;</p>\r\n<div id=\"dp_productDescription_container_div\" class=\"celwidget\" data-feature-name=\"productDescription\" data-cel-widget=\"dp_productDescription_container_div\">\r\n<div id=\"productDescription_feature_div\" class=\"a-row feature\" data-feature-name=\"productDescription\" data-template-name=\"productDescription\" data-cel-widget=\"productDescription_feature_div\">\r\n<div id=\"productDescription\" class=\"a-section a-spacing-small\">\r\n<h4>Product Description:</h4>\r\n<h4>Highlights:</h4>\r\n<p>Original Japanese Movement: provide precise and accurate time keeping<br />Stainless Steel Strap and Stainless Steel Case Cover<br />German High Hardness Mineral Glass, not easy to wear<br />30M Water Resistant - 3ATM: Daily Use Waterproof, Handwash<br />Calendar Date Window<br />Classic Business Casual Dress Watch Design. Combines quality, leading edge fashion, and value.<br /><br />Features:</p>\r\n<p><br />Stainless Steel case and Stainless Steel case back<br />German High Hardness Mineral Glass<br />Calendar Date Window<br />30M Waterproof<br />Stainless Steel Strap<br /><br />Specification:</p>\r\n<p><br />Dial Color: Black<br />Dial Case Diameter: 1.57 inch / 4.0 cm<br />Dial Case Thickness: 0.43 inch / 1.1 cm<br />Band Color: Gold<br />Band Width: 0.79 inch / 2 cm<br />Band Length: 8.7 inch / 22 cm.<br />Band Clasp Type: Fold Over Clasp<br />Watch Weight: 3.39 oz / 96 g<br /><br />**NOTE**:<br />If mist or droplets found inside watch surface, please contact manufacturer immediately.<br />Clean the strap by a soft cloth on regular bases is highly recommended.<br />Too much water contact will shorter watch life.<br /><br />What Is In The Package:<br />Watch x 1</p>\r\n</div>\r\n</div>\r\n</div>\r\n<div id=\"detailBullets\" class=\"celwidget\" data-feature-name=\"detailBullets\" data-cel-widget=\"detailBullets\">\r\n<div id=\"detailBulletsWrapper_feature_div\" class=\"a-section a-spacing-none feature\" data-feature-name=\"detailBullets\" data-template-name=\"detailBullets\" data-cel-widget=\"detailBulletsWrapper_feature_div\">\r\n<div id=\"detailBullets_feature_div\">\r\n<ul class=\"a-unordered-list a-nostyle a-vertical a-spacing-none\">\r\n<li><span class=\"a-list-item\"><span class=\"a-text-bold\">Department:&nbsp;</span>Mens</span></li>\r\n<li><span class=\"a-list-item\"><span class=\"a-text-bold\">Manufacturer:&nbsp;</span>Fanmis</span></li>\r\n<li><span class=\"a-list-item\"><span class=\"a-text-bold\">Package Dimensions:&nbsp;</span>3.2 x 2.8 x 2.4 inches</span></li>\r\n<li><span class=\"a-list-item\"><span class=\"a-text-bold\">ASIN:&nbsp;</span>B06XHJY5XZ</span></li>\r\n<li><span class=\"a-list-item\"><span class=\"a-text-bold\">UNSPSC Code:&nbsp;</span>54110000</span></li>\r\n<li><span class=\"a-list-item\"><span class=\"a-text-bold\">Item model number:&nbsp;</span>4331787063</span></li>\r\n<li><span class=\"a-list-item\"><span class=\"a-text-bold\">Batteries:&nbsp;</span>1 LR44 batteries required.</span></li>\r\n</ul>\r\n</div>\r\n</div>\r\n</div>', 'PRECISE TIME KEEPING: Japanese Movement, provide precise and accurate time keeping. Japanese battery which can provide the watch strong power.'),
(150, 150, 'ar', 'تليفون', '<p>الوصف</p>', NULL),
(151, 150, 'en', 'Mahmoud', '<p>mahmoud</p>', NULL),
(152, 151, 'ar', 'ساعه رولكس نسائيه', '<p>ساعه رولكس عاليه الدقه والجوده</p>', 'يكتب هنا وصف قصير للمنتج'),
(153, 152, 'ar', 'ساعه نسائيه', '<p>ساعه نسائيه ماركه رولكس ذات دقه عاليه وجوده ممتازه ومتوفره بجميع المقاسات</p>', NULL),
(154, 153, 'ar', 'phone', '<p>....</p>', NULL),
(155, 154, 'ar', 'منتج 22', '<p>وصف المنتج</p>', NULL),
(156, 152, 'en', 'product', '<p>test</p>', NULL),
(158, 156, 'ar', 'Apple iPhone 12 Pro Max with FaceTime - 256GB - Pacific Blue', '<h2><span class=\"-b\">موصفات اساسية</span></h2>\r\n<ul class=\"-pvs -mvxs -phm -lsn\">\r\n<li class=\"-pvxs\"><span class=\"-b\">SKU</span>: AP848MP0HFYPQNAFAMZ</li>\r\n<li class=\"-pvxs\"><span class=\"-b\">اللون</span>: Pacific Blue</li>\r\n<li class=\"-pvxs\"><span class=\"-b\">الخامه الرئيسية</span>: Glass front (Gorilla Glass), glass back (Gorilla Glass), stainless steel frame</li>\r\n<li class=\"-pvxs\"><span class=\"-b\">الموديل</span>: iPhone 12 Pro Max 256GB</li>\r\n<li class=\"-pvxs\"><span class=\"-b\">الحجم (طولx عرضx ارتفاع سم)</span>: 160.8 x 78.1 x 7.4 mm</li>\r\n</ul>', NULL),
(159, 157, 'ar', 'Apple iPhone 11 Pro - 64GB - Gold', '<h2><span style=\"font-weight: 400;\">مواصفات المنتج</span></h2>\r\n<p><span style=\"font-weight: 400;\"><img src=\"/storage/media/7A0FR7OiAuuKDeTNW46viynJpLft1u3wQun4sEfF.jpeg\" alt=\"\" width=\"594\" height=\"251\" /></span></p>\r\n<p><span style=\"font-weight: 400;\">A transformative triple‑camera system that adds tons of capability without complexity. An unprecedented leap in battery life. And a mind‑blowing chip that doubles down on machine learning and pushes the boundaries of what a smartphone can do. Welcome to the first iPhone powerful enough to be called Pro.</span></p>\r\n<p>&nbsp;</p>\r\n<p><strong>Super Retina XDR. A sharp contrast from everything else.</strong></p>\r\n<p><br /><img src=\"/storage/media/EY0OH3KOR2WT5MCb2zdVXWHHaBvByea7wG2mTBrb.jpeg\" alt=\"\" width=\"556\" height=\"255\" /></p>\r\n<p><span style=\"font-weight: 400;\">The Super Retina XDR display boasts not one but two new record levels of brightness and understands when to use them. It hits up to 800 nits when you&rsquo;re out in the sun &mdash; great for shooting and making selects on the go &mdash; and up to 1200 nits when you&rsquo;re viewing extreme dynamic range content. It&rsquo;s like having a Pro Display XDR on your iPhone.</span></p>\r\n<p>&nbsp;</p>\r\n<p><strong>Pro camera system</strong></p>\r\n<p><strong><img src=\"/storage/media/St8YKZgd4tqyYbDc2F0bts0RxWTpQiLHZVEeMAtk.jpeg\" alt=\"\" width=\"588\" height=\"257\" /></strong></p>\r\n<p><span style=\"font-weight: 400;\">Meet the first triple‑camera system to combine cutting‑edge technology with the legendary simplicity of iPhone. Capture up to four times more scene. Get beautiful images in drastically lower light. Shoot the highest‑quality video in a smartphone &mdash; then edit with the same tools you love for photos. You&rsquo;ve never shot with anything like it.</span></p>\r\n<ul>\r\n<li style=\"font-weight: 400;\" aria-level=\"1\"><span style=\"font-weight: 400;\">Expanded field of view. iPhone 11 Pro lets you zoom from the Telephoto all the way out to the new Ultra Wide camera, for an impressive 4x optical zoom range.</span></li>\r\n<li style=\"font-weight: 400;\" aria-level=\"1\"><span style=\"font-weight: 400;\">Elegant, immersive interface. We leveraged the wider field of view to let you see what&rsquo;s happening outside the image frame &mdash; and simply tap to capture it. And there&rsquo;s almost nothing between you and your subject except a new, Pro camera font. So you&rsquo;re always fully immersed in the scene.</span></li>\r\n</ul>\r\n<p>&nbsp;</p>\r\n<p><strong>Take portraits to new places.</strong></p>\r\n<p><strong><img src=\"/storage/media/ODABj4KrIfd1Uolz8vb75wogQqS02Jfsj0OxOLpU.jpeg\" alt=\"\" width=\"570\" height=\"280\" /></strong></p>', NULL),
(160, 158, 'ar', 'كابل شحن ومزامنة بيانات Lightning 1متر أبيض', '<p><span class=\"xf6b4m-5 haZPGi\">الميزات الأساسية</span></p>\r\n<ul>\r\n<li>يتيح لك الاتصال بجهاز الكمبيوتر الخاص بك عبر منفذ USB لتنفيذ عمليات المزامنة والشحن</li>\r\n<li>مواد عالية الجودة تضمن المتانة وطول العمر</li>\r\n<li>يتم توصيله بمحول طاقة USB من أبل لعملية شحن مريحة من مقبس الجدار</li>\r\n<li>متوافق مع مجموعة كبيرة من أجهزة أبل</li>\r\n</ul>', NULL),
(161, 159, 'ar', 'باور بانك محمول للشحن السريع 10000 مللي أمبير / ساعة أسود', '<p><span class=\"xf6b4m-5 haZPGi\">الميزات الأساسية</span></p>\r\n<ul>\r\n<li>بنيت بحماية من درجات الحرارة العالية</li>\r\n<li>موصلات مقاومة للحرارة والتآكل لضمان السلامة الكاملة والمتانة</li>\r\n<li>مصنوعة من مواد عالية الجودة ومتينة لضمان عمر ثني أفضل</li>\r\n</ul>', NULL),
(162, 160, 'ar', 'سماعات أذن إير بودز مع حافظة شحن أبيض', '<p><strong>لا أسلاك، لا تعقيد.</strong></p>\r\n<p>بعد إعداد بسيط بنقرة واحدة فقط، تعمل سماعات آيربودز تلقائياً وتبقى دوماً على اتصال. واستخدامها أيضاً سهل، فهي تستشعر وجودها في أذنيك وتتوقف عن العمل عند رفعها. وسواء كنت تستخدمها مع هاتف آيفون أو ساعة أبل أو جهاز أيباد أو جهاز ماك ستحظى بتجربة آيربودز المذهلة نفسها.</p>\r\n<p>&nbsp;</p>\r\n<p><strong>أداء تطرب له.</strong></p>\r\n<p>تعمل سماعات آيربودز بشريحة H1 الجديدة كلياً التي صممتها أبل لسماعات الرأس. فهي توفر اتصالاً لاسلكياً أكثر سرعة وثباتاً بأجهزتك، إذ تصل سرعة التبديل بين الأجهزة التي تستخدمها مع السماعات إلى الضعف ويصبح زمن الاتصال أسرع بمرة ونصف المرة للمكالمات الهاتفية. وتقلل زمن الانتظار أثناء اللعب بنسبة تصل إلى 30 بالمئة. وبالإضافة إلى هذا، ستنعم دوماً بصوت عالي الجودة إذا كنت تشغل ألعاباً أو تستمع إلى الموسيقى أو تستمتع ببودكاست.</p>\r\n<p>&nbsp;</p>\r\n<p><strong>.بطارية تدوم حتى 24 ساعة</strong></p>\r\n<p>توفر سماعات آيربودز الرائدة 5 ساعات من الاستماع - والآن أصبحت توفر حتى 3 ساعات من التحدث - كل ذلك بشحنة واحدة. وحرصنا على تصميمها لتواكب وتيرتك، بفضل علبة الشحن التي يمكنها الشحن أكثر من مرة لتوفر لك أكثر من 24 ساعة من وقت الاستماع. هل تحتاج إلى شحن سريع؟ ما عليك سوى إعادة سماعات آيربودز إلى العلبة لمدة 15 دقيقة للحصول على ما يصل إلى 3 ساعات من الاستماع و ساعتين من وقت التحدث. للتحقق من البطارية، ما عليك سوى وضع سماعة الآيربودز بجانب هاتف الآيفون.</p>', NULL),
(163, 161, 'ar', 'كابل شحن مغناطيسي 3 في 1 أسود', '<p><span class=\"xf6b4m-5 haZPGi\">الميزات الأساسية</span></p>\r\n<ul>\r\n<li>كابل طويل يعزز مرونة الحركة</li>\r\n<li>سلك ذو قطر واسع ومقاومة منخفضة لزيادة سرعة الشحن</li>\r\n<li>تصميم كفء يجعله مقاوماً للبلي والاستعمال</li>\r\n</ul>', NULL),
(164, 162, 'ar', 'محول للشحن السريع مناسب للسفر مزود بنفذ مايكرو USB أبيض', '<p><span class=\"xf6b4m-5 haZPGi\">الميزات الأساسية</span></p>\r\n<ul>\r\n<li>يتميز بمحول 2 أمبير للسفر ليوفر شحناً فائق السرعة</li>\r\n<li>مزود بكابل قابل للفصل يمكن استخدامه للشحن أو مزامنة البيانات</li>\r\n<li>شريط نقاط الجهد المعززة تقسم الوصلات</li>\r\n</ul>', NULL),
(165, 163, 'ar', 'غطاء حماية لهاتف شاومي مي 9T شفاف', '<p><span class=\"xf6b4m-5 haZPGi\">الميزات الأساسية</span></p>\r\n<ul>\r\n<li>غطاء حماية مصنوع من السيليكون الناعم والشفاف يوفر تغطية كاملة بمقدار 360 درجة لحماية الموبايل من الخدوش والصدمات والحفاظ عليه نظيفاً وجديداً</li>\r\n<li>يتميز بحواف مرتفعة عند شاشة العرض والكاميرا تمنحك الخصوصة وعدم النظر بخلسة</li>\r\n<li>فتحات دقيقة توفر الوصول السهل إلى كل المنافذ والأزرار</li>\r\n<li>يوفر حماية إضافية ضد الخدوش والغبار والبقع والرطوبة</li>\r\n</ul>', NULL),
(166, 164, 'ar', 'Ilove Math Back Cover For Xiaomi Mi Note 10 Lite 6.47بوصة أبيض/أحمر/أسود', '<p><span class=\"xf6b4m-5 haZPGi\">الميزات الأساسية</span></p>\r\n<ul>\r\n<li>التنقل بين واجهات محددة يوفر وصولاً سهلاً إلى جميع المنافذ والأزرار</li>\r\n<li>مصنوع بشكل مثالي لضمان ملاءمة مثالية وقبضة مضادة للانزلاق</li>\r\n<li>منتج يوفر أماناً إضافياً من الخدوش والغبار والبقع والصدمات</li>\r\n<li>يساعد على حماية هاتفك من السقوط العرضي والصدمات والخدوش</li>\r\n</ul>', NULL),
(167, 165, 'ar', 'غطاء حماية مغناطيسي لهاتف أبل آيفون X شفاف/ أسود', '<p><span class=\"xf6b4m-5 haZPGi\">الميزات الأساسية</span></p>\r\n<ul>\r\n<li>التنقل بين واجهات محددة يوفر وصولاً سهلاً إلى جميع المنافذ والأزرار</li>\r\n<li>يوفر حماية إضافية ضد الخدوش والغبار والبقع والرطوبة.</li>\r\n<li>تمنع الحافة المرتفعة الشاشة وعدسة الكاميرا من التلف.</li>\r\n<li>يوفر خصائص المتانة وخفة الوزن في تصميم بشكل نحيف</li>\r\n</ul>', NULL),
(168, 166, 'ar', 'غطاء حماية لهاتف آيفون 11 برو شفاف', '<p><span class=\"sc-1oxmzfx-3 eEfxmF\">المواصفات</span></p>\r\n<div class=\"sc-1oxmzfx-1 kFIlWn\">\r\n<div class=\"sc-1oxmzfx-2 ZHRIV\">\r\n<table>\r\n<tbody>\r\n<tr>\r\n<td>توافق الماركة</td>\r\n<td>apple</td>\r\n</tr>\r\n<tr>\r\n<td>اسم اللون</td>\r\n<td>شفاف</td>\r\n</tr>\r\n<tr>\r\n<td>اسم الموديل</td>\r\n<td>TPU</td>\r\n</tr>\r\n</tbody>\r\n</table>\r\n</div>\r\n<div class=\"sc-1oxmzfx-2 ZHRIV\">\r\n<table>\r\n<tbody>\r\n<tr>\r\n<td>رقم الموديل</td>\r\n<td>EO12</td>\r\n</tr>\r\n<tr>\r\n<td>مادة غطاء الهاتف</td>\r\n<td>مادة البولي يوريثين الحراري</td>\r\n</tr>\r\n</tbody>\r\n</table>\r\n</div>\r\n</div>', NULL),
(169, 167, 'ar', 'غطاء حماية واقٍ لهاتف سامسونج جالاكسي S9 شفاف', '<div class=\"xf6b4m-1 cZztRW\">\r\n<div class=\"xf6b4m-4 PFIYn\"><span class=\"xf6b4m-5 haZPGi\">الميزات الأساسية</span>\r\n<ul>\r\n<li>التنقل بين واجهات محددة يوفر وصولاً سهلاً إلى جميع المنافذ والأزرار</li>\r\n<li>يوفر حماية إضافية ضد الخدوش والغبار والبقع والرطوبة.</li>\r\n<li>تمنع الحافة المرتفعة الشاشة وعدسة الكاميرا من التلف.</li>\r\n<li>يوفر خصائص المتانة وخفة الوزن في تصميم بشكل نحيف</li>\r\n</ul>\r\n</div>\r\n</div>\r\n<div class=\"xf6b4m-1 cZztRW\">\r\n<div class=\"xf6b4m-2 uuXYS\">\r\n<div class=\"sc-1oxmzfx-0 QYtTi\"><span class=\"sc-1oxmzfx-3 eEfxmF\">المواصفات</span>\r\n<div class=\"sc-1oxmzfx-1 kFIlWn\">\r\n<div class=\"sc-1oxmzfx-2 ZHRIV\">\r\n<table>\r\n<tbody>\r\n<tr>\r\n<td>Anti Shock</td>\r\n<td>Yes</td>\r\n</tr>\r\n<tr>\r\n<td>توافق الماركة</td>\r\n<td>Samsung</td>\r\n</tr>\r\n</tbody>\r\n</table>\r\n</div>\r\n<div class=\"sc-1oxmzfx-2 ZHRIV\">\r\n<table>\r\n<tbody>\r\n<tr>\r\n<td>اسم اللون</td>\r\n<td>شفاف</td>\r\n</tr>\r\n<tr>\r\n<td>نوع علبة الكمبيوتر</td>\r\n<td>Snap Case</td>\r\n</tr>\r\n</tbody>\r\n</table>\r\n</div>\r\n</div>\r\n</div>\r\n</div>\r\n</div>', NULL),
(170, 168, 'ar', 'محول الطاقة المحمول 5000 مللي أمبير / ساعة أسود/ أصفر', '<p><span class=\"xf6b4m-5 haZPGi\">الميزات الأساسية</span></p>\r\n<ul>\r\n<li>يتميز بتصميم مريح وصغير</li>\r\n<li>مصنوع من مادة فائقة الجودة لضمان الشحن الآمن</li>\r\n<li>مزود ببطارية عالية الجودة تمد جهازك دائماً بالطاقة الكافية</li>\r\n</ul>', NULL),
(171, 169, 'ar', 'باور بانك لاسلكي يعمل بقوة 1000 مللي أمبي في الساعة لأجهزة أبل 10000 مللي أمبير / ساعة أسود', '<p><span class=\"sc-1oxmzfx-3 eEfxmF\">المواصفات</span></p>\r\n<div class=\"sc-1oxmzfx-1 kFIlWn\">\r\n<div class=\"sc-1oxmzfx-2 ZHRIV\">\r\n<table>\r\n<tbody>\r\n<tr>\r\n<td>حجم البطارية</td>\r\n<td>10000 مللي أمبير / ساعة</td>\r\n</tr>\r\n<tr>\r\n<td>اسم اللون</td>\r\n<td>أسود</td>\r\n</tr>\r\n<tr>\r\n<td>نوع التوصيل</td>\r\n<td>لاسلكي</td>\r\n</tr>\r\n</tbody>\r\n</table>\r\n<p>&nbsp;</p>\r\n</div>\r\n<div class=\"sc-1oxmzfx-2 ZHRIV\">\r\n<table>\r\n<tbody>\r\n<tr>\r\n<td>الدرجة</td>\r\n<td>جديد</td>\r\n</tr>\r\n<tr>\r\n<td>رقم الموديل</td>\r\n<td>HBA203</td>\r\n</tr>\r\n<tr>\r\n<td>عدد منافذ الـ USB</td>\r\n<td>1</td>\r\n</tr>\r\n</tbody>\r\n</table>\r\n</div>\r\n</div>', 'الميزات الأساسية\r\nتم ضبطها لدعم وظيفة بطارية أكثر صحة وسرعات شحن USB أسرع\r\nضبط إنتاج الطاقة بذكاء لتتناسب مع إحتياجات الشحن الفريدة لجميع معدات USB التي تعمل بالطاقة\r\nالدوائر المتقدمة ووسائل الحماية المركبة تحمي أجهزتك من التيار الزائد, الإفراط في الشحن, الشحن الزائد'),
(172, 170, 'ar', 'باور بنك 3 في 1 للشحن السريع 10000 مللي أمبير / ساعة أسود', '<p>المواصفات حجم البطارية 10000 مللي أمبير / ساعة اسم اللون أسود نوع التوصيل سلكي بلد المنشأ صيني الدرجة جديد رقم الموديل T100 ارتفاع المنتج 14 سم طول المنتج 13.65 سم</p>', NULL),
(174, 170, 'en', '10000 mAh 3-In-1 Fast Charging Power Bank Black', '<p>Specifications Battery size 10000 mAh Color name Black Connection type Wired Country of origin Chinese Grade New Model number T100 Product height 14 cm Product length 13.65 cm</p>', NULL),
(175, 168, 'en', '5000 mAh Portable Power Adapter Black / Yellow', '<p>Main features</p>\r\n<ul>\r\n<li>It features an ergonomic and compact design</li>\r\n<li>Made of premium quality material to ensure safe shipment</li>\r\n<li>Equipped with a high-quality battery that always supplies your device with sufficient power</li>\r\n</ul>', NULL),
(176, 165, 'en', 'Magnetic Case Cover For Apple iPhone X Clear / Black', '<p>Main features</p>\r\n<ul>\r\n<li>Navigating between specific interfaces provides easy access to all ports and buttons</li>\r\n<li>Provides additional protection against scratches, dust, stains and moisture.</li>\r\n<li>The raised edge prevents the screen and camera lens from being damaged.<br />Provides durability and lightness in a slim design</li>\r\n</ul>', NULL),
(177, 158, 'en', 'Lightning Data Sync And Charging Cable 1 meter White', '<p>Main features</p>\r\n<ul>\r\n<li>It allows you to connect to your computer via the USB port to carry out sync and charging operations</li>\r\n<li>Premium quality materials ensure durability and longevity</li>\r\n<li>It connects to an Apple USB power adapter for convenient charging from a wall socket</li>\r\n<li>Compatible with a wide range of Apple devices</li>\r\n</ul>', NULL),
(178, 166, 'en', 'Protective Case Cover For iPhone 11 Pro Clear', '<p>Specifications</p>\r\n<p>Apple brand compatibility<br />The color name is transparent<br />Model name TPU<br />Model number EO12<br />The phone cover material is thermoplastic polyurethane</p>', NULL),
(179, 159, 'en', '10000 mAh Fast Charging Portable Power Bank Black', '<p>Main features</p>\r\n<ul>\r\n<li>Built with high temperature protection</li>\r\n<li>Heat and corrosion resistant connectors to ensure complete safety and durability</li>\r\n<li>Made of high quality and durable materials to ensure better bending life</li>\r\n</ul>', NULL),
(180, 160, 'en', 'Airpods earbuds with white charging case', '<p>No wires, no complications.</p>\r\n<p>After a simple setup with just one click, your AirPods turn on automatically and always stay connected. It is also easy to use, as it senses its presence in your ears and stops working when you lift it. Whether you use it with an iPhone, Apple Watch, iPad, or Mac, you will have the same amazing AirPods experience.</p>\r\n<p>&nbsp;</p>\r\n<p>A performance that delights him.</p>\r\n<p>AirPods are powered by the all-new H1 chip designed by Apple for headphones. It provides a faster and more stable wireless connection to your devices, as the speed of switching between the devices you use with the headphones is twice as fast, and the connection time is 1.5 times faster for phone calls. And it reduces waiting time while playing games by up to 30 percent. Plus, you\'ll always enjoy high-quality audio if you play games, listen to music or enjoy a podcast.</p>\r\n<p>&nbsp;</p>\r\n<p>Battery lasts up to 24 hours</p>\r\n<p>The flagship AirPods provide 5 hours of listening - and now up to 3 hours of talk time - all on a single charge. And we\'ve designed it to keep pace with your pace, thanks to the charging case that can charge more than once to give you more than 24 hours of listening time. Need fast charging? Simply put your AirPods back in the box for 15 minutes to get up to 3 hours of listening and 2 hours of talk time. To check the battery, simply place the AirPods next to your iPhone.</p>', NULL),
(181, 162, 'en', 'Fast Charging Travel Adapter White Micro USB Port', '<p>Main features</p>\r\n<ul>\r\n<li>It features a 2A travel adapter to provide ultra-fast charging</li>\r\n<li>Equipped with a detachable cable that can be used for charging or data synchronization</li>\r\n<li>Boosted voltage point tape splice connections</li>\r\n</ul>', NULL),
(182, 161, 'en', '3-In-1 Magnetic Charging Cable Black', '<p>Main features</p>\r\n<ul>\r\n<li>A long cable enhances mobility</li>\r\n<li>Wire with wide diameter and low resistance to increase charging speed</li>\r\n<li>Efficient design makes it resistant to wear and use</li>\r\n</ul>', NULL),
(183, 167, 'en', 'Protective Case Cover For Samsung Galaxy S9 Clear', '<p>Main features<br />Navigating between specific interfaces provides easy access to all ports and buttons<br />Provides additional protection against scratches, dust, stains and moisture.<br />The raised edge prevents the screen and camera lens from being damaged.<br />Provides durability and lightness in a slim design<br />Specifications<br />Anti Shock Yes<br />Samsung brand compatibility<br />The color name is transparent<br />Snap Case</p>', NULL),
(184, 163, 'en', 'Protective Cover For Xiaomi Mi 9T Clear', '<p>Main features</p>\r\n<ul>\r\n<li>A protection cover made of transparent and soft silicone that provides 360-degree full coverage to protect the mobile from scratches and bumps and keep it clean and new</li>\r\n<li>It is characterized by raised edges at the display and the camera gives you privacy and not look peeked out</li>\r\n<li>Precision cutouts provide easy access to all ports and buttons</li>\r\n<li>Provides additional protection against scratches, dust, stains and moisture</li>\r\n</ul>', NULL),
(185, 169, 'en', '1000 mAh Wireless Power Bank For Apple Devices 10000 mAh Black', '<p>Specifications</p>\r\n<p>The battery size is 10,000 mAh<br />The name of the color is black<br />Connection type wireless<br />&nbsp;</p>\r\n<p>Class is new<br />Model number HBA203<br />Number of USB ports 1</p>', 'Key features tuned to support healthier battery function and faster USB charging speeds Intelligently adjust power output to match unique charging needs All USB equipment powered by advanced circuits and composite protections protect your devices from overcurrent, overcharging, and overcharging'),
(186, 171, 'ar', 'حامل موبايل للتابلوه ايزى وان تاتش لاي نوع موبايل', '<p>حامل موبايل للتابلوه ايزى وان تاتش لاي نوع موبايل<br />360 درجة<br />مناسب لاي موبايل<br />مناسب لاي مقاس<br />يصلح للتثبيت على التابلوه والزجاج الامامي</p>', NULL),
(187, 172, 'ar', 'حامل موبايل للسيارة - 973', '<p>حامل موبايل سيارةخامات عالية الجودةعملى جدا&nbsp;</p>', NULL),
(188, 173, 'ar', 'Car Quick Charge 3.0 Dual USB Adapter Fast Charging', '<ul>\r\n<li>سليط الضوء على الميزات:</li>\r\n<li>يوفر لك برجالان أفضل الأسعار وأفضل المنتجات ذات الجودة والتسليم السريع ليديك.</li>\r\n<li>محول شحن سريع</li>\r\n<li>شاحن سيارة USB مزدوج</li>\r\n<li>&nbsp;</li>\r\n<li>المواصفات التفصيلية:</li>\r\n<li>العلامة التجارية: برجالان</li>\r\n<li>الموديل: BCA1</li>\r\n<li>اسم المنتج: شاحن سيارة</li>\r\n<li>اللون الأسود</li>\r\n<li>المدخلات: DC10-30V</li>\r\n<li>الإخراج: 5V 3.1A</li>\r\n<li>المواد: PC + ABS للحريق</li>\r\n<li>الحماية: الجهد الزائد / التيار الزائد / حماية ماس كهربائى</li>\r\n<li>نوع العنصر: شاحن سيارة USB ، شاحن السفر</li>\r\n<li>الحجم: 70x35x35mm / 2.7x1.4x1.4 بوصة</li>\r\n<li>الوزن: 50 جرام / 1.7 أوقية</li>\r\n<li>&nbsp;</li>\r\n<li>قائمة الشحن:</li>\r\n<li>1 &times; شاحن سيارة</li>\r\n<li>1 &times; مربع اللون</li>\r\n</ul>', NULL),
(189, 174, 'ar', 'JOYROOM Cl02 Bluetooth Car Fm Transmitter & Charger - Black', '<p>car charger &amp; fm transmitter Player for carQC 3.0&nbsp; fast charger 18 W2 USB output can play music in memory card or flashDigital display screen</p>', NULL),
(190, 175, 'ar', 'JOYROOM Jr-H16 Over-Ear Headset - Black', '<ul>\r\n<li>Brand:&nbsp;JOYROOM&nbsp;&nbsp; &nbsp;</li>\r\n<li>Model No.&nbsp;&nbsp; &nbsp;H16</li>\r\n<li>Blutooth version:&nbsp;V5.0&nbsp;&nbsp; &nbsp;</li>\r\n<li>Color:&nbsp;black</li>\r\n<li>Support blutooth profiles:&nbsp;&nbsp;A2DP,AVRCP,HSP,HFP&nbsp;&nbsp; &nbsp;</li>\r\n<li>Charging time:&nbsp;3-3.5H</li>\r\n<li>Frequency:&nbsp;2.402-2.480GHZ&nbsp;&nbsp; &nbsp;</li>\r\n<li>Battery: 1000mA Polymer lithium</li>\r\n<li>Talking time: 25H&nbsp;&nbsp; &nbsp;</li>\r\n<li>Music time: 38.5 hours (BT mode), 20 hours (BT+Light)</li>\r\n<li>Standby time: 300H</li>\r\n<li>Speaker Impedance: 16ohm</li>\r\n<li>Charging Interface: Micro USB</li>\r\n<li>Protection: Enjoy music, with on/off function</li>\r\n<li>Function: Wireless stereo sport headset&nbsp;</li>\r\n</ul>', NULL),
(191, 176, 'ar', 'SODO SD-1007 Bluetooth Wired/Wireless Headphone - Black', '<ul>\r\n<li>Brand: SODO&nbsp;</li>\r\n<li>Model: SD-1007&nbsp;</li>\r\n<li>Latest Bluetooth v5.0 + BR + EDR. Promised compatibility and reliability.&nbsp;</li>\r\n<li>Dual Mode: Wired and Wireless&nbsp;</li>\r\n<li>Bluetooth mode, FM Radio, TF card and Audio in&nbsp;</li>\r\n<li>250mAh Battery allow 6 hours music playing time (headphone mode)</li>\r\n<li>Charge time: 2hours&nbsp;</li>\r\n<li>Leather Cushion Head-pad &amp; Adjustable Headband</li>\r\n</ul>', NULL),
(192, 177, 'ar', 'Remax Rb-S5 - Sports Bluetooth Headset - Black', '<h2>Technical Specifications:</h2>\r\n<p>&nbsp;</p>\r\n<ul>\r\n<li>Cable length&lrm;:&lrm; 70 CM</li>\r\n<li>Wearing type&lrm;:&lrm; In&lrm;-ear</li>\r\n<li>Connectivity&lrm;:&lrm; Bluetooth</li>\r\n<li>Receive Sensitivity&lrm;:&lrm; 90BDB</li>\r\n<li>Frequency Response&lrm;:&lrm; 2.402&lrm;-2.480TGHZ</li>\r\n<li>Bluetooth Version&lrm;:&lrm; V4.1+EDR</li>\r\n<li>Transmission Range&lrm;:&lrm; 10 Meters</li>\r\n<li>Batteries&lrm;:&lrm;70mAh/3.7V</li>\r\n<li>Mic&lrm;:&lrm; Yes</li>\r\n<li>Talk Time&lrm;:&lrm; 5 hours</li>\r\n<li>Music time&lrm;:&lrm; 3.5 hours</li>\r\n<li>Charging time&lrm;:&lrm; 2 hours</li>\r\n</ul>', NULL),
(193, 172, 'en', 'Car mobile holder - 973', '<p>Car mobile holder, high quality materials, very practical</p>', NULL),
(194, 171, 'en', 'Mobile holder for the Easy One Touch tablet for any type of mobile', '<ul>\r\n<li>Mobile holder for the Easy One Touch tablet for any type of mobile</li>\r\n<li>360 degrees</li>\r\n<li>Suitable for any mobile</li>\r\n<li>Fits any size</li>\r\n<li>Fit for the dashboard and front glass</li>\r\n</ul>', NULL),
(195, 173, 'en', 'Car Quick Charge 3.0 Dual USB Adapter Fast Charging', '<ul>\r\n<li>Highlight Features:</li>\r\n<li>Braganan provides you with the best prices, best quality products, and fast</li>\r\n<li>delivery to your hands.</li>\r\n<li>Fast charging adapter</li>\r\n<li>Dual USB car charger</li>\r\n<li>Detailed Specifications:</li>\r\n<li>Brand: Two men</li>\r\n<li>Model: BCA1</li>\r\n<li>Product name: car charger</li>\r\n<li>Black Color</li>\r\n<li>Input: DC10-30V</li>\r\n<li>Output: 5V 3.1A</li>\r\n<li>Material: fireproof PC + ABS</li>\r\n<li>Protection: over-voltage / over-current / short-circuit protection</li>\r\n<li>Item Type: USB Car Charger, Travel Charger</li>\r\n<li>Size: 70 x 35 x 35mm / 2.7 x 1.4 x 1.4 inch</li>\r\n<li>Weight: 50g / 1.7oz</li>\r\n<li>Shipping List:</li>\r\n<li>1 x Car Charger</li>\r\n<li>1 x color box</li>\r\n</ul>', NULL),
(196, 178, 'ar', 'منتج تجريبى 1', '<p>منتج تجريبى</p>', NULL),
(197, 179, 'ar', 'منتج تجريبى 2', '<p>منتج تجريبى 2</p>', NULL),
(198, 180, 'ar', 'Iphone11 pro max 256 GB with facetime', '<p>موبايل ايفون 11 برو ماكس مع فيس تايم ذاكره تخزين داخليه 256 جيجا<br />اللون اخضر داكن بكامل المحتويات والكرتونه<br />يوجد جميع محتويات الجهاز السماعه(غير مستعمله) والشاحن ووصله الشحن<br />ملصق به شاشه حمايه من الامام والخلف<br />لا يوجد به اي خدوش<br />استعمال شهرين حاله البطاريه %99<br />استيراد من السعوديه</p>', 'Unlocked cell phones are compatible with GSM carrier such as AT&T and T-Mobile, but are not compatible with CDMA carriers such as Verizon and Sprint. Display 6.62-inch OLED FullView Display Processor HiSilicon Kirin 990'),
(199, 181, 'ar', 'كاميرا', '<p>كاميرا ديجتال</p>', 'كاميرا عالية الجودة'),
(200, 181, 'en', 'Camera', '<p>camera</p>', NULL),
(201, 182, 'ar', 'جراب حماية قصوى ضد الصدمات بدبلة معدنية و قطعة معدنية للتثبيث في حامل السيارة لهاتف سامسونج ام 51 (Samsung M51) - اسود', '<div class=\"card aim -mtm\">\r\n<div class=\"markup -mhm -pvl -oxa -sc\">\r\n<p>An unobtrusive and lightweight option for protecting your mobile phone from damage. The case is extremely easy to fit. Just slot it around the back of the mobile phone and ensure it is firmly in place. Once fitted, it provides a good degree of protection from scratches and scuffs, as well as a barrier against impacts and the damage they can cause.</p>\r\n</div>\r\n</div>\r\n<section class=\"card aim -mtm -fs16\">\r\n<div id=\"specifications\" class=\"hook\"></div>\r\n<header class=\"-pvs -bb\"></header></section>', NULL),
(202, 183, 'ar', 'Iphone xs max بكل حاجته', '<p>ايفون اكس اس ماكس<br />٦٤ جيجا<br />البطاريه ٨٦<br />معاه حاجته كامله مش مستعمله<br />الموبايل زيرو مفهوش خدش واحد ولا اي مشاكل نهائي ولا مغير اي شئ<br />وممكن نكشف في اي مكان</p>', NULL),
(203, 184, 'ar', 'One Plus 6T', '<p>One Plus 6T<br /><br />بدون مشتملات وسعر لقطه<br />شرخ بسيط في الباغه غير واضح<br />ذاكره 128 رام 8<br />البطاريه 3700<br />وحش المعالج : سناب دراجون 845<br />الماركه وان بلس<br />السعر : 3300 بيع او بدل</p>', NULL),
(204, 185, 'ar', 'موبايلات مستعمله بسعر محدود HONOR 9 x', '<div class=\"clr descriptioncontent marginbott20\">\r\n<div id=\"textContent\" class=\"clr\">\r\n<p class=\"pding10 lheight20 large\">بقاله شهر مفهوش ايي خبطات</p>\r\n</div>\r\n</div>\r\n<div class=\"tcenter img-item\">&nbsp;</div>', NULL),
(205, 186, 'ar', 'جهاز c15 لم يستخدم', '<p>جهاز C15<br />لم يستخدم مساحه64<br />الجهاز موجود عند<br />محل موبايلات Mix Store<br />العنوان زفتى شارع الفندق امام كشري المجنون<br />وفي اجهزه تانيه كتير موجوده بالمحل مستعمله وكسر زيرو ومتبرشمه بسعر المستعمل</p>', NULL),
(206, 187, 'ar', 'Oppo A1k 4G ثنائى الشريحة - 6.1 بوصة - 32 جيجابايت / 2 جيجا بايت - أسود', '<p><strong>Waterdrop شاشة</strong></p>\r\n<p><strong><img src=\"/storage/media/tNXm79qrSK6PpncoOrbA4vFWrWDqbVTuyYlRLeb2.jpeg\" alt=\"\" width=\"750\" height=\"307\" /></strong></p>\r\n<p><strong>يتميز موبايل OPPO A1k بشاشة 15.5 سم (6.1 بوصة) بدقة HD+، مع نسبة شاشة إلى الجسم 87.43%. شاشة بزجاج Corning Gorilla تمنحك قوة فائقة لمقاومة الصدمات والخدوش</strong></p>\r\n<p>&nbsp;</p>\r\n<p><strong>التقط أروع الصور لأسعد اللحظات</strong></p>\r\n<p><strong><img src=\"/storage/media/fu0s9LvWAlCqzIiRxpebFiX72ErJR9SPhidjzUI9.jpeg\" alt=\"\" width=\"750\" height=\"352\" /></strong></p>\r\n<p><strong>موبايل OPPO A1k بتأثير بوكيه يمنحك صور خالية من أي تشويش</strong></p>\r\n<p>&nbsp;</p>\r\n<p><strong>تجربة استخدام انسيابية</strong></p>\r\n<p><strong><img src=\"/storage/media/xRsoCTvPsfRlL0nc8T8yEMCFiGdWq4vbNVoCkqY1.jpeg\" alt=\"\" width=\"750\" height=\"329\" /></strong></p>\r\n<p><strong>مُعالج مركزي متطور يمنحك سرعة استجابة فائقة مما يمنحك سهولة القيام بعدة مهام أو لعب الألعاب أو القيام بالمهام الصعبة بكل سلاسة.</strong></p>\r\n<p>&nbsp;</p>\r\n<p><strong>ترفيه بلا حدود</strong></p>\r\n<p><strong><img src=\"/storage/media/MExMAj6Hi04LVh59SbdqpzDFv8IiQ6UYbC3PjYxQ.jpeg\" alt=\"\" width=\"750\" height=\"368\" /></strong></p>\r\n<p><strong>طارية بسعة 4000 مللي أمبير في الساعة تمنحك استخدام حتى 17 ساعة. شاحن in-box بقوة 10 وات يمنحك سرعة شحن مضاعفة</strong></p>\r\n<p>&nbsp;</p>\r\n<p>&nbsp;</p>\r\n<p>&nbsp;</p>\r\n<p>&nbsp;</p>\r\n<p>&nbsp;</p>\r\n<p>&nbsp;</p>\r\n<p>&nbsp;</p>', 'يتميز موبايل OPPO A1k بشاشة 15.5 سم (6.1 بوصة) بدقة HD+، مع نسبة شاشة إلى الجسم 87.43%. شاشة بزجاج Corning Gorilla تمنحك قوة فائقة لمقاومة الصدمات والخدوش');
INSERT INTO `product_translations` (`id`, `product_id`, `locale`, `name`, `description`, `short_description`) VALUES
(207, 188, 'ar', 'Oppo Reno4 - 6.4-inch 128GB/8GB Dual SIM 4G Mobile Phone - Mo Salah Edition', '<p><strong>Network</strong></p>\r\n<ul>\r\n<li><strong>Technology</strong>: GSM / HSPA / LTE</li>\r\n<li><strong>2G bands</strong>: GSM 850 / 900 / 1800 / 1900 - SIM 1 and SIM 2</li>\r\n<li><strong>3G bands</strong>: HSDPA 850 / 900 / 1900 / 2100</li>\r\n<li><strong>4G bands</strong>: LTE</li>\r\n<li><strong>Speed</strong>: HSPA 42.2/5.76 Mbps, LTE-A</li>\r\n</ul>\r\n<p><strong>Body</strong></p>\r\n<ul>\r\n<li><strong>Dimensions</strong>: 160.3 x 73.9 x 7.7 mm</li>\r\n<li><strong>Weight</strong>: 165 g</li>\r\n<li><strong>Build</strong>: Glass front, plastic back, plastic frame</li>\r\n<li><strong>SIM</strong>: Dual SIM (Nano-SIM, dual stand-by)</li>\r\n</ul>\r\n<p><strong>Display</strong></p>\r\n<ul>\r\n<li><strong>Type</strong>: Super AMOLED capacitive touchscreen, 16M colors</li>\r\n<li><strong>Size</strong>: 6.4 inches, 98.9 cm2&nbsp;(~83.5% screen-to-Body ratio)</li>\r\n<li><strong>Resolution</strong>: 1080 x 2400 pixels, 20:9 ratio (~411 ppi density)</li>\r\n</ul>\r\n<p><strong>Platform</strong></p>\r\n<ul>\r\n<li><strong>OS</strong>: Android 10, ColorOS 7.2</li>\r\n<li><strong>Chipset</strong>: Qualcomm SM7125 Snapdragon 720G (8 nm)</li>\r\n<li><strong>CPU</strong>: Octa-core (2x2.3 GHz Kryo 465 Gold and 6x1.8 GHz Kryo 465 Silver)</li>\r\n<li><strong>GPU</strong>: Adreno 618</li>\r\n</ul>\r\n<p><strong>Memory</strong></p>\r\n<ul>\r\n<li><strong>Card slot</strong>: microSDXC (dedicated slot)</li>\r\n<li><strong>Internal</strong>: 128GB, 8GB RAM</li>\r\n<li>UFS 2.1</li>\r\n</ul>\r\n<p><strong>Main Camera</strong></p>\r\n<ul>\r\n<li><strong>Quad</strong>: 48 MP, f/1.7, 26mm (wide), 1/2.0\", 0.8&micro;m, PDAF</li>\r\n<li>8 MP, f/2.2, 119˚ (ultrawide), 1/4.0\", 1.12&micro;m</li>\r\n<li>2 MP, f/2.4, (macro)</li>\r\n<li>2 MP, f/2.4, (depth)</li>\r\n<li><strong>Features</strong>: LED flash, HDR, panorama</li>\r\n<li><strong>Video</strong>: 4K@30fps, 1080p@30fps</li>\r\n</ul>\r\n<p><strong>Selfie Camera</strong></p>\r\n<ul>\r\n<li><strong>Single</strong>: 32 MP, f/2.4, 26mm (wide), 1/2.8\", 0.8&micro;m</li>\r\n<li><strong>Features</strong>: HDR</li>\r\n<li><strong>Video</strong>: 1080p@30fps</li>\r\n</ul>\r\n<p><strong>Sound</strong></p>\r\n<ul>\r\n<li><strong>Loudspeaker</strong>: Yes</li>\r\n<li><strong>3.5mm jack</strong>: Yes</li>\r\n</ul>\r\n<p><strong>Communications</strong></p>\r\n<ul>\r\n<li><strong>WLAN</strong>: Wi-Fi 802.11 a/b/g/n/ac, dual-band, Wi-Fi Direct, hotspot</li>\r\n<li><strong>Bluetooth</strong>: 5.0, A2DP, LE</li>\r\n<li><strong>GPS</strong>: Yes, with A-GPS, GLONASS, GALILEO, BDS</li>\r\n<li><strong>Radio</strong>: FM radio</li>\r\n<li><strong>USB</strong>: 2.0, Type-C 1.0 reversible connector, USB On-The-Go</li>\r\n</ul>\r\n<p><strong>Features</strong></p>\r\n<ul>\r\n<li><strong>Sensors</strong>: Fingerprint (under Display, optical), accelerometer, gyro, proximity, compass</li>\r\n</ul>\r\n<p><strong>Battery</strong></p>\r\n<ul>\r\n<li>Non-removable Li-Po 4015 mAh Battery</li>\r\n<li><strong>Charging</strong>: Fast charging 30W</li>\r\n<li>VOOC 4.0</li>\r\n</ul>', NULL),
(208, 189, 'ar', 'Samsung Galaxy S21+ - 6.7-inch 256GB/8GB Dual SIM 5G Mobile Phone - Phantom Violet', '<p><img src=\"/storage/media/0rSWd4rgyqg7KjW8Cxizer02Mrca0citsT6mY38U.jpeg\" alt=\"\" width=\"970\" height=\"450\" /></p>\r\n<p><strong>The fastest chip ever in Galaxy</strong></p>\r\n<p><strong><img src=\"/storage/media/4Ba4h6HRIkO65H2iGjra6jQykPw5a1xt8Lux6aZm.jpeg\" alt=\"\" width=\"970\" height=\"450\" /></strong></p>\r\n<p>Witness the fastest chip ever in a Galaxy. With a 5nm processor on board, you get seamless multitasking and hyper-fast content streaming.</p>\r\n<p>&nbsp;</p>\r\n<p><img style=\"display: block; margin-left: auto; margin-right: auto;\" src=\"/storage/media/pk8IcAWeUqLA9ihNE8YkqolplYG6IebPT1MdbDDi.jpeg\" alt=\"\" width=\"450\" height=\"350\" /></p>\r\n<p><strong>Contour Cut Camera Design</strong></p>\r\n<p>The real metal finish on the main camera adds unity to the design and accentuates the luxury of the haze texture. It&rsquo;s an iconic new camera design made to turn heads.</p>\r\n<p>&nbsp;</p>\r\n<p><img style=\"display: block; margin-left: auto; margin-right: auto;\" src=\"/storage/media/C5vqqNRCOkt1YKh6ShBIMmlyEq0SrL3Y0nHQQl7u.jpeg\" alt=\"\" width=\"450\" height=\"350\" /></p>\r\n<p><strong>Intelligent Battery</strong></p>\r\n<p>Power through your day. And then more.</p>\r\n<p>*Galaxy S21 5G\'s battery is big and smart, learning your app usage style to optimise power consumption.</p>\r\n<p><strong>8K Video</strong></p>\r\n<p>&nbsp;</p>\r\n<p><strong><img src=\"/storage/media/aevwN979pH1SQYIAwsjkT9XI5ClpPoPyaXTius5S.jpeg\" alt=\"\" width=\"970\" height=\"450\" /></strong></p>\r\n<p>Get cinema quality video in the palm of your hands. Capture incredible detail in 8K resolution with super smooth action at 24 frames per second.</p>\r\n<p>&nbsp;</p>\r\n<p><img style=\"display: block; margin-left: auto; margin-right: auto;\" src=\"/storage/media/ltmsk8lMaOzLVBQduByIjmXG9F0lZXlUDDL7l7yb.jpeg\" alt=\"\" width=\"450\" height=\"350\" /></p>\r\n<p><strong>High Resolution</strong></p>\r\n<p>Get amazingly clear, high-quality photos with the large 64MP sensor.*</p>\r\n<p>*Even in dark situations, it takes in plenty of light to get the rich image quality. It&rsquo;s all in the details.</p>\r\n<p>&nbsp;</p>\r\n<p><img src=\"/storage/media/pndK3FEKU55JoJyMlyckzBqkkIh3vog7fbv7UADN.jpeg\" alt=\"\" width=\"449\" height=\"350\" /></p>\r\n<p><strong>Space Zoom</strong></p>\r\n<p>With Hybrid Optic Zoom and enhanced Super Resolution you can zoom up to 30X^*^ with clarity and precision. And the new Zoom Lock helps stabilise your shots.</p>\r\n<p><strong>Dynamic AMOLED 2X</strong></p>\r\n<p><strong><img src=\"/storage/media/ZHNEPmH7BWudQPPykmOy3ttB8tLqedlR7UwTdvKO.jpeg\" alt=\"\" width=\"970\" height=\"450\" /></strong></p>\r\n<p>Unbelievably bright. Incredibly vivid. Surprisingly smooth. That&rsquo;s precisely the viewing experience you&rsquo;ll get with the Dynamic AMOLED 2X, even under bright sunlight! Thanks to our Eye Comfort Shield, it even intelligently adjusts blue light so your eyes won\'t feel so tired.</p>\r\n<h2>Technical Specifications:</h2>\r\n<p>&nbsp;</p>\r\n<p><strong>Network</strong></p>\r\n<ul>\r\n<li><strong>Technology</strong>: GSM / CDMA / HSPA / EVDO / LTE / 5G</li>\r\n<li><strong>2G bands</strong>: GSM 850 / 900 / 1800 / 1900 - SIM 1 &amp; SIM 2 (Dual SIM model only) CDMA 800 / 1900 &amp; TD-SCDMA</li>\r\n<li><strong>3G bands</strong>: HSDPA 850 / 900 / 1700(AWS) / 1900 / 2100 CDMA2000 1xEV-DO</li>\r\n<li><strong>4G bands</strong>: LTE</li>\r\n<li><strong>5G bands</strong>: SA/NSA/Sub6/mmWave</li>\r\n<li><strong>Speed</strong>: HSPA 42.2/5.76 Mbps, LTE-A (CA), 5G</li>\r\n</ul>\r\n<p><strong>Body</strong></p>\r\n<ul>\r\n<li><strong>Dimensions</strong>: 161.4 x 75.6 x 7.8 mm</li>\r\n<li><strong>Weight</strong>: 202 g</li>\r\n<li><strong>Build</strong>: Glass front (Gorilla Glass Victus), plastic back, aluminum frame</li>\r\n<li><strong>SIM</strong>: Dual SIM (Nano-SIM, dual stand-by)</li>\r\n<li>IP68 dust/water resistant (up to 1.5m for 30 mins)</li>\r\n</ul>\r\n<p><strong>Display</strong></p>\r\n<ul>\r\n<li><strong>Type</strong>: Dynamic AMOLED 2X, 120Hz, HDR10+, 1300 nits (peak)</li>\r\n<li><strong>Size</strong>: 6.7 inches, 107.8 cm2 (~88.4% screen-to-body ratio)</li>\r\n<li><strong>Resolution</strong>: 1080 x 2400 pixels, 20:9 ratio (~394 ppi density)</li>\r\n<li><strong>Protection</strong>: Corning Gorilla Glass Victus</li>\r\n<li>HDR10+</li>\r\n<li>Always-on Display</li>\r\n<li>120Hz (up to FHD resolution)</li>\r\n</ul>\r\n<p><strong>Platform</strong></p>\r\n<ul>\r\n<li><strong>OS</strong>: Android 11, One UI 3.1</li>\r\n<li><strong>Chipset</strong>: Exynos 2100 (5 nm)</li>\r\n<li><strong>CPU</strong>: Octa-core (1x2.90 GHz Cortex-X1 and 3x2.80 GHz GHz Cortex-A78 and 4x2.20 GHz Cortex-A55)</li>\r\n<li><strong>GPU</strong>: Mali-G78 MP14</li>\r\n</ul>\r\n<p><strong>Memory</strong></p>\r\n<ul>\r\n<li><strong>Card slot</strong>: No</li>\r\n<li><strong>Internal</strong>: 256GB ROM, 8GB RAM</li>\r\n<li>UFS 3.1</li>\r\n</ul>\r\n<p><strong>Main Camera</strong></p>\r\n<ul>\r\n<li><strong>Triple</strong>: 12 MP, f/1.8, 26mm (wide), 1/1.76\", 1.8&micro;m, Dual Pixel PDAF, OIS<br />64 MP, f/2.0, 28mm (telephoto), 1/1.76\", 0.8&micro;m, PDAF, OIS, 1.1x optical zoom, 3x hybrid zoom<br />12 MP, f/2.2, 13mm, 120˚ (ultrawide), 1/2.55\" 1.4&micro;m, Super Steady video</li>\r\n<li><strong>Features</strong>: LED flash, auto-HDR, panorama</li>\r\n<li><strong>Video</strong>: 8K@30fps, 4K@30/60fps, 1080p@30/60/120fps, 720p@960fps, HDR10+, stereo sound rec., gyro-EIS &amp; OIS</li>\r\n</ul>\r\n<p><strong>Selfie Camera</strong></p>\r\n<ul>\r\n<li><strong>Single</strong>: 10 MP, f/2.2, 26mm (wide), 1/3.24\", 1.22&micro;m, Dual Pixel PDAF</li>\r\n<li><strong>Features</strong>: Dual video call, Auto-HDR</li>\r\n<li><strong>Video</strong>: 4K@30/60fps, 1080p@30fps</li>\r\n</ul>\r\n<p><strong>Sound</strong></p>\r\n<ul>\r\n<li><strong>Loudspeaker</strong>: Yes, with stereo speakers</li>\r\n<li><strong>3.5mm jack</strong>: No</li>\r\n<li>32-bit/384kHz audio</li>\r\n<li>Tuned by AKG</li>\r\n</ul>\r\n<p><strong>Communications</strong></p>\r\n<ul>\r\n<li><strong>WLAN</strong>: Wi-Fi 802.11 a/b/g/n/ac/6e, dual-band, Wi-Fi Direct, hotspot</li>\r\n<li><strong>Bluetooth</strong>: 5.0, A2DP, LE</li>\r\n<li><strong>GPS</strong>: Yes, with A-GPS, GLONASS, BDS, GALILEO</li>\r\n<li><strong>NFC</strong>: Yes</li>\r\n<li><strong>Radio</strong>: No</li>\r\n<li><strong>USB</strong>: USB Type-C 3.2, USB On-The-Go</li>\r\n</ul>\r\n<p><strong>Features</strong></p>\r\n<ul>\r\n<li><strong>Sensors</strong>: Fingerprint (under display, ultrasonic), accelerometer, gyro, proximity, compass, barometer</li>\r\n<li>ANT+</li>\r\n<li>Bixby natural language commands and dictation</li>\r\n<li>Samsung DeX, Samsung Wireless DeX (desktop experience support)</li>\r\n</ul>\r\n<p><strong>Battery</strong></p>\r\n<ul>\r\n<li>Non-removable Li-Po 4800 mAh Battery</li>\r\n<li><strong>Charging</strong>: Fast Battery charging 25W</li>\r\n<li>USB Power Delivery 3.0</li>\r\n<li>Fast Qi/PMA wireless charging 15W</li>\r\n<li>Reverse wireless charging 4.5W</li>\r\n</ul>\r\n<p>&nbsp;</p>\r\n<p>&nbsp;</p>\r\n<p>&nbsp;</p>\r\n<p>&nbsp;</p>', NULL),
(209, 190, 'ar', 'Samsung Galaxy Note20 Ultra - 6.9-inch 256GB/8GB Dual SIM 4G Mobile Phone - Mystic Black', '<div class=\"card aim -mtm\">\r\n<div class=\"markup -mhm -pvl -oxa -sc\">\r\n<p><strong>Network</strong></p>\r\n<ul>\r\n<li><strong>Technology</strong>: GSM / CDMA / HSPA / EVDO / LTE</li>\r\n<li><strong>2G bands</strong>: GSM 850 / 900 / 1800 / 1900 - SIM 1 and SIM 2</li>\r\n<li><strong>3G bands</strong>: HSDPA 850 / 900 / 1700(AWS) / 1900 / 2100</li>\r\n<li><strong>4G bands</strong>: LTE</li>\r\n<li><strong>Speed</strong>: HSPA 42.2/5.76 Mbps, LTE-A (7CA) Cat20 2000/200 Mbps</li>\r\n</ul>\r\n<p><strong>Body</strong></p>\r\n<ul>\r\n<li><strong>Dimensions</strong>: 164.8 x 77.2 x 8.1 mm</li>\r\n<li><strong>Weight</strong>: 208 g</li>\r\n<li><strong>Build</strong>: Glass front (Gorilla Glass Victus), glass back (Gorilla Glass Victus), stainless steel frame</li>\r\n<li><strong>SIM</strong>: Hybrid Dual SIM (Nano-SIM, dual stand-by)</li>\r\n<li>IP68 dust/water resistant (up to 1.5m for 30 mins)</li>\r\n<li>Stylus, 9ms latency (Bluetooth integration, accelerometer, gyro)</li>\r\n</ul>\r\n<p><strong>Display</strong></p>\r\n<ul>\r\n<li><strong>Type</strong>: Dynamic AMOLED 2X capacitive touchscreen, 16M colors</li>\r\n<li><strong>Size</strong>: 6.9 inches, 117.7 cm2&nbsp;(~92.5% screen-to-Body ratio)</li>\r\n<li><strong>Resolution</strong>: 1440 x 3088 pixels (~494 ppi density)</li>\r\n<li><strong>Protection</strong>: Corning Gorilla Glass Victus</li>\r\n<li>HDR10+</li>\r\n<li>Always-on Display</li>\r\n<li>120Hz@FHD/60Hz@QHD refresh rate</li>\r\n</ul>\r\n<p><strong>Platform</strong></p>\r\n<ul>\r\n<li><strong>OS</strong>: Android 10, One UI 2.5</li>\r\n<li><strong>Chipset</strong>: Exynos 990 (7 nm+)</li>\r\n<li><strong>CPU</strong>: Octa-core (2x2.73 GHz Mongoose M5 and 2x2.50 GHz Cortex-A76 and 4x2.0 GHz Cortex-A55)</li>\r\n<li><strong>GPU</strong>: Mali-G77 MP11</li>\r\n</ul>\r\n<p><strong>Memory</strong></p>\r\n<ul>\r\n<li><strong>Card slot</strong>: microSDXC (uses shared SIM slot)</li>\r\n<li><strong>Internal</strong>: 256GB, 8GB RAM</li>\r\n<li>UFS 3.1</li>\r\n</ul>\r\n<p><strong>Main Camera</strong></p>\r\n<ul>\r\n<li><strong>Triple</strong>: 108 MP, f/1.8, 26mm (wide), 1/1.33\", 0.8&micro;m, PDAF, Laser AF, OIS</li>\r\n<li>12 MP, f/3.0, 120mm (periscope telephoto), 1.0&micro;m, PDAF, OIS, 5x optical zoom, 50x hybrid zoom</li>\r\n<li>12 MP, f/2.2, 120˚, 13mm (ultrawide), 1/2.55\", 1.4&micro;m</li>\r\n<li><strong>Features</strong>: LED flash, auto-HDR, panorama</li>\r\n<li><strong>Video</strong>: 8K@24fps, 4K@30/60fps, 1080p@30/60/240fps, 720p@960fps, HDR10+, stereo Sound rec., gyro-EIS and OIS</li>\r\n</ul>\r\n<p><strong>Selfie Camera</strong></p>\r\n<ul>\r\n<li><strong>Single</strong>: 10 MP, f/2.2, 26mm (wide), 1/3.2\", 1.22&micro;m, Dual Pixel PDAF</li>\r\n<li><strong>Features</strong>: Dual video call, Auto-HDR</li>\r\n<li><strong>Video</strong>: 4K@30/60fps, 1080p@30fps</li>\r\n</ul>\r\n<p><strong>Sound</strong></p>\r\n<ul>\r\n<li><strong>Loudspeaker</strong>: Yes, with stereo speakers</li>\r\n<li><strong>3.5mm jack</strong>: No</li>\r\n<li>32-bit/384kHz audio</li>\r\n<li>Tuned by AKG</li>\r\n</ul>\r\n<p><strong>Communications</strong></p>\r\n<ul>\r\n<li><strong>WLAN</strong>: Wi-Fi 802.11 a/b/g/n/ac/6, dual-band, Wi-Fi Direct, hotspot</li>\r\n<li><strong>Bluetooth</strong>: 5.0, A2DP, LE, aptX</li>\r\n<li><strong>GPS</strong>: Yes, with A-GPS, GLONASS, BDS, GALILEO</li>\r\n<li><strong>NFC</strong>: Yes</li>\r\n<li><strong>Radio</strong>: No</li>\r\n<li><strong>USB</strong>: 3.2, Type-C 1.0 reversible connector, USB On-The-Go</li>\r\n</ul>\r\n<p><strong>Features</strong></p>\r\n<ul>\r\n<li><strong>Sensors</strong>: Fingerprint (under Display, ultrasonic), accelerometer, gyro, proximity, compass, barometer</li>\r\n<li>Samsung Wireless DeX (desktop experience support)</li>\r\n<li>ANT+</li>\r\n<li>Bixby natural language commands and dictation</li>\r\n</ul>\r\n<p><strong>Battery</strong></p>\r\n<ul>\r\n<li>Non-removable Li-Ion 4500 mAh Battery</li>\r\n<li><strong>Charging</strong>: Fast charging 25W</li>\r\n<li>USB Power Delivery 3.0</li>\r\n<li>Fast Qi/PMA wireless charging</li>\r\n<li>Reverse wireless charging 9W</li>\r\n</ul>\r\n</div>\r\n</div>\r\n<section class=\"card aim -mtm -fs16\">\r\n<div id=\"specifications\" class=\"hook\"></div>\r\n<header class=\"-pvs -bb\"></header></section>', NULL),
(210, 191, 'ar', 'Promate 4K HDMI Cable - 1.5 Meter - Black', '<p>ديچتال ستي وكيل معتمد من بروميت داخل مصر</p>', NULL),
(211, 192, 'ar', 'كابل صوت عالي الجودة لتوصيل سماعات الكمبيوتر ذي 2 جاك بالموبايل واللابتوب الحديث 1 ذكر الى 2 نتاية', '<p>لتشغيل سماعات الكمبيوتر ذي 2 جاك على الموبايل واللابتوب الحديث ذي مدخل صوت واحد كالموبايل - تشغيل<br />الميكروفون المخصص للكمبيوتر على الموبايل واللابتوب الحديث<br />Aux splitter 3.5mm 1male jack to 2 female 3.5mm port (for mic &amp; headset)</p>\r\n<h5 class=\"ng-binding\">High Quality Gold Plated AUX Audio Splitter Y Cable 2 x 3.5mm female to 1 male 3.5mm 4 poles to connect PC headset to mobile phone and modern laptop</h5>', NULL),
(212, 193, 'ar', 'Choseal Q304 3.5 TO 2RCA 1.8 M', '<ul>\r\n<li>Q304</li>\r\n<li>3.5 TO 2RCA</li>\r\n<li>1.8 M</li>\r\n<li>audio cable</li>\r\n</ul>', NULL),
(213, 194, 'ar', 'Remax RM-512 سماعة سلك - أبيض/روز', '<p>مريحة للأذن وثابتة - صوت نقي - ميكروفون نقي<br />لونها بينك في ابيض مثل الصور<br />تصلج للتليفونات والتابلت</p>', NULL),
(214, 195, 'ar', 'YISON CX300 Extra Bass سماعة أذن معناطيسية - منفذ 3.5 ملم - أبيض', '<p>وحدة تشغيل: 10 ملم</p>\r\n<p><br /><br /></p>\r\n<p>الحساسية: 93 ديسيبل &plusmn;3 ديسيبل</p>\r\n<p><br /><br /></p>\r\n<p>المقاومة: 16&amp; أوميجا;&plusmn;5%</p>\r\n<p><br /><br /></p>\r\n<p>استجابة التردد: 20-20000 هيرتز</p>\r\n<p><br /><br /></p>\r\n<p>نوع التوصيل: &phi;3.5 ملم</p>\r\n<p><br /><br /></p>\r\n<p>طول الكابل: 1.2متر</p>', NULL),
(215, 196, 'ar', 'بور بانك محمول صغير الحجم - 20000 ملى امبير - ازرق غامق', '<p><img src=\"/storage/media/ZS7ujvyui4151v637GFkrIo03HENXP5eDvSC2GBL.jpeg\" alt=\"\" width=\"790\" height=\"1577\" /></p>', NULL),
(216, 197, 'ar', 'For Huawei Matepad 10.4 Protective Note Book Case (Black)', '<p>1. The design is accurate, and precisely fits for your tablet PC.<br />2. Simple, comfortable, easy to carry.<br />3. Holder design makes horizontal viewing more convenient.<br />4. It adequately protects your devices from the normal scratches, dirt, tear and wear.<br />5. All buttons and ports are easy to access.</p>', NULL),
(217, 198, 'ar', 'Cartoon Shockproof Case Stand - For IPad 9.7 (2017) / Air 2 / Air - Purple', '<div class=\"card aim -mtm\">\r\n<div class=\"markup -mhm -pvl -oxa -sc\">\r\n<p>Cartoon design with two handles , Non-toxic EVA foam material, ultra light , Provides extra shock absorption and protects the tablet from scratches, dust, and smudges</p>\r\n</div>\r\n</div>\r\n<section class=\"card aim -mtm -fs16\">\r\n<div id=\"specifications\" class=\"hook\"></div>\r\n<header class=\"-pvs -bb\"></header></section>', NULL),
(218, 199, 'ar', 'Nillikin Bumper Leather Case For Apple IPad Pro 12.9 (2020) - Black', '<ul>\r\n<li>Nillkin Bumper Leather cover case for Apple iPad Pro 12.9 (2020)</li>\r\n<li>&nbsp;</li>\r\n<li>Made from imported TPU, PC, and PU material, the Nillkin bumper provides your iPad with triple protection. The geometric design molded by integral injection gives a subtle, yet elegant appearance while providing optimal protection.</li>\r\n<li>Nillkin Bumper features a flip cover made from a special PU leather with a dot texture design, making it durable and slip-resistant. It features an in-built magnet connection which integrates with the iPad&rsquo;s auto-sleep/wake feature. The flip cover has a unique design that lets you place your iPad at any angle while typing, reading, or browsing the web.</li>\r\n<li>Nillkin bumper provides additional protection around the corners. Bumpers located on each corner protect your iPad from bumps and scratches. It also features a holder for your iPad pen.</li>\r\n<li>Imported leather material</li>\r\n<li>Made with a durable PU leather finish with a diamond texture for a comfortable grip preventing slips.</li>\r\n<li>Reliable protection</li>\r\n<li>Double protection with a combination of PC back panel and TPU border.</li>\r\n<li>All-round protection</li>\r\n<li>The case is bump and impact-resistant with bumpers on all four corners.</li>\r\n<li>Transparent back panel</li>\r\n<li>A crystal clear back panel protects while allowing a transparent view of the unique iPad design.</li>\r\n</ul>\r\n<p>&nbsp;</p>', NULL),
(219, 200, 'ar', 'Smart Case Flip Cover For Apple IPad Air 3 (2019) 10.5 Inch', '<h1>&nbsp; &nbsp; &nbsp; &nbsp; &nbsp; &nbsp; &nbsp; &nbsp; &nbsp; &nbsp; &nbsp; &nbsp; &nbsp; Smart Case Flip Cover for Apple iPad Air 3 (2019) 10.5 inch</h1>\r\n<p><strong>Features:</strong></p>\r\n<p>&nbsp;</p>\r\n<ul>\r\n<li><br />\r\n<p><strong>Easy to Fit &amp; Remove</strong></p>\r\n</li>\r\n<li><br />\r\n<p><strong>Brand New Premium Quality</strong></p>\r\n</li>\r\n<li><br />\r\n<p><strong>Tough &amp; Durable Yet Compact &amp; Sleek</strong></p>\r\n</li>\r\n<li><br />\r\n<p><strong>Soft Padding on Inside to Protect for iPad Screen</strong></p>\r\n</li>\r\n<li><br />\r\n<p><strong>Tray Holder Ensure Steady Fit &amp; 360 Degree Rotatable</strong></p>\r\n</li>\r\n<li><br />\r\n<p><strong>Supports Two Convenient Standing Positions Both in Vertical and<br />Horizontal Mode</strong></p>\r\n</li>\r\n<li><br />\r\n<p><strong>Easy Access to All Features &amp; Controls of for iPad Mini Without<br />Having to Remove the Case</strong></p>\r\n</li>\r\n<li><br />\r\n<p><strong>Protects from Falls, Bumps, Fingerprints, Scratches &amp; Dust</strong></p>\r\n</li>\r\n<li><br />\r\n<p><strong>Elastic Strap Closure Ensures That Your for iPad Cover Stay<br />Closed While On The Move</strong></p>\r\n</li>\r\n</ul>\r\n<p><strong>Package Includes：</strong></p>\r\n<p>&nbsp;</p>\r\n<ul>\r\n<li><br />\r\n<p><strong>1x 360 Degree Rotating Case with Auto Sleep Wake Function</strong></p>\r\n</li>\r\n</ul>', NULL),
(220, 201, 'ar', 'Armor Glass Back Cover For Huawei Honor 8X – White', '<ul>\r\n<li>Armor Glass cover</li>\r\n<li>to protect your mobile from scratches and Shock</li>\r\n</ul>', NULL),
(221, 202, 'ar', 'I99 Digital Double Wireless Bluetooth Earphones - White', '<ol>\r\n<li>اسم سماعة الرأس: i99</li>\r\n<li>إصدار البلوتوث: بلوتوث 5.0</li>\r\n<li>التحكم باللمس</li>\r\n<li>نداء من جانبين</li>\r\n<li>الاقتران التلقائي</li>\r\n<li>شحن لاسلكي</li>\r\n<li>وظيفة سيري</li>\r\n<li>لا يوجد ضوء استشعار عند الاستخدام</li>\r\n<li>علبة مغناطيسية</li>\r\n<li>سماعات مغناطيسية</li>\r\n<li>سعة البطارية المفردة: 35 مللي أمبير</li>\r\n</ol>', NULL),
(222, 203, 'ar', 'JOYROOM Jr-T03s Last Version Tws Bluetooth Double Headset + Silicone Case - White', '<p>رقم الموديل: JR-T03s<br />&nbsp;&nbsp;&nbsp;&nbsp;BlueTooth: V5التحكم باللمس<br />&nbsp;&nbsp;&nbsp;&nbsp;صندوق شحن سعة البطارية: 400 مللي أمبير<br />&nbsp;&nbsp;&nbsp;&nbsp;سعة بطارية سماعة الرأس: 45 مللي أمبير<br />&nbsp;&nbsp;&nbsp;&nbsp;وقت التشغيل: حوالي 3 ساعات (الحجم 80٪)<br />&nbsp;&nbsp;&nbsp;&nbsp;وقت الاستعداد: حوالي 80 ساعة<br />&nbsp;&nbsp;&nbsp;&nbsp;صندوق الشحن - شحن USB: حوالي 1 ساعة<br />&nbsp;&nbsp;&nbsp;&nbsp;صندوق الشحن - الشحن اللاسلكي: حوالي 3 ساعات<br />&nbsp;</p>', NULL),
(223, 204, 'ar', 'سماعات لاسلكية للهاتف المحمول سماعة مع مايكروفون والتحكم في مستوى الصوت', '<h2>1) عالية الجودة:</h2>\r\n<p>اتصال Bluetooth عالي السرعة والرد على المكالمات الواردة ومحادثة التكلم الحر والتوافق الفائق وصوت مجسم ستيريو عالي الدقة</p>\r\n<p>2) تصميم المحمولة طوي:</p>\r\n<p>&nbsp;</p>\r\n<p>يجعل من السهل أن تأخذ في عطلة أو رحلة عمل أو لتخزينها في درج مكتبك للاستخدام في العمل</p>\r\n<p>3) عقال قابل للتعديل:</p>\r\n<p>&nbsp;</p>\r\n<p>لا تقدم سماعات الرأس نمطًا أنيقًا فقط مع ملف تعريف نحيف ، بل توفر أيضًا طوق رأس محيطي قابل للتعديل ، فهي تتيح لك الحصول على وضع رائع على رأسك</p>\r\n<p>4) من السهل التحكم في سماعات الرأس:</p>\r\n<p>&nbsp;</p>\r\n<p>يمكن التحكم بحرية في تبديل الأغنية السابقة والأغنية التالية ، إيقاف الأغنية مؤقتًا ، الرد على المكالمات ، إنهاء المكالمات ، رفض المكالمة الواردة ، طلب الرقم الأخير ، التحكم في مستوى الصوت</p>\r\n<p><em><strong>5) يعمل مع أو بدون القدرة بلوتوث</strong></em>:</p>\r\n<p>ليس فقط لاسلكيًا ، بل يمكن استخدامه أيضًا كسماعة رأس سلكية (يوفر اتصالًا سلكيًا 3.5 مم بسيطًا لمجموعة متنوعة من الأجهزة) ، والاتصالات الهاتفية ، والموسيقى وعناصر التحكم في الهاتف تضمن سهولة الاستخدام</p>\r\n<p>&nbsp;تدعم كارت ميموري</p>', NULL),
(224, 205, 'ar', 'Samsung Level U Bluetooth Wireless In-ear Headphones With Microphone - Gold', '<h1 dir=\"LTR\">Samsung Level U Bluetooth Wireless Headphone</h1>\r\n<p><img src=\"https://eg.jumia.is/cms/external/pet/SA024EA035AXQNAFAMZ/29d9591692c46fb0c310349ebb722876.jpg\" alt=\"image\" /></p>\r\n<p dir=\"LTR\">Style &amp; Performance</p>\r\n<p dir=\"LTR\">The Samsung Level U is an ideal choice for high quality music on the go.</p>\r\n<p dir=\"LTR\">Ergonomically designed for long term wear, these headphones feature a flexible urethane joint to</p>\r\n<p dir=\"LTR\">wear around your neck and stabilizing wing ear gels for in-ear comfort.</p>\r\n<p dir=\"LTR\">The magnetic earbuds conveniently clasp together, reducing clutter when not in use.</p>\r\n<p dir=\"LTR\">Large 12mm speaker and active, dual-mic noise reduction ensures quality sound and ease of wear.</p>\r\n<p><img src=\"https://eg.jumia.is/cms/external/pet/SA024EA035AXQNAFAMZ/84a249cd5a0ad669fdc89774394e9549.jpg\" alt=\"image\" /></p>\r\n<p dir=\"LTR\">Quality Sound</p>\r\n<p dir=\"LTR\">Large 12mm speaker units deliver high-quality, clear sound. The dual-microphone noise reduction</p>\r\n<p dir=\"LTR\">and echo cancellation reduce outside sound interference and feedback during calls.</p>\r\n<p dir=\"LTR\"><img src=\"https://eg.jumia.is/cms/external/pet/SA024EA035AXQNAFAMZ/6921822fe2bcedd68bcdf5b195bc88f9.jpg\" alt=\"image\" /></p>\r\n<p dir=\"LTR\">Comfortable Fit</p>\r\n<p dir=\"LTR\">Capable and stylish, the Samsung Level U Wireless Headphones are ergonomically designed with flexible urethane joints to</p>\r\n<p dir=\"LTR\">increase around-the-neck comfort. The included stabilizing wing ear gels ensure a perfect fit for long-term wear.</p>\r\n<p dir=\"LTR\"><img src=\"https://eg.jumia.is/cms/external/pet/SA024EA035AXQNAFAMZ/683151a9880270c563df846444eaef7c.jpg\" alt=\"image\" /></p>\r\n<p dir=\"LTR\">Easy to Use Controls</p>\r\n<p dir=\"LTR\">Control volume, play/pause, track advance and phone from easy to use control buttons.</p>\r\n<p dir=\"LTR\"><img src=\"https://eg.jumia.is/cms/external/pet/SA024EA035AXQNAFAMZ/80cda2c5403b15d0a82c7ad54ad3359f.jpg\" alt=\"image\" /></p>\r\n<p dir=\"LTR\">Samsung Level Mobile App</p>\r\n<p dir=\"LTR\">Use the Level App to access and control advanced settings on your Level U Wireless Headphones from your paired Android device.</p>\r\n<p dir=\"LTR\">(Search Samsung Level on the Google Play store to download.)</p>\r\n<p dir=\"LTR\"><img src=\"https://eg.jumia.is/cms/external/pet/SA024EA035AXQNAFAMZ/78905eedd19e7a62d9db1d6ddde630d2.jpg\" alt=\"image\" /></p>', NULL),
(225, 206, 'ar', 'Ldnio LS371 Micro-USB Data Cable - 1M - White', '<div class=\"card aim -mtm\">\r\n<div class=\"markup -mhm -pvl -oxa -sc\">\r\n<table style=\"height: 59px; width: 703px;\" border=\"0\" width=\"268\" cellspacing=\"0\" cellpadding=\"0\">\r\n<tbody>\r\n<tr style=\"height: 59px;\">\r\n<td class=\"xl65\" style=\"height: 59px; width: 688px;\">LDNIO Micro USB 1.0m كابل شحن سريع كابل بيانات</td>\r\n</tr>\r\n</tbody>\r\n</table>\r\n</div>\r\n</div>\r\n<section class=\"card aim -mtm -fs16\">\r\n<div id=\"specifications\" class=\"hook\"></div>\r\n<header class=\"-pvs -bb\"></header></section>', NULL),
(226, 207, 'ar', 'Hoco Type-C To Lightning “X36 Swift PD” Charging Data Sync Cable – White – 1M', '<div class=\"card aim -mtm\">\r\n<div class=\"markup -mhm -pvl -oxa -sc\">فى المتجر لدينا افضل المنتجات المصنعة من اجود الخامات نحن نقدم منتجات جيدة وخدمة جيدة ومتاح لدينا العديد من المنتجات الاخرى</div>\r\n</div>\r\n<section class=\"card aim -mtm -fs16\">\r\n<div id=\"specifications\" class=\"hook\"></div>\r\n<header class=\"-pvs -bb\"></header></section>', NULL),
(227, 208, 'ar', 'Ugreen 3.5mm Stereo Auxiliary Cable With Slim Aluminum Case - 3M - Black', '<p><strong>Description&nbsp;</strong>UGREEN Premium 3.5mm Aux cable lets you connect your mobile device,like iPhone, iPod or any MP3 player,to a car stereo, speaker system, laptop, or any other output device that has a 3.5-millimeter jack. The slim aluminum Case design allows you to plug it into your devices without taking off your mobile/Tab case.<br /><strong>Specification&nbsp;</strong>1. Cable length: 3m2. Premium quality Aluminum connectors: straight head Stereo jack 3.5 plug-to-3.5mm plug; 3. Gold plated housing and contacts for optimum sound quality; 4. Chrome-finished plugs; 5. Compatible with Any Cell phone, Mp3 Player, PDA with standard 3.5mm jack; 6. Oxygen-free copper provide maximum\'s conductivity and durability.</p>', NULL),
(228, 209, 'ar', 'Hoco U5 Full Metal Charging Lightning Cable - 1.2m - Silver', '<div class=\"card aim -mtm\">\r\n<div class=\"markup -mhm -pvl -oxa -sc\">U5 Full Metal Charging Cable Data Cable For Apple - 1.2m - Rose Gold</div>\r\n</div>\r\n<section class=\"card aim -mtm -fs16\">\r\n<div id=\"specifications\" class=\"hook\"></div>\r\n<header class=\"-pvs -bb\"></header></section>', NULL),
(229, 210, 'ar', 'باور بانك ميدالية', '<h1 class=\"PurchaseContainer__Name-sc-1qlezk8-3 bCtKGl\">Portable External Battery Charger Power Bank 18650 with Keychain (With Battery) (White)</h1>\r\n<p>Compatible with: USB charging mobile phones and electronic devices. &nbsp;10000 MAh</p>', NULL),
(230, 211, 'ar', 'Remax RPP-149 Bodi Series 10000mAh Powerbank - Black', '<div class=\"card aim -mtm\">\r\n<div class=\"markup -mhm -pvl -oxa -sc\">\r\n<p>Never run out of power with this portable power bank! Very helpful device designed for extending the battery life of your mobile devices on the go and act as a second battery for your mobile phone or tablet device.</p>\r\n</div>\r\n</div>\r\n<section class=\"card aim -mtm -fs16\">\r\n<div id=\"specifications\" class=\"hook\"></div>\r\n<header class=\"-pvs -bb\"></header></section>', NULL),
(231, 212, 'ar', 'Energizer UE20011PQ Fast Charger Power Bank - 20000mAh- 22.5W - Black', '<table class=\"table spec_table\" style=\"height: 220px; width: 644px;\">\r\n<tbody>\r\n<tr style=\"height: 22px;\">\r\n<td style=\"height: 22px; width: 88px;\">Model name</td>\r\n<td class=\"value\" style=\"height: 22px; width: 528px;\">UE20011PQ</td>\r\n</tr>\r\n<tr style=\"height: 22px;\">\r\n<td style=\"height: 22px; width: 88px;\">Battery Cell</td>\r\n<td class=\"value\" style=\"height: 22px; width: 528px;\">Lithium Polymer</td>\r\n</tr>\r\n<tr style=\"height: 22px;\">\r\n<td style=\"height: 22px; width: 88px;\">Capacity</td>\r\n<td class=\"value\" style=\"height: 22px; width: 528px;\">20000mAh/74Wh(Max.)</td>\r\n</tr>\r\n<tr style=\"height: 44px;\">\r\n<td style=\"height: 44px; width: 88px;\">Input</td>\r\n<td class=\"value\" style=\"height: 44px; width: 528px;\">Micro USB: 5V/2A<br />USB-C PD: 5V/2A, 9V/2A</td>\r\n</tr>\r\n<tr style=\"height: 44px;\">\r\n<td style=\"height: 44px; width: 88px;\">Output</td>\r\n<td class=\"value\" style=\"height: 44px; width: 528px;\">USB-A 5V/4.5A, 9V/2A, 12V/1.5A<br />USB-C PD: 5V/2A, 9V/2A, 12V/1.5A</td>\r\n</tr>\r\n<tr style=\"height: 22px;\">\r\n<td style=\"height: 22px; width: 88px;\">Weight</td>\r\n<td class=\"value\" style=\"height: 22px; width: 528px;\">415g &plusmn; 10g</td>\r\n</tr>\r\n<tr style=\"height: 22px;\">\r\n<td style=\"height: 22px; width: 88px;\">Dimensions</td>\r\n<td class=\"value\" style=\"height: 22px; width: 528px;\">141 x 69 x 28mm</td>\r\n</tr>\r\n<tr style=\"height: 22px;\">\r\n<td style=\"height: 22px; width: 88px;\">Total Output</td>\r\n<td class=\"value\" style=\"height: 22px; width: 528px;\">22.5W (Max.)</td>\r\n</tr>\r\n</tbody>\r\n</table>', NULL),
(232, 213, 'ar', 'mobile', '<p>mobile dec</p>', 'mobile ifo'),
(233, 214, 'ar', 'mobile', '<p>وصف المنتج</p>', 'معلومات بسيطة عن المنتج'),
(234, 215, 'ar', 'Huawei Y7a - 6.67-inch 128GB/4GB Mobile Phone - Midnight Black', '<p>شاشة Dot Notch بأحدث الإصدارات تمنحك أروع تجربة مُشاهدة للشاشة الكاملة Full Screen يتميز التصميم بكاميرا أمامية مذهلة لا تستهلك مساحة من الشاشة شاشة بدقة FHD+ 2340 x 1080 تمنحك رؤية مذهلة للمحتوى نسبة جسم إلى شاشة كبيرة مما يمنحك تجربة مشاهدة مذهلة.</p>', 'This device uses Huawei Mobile Services (HMS) instead of Google Mobile Services (GMS).'),
(235, 216, 'ar', 'موبيل هواوي Y7a', '<p>شاشة Dot Notch بأحدث الإصدارات تمنحك أروع تجربة مُشاهدة للشاشة الكاملة Full Screen يتميز التصميم بكاميرا أمامية مذهلة لا تستهلك مساحة من الشاشة شاشة بدقة FHD+ 2340 x 1080 تمنحك رؤية مذهلة للمحتوى نسبة جسم إلى شاشة كبيرة مما يمنحك تجربة مشاهدة مذهلة.</p>', 'يستخدم هذا الجهاز خدمات Huawei Mobile Services  بدلاً من Google Mobile Services.'),
(236, 217, 'ar', 'موبيل هواوي Y7a', '<p>شاشة Dot Notch بأحدث الإصدارات تمنحك أروع تجربة مُشاهدة للشاشة الكاملة Full Screen يتميز التصميم بكاميرا أمامية مذهلة لا تستهلك مساحة من الشاشة شاشة بدقة FHD+ 2340 x 1080 تمنحك رؤية مذهلة للمحتوى نسبة جسم إلى شاشة كبيرة مما يمنحك تجربة مشاهدة مذهلة.</p>', 'يستخدم هذا الجهاز خدمات Huawei Mobile Services  بدلاً من Google Mobile Services.');

-- --------------------------------------------------------

--
-- Table structure for table `related_products`
--

DROP TABLE IF EXISTS `related_products`;
CREATE TABLE IF NOT EXISTS `related_products` (
  `product_id` int(10) UNSIGNED NOT NULL,
  `related_product_id` int(10) UNSIGNED NOT NULL,
  PRIMARY KEY (`product_id`,`related_product_id`),
  KEY `related_products_related_product_id_foreign` (`related_product_id`)
) ENGINE=InnoDB DEFAULT CHARSET=utf8mb4 COLLATE=utf8mb4_unicode_ci;

--
-- Dumping data for table `related_products`
--

INSERT INTO `related_products` (`product_id`, `related_product_id`) VALUES
(23, 17),
(23, 18),
(23, 21),
(23, 22),
(39, 26),
(42, 26),
(53, 26),
(39, 37),
(39, 38),
(39, 40),
(39, 41),
(39, 42),
(44, 43),
(45, 43),
(45, 44),
(45, 46),
(45, 47),
(45, 48),
(44, 70),
(53, 70),
(158, 104),
(158, 105),
(159, 105),
(158, 125),
(159, 125),
(158, 126),
(159, 126),
(160, 126),
(157, 131),
(159, 132),
(160, 132),
(160, 133),
(44, 148),
(157, 148),
(151, 149),
(152, 149),
(152, 151),
(40, 156),
(53, 156),
(157, 156),
(180, 156),
(40, 157),
(42, 157),
(53, 157),
(180, 157),
(159, 158),
(160, 158),
(162, 158),
(180, 158),
(162, 159),
(164, 159),
(168, 159),
(180, 159),
(196, 159),
(162, 161),
(164, 161),
(167, 161),
(168, 161),
(170, 161),
(164, 162),
(168, 162),
(170, 162),
(164, 163),
(167, 163),
(190, 163),
(167, 164),
(190, 164),
(167, 165),
(168, 165),
(190, 165),
(167, 166),
(190, 167),
(170, 168),
(170, 169),
(173, 169),
(196, 169),
(173, 170),
(191, 170),
(173, 171),
(191, 171),
(173, 172),
(191, 172),
(187, 176),
(181, 177),
(187, 177),
(191, 177),
(181, 178),
(181, 180),
(187, 180),
(189, 180),
(188, 182),
(189, 182),
(188, 183),
(192, 183),
(190, 184),
(188, 185),
(192, 186),
(188, 187),
(189, 187),
(190, 187),
(192, 187),
(214, 187),
(215, 187),
(216, 187),
(189, 188),
(190, 188),
(215, 188),
(216, 188),
(190, 189),
(214, 189),
(215, 189),
(216, 189),
(214, 190),
(215, 190),
(216, 190),
(192, 191),
(193, 191),
(194, 191),
(195, 191),
(193, 192),
(194, 192),
(195, 192),
(194, 193),
(195, 193),
(195, 194),
(217, 203),
(217, 204),
(217, 205),
(213, 206),
(213, 211),
(214, 211),
(213, 212),
(214, 212),
(214, 213);

-- --------------------------------------------------------

--
-- Table structure for table `reminders`
--

DROP TABLE IF EXISTS `reminders`;
CREATE TABLE IF NOT EXISTS `reminders` (
  `id` int(10) UNSIGNED NOT NULL AUTO_INCREMENT,
  `user_id` int(10) UNSIGNED NOT NULL,
  `code` varchar(191) COLLATE utf8mb4_unicode_ci NOT NULL,
  `completed` tinyint(1) NOT NULL DEFAULT '0',
  `completed_at` datetime DEFAULT NULL,
  `created_at` timestamp NULL DEFAULT NULL,
  `updated_at` timestamp NULL DEFAULT NULL,
  PRIMARY KEY (`id`),
  KEY `reminders_user_id_foreign` (`user_id`)
) ENGINE=InnoDB AUTO_INCREMENT=11 DEFAULT CHARSET=utf8mb4 COLLATE=utf8mb4_unicode_ci;

--
-- Dumping data for table `reminders`
--

INSERT INTO `reminders` (`id`, `user_id`, `code`, `completed`, `completed_at`, `created_at`, `updated_at`) VALUES
(2, 1, 'H3nvXB1v5cxghQI8MHRoeWVXOlQ1HtP5', 1, '2020-06-15 13:03:02', '2020-06-15 17:01:35', '2020-06-15 17:03:02'),
(7, 15, 'u270tQKMLW232uw0FpZ7UamLkmtPy4Og', 1, '2020-07-29 05:28:12', '2020-07-29 09:26:19', '2020-07-29 09:28:12'),
(10, 15, 'e0Dh5osHmpms8GZ2Y1X0znkuFeXdtT7O', 1, '2020-08-05 17:42:19', '2020-08-05 21:41:22', '2020-08-05 21:42:19');

-- --------------------------------------------------------

--
-- Table structure for table `reviews`
--

DROP TABLE IF EXISTS `reviews`;
CREATE TABLE IF NOT EXISTS `reviews` (
  `id` int(10) UNSIGNED NOT NULL AUTO_INCREMENT,
  `reviewer_id` int(10) UNSIGNED DEFAULT NULL,
  `product_id` int(10) UNSIGNED NOT NULL,
  `rating` int(11) NOT NULL,
  `reviewer_name` varchar(191) COLLATE utf8mb4_unicode_ci NOT NULL,
  `comment` text COLLATE utf8mb4_unicode_ci NOT NULL,
  `is_approved` tinyint(1) NOT NULL,
  `created_at` timestamp NULL DEFAULT NULL,
  `updated_at` timestamp NULL DEFAULT NULL,
  PRIMARY KEY (`id`),
  KEY `reviews_reviewer_id_index` (`reviewer_id`),
  KEY `reviews_product_id_index` (`product_id`)
) ENGINE=InnoDB AUTO_INCREMENT=6 DEFAULT CHARSET=utf8mb4 COLLATE=utf8mb4_unicode_ci;

--
-- Dumping data for table `reviews`
--

INSERT INTO `reviews` (`id`, `reviewer_id`, `product_id`, `rating`, `reviewer_name`, `comment`, `is_approved`, `created_at`, `updated_at`) VALUES
(2, NULL, 85, 5, 'محمد الشافعى', 'كينا كونج \r\nاوليفيا زينك', 1, '2020-10-04 20:09:21', '2021-01-06 12:44:30'),
(3, 21, 73, 5, 'mahmoud araby', 'hello', 1, '2020-10-05 16:38:48', '2020-10-05 16:38:48'),
(4, 21, 47, 5, 'mahmoud araby', 'hello', 1, '2020-10-05 16:58:12', '2020-10-05 16:58:12'),
(5, 27, 99, 5, 'kira', 'good', 1, '2020-12-22 17:34:20', '2020-12-22 17:34:20');

-- --------------------------------------------------------

--
-- Table structure for table `roles`
--

DROP TABLE IF EXISTS `roles`;
CREATE TABLE IF NOT EXISTS `roles` (
  `id` int(10) UNSIGNED NOT NULL AUTO_INCREMENT,
  `permissions` text COLLATE utf8mb4_unicode_ci,
  `created_at` timestamp NULL DEFAULT NULL,
  `updated_at` timestamp NULL DEFAULT NULL,
  PRIMARY KEY (`id`)
) ENGINE=InnoDB AUTO_INCREMENT=3 DEFAULT CHARSET=utf8mb4 COLLATE=utf8mb4_unicode_ci;

--
-- Dumping data for table `roles`
--

INSERT INTO `roles` (`id`, `permissions`, `created_at`, `updated_at`) VALUES
(1, '{\"admin.attributes.index\":true,\"admin.attributes.create\":true,\"admin.attributes.edit\":true,\"admin.attributes.destroy\":true,\"admin.attribute_sets.index\":true,\"admin.attribute_sets.create\":true,\"admin.attribute_sets.edit\":true,\"admin.attribute_sets.destroy\":true,\"admin.brands.index\":true,\"admin.brands.create\":true,\"admin.brands.edit\":true,\"admin.brands.destroy\":true,\"admin.categories.index\":true,\"admin.categories.create\":true,\"admin.categories.edit\":true,\"admin.categories.destroy\":true,\"admin.coupons.index\":true,\"admin.coupons.create\":true,\"admin.coupons.edit\":true,\"admin.coupons.destroy\":true,\"admin.currency_rates.index\":true,\"admin.currency_rates.edit\":true,\"admin.flash_sales.index\":true,\"admin.flash_sales.create\":true,\"admin.flash_sales.edit\":true,\"admin.flash_sales.destroy\":true,\"admin.media.index\":true,\"admin.media.create\":true,\"admin.media.destroy\":true,\"admin.menus.index\":true,\"admin.menus.create\":true,\"admin.menus.edit\":true,\"admin.menus.destroy\":true,\"admin.menu_items.index\":true,\"admin.menu_items.create\":true,\"admin.menu_items.edit\":true,\"admin.menu_items.destroy\":true,\"admin.options.index\":true,\"admin.options.create\":true,\"admin.options.edit\":true,\"admin.options.destroy\":true,\"admin.orders.index\":true,\"admin.orders.show\":true,\"admin.orders.edit\":true,\"admin.pages.index\":true,\"admin.pages.create\":true,\"admin.pages.edit\":true,\"admin.pages.destroy\":true,\"admin.products.index\":true,\"admin.products.create\":true,\"admin.products.edit\":true,\"admin.products.destroy\":true,\"admin.suppliers.index\":true,\"admin.suppliers.create\":true,\"admin.suppliers.edit\":true,\"admin.suppliers.destroy\":true,\"admin.reports.index\":true,\"admin.reviews.index\":true,\"admin.reviews.edit\":true,\"admin.reviews.destroy\":true,\"admin.settings.edit\":true,\"admin.sliders.index\":true,\"admin.sliders.create\":true,\"admin.sliders.edit\":true,\"admin.sliders.destroy\":true,\"admin.tags.index\":true,\"admin.tags.create\":true,\"admin.tags.edit\":true,\"admin.tags.destroy\":true,\"admin.taxes.index\":true,\"admin.taxes.create\":true,\"admin.taxes.edit\":true,\"admin.taxes.destroy\":true,\"admin.transactions.index\":true,\"admin.translations.index\":true,\"admin.translations.edit\":true,\"admin.users.index\":true,\"admin.users.create\":true,\"admin.users.edit\":true,\"admin.users.destroy\":true,\"admin.roles.index\":true,\"admin.roles.create\":true,\"admin.roles.edit\":true,\"admin.roles.destroy\":true,\"admin.storefront.edit\":true}', '2020-06-10 06:31:16', '2020-10-05 18:05:09'),
(2, '{\"admin.attributes.index\":true,\"admin.attributes.create\":true,\"admin.attributes.edit\":true,\"admin.attributes.destroy\":false,\"admin.attribute_sets.index\":true,\"admin.attribute_sets.create\":true,\"admin.attribute_sets.edit\":true,\"admin.attribute_sets.destroy\":true,\"admin.brands.index\":true,\"admin.brands.create\":true,\"admin.brands.edit\":true,\"admin.brands.destroy\":true,\"admin.categories.index\":true,\"admin.categories.create\":true,\"admin.categories.edit\":true,\"admin.categories.destroy\":true,\"admin.coupons.index\":true,\"admin.coupons.create\":true,\"admin.coupons.edit\":true,\"admin.coupons.destroy\":true,\"admin.currency_rates.index\":true,\"admin.currency_rates.edit\":true,\"admin.flash_sales.index\":true,\"admin.flash_sales.create\":true,\"admin.flash_sales.edit\":true,\"admin.flash_sales.destroy\":true,\"admin.media.index\":true,\"admin.media.create\":true,\"admin.media.destroy\":true,\"admin.menus.index\":true,\"admin.menus.create\":true,\"admin.menus.edit\":true,\"admin.menus.destroy\":true,\"admin.menu_items.index\":true,\"admin.menu_items.create\":true,\"admin.menu_items.edit\":true,\"admin.menu_items.destroy\":true,\"admin.options.index\":true,\"admin.options.create\":true,\"admin.options.edit\":true,\"admin.options.destroy\":true,\"admin.orders.index\":true,\"admin.orders.show\":true,\"admin.orders.edit\":true,\"admin.pages.index\":true,\"admin.pages.create\":true,\"admin.pages.edit\":true,\"admin.pages.destroy\":true,\"admin.products.index\":true,\"admin.products.create\":true,\"admin.products.edit\":true,\"admin.products.destroy\":true,\"admin.reports.index\":true,\"admin.reviews.index\":true,\"admin.reviews.edit\":true,\"admin.reviews.destroy\":true,\"admin.settings.edit\":true,\"admin.sliders.index\":true,\"admin.sliders.create\":true,\"admin.sliders.edit\":true,\"admin.sliders.destroy\":true,\"admin.tags.index\":true,\"admin.tags.create\":true,\"admin.tags.edit\":true,\"admin.tags.destroy\":true,\"admin.taxes.index\":true,\"admin.taxes.create\":true,\"admin.taxes.edit\":true,\"admin.taxes.destroy\":true,\"admin.transactions.index\":true,\"admin.translations.index\":true,\"admin.translations.edit\":true,\"admin.users.index\":true,\"admin.users.create\":true,\"admin.users.edit\":true,\"admin.users.destroy\":true,\"admin.roles.index\":true,\"admin.roles.create\":true,\"admin.roles.edit\":true,\"admin.roles.destroy\":true,\"admin.storefront.edit\":true}', '2020-06-10 06:31:16', '2020-06-16 14:59:20');

-- --------------------------------------------------------

--
-- Table structure for table `role_translations`
--

DROP TABLE IF EXISTS `role_translations`;
CREATE TABLE IF NOT EXISTS `role_translations` (
  `id` int(10) UNSIGNED NOT NULL AUTO_INCREMENT,
  `role_id` int(10) UNSIGNED NOT NULL,
  `locale` varchar(191) COLLATE utf8mb4_unicode_ci NOT NULL,
  `name` varchar(191) COLLATE utf8mb4_unicode_ci NOT NULL,
  PRIMARY KEY (`id`),
  UNIQUE KEY `role_translations_role_id_locale_unique` (`role_id`,`locale`)
) ENGINE=InnoDB AUTO_INCREMENT=5 DEFAULT CHARSET=utf8mb4 COLLATE=utf8mb4_unicode_ci;

--
-- Dumping data for table `role_translations`
--

INSERT INTO `role_translations` (`id`, `role_id`, `locale`, `name`) VALUES
(1, 1, 'en', 'Admin'),
(2, 2, 'en', 'Customer'),
(3, 1, 'ar', 'مالك'),
(4, 2, 'ar', 'مسؤل');

-- --------------------------------------------------------

--
-- Table structure for table `search_terms`
--

DROP TABLE IF EXISTS `search_terms`;
CREATE TABLE IF NOT EXISTS `search_terms` (
  `id` int(10) UNSIGNED NOT NULL AUTO_INCREMENT,
  `term` varchar(191) COLLATE utf8mb4_unicode_ci NOT NULL,
  `results` int(10) UNSIGNED NOT NULL,
  `hits` int(10) UNSIGNED NOT NULL DEFAULT '0',
  `created_at` timestamp NULL DEFAULT NULL,
  `updated_at` timestamp NULL DEFAULT NULL,
  PRIMARY KEY (`id`),
  UNIQUE KEY `search_terms_term_unique` (`term`)
) ENGINE=InnoDB AUTO_INCREMENT=17 DEFAULT CHARSET=utf8mb4 COLLATE=utf8mb4_unicode_ci;

--
-- Dumping data for table `search_terms`
--

INSERT INTO `search_terms` (`id`, `term`, `results`, `hits`, `created_at`, `updated_at`) VALUES
(6, 'apple', 14, 20, '2020-08-04 08:53:37', '2021-02-25 11:49:41'),
(7, 'Samsung', 9, 12, '2020-08-05 17:50:54', '2021-02-25 11:55:09'),
(8, 'ساعات', 0, 1, '2020-08-05 17:51:09', '2020-08-05 17:51:09'),
(9, 'موبايل', 3, 17, '2020-08-09 02:36:11', '2021-02-25 11:59:29'),
(10, 'بسكويت', 0, 8, '2020-08-24 18:31:36', '2021-02-25 12:12:05'),
(11, 'اطعمه', 0, 1, '2020-08-24 18:32:12', '2020-08-24 18:32:12'),
(12, 'gg', 0, 1, '2021-01-02 23:49:37', '2021-01-02 23:49:37'),
(13, 'اندرويد', 0, 2, '2021-01-04 16:50:29', '2021-01-05 19:03:38'),
(14, 'sumsung', 0, 2, '2021-02-09 17:52:15', '2021-02-09 17:54:46'),
(15, 'بور بانك', 0, 1, '2021-02-09 18:15:22', '2021-02-09 18:15:22'),
(16, 'موبيل', 0, 1, '2021-02-10 11:53:08', '2021-02-10 11:53:08');

-- --------------------------------------------------------

--
-- Table structure for table `settings`
--

DROP TABLE IF EXISTS `settings`;
CREATE TABLE IF NOT EXISTS `settings` (
  `id` int(10) UNSIGNED NOT NULL AUTO_INCREMENT,
  `key` varchar(191) COLLATE utf8mb4_unicode_ci NOT NULL,
  `is_translatable` tinyint(1) NOT NULL DEFAULT '0',
  `plain_value` text COLLATE utf8mb4_unicode_ci,
  `created_at` timestamp NULL DEFAULT NULL,
  `updated_at` timestamp NULL DEFAULT NULL,
  PRIMARY KEY (`id`),
  UNIQUE KEY `settings_key_unique` (`key`)
) ENGINE=InnoDB AUTO_INCREMENT=296 DEFAULT CHARSET=utf8mb4 COLLATE=utf8mb4_unicode_ci;

--
-- Dumping data for table `settings`
--

INSERT INTO `settings` (`id`, `key`, `is_translatable`, `plain_value`, `created_at`, `updated_at`) VALUES
(1, 'store_name', 1, NULL, '2020-06-10 06:31:16', '2020-06-10 06:31:16'),
(2, 'store_email', 0, 's:21:\"info@smartcommerce.me\";', '2020-06-10 06:31:16', '2021-01-12 09:17:42'),
(3, 'search_engine', 0, 's:5:\"mysql\";', '2020-06-10 06:31:16', '2020-06-10 06:31:16'),
(4, 'algolia_app_id', 0, 'N;', '2020-06-10 06:31:16', '2020-06-10 06:31:16'),
(5, 'algolia_secret', 0, 'N;', '2020-06-10 06:31:16', '2020-06-10 06:31:16'),
(6, 'active_theme', 0, 's:10:\"Storefront\";', '2020-06-10 06:31:16', '2020-06-10 06:31:16'),
(7, 'supported_countries', 0, 'a:1:{i:0;s:2:\"EG\";}', '2020-06-10 06:31:16', '2020-08-01 02:21:33'),
(8, 'default_country', 0, 's:2:\"EG\";', '2020-06-10 06:31:16', '2020-08-01 02:21:33'),
(9, 'supported_locales', 0, 'a:2:{i:0;s:2:\"ar\";i:1;s:2:\"en\";}', '2020-06-10 06:31:16', '2020-06-11 09:05:53'),
(10, 'default_locale', 0, 's:2:\"ar\";', '2020-06-10 06:31:16', '2020-06-10 12:48:51'),
(11, 'default_timezone', 0, 's:12:\"Asia/Bahrain\";', '2020-06-10 06:31:16', '2020-06-11 09:05:53'),
(12, 'customer_role', 0, 's:1:\"2\";', '2020-06-10 06:31:16', '2020-06-10 12:48:51'),
(13, 'reviews_enabled', 0, 's:1:\"1\";', '2020-06-10 06:31:16', '2020-06-10 12:48:51'),
(14, 'auto_approve_reviews', 0, 's:1:\"1\";', '2020-06-10 06:31:16', '2020-06-10 12:48:51'),
(15, 'cookie_bar_enabled', 0, 's:1:\"1\";', '2020-06-10 06:31:16', '2020-06-10 12:48:51'),
(16, 'supported_currencies', 0, 'a:2:{i:0;s:3:\"EGP\";i:1;s:3:\"USD\";}', '2020-06-10 06:31:16', '2020-08-01 02:20:12'),
(17, 'default_currency', 0, 's:3:\"EGP\";', '2020-06-10 06:31:16', '2020-07-20 09:39:00'),
(18, 'send_order_invoice_email', 0, 'b:0;', '2020-06-10 06:31:16', '2020-06-10 06:31:16'),
(19, 'newsletter_enabled', 0, 's:1:\"0\";', '2020-06-10 06:31:16', '2020-06-10 12:48:51'),
(20, 'local_pickup_cost', 0, 's:1:\"0\";', '2020-06-10 06:31:16', '2020-06-10 12:48:51'),
(21, 'flat_rate_cost', 0, 's:1:\"0\";', '2020-06-10 06:31:16', '2020-06-10 12:48:51'),
(22, 'free_shipping_label', 1, NULL, '2020-06-10 06:31:16', '2020-06-10 06:31:16'),
(23, 'local_pickup_label', 1, NULL, '2020-06-10 06:31:16', '2020-06-10 06:31:16'),
(24, 'flat_rate_label', 1, NULL, '2020-06-10 06:31:16', '2020-06-10 06:31:16'),
(25, 'paypal_label', 1, NULL, '2020-06-10 06:31:16', '2020-06-10 06:31:16'),
(26, 'paypal_description', 1, NULL, '2020-06-10 06:31:16', '2020-06-10 06:31:16'),
(27, 'stripe_label', 1, NULL, '2020-06-10 06:31:16', '2020-06-10 06:31:16'),
(28, 'stripe_description', 1, NULL, '2020-06-10 06:31:16', '2020-06-10 06:31:16'),
(29, 'razorpay_label', 1, NULL, '2020-06-10 06:31:17', '2020-06-10 06:31:17'),
(30, 'razorpay_description', 1, NULL, '2020-06-10 06:31:17', '2020-06-10 06:31:17'),
(31, 'instamojo_label', 1, NULL, '2020-06-10 06:31:17', '2020-06-10 06:31:17'),
(32, 'instamojo_description', 1, NULL, '2020-06-10 06:31:17', '2020-06-10 06:31:17'),
(33, 'cod_label', 1, NULL, '2020-06-10 06:31:17', '2020-06-10 06:31:17'),
(34, 'cod_description', 1, NULL, '2020-06-10 06:31:17', '2020-06-10 06:31:17'),
(35, 'bank_transfer_label', 1, NULL, '2020-06-10 06:31:17', '2020-06-10 06:31:17'),
(36, 'bank_transfer_description', 1, NULL, '2020-06-10 06:31:17', '2020-06-10 06:31:17'),
(37, 'check_payment_label', 1, NULL, '2020-06-10 06:31:17', '2020-06-10 06:31:17'),
(38, 'check_payment_description', 1, NULL, '2020-06-10 06:31:17', '2020-06-10 06:31:17'),
(39, 'storefront_copyright_text', 1, 's:92:\"Copyright © <a href=\"{{ store_url }}\">{{ store_name }}</a> {{ year }}. All rights reserved.\";', '2020-06-10 06:31:17', '2020-06-11 13:35:00'),
(40, 'welcome_email', 0, 's:1:\"1\";', '2020-06-10 12:48:51', '2020-06-15 14:40:31'),
(41, 'admin_order_email', 0, 's:1:\"1\";', '2020-06-10 12:48:51', '2020-06-15 14:40:31'),
(42, 'order_status_email', 0, 's:1:\"1\";', '2020-06-10 12:48:51', '2020-06-15 14:40:31'),
(43, 'invoice_email', 0, 's:1:\"1\";', '2020-06-10 12:48:51', '2020-06-15 14:40:31'),
(44, 'maintenance_mode', 0, 's:1:\"0\";', '2020-06-10 12:48:51', '2021-02-16 19:41:02'),
(45, 'allowed_ips', 0, 'N;', '2020-06-10 12:48:51', '2021-02-16 19:41:02'),
(46, 'store_tagline', 1, NULL, '2020-06-10 12:48:51', '2020-06-10 12:48:51'),
(47, 'bank_transfer_instructions', 1, NULL, '2020-06-10 12:48:51', '2020-06-10 12:48:51'),
(48, 'check_payment_instructions', 1, NULL, '2020-06-10 12:48:51', '2020-06-10 12:48:51'),
(49, 'store_phone', 0, 's:14:\"00201150850000\";', '2020-06-10 12:48:51', '2021-01-12 09:17:42'),
(50, 'store_address_1', 0, 's:14:\"القاهرة\";', '2020-06-10 12:48:51', '2020-07-20 09:36:49'),
(51, 'store_address_2', 0, 's:25:\"التجمع الخامس\";', '2020-06-10 12:48:51', '2021-01-12 09:17:42'),
(52, 'store_city', 0, 's:14:\"القاهرة\";', '2020-06-10 12:48:51', '2020-07-20 09:36:49'),
(53, 'store_country', 0, 's:2:\"EG\";', '2020-06-10 12:48:51', '2020-07-20 09:36:49'),
(54, 'store_state', 0, 's:14:\"القاهرة\";', '2020-06-10 12:48:51', '2020-07-20 09:36:49'),
(55, 'store_zip', 0, 'N;', '2020-06-10 12:48:51', '2020-06-10 12:48:51'),
(56, 'currency_rate_exchange_service', 0, 'N;', '2020-06-10 12:48:51', '2020-07-20 09:39:00'),
(57, 'fixer_access_key', 0, 's:6:\"123123\";', '2020-06-10 12:48:51', '2020-06-10 12:48:51'),
(58, 'forge_api_key', 0, 'N;', '2020-06-10 12:48:51', '2020-06-10 12:48:51'),
(59, 'currency_data_feed_api_key', 0, 's:6:\"123123\";', '2020-06-10 12:48:51', '2020-07-20 09:36:49'),
(60, 'auto_refresh_currency_rates', 0, 's:1:\"0\";', '2020-06-10 12:48:51', '2020-07-20 09:39:00'),
(61, 'auto_refresh_currency_rate_frequency', 0, 's:5:\"daily\";', '2020-06-10 12:48:51', '2020-06-10 12:48:51'),
(62, 'mail_from_address', 0, 's:16:\"info@example.com\";', '2020-06-10 12:48:51', '2020-08-01 02:20:12'),
(63, 'mail_from_name', 0, 's:5:\"shopx\";', '2020-06-10 12:48:51', '2020-08-01 02:20:12'),
(64, 'mail_host', 0, 's:25:\"server161.web-hosting.com\";', '2020-06-10 12:48:51', '2020-06-15 17:01:11'),
(65, 'mail_port', 0, 's:3:\"465\";', '2020-06-10 12:48:51', '2020-06-15 17:01:11'),
(66, 'mail_username', 0, 's:16:\"info@example.com\";', '2020-06-10 12:48:51', '2020-08-01 02:20:12'),
(67, 'mail_password', 0, 's:12:\"0slH$*]8_6bU\";', '2020-06-10 12:48:51', '2020-06-15 17:01:11'),
(68, 'mail_encryption', 0, 's:3:\"ssl\";', '2020-06-10 12:48:51', '2020-06-15 17:01:11'),
(69, 'mailchimp_api_key', 0, 'N;', '2020-06-10 12:48:51', '2020-06-10 12:48:51'),
(70, 'mailchimp_list_id', 0, 'N;', '2020-06-10 12:48:51', '2020-06-10 12:48:51'),
(71, 'custom_header_assets', 0, 'N;', '2020-06-10 12:48:51', '2020-06-10 12:48:51'),
(72, 'custom_footer_assets', 0, 'N;', '2020-06-10 12:48:51', '2020-06-10 12:48:51'),
(73, 'facebook_login_enabled', 0, 's:1:\"1\";', '2020-06-10 12:48:51', '2020-08-04 19:38:07'),
(74, 'facebook_login_app_id', 0, 's:15:\"792528254843566\";', '2020-06-10 12:48:51', '2020-08-04 19:38:07'),
(75, 'facebook_login_app_secret', 0, 's:32:\"aaeacae08bec107eb204c87167900d70\";', '2020-06-10 12:48:51', '2020-08-04 19:38:07'),
(76, 'google_login_enabled', 0, 's:1:\"0\";', '2020-06-10 12:48:51', '2020-06-10 12:48:51'),
(77, 'google_login_client_id', 0, 'N;', '2020-06-10 12:48:51', '2020-06-10 12:48:51'),
(78, 'google_login_client_secret', 0, 'N;', '2020-06-10 12:48:51', '2020-06-10 12:48:51'),
(79, 'free_shipping_enabled', 0, 's:1:\"1\";', '2020-06-10 12:48:51', '2020-08-04 03:43:55'),
(80, 'free_shipping_min_amount', 0, 's:3:\"200\";', '2020-06-10 12:48:51', '2020-08-04 03:43:55'),
(81, 'local_pickup_enabled', 0, 's:1:\"0\";', '2020-06-10 12:48:51', '2020-06-10 12:48:51'),
(82, 'flat_rate_enabled', 0, 's:1:\"0\";', '2020-06-10 12:48:51', '2020-06-10 12:48:51'),
(83, 'paypal_enabled', 0, 's:1:\"0\";', '2020-06-10 12:48:51', '2020-06-10 12:48:51'),
(84, 'paypal_test_mode', 0, 's:1:\"0\";', '2020-06-10 12:48:51', '2020-06-10 12:48:51'),
(85, 'paypal_client_id', 0, 'N;', '2020-06-10 12:48:51', '2020-06-10 12:48:51'),
(86, 'paypal_secret', 0, 'N;', '2020-06-10 12:48:51', '2020-06-10 12:48:51'),
(87, 'stripe_enabled', 0, 's:1:\"0\";', '2020-06-10 12:48:51', '2020-06-10 12:48:51'),
(88, 'stripe_publishable_key', 0, 'N;', '2020-06-10 12:48:51', '2020-06-10 12:48:51'),
(89, 'stripe_secret_key', 0, 'N;', '2020-06-10 12:48:51', '2020-06-10 12:48:51'),
(90, 'razorpay_enabled', 0, 's:1:\"0\";', '2020-06-10 12:48:51', '2020-06-10 12:48:51'),
(91, 'razorpay_key_id', 0, 'N;', '2020-06-10 12:48:51', '2020-06-10 12:48:51'),
(92, 'razorpay_key_secret', 0, 'N;', '2020-06-10 12:48:51', '2020-06-10 12:48:51'),
(93, 'instamojo_enabled', 0, 's:1:\"0\";', '2020-06-10 12:48:51', '2020-06-10 12:48:51'),
(94, 'instamojo_test_mode', 0, 's:1:\"0\";', '2020-06-10 12:48:51', '2020-06-10 12:48:51'),
(95, 'instamojo_api_key', 0, 'N;', '2020-06-10 12:48:51', '2020-06-10 12:48:51'),
(96, 'instamojo_auth_token', 0, 'N;', '2020-06-10 12:48:51', '2020-06-10 12:48:51'),
(97, 'cod_enabled', 0, 's:1:\"1\";', '2020-06-10 12:48:51', '2020-06-16 15:48:37'),
(98, 'bank_transfer_enabled', 0, 's:1:\"1\";', '2020-06-10 12:48:51', '2020-06-16 15:58:56'),
(99, 'check_payment_enabled', 0, 's:1:\"0\";', '2020-06-10 12:48:51', '2020-06-10 12:48:51'),
(100, 'storefront_welcome_text', 1, NULL, '2020-06-11 13:35:00', '2020-06-11 13:35:00'),
(101, 'storefront_address', 1, NULL, '2020-06-11 13:35:00', '2020-06-11 13:35:00'),
(102, 'storefront_navbar_text', 1, NULL, '2020-06-11 13:35:00', '2020-06-11 13:35:00'),
(103, 'storefront_footer_menu_one_title', 1, NULL, '2020-06-11 13:35:00', '2020-06-11 13:35:00'),
(104, 'storefront_footer_menu_two_title', 1, NULL, '2020-06-11 13:35:00', '2020-06-11 13:35:00'),
(105, 'storefront_feature_1_title', 1, NULL, '2020-06-11 13:35:00', '2020-06-11 13:35:00'),
(106, 'storefront_feature_1_subtitle', 1, NULL, '2020-06-11 13:35:00', '2020-06-11 13:35:00'),
(107, 'storefront_feature_2_title', 1, NULL, '2020-06-11 13:35:00', '2020-06-11 13:35:00'),
(108, 'storefront_feature_2_subtitle', 1, NULL, '2020-06-11 13:35:00', '2020-06-11 13:35:00'),
(109, 'storefront_feature_3_title', 1, NULL, '2020-06-11 13:35:00', '2020-06-11 13:35:00'),
(110, 'storefront_feature_3_subtitle', 1, NULL, '2020-06-11 13:35:00', '2020-06-11 13:35:00'),
(111, 'storefront_feature_4_title', 1, NULL, '2020-06-11 13:35:00', '2020-06-11 13:35:00'),
(112, 'storefront_feature_4_subtitle', 1, NULL, '2020-06-11 13:35:00', '2020-06-11 13:35:00'),
(113, 'storefront_feature_5_title', 1, NULL, '2020-06-11 13:35:00', '2020-06-11 13:35:00'),
(114, 'storefront_feature_5_subtitle', 1, NULL, '2020-06-11 13:35:00', '2020-06-11 13:35:00'),
(115, 'storefront_product_page_banner_file_id', 1, NULL, '2020-06-11 13:35:01', '2020-06-11 13:35:01'),
(116, 'storefront_slider_banner_1_file_id', 1, NULL, '2020-06-11 13:35:01', '2020-06-11 13:35:01'),
(117, 'storefront_slider_banner_2_file_id', 1, NULL, '2020-06-11 13:35:01', '2020-06-11 13:35:01'),
(118, 'storefront_three_column_full_width_banners_1_file_id', 1, NULL, '2020-06-11 13:35:01', '2020-06-11 13:35:01'),
(119, 'storefront_three_column_full_width_banners_2_file_id', 1, NULL, '2020-06-11 13:35:01', '2020-06-11 13:35:01'),
(120, 'storefront_three_column_full_width_banners_3_file_id', 1, NULL, '2020-06-11 13:35:01', '2020-06-11 13:35:01'),
(121, 'storefront_featured_categories_section_title', 1, NULL, '2020-06-11 13:35:01', '2020-06-11 13:35:01'),
(122, 'storefront_featured_categories_section_subtitle', 1, NULL, '2020-06-11 13:35:01', '2020-06-11 13:35:01'),
(123, 'storefront_product_tabs_1_section_tab_1_title', 1, NULL, '2020-06-11 13:35:01', '2020-06-11 13:35:01'),
(124, 'storefront_product_tabs_1_section_tab_2_title', 1, NULL, '2020-06-11 13:35:01', '2020-06-11 13:35:01'),
(125, 'storefront_product_tabs_1_section_tab_3_title', 1, NULL, '2020-06-11 13:35:01', '2020-06-11 13:35:01'),
(126, 'storefront_product_tabs_1_section_tab_4_title', 1, NULL, '2020-06-11 13:35:01', '2020-06-11 13:35:01'),
(127, 'storefront_two_column_banners_1_file_id', 1, NULL, '2020-06-11 13:35:01', '2020-06-11 13:35:01'),
(128, 'storefront_two_column_banners_2_file_id', 1, NULL, '2020-06-11 13:35:01', '2020-06-11 13:35:01'),
(129, 'storefront_product_grid_section_tab_1_title', 1, NULL, '2020-06-11 13:35:01', '2020-06-11 13:35:01'),
(130, 'storefront_product_grid_section_tab_2_title', 1, NULL, '2020-06-11 13:35:01', '2020-06-11 13:35:01'),
(131, 'storefront_product_grid_section_tab_3_title', 1, NULL, '2020-06-11 13:35:01', '2020-06-11 13:35:01'),
(132, 'storefront_product_grid_section_tab_4_title', 1, NULL, '2020-06-11 13:35:01', '2020-06-11 13:35:01'),
(133, 'storefront_three_column_banners_1_file_id', 1, NULL, '2020-06-11 13:35:01', '2020-06-11 13:35:01'),
(134, 'storefront_three_column_banners_2_file_id', 1, NULL, '2020-06-11 13:35:01', '2020-06-11 13:35:01'),
(135, 'storefront_three_column_banners_3_file_id', 1, NULL, '2020-06-11 13:35:01', '2020-06-11 13:35:01'),
(136, 'storefront_product_tabs_2_section_title', 1, NULL, '2020-06-11 13:35:01', '2020-06-11 13:35:01'),
(137, 'storefront_product_tabs_2_section_tab_1_title', 1, NULL, '2020-06-11 13:35:01', '2020-06-11 13:35:01'),
(138, 'storefront_product_tabs_2_section_tab_2_title', 1, NULL, '2020-06-11 13:35:01', '2020-06-11 13:35:01'),
(139, 'storefront_product_tabs_2_section_tab_3_title', 1, NULL, '2020-06-11 13:35:01', '2020-06-11 13:35:01'),
(140, 'storefront_product_tabs_2_section_tab_4_title', 1, NULL, '2020-06-11 13:35:01', '2020-06-11 13:35:01'),
(141, 'storefront_one_column_banner_file_id', 1, NULL, '2020-06-11 13:35:01', '2020-06-11 13:35:01'),
(142, 'storefront_theme_color', 0, 's:5:\"black\";', '2020-06-11 13:35:01', '2020-06-27 20:44:52'),
(143, 'storefront_custom_theme_color', 0, 's:7:\"#000000\";', '2020-06-11 13:35:01', '2020-06-11 13:35:01'),
(144, 'storefront_mail_theme_color', 0, 's:4:\"blue\";', '2020-06-11 13:35:01', '2020-06-11 13:35:01'),
(145, 'storefront_custom_mail_theme_color', 0, 's:7:\"#000000\";', '2020-06-11 13:35:01', '2020-06-11 13:35:01'),
(146, 'storefront_slider', 0, 's:1:\"6\";', '2020-06-11 13:35:01', '2021-01-04 14:59:58'),
(147, 'storefront_terms_page', 0, 's:1:\"2\";', '2020-06-11 13:35:01', '2020-10-05 21:39:52'),
(148, 'storefront_privacy_page', 0, 's:1:\"3\";', '2020-06-11 13:35:01', '2020-10-05 21:39:52'),
(149, 'storefront_primary_menu', 0, 's:1:\"5\";', '2020-06-11 13:35:01', '2020-08-10 22:56:18'),
(150, 'storefront_category_menu', 0, 's:1:\"4\";', '2020-06-11 13:35:01', '2020-07-31 22:01:07'),
(151, 'storefront_footer_menu_one', 0, 's:1:\"4\";', '2020-06-11 13:35:01', '2020-08-05 00:44:46'),
(152, 'storefront_footer_menu_two', 0, 's:1:\"4\";', '2020-06-11 13:35:01', '2020-08-05 00:44:46'),
(153, 'storefront_features_section_enabled', 0, 's:1:\"1\";', '2020-06-11 13:35:01', '2020-06-14 09:52:57'),
(154, 'storefront_feature_1_icon', 0, 's:17:\"las la-headphones\";', '2020-06-11 13:35:01', '2020-06-14 12:05:35'),
(155, 'storefront_feature_2_icon', 0, 's:18:\"las la-credit-card\";', '2020-06-11 13:35:01', '2020-06-14 12:05:35'),
(156, 'storefront_feature_3_icon', 0, 's:17:\"las la-shield-alt\";', '2020-06-11 13:35:01', '2020-06-14 12:05:35'),
(157, 'storefront_feature_4_icon', 0, 's:12:\"las la-truck\";', '2020-06-11 13:35:01', '2020-06-14 12:05:35'),
(158, 'storefront_feature_5_icon', 0, 's:20:\"las la-shipping-fast\";', '2020-06-11 13:35:01', '2020-06-15 15:19:38'),
(159, 'storefront_product_page_banner_call_to_action_url', 0, 's:29:\"https://sc.egtaz.com/products\";', '2020-06-11 13:35:01', '2021-01-03 17:57:16'),
(160, 'storefront_product_page_banner_open_in_new_window', 0, 's:1:\"1\";', '2020-06-11 13:35:01', '2020-06-11 13:37:30'),
(161, 'storefront_facebook_link', 0, 's:20:\"https://facebook.com\";', '2020-06-11 13:35:01', '2020-06-15 14:29:57'),
(162, 'storefront_twitter_link', 0, 's:19:\"https://twitter.com\";', '2020-06-11 13:35:01', '2020-06-15 14:29:57'),
(163, 'storefront_instagram_link', 0, 's:21:\"https://instagram.com\";', '2020-06-11 13:35:01', '2020-06-15 14:29:57'),
(164, 'storefront_youtube_link', 0, 's:19:\"https://youtube.com\";', '2020-06-11 13:35:01', '2020-06-15 14:29:57'),
(165, 'storefront_slider_banner_1_call_to_action_url', 0, 's:1:\"#\";', '2020-06-11 13:35:01', '2020-07-20 09:49:28'),
(166, 'storefront_slider_banner_1_open_in_new_window', 0, 's:1:\"0\";', '2020-06-11 13:35:01', '2020-06-11 13:35:01'),
(167, 'storefront_slider_banner_2_call_to_action_url', 0, 's:1:\"#\";', '2020-06-11 13:35:01', '2020-07-20 09:49:28'),
(168, 'storefront_slider_banner_2_open_in_new_window', 0, 's:1:\"0\";', '2020-06-11 13:35:01', '2020-06-11 13:35:01'),
(169, 'storefront_three_column_full_width_banners_enabled', 0, 's:1:\"1\";', '2020-06-11 13:35:01', '2020-06-14 10:40:21'),
(170, 'storefront_three_column_full_width_banners_1_call_to_action_url', 0, 'N;', '2020-06-11 13:35:01', '2020-06-11 13:35:01'),
(171, 'storefront_three_column_full_width_banners_1_open_in_new_window', 0, 's:1:\"0\";', '2020-06-11 13:35:01', '2020-06-11 13:35:01'),
(172, 'storefront_three_column_full_width_banners_2_call_to_action_url', 0, 'N;', '2020-06-11 13:35:01', '2020-06-11 13:35:01'),
(173, 'storefront_three_column_full_width_banners_2_open_in_new_window', 0, 's:1:\"0\";', '2020-06-11 13:35:01', '2020-06-11 13:35:01'),
(174, 'storefront_three_column_full_width_banners_3_call_to_action_url', 0, 'N;', '2020-06-11 13:35:01', '2020-06-11 13:35:01'),
(175, 'storefront_three_column_full_width_banners_3_open_in_new_window', 0, 's:1:\"0\";', '2020-06-11 13:35:01', '2020-06-11 13:35:01'),
(176, 'storefront_featured_categories_section_enabled', 0, 's:1:\"1\";', '2020-06-11 13:35:01', '2020-06-14 10:51:08'),
(177, 'storefront_featured_categories_section_category_1_category_id', 0, 's:2:\"22\";', '2020-06-11 13:35:01', '2021-02-09 18:23:24'),
(178, 'storefront_featured_categories_section_category_1_product_type', 0, 's:17:\"category_products\";', '2020-06-11 13:35:01', '2020-06-14 10:52:57'),
(179, 'storefront_featured_categories_section_category_1_products_limit', 0, 'N;', '2020-06-11 13:35:01', '2020-06-11 13:35:01'),
(180, 'storefront_featured_categories_section_category_2_category_id', 0, 's:2:\"37\";', '2020-06-11 13:35:01', '2021-02-09 18:23:24'),
(181, 'storefront_featured_categories_section_category_2_product_type', 0, 's:17:\"category_products\";', '2020-06-11 13:35:01', '2020-06-14 10:52:57'),
(182, 'storefront_featured_categories_section_category_2_products_limit', 0, 'N;', '2020-06-11 13:35:01', '2020-06-11 13:35:01'),
(183, 'storefront_featured_categories_section_category_3_category_id', 0, 's:2:\"28\";', '2020-06-11 13:35:01', '2021-01-07 15:47:34'),
(184, 'storefront_featured_categories_section_category_3_product_type', 0, 's:17:\"category_products\";', '2020-06-11 13:35:01', '2020-06-14 10:52:57'),
(185, 'storefront_featured_categories_section_category_3_products_limit', 0, 'N;', '2020-06-11 13:35:01', '2020-06-11 13:35:01'),
(186, 'storefront_featured_categories_section_category_4_category_id', 0, 's:2:\"32\";', '2020-06-11 13:35:01', '2021-01-07 15:47:35'),
(187, 'storefront_featured_categories_section_category_4_product_type', 0, 's:17:\"category_products\";', '2020-06-11 13:35:01', '2020-06-14 10:52:57'),
(188, 'storefront_featured_categories_section_category_4_products_limit', 0, 'N;', '2020-06-11 13:35:01', '2020-06-11 13:35:01'),
(189, 'storefront_featured_categories_section_category_5_category_id', 0, 's:2:\"24\";', '2020-06-11 13:35:01', '2021-02-09 18:28:35'),
(190, 'storefront_featured_categories_section_category_5_product_type', 0, 's:17:\"category_products\";', '2020-06-11 13:35:01', '2020-06-14 10:52:57'),
(191, 'storefront_featured_categories_section_category_5_products_limit', 0, 'N;', '2020-06-11 13:35:01', '2020-06-11 13:35:01'),
(192, 'storefront_featured_categories_section_category_6_category_id', 0, 's:3:\"146\";', '2020-06-11 13:35:01', '2021-02-09 18:28:35'),
(193, 'storefront_featured_categories_section_category_6_product_type', 0, 's:17:\"category_products\";', '2020-06-11 13:35:01', '2020-06-14 10:52:57'),
(194, 'storefront_featured_categories_section_category_6_products_limit', 0, 'N;', '2020-06-11 13:35:01', '2020-06-11 13:35:01'),
(195, 'storefront_product_tabs_1_section_enabled', 0, 's:1:\"1\";', '2020-06-11 13:35:01', '2020-06-14 11:03:49'),
(196, 'storefront_product_tabs_1_section_tab_1_product_type', 0, 's:15:\"latest_products\";', '2020-06-11 13:35:01', '2021-02-10 11:42:19'),
(197, 'storefront_product_tabs_1_section_tab_1_category_id', 0, 's:2:\"94\";', '2020-06-11 13:35:01', '2021-02-10 11:42:19'),
(198, 'storefront_product_tabs_1_section_tab_1_products_limit', 0, 's:2:\"20\";', '2020-06-11 13:35:01', '2021-02-10 11:42:19'),
(199, 'storefront_product_tabs_1_section_tab_2_product_type', 0, 's:17:\"category_products\";', '2020-06-11 13:35:01', '2021-02-10 11:42:19'),
(200, 'storefront_product_tabs_1_section_tab_2_category_id', 0, 's:2:\"37\";', '2020-06-11 13:35:01', '2021-02-10 11:42:19'),
(201, 'storefront_product_tabs_1_section_tab_2_products_limit', 0, 's:2:\"12\";', '2020-06-11 13:35:01', '2020-08-10 22:20:17'),
(202, 'storefront_product_tabs_1_section_tab_3_product_type', 0, 's:15:\"custom_products\";', '2020-06-11 13:35:01', '2021-02-10 11:44:28'),
(203, 'storefront_product_tabs_1_section_tab_3_category_id', 0, 'N;', '2020-06-11 13:35:01', '2020-06-11 13:35:01'),
(204, 'storefront_product_tabs_1_section_tab_3_products_limit', 0, 's:2:\"10\";', '2020-06-11 13:35:01', '2021-02-10 11:42:19'),
(205, 'storefront_product_tabs_1_section_tab_4_product_type', 0, 's:17:\"category_products\";', '2020-06-11 13:35:01', '2020-08-02 09:19:01'),
(206, 'storefront_product_tabs_1_section_tab_4_category_id', 0, 's:2:\"28\";', '2020-06-11 13:35:01', '2021-02-10 11:42:19'),
(207, 'storefront_product_tabs_1_section_tab_4_products_limit', 0, 's:1:\"5\";', '2020-06-11 13:35:01', '2020-06-14 11:07:37'),
(208, 'storefront_top_brands_section_enabled', 0, 's:1:\"1\";', '2020-06-11 13:35:01', '2020-06-14 09:58:30'),
(209, 'storefront_flash_sale_and_vertical_products_section_enabled', 0, 's:1:\"1\";', '2020-06-11 13:35:01', '2020-06-14 12:00:39'),
(210, 'storefront_flash_sale_title', 0, 's:11:\"Best offers\";', '2020-06-11 13:35:01', '2021-01-06 17:04:39'),
(211, 'storefront_active_flash_sale_campaign', 0, 's:1:\"4\";', '2020-06-11 13:35:01', '2021-03-06 10:37:01'),
(212, 'storefront_vertical_products_1_title', 0, 's:12:\"ماركات\";', '2020-06-11 13:35:01', '2021-02-09 11:33:08'),
(213, 'storefront_vertical_products_1_product_type', 0, 's:17:\"category_products\";', '2020-06-11 13:35:01', '2020-06-14 12:00:39'),
(214, 'storefront_vertical_products_1_category_id', 0, 's:2:\"37\";', '2020-06-11 13:35:01', '2021-02-09 11:33:08'),
(215, 'storefront_vertical_products_1_products_limit', 0, 'N;', '2020-06-11 13:35:01', '2020-06-11 13:35:01'),
(216, 'storefront_vertical_products_2_title', 0, 's:16:\"اكسسورات\";', '2020-06-11 13:35:01', '2021-02-09 11:33:08'),
(217, 'storefront_vertical_products_2_product_type', 0, 's:17:\"category_products\";', '2020-06-11 13:35:01', '2020-06-14 12:00:40'),
(218, 'storefront_vertical_products_2_category_id', 0, 's:2:\"28\";', '2020-06-11 13:35:01', '2021-02-09 11:33:08'),
(219, 'storefront_vertical_products_2_products_limit', 0, 'N;', '2020-06-11 13:35:01', '2020-06-11 13:35:01'),
(220, 'storefront_vertical_products_3_title', 0, 's:19:\"هواتف ذكية\";', '2020-06-11 13:35:01', '2021-02-09 11:33:08'),
(221, 'storefront_vertical_products_3_product_type', 0, 's:17:\"category_products\";', '2020-06-11 13:35:01', '2020-06-14 12:00:40'),
(222, 'storefront_vertical_products_3_category_id', 0, 's:2:\"22\";', '2020-06-11 13:35:01', '2021-02-09 11:33:08'),
(223, 'storefront_vertical_products_3_products_limit', 0, 'N;', '2020-06-11 13:35:01', '2020-06-11 13:35:01'),
(224, 'storefront_two_column_banners_enabled', 0, 's:1:\"1\";', '2020-06-11 13:35:01', '2020-08-02 10:05:27'),
(225, 'storefront_two_column_banners_1_call_to_action_url', 0, 'N;', '2020-06-11 13:35:01', '2020-06-11 13:35:01'),
(226, 'storefront_two_column_banners_1_open_in_new_window', 0, 's:1:\"0\";', '2020-06-11 13:35:01', '2020-06-11 13:35:01'),
(227, 'storefront_two_column_banners_2_call_to_action_url', 0, 'N;', '2020-06-11 13:35:01', '2020-06-11 13:35:01'),
(228, 'storefront_two_column_banners_2_open_in_new_window', 0, 's:1:\"0\";', '2020-06-11 13:35:01', '2020-06-11 13:35:01'),
(229, 'storefront_product_grid_section_enabled', 0, 's:1:\"1\";', '2020-06-11 13:35:01', '2020-08-10 22:24:14'),
(230, 'storefront_product_grid_section_tab_1_product_type', 0, 's:17:\"category_products\";', '2020-06-11 13:35:01', '2020-06-14 10:58:14'),
(231, 'storefront_product_grid_section_tab_1_category_id', 0, 's:2:\"22\";', '2020-06-11 13:35:01', '2021-02-10 11:50:48'),
(232, 'storefront_product_grid_section_tab_1_products_limit', 0, 'N;', '2020-06-11 13:35:01', '2020-06-11 13:35:01'),
(233, 'storefront_product_grid_section_tab_2_product_type', 0, 's:17:\"category_products\";', '2020-06-11 13:35:01', '2020-08-10 22:31:09'),
(234, 'storefront_product_grid_section_tab_2_category_id', 0, 's:2:\"25\";', '2020-06-11 13:35:01', '2021-02-10 11:50:48'),
(235, 'storefront_product_grid_section_tab_2_products_limit', 0, 'N;', '2020-06-11 13:35:01', '2020-06-11 13:35:01'),
(236, 'storefront_product_grid_section_tab_3_product_type', 0, 's:17:\"category_products\";', '2020-06-11 13:35:01', '2020-08-10 22:31:09'),
(237, 'storefront_product_grid_section_tab_3_category_id', 0, 's:2:\"24\";', '2020-06-11 13:35:01', '2021-02-10 11:50:48'),
(238, 'storefront_product_grid_section_tab_3_products_limit', 0, 'N;', '2020-06-11 13:35:01', '2020-06-11 13:35:01'),
(239, 'storefront_product_grid_section_tab_4_product_type', 0, 's:17:\"category_products\";', '2020-06-11 13:35:01', '2020-08-10 22:31:09'),
(240, 'storefront_product_grid_section_tab_4_category_id', 0, 's:2:\"28\";', '2020-06-11 13:35:01', '2021-01-04 15:04:13'),
(241, 'storefront_product_grid_section_tab_4_products_limit', 0, 'N;', '2020-06-11 13:35:01', '2020-06-11 13:35:01'),
(242, 'storefront_three_column_banners_enabled', 0, 's:1:\"1\";', '2020-06-11 13:35:01', '2020-08-02 10:08:05'),
(243, 'storefront_three_column_banners_1_call_to_action_url', 0, 'N;', '2020-06-11 13:35:01', '2020-06-11 13:35:01'),
(244, 'storefront_three_column_banners_1_open_in_new_window', 0, 's:1:\"0\";', '2020-06-11 13:35:01', '2020-06-11 13:35:01'),
(245, 'storefront_three_column_banners_2_call_to_action_url', 0, 'N;', '2020-06-11 13:35:01', '2020-06-11 13:35:01'),
(246, 'storefront_three_column_banners_2_open_in_new_window', 0, 's:1:\"0\";', '2020-06-11 13:35:01', '2020-06-11 13:35:01'),
(247, 'storefront_three_column_banners_3_call_to_action_url', 0, 'N;', '2020-06-11 13:35:01', '2020-06-11 13:35:01'),
(248, 'storefront_three_column_banners_3_open_in_new_window', 0, 's:1:\"0\";', '2020-06-11 13:35:01', '2020-06-11 13:35:01'),
(249, 'storefront_product_tabs_2_section_enabled', 0, 's:1:\"1\";', '2020-06-11 13:35:01', '2020-08-10 22:24:14'),
(250, 'storefront_product_tabs_2_section_tab_1_product_type', 0, 's:15:\"latest_products\";', '2020-06-11 13:35:01', '2020-08-10 22:46:24'),
(251, 'storefront_product_tabs_2_section_tab_1_category_id', 0, 'N;', '2020-06-11 13:35:01', '2020-06-11 13:35:01'),
(252, 'storefront_product_tabs_2_section_tab_1_products_limit', 0, 's:2:\"12\";', '2020-06-11 13:35:01', '2020-08-10 22:46:24'),
(253, 'storefront_product_tabs_2_section_tab_2_product_type', 0, 's:15:\"custom_products\";', '2020-06-11 13:35:01', '2021-02-10 11:48:14'),
(254, 'storefront_product_tabs_2_section_tab_2_category_id', 0, 'N;', '2020-06-11 13:35:01', '2020-06-11 13:35:01'),
(255, 'storefront_product_tabs_2_section_tab_2_products_limit', 0, 's:2:\"12\";', '2020-06-11 13:35:01', '2020-08-10 22:46:24'),
(256, 'storefront_product_tabs_2_section_tab_3_product_type', 0, 's:17:\"category_products\";', '2020-06-11 13:35:01', '2020-06-14 10:58:14'),
(257, 'storefront_product_tabs_2_section_tab_3_category_id', 0, 's:3:\"146\";', '2020-06-11 13:35:01', '2021-02-10 11:48:14'),
(258, 'storefront_product_tabs_2_section_tab_3_products_limit', 0, 'N;', '2020-06-11 13:35:01', '2020-06-11 13:35:01'),
(259, 'storefront_product_tabs_2_section_tab_4_product_type', 0, 's:15:\"custom_products\";', '2020-06-11 13:35:01', '2020-08-10 22:46:24'),
(260, 'storefront_product_tabs_2_section_tab_4_category_id', 0, 'N;', '2020-06-11 13:35:01', '2020-06-11 13:35:01'),
(261, 'storefront_product_tabs_2_section_tab_4_products_limit', 0, 'N;', '2020-06-11 13:35:01', '2020-06-11 13:35:01'),
(262, 'storefront_one_column_banner_enabled', 0, 's:1:\"1\";', '2020-06-11 13:35:01', '2020-06-14 10:58:14'),
(263, 'storefront_one_column_banner_call_to_action_url', 0, 'N;', '2020-06-11 13:35:01', '2020-06-11 13:35:01'),
(264, 'storefront_one_column_banner_open_in_new_window', 0, 's:1:\"0\";', '2020-06-11 13:35:01', '2020-06-11 13:35:01'),
(265, 'storefront_footer_tags', 0, 'a:1:{i:0;s:2:\"14\";}', '2020-06-11 13:35:01', '2021-01-10 16:46:13'),
(266, 'storefront_featured_categories_section_category_1_products', 0, 'N;', '2020-06-11 13:35:01', '2020-06-11 13:35:01'),
(267, 'storefront_featured_categories_section_category_2_products', 0, 'N;', '2020-06-11 13:35:01', '2020-06-11 13:35:01'),
(268, 'storefront_featured_categories_section_category_3_products', 0, 'N;', '2020-06-11 13:35:01', '2020-06-11 13:35:01'),
(269, 'storefront_featured_categories_section_category_4_products', 0, 'N;', '2020-06-11 13:35:01', '2020-06-11 13:35:01'),
(270, 'storefront_featured_categories_section_category_5_products', 0, 'N;', '2020-06-11 13:35:01', '2020-06-11 13:35:01'),
(271, 'storefront_featured_categories_section_category_6_products', 0, 'N;', '2020-06-11 13:35:01', '2020-06-11 13:35:01'),
(272, 'storefront_product_tabs_1_section_tab_1_products', 0, 'N;', '2020-06-11 13:35:01', '2020-06-11 13:35:01'),
(273, 'storefront_product_tabs_1_section_tab_2_products', 0, 'N;', '2020-06-11 13:35:01', '2020-06-11 13:35:01'),
(274, 'storefront_product_tabs_1_section_tab_3_products', 0, 'a:5:{i:0;s:3:\"157\";i:1;s:2:\"39\";i:2;s:3:\"188\";i:3;s:2:\"53\";i:4;s:2:\"46\";}', '2020-06-11 13:35:01', '2021-02-10 11:44:28'),
(275, 'storefront_product_tabs_1_section_tab_4_products', 0, 'N;', '2020-06-11 13:35:01', '2020-06-11 13:35:01'),
(276, 'storefront_top_brands', 0, 'a:15:{i:0;s:2:\"15\";i:1;s:2:\"14\";i:2;s:1:\"8\";i:3;s:2:\"21\";i:4;s:2:\"13\";i:5;s:2:\"12\";i:6;s:2:\"10\";i:7;s:2:\"20\";i:8;s:2:\"17\";i:9;s:2:\"19\";i:10;s:2:\"16\";i:11;s:2:\"25\";i:12;s:2:\"18\";i:13;s:2:\"24\";i:14;s:1:\"9\";}', '2020-06-11 13:35:01', '2021-01-06 13:03:06'),
(277, 'storefront_vertical_products_1_products', 0, 'N;', '2020-06-11 13:35:01', '2020-06-11 13:35:01'),
(278, 'storefront_vertical_products_2_products', 0, 'N;', '2020-06-11 13:35:01', '2020-06-11 13:35:01'),
(279, 'storefront_vertical_products_3_products', 0, 'N;', '2020-06-11 13:35:01', '2020-06-11 13:35:01'),
(280, 'storefront_product_grid_section_tab_1_products', 0, 'N;', '2020-06-11 13:35:01', '2020-06-11 13:35:01'),
(281, 'storefront_product_grid_section_tab_2_products', 0, 'N;', '2020-06-11 13:35:01', '2020-06-11 13:35:01'),
(282, 'storefront_product_grid_section_tab_3_products', 0, 'N;', '2020-06-11 13:35:02', '2020-06-11 13:35:02'),
(283, 'storefront_product_grid_section_tab_4_products', 0, 'N;', '2020-06-11 13:35:02', '2020-06-11 13:35:02'),
(284, 'storefront_product_tabs_2_section_tab_1_products', 0, 'N;', '2020-06-11 13:35:02', '2020-06-11 13:35:02'),
(285, 'storefront_product_tabs_2_section_tab_2_products', 0, 'a:5:{i:0;s:2:\"45\";i:1;s:2:\"40\";i:2;s:3:\"171\";i:3;s:2:\"41\";i:4;s:2:\"42\";}', '2020-06-11 13:35:02', '2021-02-10 11:48:14'),
(286, 'storefront_product_tabs_2_section_tab_3_products', 0, 'N;', '2020-06-11 13:35:02', '2020-06-11 13:35:02'),
(287, 'storefront_product_tabs_2_section_tab_4_products', 0, 'a:5:{i:0;s:2:\"38\";i:1;s:2:\"39\";i:2;s:2:\"41\";i:3;s:2:\"54\";i:4;s:2:\"26\";}', '2020-06-11 13:35:02', '2021-01-07 15:46:03'),
(288, 'storefront_header_logo', 1, NULL, '2020-06-12 12:03:01', '2020-06-12 12:03:01'),
(289, 'storefront_mail_logo', 1, NULL, '2020-06-12 12:03:01', '2020-06-12 12:03:01'),
(290, 'storefront_favicon', 0, 's:3:\"988\";', '2020-06-12 12:03:01', '2021-01-10 16:46:12'),
(291, 'storefront_newsletter_bg_image', 0, 's:3:\"168\";', '2020-06-12 12:04:06', '2020-08-02 12:35:29'),
(292, 'storefront_accepted_payment_methods_image', 0, 's:3:\"169\";', '2020-06-14 09:38:21', '2020-08-02 12:40:59'),
(293, 'storefront_three_column_full_width_banners_background_file_id', 0, 's:3:\"160\";', '2020-06-14 09:57:19', '2020-08-02 12:43:45'),
(294, 'storefront_theme', 0, 's:5:\"black\";', '2020-07-20 08:37:05', '2021-03-30 20:58:11'),
(295, 'storefront_mail_theme', 0, 's:5:\"black\";', '2020-07-20 08:37:05', '2021-01-10 16:57:13');

-- --------------------------------------------------------

--
-- Table structure for table `setting_translations`
--

DROP TABLE IF EXISTS `setting_translations`;
CREATE TABLE IF NOT EXISTS `setting_translations` (
  `id` int(10) UNSIGNED NOT NULL AUTO_INCREMENT,
  `setting_id` int(10) UNSIGNED NOT NULL,
  `locale` varchar(191) COLLATE utf8mb4_unicode_ci NOT NULL,
  `value` longtext COLLATE utf8mb4_unicode_ci,
  PRIMARY KEY (`id`),
  UNIQUE KEY `setting_translations_setting_id_locale_unique` (`setting_id`,`locale`)
) ENGINE=InnoDB AUTO_INCREMENT=133 DEFAULT CHARSET=utf8mb4 COLLATE=utf8mb4_unicode_ci;

--
-- Dumping data for table `setting_translations`
--

INSERT INTO `setting_translations` (`id`, `setting_id`, `locale`, `value`) VALUES
(1, 1, 'en', 's:9:\"Shopx\";'),
(2, 22, 'en', 's:13:\"Free Shipping\";'),
(3, 23, 'en', 's:12:\"Local Pickup\";'),
(4, 24, 'en', 's:9:\"Flat Rate\";'),
(5, 25, 'en', 's:6:\"PayPal\";'),
(6, 26, 'en', 's:28:\"Pay via your PayPal account.\";'),
(7, 27, 'en', 's:6:\"Stripe\";'),
(8, 28, 'en', 's:29:\"Pay via credit or debit card.\";'),
(9, 29, 'en', 's:8:\"Razorpay\";'),
(10, 30, 'en', 's:74:\"Pay securely by Credit or Debit card or Internet Banking through Razorpay.\";'),
(11, 31, 'en', 's:9:\"Instamojo\";'),
(12, 32, 'en', 's:16:\"CC/DB/NB/Wallets\";'),
(13, 33, 'en', 's:16:\"Cash On Delivery\";'),
(14, 34, 'en', 's:28:\"Pay with cash upon delivery.\";'),
(15, 35, 'en', 's:13:\"Bank Transfer\";'),
(16, 36, 'en', 's:100:\"Make your payment directly into our bank account. Please use your Order ID as the payment reference.\";'),
(17, 37, 'en', 's:19:\"Check / Money Order\";'),
(18, 38, 'en', 's:33:\"Please send a check to our store.\";'),
(19, 46, 'en', 'N;'),
(20, 47, 'en', 'N;'),
(21, 48, 'en', 'N;'),
(22, 1, 'ar', 's:14:\"Smart commerce\";'),
(23, 46, 'ar', 's:47:\"المتجر الأقوى على الإطلاق\";'),
(24, 22, 'ar', 's:25:\"الشحن المجاني\";'),
(25, 23, 'ar', 'N;'),
(26, 24, 'ar', 'N;'),
(27, 25, 'ar', 'N;'),
(28, 26, 'ar', 'N;'),
(29, 27, 'ar', 'N;'),
(30, 28, 'ar', 'N;'),
(31, 29, 'ar', 'N;'),
(32, 30, 'ar', 'N;'),
(33, 31, 'ar', 'N;'),
(34, 32, 'ar', 'N;'),
(35, 33, 'ar', 's:34:\"الدفع عند الاستلام\";'),
(36, 34, 'ar', 's:55:\"يتم الدفع عند استلام المنتجات.\";'),
(37, 35, 'ar', 's:21:\"تحويل مصرفي\";'),
(38, 36, 'ar', 's:44:\"يتم الدفع عن طريق المصرف\";'),
(39, 47, 'ar', 's:246:\"خطوات الدافع من خلال التحويل المصرفي\r\n1- قم بالذهاب الى المصرف وارسال حوالة بنكية بسعر المنتج \r\n2- رقم الحساب\r\n3- ارسال صورة الحوالة واتس اب\";'),
(40, 37, 'ar', 'N;'),
(41, 38, 'ar', 'N;'),
(42, 48, 'ar', 'N;'),
(43, 100, 'ar', 's:81:\"ضاعف حجم تجارتك مع المتجر الأقوى على الإطلاق\";'),
(44, 101, 'ar', 's:47:\"كورنيش النيل - الجيزة - مصر\";'),
(45, 102, 'ar', 's:47:\"المتجر الأقوى على الإطلاق\";'),
(46, 103, 'ar', 's:31:\"القائمة الرئيسية\";'),
(47, 104, 'ar', 's:31:\"القائمة الاضافية\";'),
(48, 39, 'ar', 's:92:\"Copyright © <a href=\"{{ store_url }}\">{{ store_name }}</a> {{ year }}. All rights reserved.\";'),
(49, 105, 'ar', 's:11:\"دعم 24/7\";'),
(50, 106, 'ar', 's:35:\"دعم فى جميع الأوقات\";'),
(51, 107, 'ar', 's:30:\"وسائل دفع متعدده\";'),
(52, 108, 'ar', 's:20:\"Visa, Paypal, Master\";'),
(53, 109, 'ar', 's:13:\"دفع آمن\";'),
(54, 110, 'ar', 's:12:\"آمن  100%\";'),
(55, 111, 'ar', 's:17:\"شحن مجانى\";'),
(56, 112, 'ar', 's:48:\"شحن مجانى علي جميع الطلبات\";'),
(57, 113, 'ar', 's:15:\"شحن سريع\";'),
(58, 114, 'ar', 's:38:\"خدمة شحن آمنة و سريعه\";'),
(59, 115, 'ar', 's:3:\"170\";'),
(60, 116, 'ar', 's:3:\"992\";'),
(61, 117, 'ar', 's:3:\"919\";'),
(62, 118, 'ar', 's:3:\"923\";'),
(63, 119, 'ar', 's:3:\"921\";'),
(64, 120, 'ar', 's:3:\"924\";'),
(65, 121, 'ar', 's:30:\"أهم الفئات مبيعا\";'),
(66, 122, 'ar', 's:162:\"الشهر الماضي حتى 1500+ مبيعات المنتجات من هذه الفئات. يمكنك اختيار منتج من هنا وتوفير المال.\";'),
(67, 123, 'ar', 's:23:\"اخر المنتجات\";'),
(68, 124, 'ar', 's:21:\"الاكثر طلبا\";'),
(69, 125, 'ar', 's:30:\"تم تقييمها حديثا\";'),
(70, 126, 'ar', 's:27:\"اكسسورات موبيل\";'),
(71, 127, 'ar', 's:3:\"990\";'),
(72, 128, 'ar', 's:3:\"991\";'),
(73, 129, 'ar', 's:23:\"موبيلات ذكية\";'),
(74, 130, 'ar', 's:10:\"ايفون\";'),
(75, 131, 'ar', 's:14:\"اندرويد\";'),
(76, 132, 'ar', 's:18:\"اكسسوارات\";'),
(77, 133, 'ar', 's:3:\"924\";'),
(78, 134, 'ar', 's:3:\"922\";'),
(79, 135, 'ar', 's:3:\"923\";'),
(80, 136, 'ar', 's:40:\"المنتجات الأكثر مبيعا\";'),
(81, 137, 'ar', 's:31:\"المنتجات الآخيرة\";'),
(82, 138, 'ar', 's:30:\"تم تقييمها حديثا\";'),
(83, 139, 'ar', 's:12:\"مستعمل\";'),
(84, 140, 'ar', 's:23:\"الأعلى مبيعا\";'),
(85, 141, 'ar', 's:3:\"921\";'),
(86, 288, 'ar', 's:4:\"1175\";'),
(87, 289, 'ar', 's:4:\"1175\";'),
(88, 100, 'en', 's:51:\"Double your trade with the most powerful store ever\";'),
(89, 101, 'en', 's:27:\"Kornesh Elnile ,Giza ,Egypt\";'),
(90, 102, 'en', 'N;'),
(91, 103, 'en', 'N;'),
(92, 104, 'en', 'N;'),
(93, 39, 'en', 'N;'),
(94, 105, 'en', 's:12:\"24/7 SUPPORT\";'),
(95, 106, 'en', 's:18:\"Support every time\";'),
(96, 107, 'en', 's:14:\"ACCEPT PAYMENT\";'),
(97, 108, 'en', 's:20:\"Visa, Paypal, Master\";'),
(98, 109, 'en', 's:15:\"SECURED PAYMENT\";'),
(99, 110, 'en', 's:12:\"100% secured\";'),
(100, 111, 'en', 's:13:\"FREE SHIPPING\";'),
(101, 112, 'en', 's:15:\"Order over $100\";'),
(102, 113, 'en', 's:14:\"30 DAYS RETURN\";'),
(103, 114, 'en', 's:17:\"30 days guarantee\";'),
(104, 115, 'en', 'N;'),
(105, 116, 'en', 's:3:\"936\";'),
(106, 117, 'en', 's:3:\"933\";'),
(107, 118, 'en', 's:3:\"923\";'),
(108, 119, 'en', 's:3:\"934\";'),
(109, 120, 'en', 's:3:\"922\";'),
(110, 121, 'en', 'N;'),
(111, 122, 'en', 'N;'),
(112, 123, 'en', 'N;'),
(113, 124, 'en', 'N;'),
(114, 125, 'en', 'N;'),
(115, 126, 'en', 'N;'),
(116, 127, 'en', 's:3:\"936\";'),
(117, 128, 'en', 's:3:\"935\";'),
(118, 129, 'en', 's:11:\"Electronics\";'),
(119, 130, 'en', 's:7:\"Mobiles\";'),
(120, 131, 'en', 's:7:\"Tablets\";'),
(121, 132, 'en', 's:11:\"Accessories\";'),
(122, 133, 'en', 's:3:\"932\";'),
(123, 134, 'en', 's:3:\"930\";'),
(124, 135, 'en', 's:3:\"929\";'),
(125, 136, 'en', 'N;'),
(126, 137, 'en', 'N;'),
(127, 138, 'en', 'N;'),
(128, 139, 'en', 'N;'),
(129, 140, 'en', 'N;'),
(130, 141, 'en', 's:3:\"934\";'),
(131, 288, 'en', 's:3:\"989\";'),
(132, 289, 'en', 's:3:\"989\";');

-- --------------------------------------------------------

--
-- Table structure for table `sliders`
--

DROP TABLE IF EXISTS `sliders`;
CREATE TABLE IF NOT EXISTS `sliders` (
  `id` int(10) UNSIGNED NOT NULL AUTO_INCREMENT,
  `speed` int(11) DEFAULT NULL,
  `autoplay` tinyint(1) DEFAULT NULL,
  `autoplay_speed` int(11) DEFAULT NULL,
  `fade` tinyint(1) NOT NULL DEFAULT '0',
  `dots` tinyint(1) DEFAULT NULL,
  `arrows` tinyint(1) DEFAULT NULL,
  `created_at` timestamp NULL DEFAULT NULL,
  `updated_at` timestamp NULL DEFAULT NULL,
  PRIMARY KEY (`id`)
) ENGINE=InnoDB AUTO_INCREMENT=7 DEFAULT CHARSET=utf8mb4 COLLATE=utf8mb4_unicode_ci;

--
-- Dumping data for table `sliders`
--

INSERT INTO `sliders` (`id`, `speed`, `autoplay`, `autoplay_speed`, `fade`, `dots`, `arrows`, `created_at`, `updated_at`) VALUES
(6, NULL, 1, 3000, 1, 1, 1, '2020-10-05 18:46:45', '2021-01-31 19:18:42');

-- --------------------------------------------------------

--
-- Table structure for table `slider_slides`
--

DROP TABLE IF EXISTS `slider_slides`;
CREATE TABLE IF NOT EXISTS `slider_slides` (
  `id` int(10) UNSIGNED NOT NULL AUTO_INCREMENT,
  `slider_id` int(10) UNSIGNED NOT NULL,
  `options` text COLLATE utf8mb4_unicode_ci,
  `call_to_action_url` varchar(191) COLLATE utf8mb4_unicode_ci DEFAULT NULL,
  `open_in_new_window` tinyint(1) DEFAULT NULL,
  `position` int(11) DEFAULT NULL,
  `created_at` timestamp NULL DEFAULT NULL,
  `updated_at` timestamp NULL DEFAULT NULL,
  PRIMARY KEY (`id`),
  KEY `slider_slides_slider_id_foreign` (`slider_id`)
) ENGINE=InnoDB DEFAULT CHARSET=utf8mb4 COLLATE=utf8mb4_unicode_ci;

-- --------------------------------------------------------

--
-- Table structure for table `slider_slide_translations`
--

DROP TABLE IF EXISTS `slider_slide_translations`;
CREATE TABLE IF NOT EXISTS `slider_slide_translations` (
  `id` int(10) UNSIGNED NOT NULL AUTO_INCREMENT,
  `slider_slide_id` int(10) UNSIGNED NOT NULL,
  `locale` varchar(191) COLLATE utf8mb4_unicode_ci NOT NULL,
  `file_id` int(10) UNSIGNED DEFAULT NULL,
  `caption_1` varchar(191) COLLATE utf8mb4_unicode_ci DEFAULT NULL,
  `caption_2` varchar(191) COLLATE utf8mb4_unicode_ci DEFAULT NULL,
  `call_to_action_text` varchar(191) COLLATE utf8mb4_unicode_ci DEFAULT NULL,
  `direction` varchar(191) COLLATE utf8mb4_unicode_ci DEFAULT NULL,
  PRIMARY KEY (`id`),
  UNIQUE KEY `slider_slide_translations_slider_slide_id_locale_unique` (`slider_slide_id`,`locale`)
) ENGINE=InnoDB DEFAULT CHARSET=utf8mb4 COLLATE=utf8mb4_unicode_ci;

-- --------------------------------------------------------

--
-- Table structure for table `slider_translations`
--

DROP TABLE IF EXISTS `slider_translations`;
CREATE TABLE IF NOT EXISTS `slider_translations` (
  `id` int(10) UNSIGNED NOT NULL AUTO_INCREMENT,
  `slider_id` int(10) UNSIGNED NOT NULL,
  `locale` varchar(191) COLLATE utf8mb4_unicode_ci NOT NULL,
  `name` varchar(191) COLLATE utf8mb4_unicode_ci NOT NULL,
  PRIMARY KEY (`id`),
  UNIQUE KEY `slider_translations_slider_id_locale_unique` (`slider_id`,`locale`)
) ENGINE=InnoDB AUTO_INCREMENT=10 DEFAULT CHARSET=utf8mb4 COLLATE=utf8mb4_unicode_ci;

--
-- Dumping data for table `slider_translations`
--

INSERT INTO `slider_translations` (`id`, `slider_id`, `locale`, `name`) VALUES
(7, 6, 'ar', 'موبايل 4'),
(9, 6, 'en', 'en_slider');

-- --------------------------------------------------------

--
-- Table structure for table `social_auth`
--

DROP TABLE IF EXISTS `social_auth`;
CREATE TABLE IF NOT EXISTS `social_auth` (
  `id` bigint(20) UNSIGNED NOT NULL AUTO_INCREMENT,
  `fb_token` varchar(191) DEFAULT NULL,
  `g_token` varchar(191) DEFAULT NULL,
  `user_id` int(11) NOT NULL,
  `created_at` timestamp NULL DEFAULT NULL,
  `updated_at` timestamp NULL DEFAULT NULL,
  PRIMARY KEY (`id`),
  UNIQUE KEY `social_user_id_unique` (`user_id`)
) ENGINE=MyISAM AUTO_INCREMENT=7 DEFAULT CHARSET=latin1;

--
-- Dumping data for table `social_auth`
--

INSERT INTO `social_auth` (`id`, `fb_token`, `g_token`, `user_id`, `created_at`, `updated_at`) VALUES
(1, 'fbtoken', 'gtoken', 15, '2020-09-13 19:18:14', NULL),
(2, 'fbtokenn', 'gtoken', 46, '2020-09-14 02:33:18', '2020-09-14 02:38:19'),
(3, '3287744211309414', NULL, 49, '2020-10-01 06:42:37', '2020-10-01 06:42:37'),
(4, '107053552527989134252', NULL, 21, '2020-10-01 08:42:12', '2020-10-01 08:42:12'),
(5, 'fbtokenn', 'gtoken', 26, '2020-10-06 02:50:36', '2020-10-06 02:50:47'),
(6, '3287744211309414', NULL, 24, '2020-10-06 02:51:05', '2020-10-06 02:51:05');

-- --------------------------------------------------------

--
-- Table structure for table `suppliers`
--

DROP TABLE IF EXISTS `suppliers`;
CREATE TABLE IF NOT EXISTS `suppliers` (
  `id` int(10) UNSIGNED NOT NULL AUTO_INCREMENT,
  `supplier_name` varchar(191) CHARACTER SET utf8mb4 NOT NULL,
  `created_at` timestamp NULL DEFAULT NULL,
  `updated_at` timestamp NULL DEFAULT NULL,
  PRIMARY KEY (`id`)
) ENGINE=MyISAM AUTO_INCREMENT=11 DEFAULT CHARSET=latin1;

--
-- Dumping data for table `suppliers`
--

INSERT INTO `suppliers` (`id`, `supplier_name`, `created_at`, `updated_at`) VALUES
(2, 'New supplier', '2020-09-10 05:47:07', '2021-01-05 18:54:37'),
(4, 'جديد تعديل', '2020-09-10 06:29:26', '2020-09-10 06:29:37'),
(7, 'Sunny Storess', '2021-01-04 12:51:20', '2021-01-04 12:51:20'),
(10, 'smart commerce', '2021-02-15 09:23:53', '2021-02-15 09:23:53'),
(9, 'Huawei', '2021-01-31 17:36:14', '2021-02-14 12:40:21');

-- --------------------------------------------------------

--
-- Table structure for table `supplier_translations`
--

DROP TABLE IF EXISTS `supplier_translations`;
CREATE TABLE IF NOT EXISTS `supplier_translations` (
  `id` int(10) UNSIGNED NOT NULL AUTO_INCREMENT,
  `supplier_id` int(11) NOT NULL,
  `locale` varchar(191) CHARACTER SET utf8mb4 NOT NULL,
  `name` varchar(191) CHARACTER SET utf8mb4 NOT NULL,
  PRIMARY KEY (`id`),
  UNIQUE KEY `supplier_translations_supplier_id_locale_unique` (`id`,`locale`)
) ENGINE=MyISAM AUTO_INCREMENT=2 DEFAULT CHARSET=latin1;

--
-- Dumping data for table `supplier_translations`
--

INSERT INTO `supplier_translations` (`id`, `supplier_id`, `locale`, `name`) VALUES
(1, 1, 'en', 'Tawkel elaraby');

-- --------------------------------------------------------

--
-- Table structure for table `tags`
--

DROP TABLE IF EXISTS `tags`;
CREATE TABLE IF NOT EXISTS `tags` (
  `id` int(10) UNSIGNED NOT NULL AUTO_INCREMENT,
  `slug` varchar(191) COLLATE utf8mb4_unicode_ci NOT NULL,
  `created_at` timestamp NULL DEFAULT NULL,
  `updated_at` timestamp NULL DEFAULT NULL,
  PRIMARY KEY (`id`),
  UNIQUE KEY `tags_slug_unique` (`slug`)
) ENGINE=InnoDB AUTO_INCREMENT=36 DEFAULT CHARSET=utf8mb4 COLLATE=utf8mb4_unicode_ci;

--
-- Dumping data for table `tags`
--

INSERT INTO `tags` (`id`, `slug`, `created_at`, `updated_at`) VALUES
(14, 'networking', '2020-08-08 16:23:33', '2020-08-08 16:23:33'),
(17, 'hatf-thky', '2020-08-08 16:35:41', '2020-08-08 16:35:41'),
(18, 'alhatf-alkhloy', '2020-08-08 20:11:03', '2020-08-08 20:11:03'),
(26, 'aksysoar', '2020-08-09 18:33:11', '2020-08-09 18:33:11'),
(27, 'aasry', '2020-08-09 19:47:19', '2020-08-09 19:47:19'),
(32, 'modern', '2021-01-31 17:44:02', '2021-01-31 17:44:02'),
(33, 'huawei', '2021-02-14 12:40:56', '2021-02-14 12:40:56'),
(34, 'mobile', '2021-02-14 12:41:08', '2021-02-14 12:41:08'),
(35, 'mobyl', '2021-02-15 09:47:19', '2021-02-15 09:47:19');

-- --------------------------------------------------------

--
-- Table structure for table `tag_translations`
--

DROP TABLE IF EXISTS `tag_translations`;
CREATE TABLE IF NOT EXISTS `tag_translations` (
  `id` int(10) UNSIGNED NOT NULL AUTO_INCREMENT,
  `tag_id` int(10) UNSIGNED NOT NULL,
  `locale` varchar(191) COLLATE utf8mb4_unicode_ci NOT NULL,
  `name` varchar(191) COLLATE utf8mb4_unicode_ci NOT NULL,
  PRIMARY KEY (`id`),
  UNIQUE KEY `tag_translations_tag_id_locale_unique` (`tag_id`,`locale`)
) ENGINE=InnoDB AUTO_INCREMENT=40 DEFAULT CHARSET=utf8mb4 COLLATE=utf8mb4_unicode_ci;

--
-- Dumping data for table `tag_translations`
--

INSERT INTO `tag_translations` (`id`, `tag_id`, `locale`, `name`) VALUES
(14, 14, 'ar', 'Networking'),
(17, 17, 'ar', 'هاتف ذكي'),
(18, 18, 'ar', 'الهاتف الخلوي'),
(26, 26, 'ar', 'اكسيسوار'),
(27, 27, 'ar', 'عصري'),
(32, 27, 'en', 'Modern'),
(33, 26, 'en', 'Accessories'),
(34, 18, 'en', 'Phones'),
(35, 17, 'en', 'Smart Phones'),
(36, 32, 'ar', 'modern'),
(37, 33, 'ar', 'Huawei'),
(38, 34, 'ar', 'mobile'),
(39, 35, 'ar', 'موبيل');

-- --------------------------------------------------------

--
-- Table structure for table `tax_classes`
--

DROP TABLE IF EXISTS `tax_classes`;
CREATE TABLE IF NOT EXISTS `tax_classes` (
  `id` int(10) UNSIGNED NOT NULL AUTO_INCREMENT,
  `based_on` varchar(191) COLLATE utf8mb4_unicode_ci NOT NULL,
  `deleted_at` timestamp NULL DEFAULT NULL,
  `created_at` timestamp NULL DEFAULT NULL,
  `updated_at` timestamp NULL DEFAULT NULL,
  PRIMARY KEY (`id`)
) ENGINE=InnoDB AUTO_INCREMENT=4 DEFAULT CHARSET=utf8mb4 COLLATE=utf8mb4_unicode_ci;

--
-- Dumping data for table `tax_classes`
--

INSERT INTO `tax_classes` (`id`, `based_on`, `deleted_at`, `created_at`, `updated_at`) VALUES
(1, 'billing_address', NULL, '2020-08-05 00:26:51', '2020-08-05 00:26:51'),
(2, 'billing_address', NULL, '2021-01-03 18:22:37', '2021-01-03 18:22:37'),
(3, 'billing_address', NULL, '2021-02-16 20:26:21', '2021-02-16 20:26:21');

-- --------------------------------------------------------

--
-- Table structure for table `tax_class_translations`
--

DROP TABLE IF EXISTS `tax_class_translations`;
CREATE TABLE IF NOT EXISTS `tax_class_translations` (
  `id` int(10) UNSIGNED NOT NULL AUTO_INCREMENT,
  `tax_class_id` int(10) UNSIGNED NOT NULL,
  `locale` varchar(191) COLLATE utf8mb4_unicode_ci NOT NULL,
  `label` varchar(191) COLLATE utf8mb4_unicode_ci NOT NULL,
  PRIMARY KEY (`id`),
  UNIQUE KEY `tax_class_translations_tax_class_id_locale_unique` (`tax_class_id`,`locale`)
) ENGINE=InnoDB AUTO_INCREMENT=4 DEFAULT CHARSET=utf8mb4 COLLATE=utf8mb4_unicode_ci;

--
-- Dumping data for table `tax_class_translations`
--

INSERT INTO `tax_class_translations` (`id`, `tax_class_id`, `locale`, `label`) VALUES
(1, 1, 'ar', '15%'),
(2, 2, 'ar', '20%'),
(3, 3, 'ar', '15%');

-- --------------------------------------------------------

--
-- Table structure for table `tax_rates`
--

DROP TABLE IF EXISTS `tax_rates`;
CREATE TABLE IF NOT EXISTS `tax_rates` (
  `id` int(10) UNSIGNED NOT NULL AUTO_INCREMENT,
  `tax_class_id` int(10) UNSIGNED NOT NULL,
  `country` varchar(191) COLLATE utf8mb4_unicode_ci NOT NULL,
  `state` varchar(191) COLLATE utf8mb4_unicode_ci NOT NULL,
  `city` varchar(191) COLLATE utf8mb4_unicode_ci NOT NULL,
  `zip` varchar(191) COLLATE utf8mb4_unicode_ci NOT NULL,
  `rate` decimal(8,4) UNSIGNED NOT NULL,
  `position` int(10) UNSIGNED NOT NULL,
  `deleted_at` timestamp NULL DEFAULT NULL,
  `created_at` timestamp NULL DEFAULT NULL,
  `updated_at` timestamp NULL DEFAULT NULL,
  PRIMARY KEY (`id`),
  KEY `tax_rates_tax_class_id_index` (`tax_class_id`)
) ENGINE=InnoDB DEFAULT CHARSET=utf8mb4 COLLATE=utf8mb4_unicode_ci;

-- --------------------------------------------------------

--
-- Table structure for table `tax_rate_translations`
--

DROP TABLE IF EXISTS `tax_rate_translations`;
CREATE TABLE IF NOT EXISTS `tax_rate_translations` (
  `id` int(10) UNSIGNED NOT NULL AUTO_INCREMENT,
  `tax_rate_id` int(10) UNSIGNED NOT NULL,
  `locale` varchar(191) COLLATE utf8mb4_unicode_ci NOT NULL,
  `name` varchar(191) COLLATE utf8mb4_unicode_ci NOT NULL,
  PRIMARY KEY (`id`),
  UNIQUE KEY `tax_rate_translations_tax_rate_id_locale_unique` (`tax_rate_id`,`locale`)
) ENGINE=InnoDB DEFAULT CHARSET=utf8mb4 COLLATE=utf8mb4_unicode_ci;

-- --------------------------------------------------------

--
-- Table structure for table `throttle`
--

DROP TABLE IF EXISTS `throttle`;
CREATE TABLE IF NOT EXISTS `throttle` (
  `id` int(10) UNSIGNED NOT NULL AUTO_INCREMENT,
  `user_id` int(10) UNSIGNED DEFAULT NULL,
  `type` varchar(191) COLLATE utf8mb4_unicode_ci NOT NULL,
  `ip` varchar(191) COLLATE utf8mb4_unicode_ci DEFAULT NULL,
  `created_at` timestamp NULL DEFAULT NULL,
  `updated_at` timestamp NULL DEFAULT NULL,
  PRIMARY KEY (`id`),
  KEY `throttle_user_id_foreign` (`user_id`)
) ENGINE=InnoDB AUTO_INCREMENT=111 DEFAULT CHARSET=utf8mb4 COLLATE=utf8mb4_unicode_ci;

--
-- Dumping data for table `throttle`
--

INSERT INTO `throttle` (`id`, `user_id`, `type`, `ip`, `created_at`, `updated_at`) VALUES
(1, NULL, 'global', NULL, '2020-06-11 23:01:55', '2020-06-11 23:01:55'),
(2, NULL, 'ip', '156.220.170.76', '2020-06-11 23:01:55', '2020-06-11 23:01:55'),
(3, 1, 'user', NULL, '2020-06-11 23:01:55', '2020-06-11 23:01:55'),
(4, NULL, 'global', NULL, '2020-06-12 10:34:56', '2020-06-12 10:34:56'),
(5, NULL, 'ip', '156.220.170.76', '2020-06-12 10:34:56', '2020-06-12 10:34:56'),
(6, NULL, 'global', NULL, '2020-06-12 10:35:05', '2020-06-12 10:35:05'),
(7, NULL, 'ip', '156.220.170.76', '2020-06-12 10:35:05', '2020-06-12 10:35:05'),
(8, NULL, 'global', NULL, '2020-06-12 10:35:29', '2020-06-12 10:35:29'),
(9, NULL, 'ip', '156.220.170.76', '2020-06-12 10:35:29', '2020-06-12 10:35:29'),
(10, 1, 'user', NULL, '2020-06-12 10:35:29', '2020-06-12 10:35:29'),
(11, NULL, 'global', NULL, '2020-06-12 10:35:38', '2020-06-12 10:35:38'),
(12, NULL, 'ip', '156.220.170.76', '2020-06-12 10:35:38', '2020-06-12 10:35:38'),
(13, 1, 'user', NULL, '2020-06-12 10:35:38', '2020-06-12 10:35:38'),
(14, NULL, 'global', NULL, '2020-06-12 10:35:53', '2020-06-12 10:35:53'),
(15, NULL, 'ip', '156.220.170.76', '2020-06-12 10:35:53', '2020-06-12 10:35:53'),
(16, 1, 'user', NULL, '2020-06-12 10:35:53', '2020-06-12 10:35:53'),
(17, NULL, 'global', NULL, '2020-06-14 03:38:43', '2020-06-14 03:38:43'),
(18, NULL, 'ip', '46.152.135.158', '2020-06-14 03:38:43', '2020-06-14 03:38:43'),
(19, 1, 'user', NULL, '2020-06-14 03:38:43', '2020-06-14 03:38:43'),
(20, NULL, 'global', NULL, '2020-06-14 03:38:51', '2020-06-14 03:38:51'),
(21, NULL, 'ip', '46.152.135.158', '2020-06-14 03:38:51', '2020-06-14 03:38:51'),
(22, NULL, 'global', NULL, '2020-06-15 18:37:52', '2020-06-15 18:37:52'),
(23, NULL, 'ip', '94.76.2.95', '2020-06-15 18:37:52', '2020-06-15 18:37:52'),
(24, NULL, 'global', NULL, '2020-06-20 20:30:02', '2020-06-20 20:30:02'),
(25, NULL, 'ip', '37.131.58.223', '2020-06-20 20:30:02', '2020-06-20 20:30:02'),
(26, NULL, 'global', NULL, '2020-06-27 20:38:44', '2020-06-27 20:38:44'),
(27, NULL, 'ip', '217.54.195.189', '2020-06-27 20:38:44', '2020-06-27 20:38:44'),
(28, 1, 'user', NULL, '2020-06-27 20:38:44', '2020-06-27 20:38:44'),
(29, NULL, 'global', NULL, '2020-06-27 20:41:43', '2020-06-27 20:41:43'),
(30, NULL, 'ip', '217.54.28.133', '2020-06-27 20:41:43', '2020-06-27 20:41:43'),
(31, 1, 'user', NULL, '2020-06-27 20:41:43', '2020-06-27 20:41:43'),
(32, NULL, 'global', NULL, '2020-06-27 20:41:52', '2020-06-27 20:41:52'),
(33, NULL, 'ip', '217.54.28.133', '2020-06-27 20:41:52', '2020-06-27 20:41:52'),
(34, 1, 'user', NULL, '2020-06-27 20:41:52', '2020-06-27 20:41:52'),
(35, NULL, 'global', NULL, '2020-06-27 20:42:19', '2020-06-27 20:42:19'),
(36, NULL, 'ip', '217.54.28.133', '2020-06-27 20:42:19', '2020-06-27 20:42:19'),
(37, 1, 'user', NULL, '2020-06-27 20:42:19', '2020-06-27 20:42:19'),
(38, NULL, 'global', NULL, '2020-07-28 19:19:09', '2020-07-28 19:19:09'),
(39, NULL, 'ip', '62.114.151.196', '2020-07-28 19:19:09', '2020-07-28 19:19:09'),
(40, 1, 'user', NULL, '2020-07-28 19:19:09', '2020-07-28 19:19:09'),
(41, NULL, 'global', NULL, '2020-07-28 19:19:21', '2020-07-28 19:19:21'),
(42, NULL, 'ip', '62.114.151.196', '2020-07-28 19:19:21', '2020-07-28 19:19:21'),
(43, NULL, 'global', NULL, '2020-08-03 10:40:17', '2020-08-03 10:40:17'),
(44, NULL, 'ip', '102.45.180.217', '2020-08-03 10:40:17', '2020-08-03 10:40:17'),
(45, 15, 'user', NULL, '2020-08-03 10:40:17', '2020-08-03 10:40:17'),
(46, NULL, 'global', NULL, '2020-08-04 13:01:10', '2020-08-04 13:01:10'),
(47, NULL, 'ip', '46.152.107.236', '2020-08-04 13:01:10', '2020-08-04 13:01:10'),
(48, NULL, 'global', NULL, '2020-08-05 22:33:06', '2020-08-05 22:33:06'),
(49, NULL, 'ip', '102.13.202.140', '2020-08-05 22:33:06', '2020-08-05 22:33:06'),
(50, 15, 'user', NULL, '2020-08-05 22:33:06', '2020-08-05 22:33:06'),
(51, NULL, 'global', NULL, '2020-08-05 22:33:25', '2020-08-05 22:33:25'),
(52, NULL, 'ip', '102.13.202.140', '2020-08-05 22:33:25', '2020-08-05 22:33:25'),
(53, 15, 'user', NULL, '2020-08-05 22:33:25', '2020-08-05 22:33:25'),
(54, NULL, 'global', NULL, '2020-08-16 07:55:13', '2020-08-16 07:55:13'),
(55, NULL, 'ip', '102.43.183.50', '2020-08-16 07:55:13', '2020-08-16 07:55:13'),
(56, 1, 'user', NULL, '2020-08-16 07:55:13', '2020-08-16 07:55:13'),
(57, NULL, 'global', NULL, '2020-08-27 09:29:44', '2020-08-27 09:29:44'),
(58, NULL, 'ip', '156.204.216.93', '2020-08-27 09:29:44', '2020-08-27 09:29:44'),
(59, 1, 'user', NULL, '2020-08-27 09:29:44', '2020-08-27 09:29:44'),
(60, NULL, 'global', NULL, '2020-08-27 09:29:52', '2020-08-27 09:29:52'),
(61, NULL, 'ip', '156.204.216.93', '2020-08-27 09:29:52', '2020-08-27 09:29:52'),
(62, 1, 'user', NULL, '2020-08-27 09:29:52', '2020-08-27 09:29:52'),
(63, NULL, 'global', NULL, '2020-08-27 09:29:59', '2020-08-27 09:29:59'),
(64, NULL, 'ip', '156.204.216.93', '2020-08-27 09:29:59', '2020-08-27 09:29:59'),
(65, 1, 'user', NULL, '2020-08-27 09:29:59', '2020-08-27 09:29:59'),
(66, NULL, 'global', NULL, '2020-08-27 09:30:17', '2020-08-27 09:30:17'),
(67, NULL, 'ip', '156.204.216.93', '2020-08-27 09:30:17', '2020-08-27 09:30:17'),
(68, 1, 'user', NULL, '2020-08-27 09:30:17', '2020-08-27 09:30:17'),
(69, NULL, 'global', NULL, '2020-08-27 10:13:31', '2020-08-27 10:13:31'),
(70, NULL, 'ip', '156.204.216.93', '2020-08-27 10:13:31', '2020-08-27 10:13:31'),
(71, 1, 'user', NULL, '2020-08-27 10:13:31', '2020-08-27 10:13:31'),
(72, NULL, 'global', NULL, '2020-08-27 21:53:54', '2020-08-27 21:53:54'),
(73, NULL, 'ip', '156.204.140.79', '2020-08-27 21:53:54', '2020-08-27 21:53:54'),
(74, NULL, 'global', NULL, '2020-08-27 21:56:53', '2020-08-27 21:56:53'),
(75, NULL, 'ip', '156.204.140.79', '2020-08-27 21:56:53', '2020-08-27 21:56:53'),
(76, NULL, 'global', NULL, '2020-08-27 21:58:40', '2020-08-27 21:58:40'),
(77, NULL, 'ip', '156.204.140.79', '2020-08-27 21:58:40', '2020-08-27 21:58:40'),
(78, 1, 'user', NULL, '2020-08-27 21:58:40', '2020-08-27 21:58:40'),
(79, NULL, 'global', NULL, '2020-10-05 13:10:13', '2020-10-05 13:10:13'),
(80, NULL, 'ip', '217.54.90.248', '2020-10-05 13:10:13', '2020-10-05 13:10:13'),
(81, NULL, 'global', NULL, '2020-10-05 17:15:03', '2020-10-05 17:15:03'),
(82, NULL, 'ip', '62.114.195.168', '2020-10-05 17:15:03', '2020-10-05 17:15:03'),
(83, NULL, 'global', NULL, '2020-10-05 20:09:17', '2020-10-05 20:09:17'),
(84, NULL, 'ip', '80.79.145.55', '2020-10-05 20:09:17', '2020-10-05 20:09:17'),
(85, NULL, 'global', NULL, '2021-01-03 02:21:29', '2021-01-03 02:21:29'),
(86, NULL, 'ip', '154.182.19.110', '2021-01-03 02:21:29', '2021-01-03 02:21:29'),
(87, NULL, 'global', NULL, '2021-01-03 02:21:41', '2021-01-03 02:21:41'),
(88, NULL, 'ip', '154.182.19.110', '2021-01-03 02:21:41', '2021-01-03 02:21:41'),
(89, NULL, 'global', NULL, '2021-01-07 02:43:48', '2021-01-07 02:43:48'),
(90, NULL, 'ip', '197.60.79.26', '2021-01-07 02:43:48', '2021-01-07 02:43:48'),
(91, 29, 'user', NULL, '2021-01-07 02:43:48', '2021-01-07 02:43:48'),
(92, NULL, 'global', NULL, '2021-01-31 15:56:52', '2021-01-31 15:56:52'),
(93, NULL, 'ip', '41.42.99.60', '2021-01-31 15:56:52', '2021-01-31 15:56:52'),
(94, 29, 'user', NULL, '2021-01-31 15:56:52', '2021-01-31 15:56:52'),
(95, NULL, 'global', NULL, '2021-02-09 13:35:07', '2021-02-09 13:35:07'),
(96, NULL, 'ip', '197.60.206.184', '2021-02-09 13:35:07', '2021-02-09 13:35:07'),
(97, 30, 'user', NULL, '2021-02-09 13:35:07', '2021-02-09 13:35:07'),
(98, NULL, 'global', NULL, '2021-02-13 19:35:00', '2021-02-13 19:35:00'),
(99, NULL, 'ip', '197.60.181.21', '2021-02-13 19:35:00', '2021-02-13 19:35:00'),
(100, 29, 'user', NULL, '2021-02-13 19:35:00', '2021-02-13 19:35:00'),
(101, NULL, 'global', NULL, '2021-02-16 17:00:03', '2021-02-16 17:00:03'),
(102, NULL, 'ip', '41.68.144.231', '2021-02-16 17:00:03', '2021-02-16 17:00:03'),
(103, 29, 'user', NULL, '2021-02-16 17:00:03', '2021-02-16 17:00:03'),
(104, NULL, 'global', NULL, '2021-03-06 12:13:18', '2021-03-06 12:13:18'),
(105, NULL, 'ip', '102.40.68.14', '2021-03-06 12:13:18', '2021-03-06 12:13:18'),
(106, NULL, 'global', NULL, '2021-03-06 12:13:29', '2021-03-06 12:13:29'),
(107, NULL, 'ip', '102.40.68.14', '2021-03-06 12:13:29', '2021-03-06 12:13:29'),
(108, NULL, 'global', NULL, '2021-03-28 16:19:17', '2021-03-28 16:19:17'),
(109, NULL, 'ip', '41.47.19.116', '2021-03-28 16:19:17', '2021-03-28 16:19:17'),
(110, 29, 'user', NULL, '2021-03-28 16:19:17', '2021-03-28 16:19:17');

-- --------------------------------------------------------

--
-- Table structure for table `transactions`
--

DROP TABLE IF EXISTS `transactions`;
CREATE TABLE IF NOT EXISTS `transactions` (
  `id` int(10) UNSIGNED NOT NULL AUTO_INCREMENT,
  `order_id` int(10) UNSIGNED NOT NULL,
  `transaction_id` varchar(191) COLLATE utf8mb4_unicode_ci NOT NULL,
  `payment_method` varchar(191) COLLATE utf8mb4_unicode_ci NOT NULL,
  `deleted_at` timestamp NULL DEFAULT NULL,
  `created_at` timestamp NULL DEFAULT NULL,
  `updated_at` timestamp NULL DEFAULT NULL,
  PRIMARY KEY (`id`),
  UNIQUE KEY `transactions_order_id_unique` (`order_id`)
) ENGINE=InnoDB DEFAULT CHARSET=utf8mb4 COLLATE=utf8mb4_unicode_ci;

-- --------------------------------------------------------

--
-- Table structure for table `translations`
--

DROP TABLE IF EXISTS `translations`;
CREATE TABLE IF NOT EXISTS `translations` (
  `id` int(10) UNSIGNED NOT NULL AUTO_INCREMENT,
  `key` varchar(191) COLLATE utf8mb4_unicode_ci NOT NULL,
  `created_at` timestamp NULL DEFAULT NULL,
  `updated_at` timestamp NULL DEFAULT NULL,
  PRIMARY KEY (`id`),
  KEY `translations_key_index` (`key`)
) ENGINE=InnoDB AUTO_INCREMENT=871 DEFAULT CHARSET=utf8mb4 COLLATE=utf8mb4_unicode_ci;

--
-- Dumping data for table `translations`
--

INSERT INTO `translations` (`id`, `key`, `created_at`, `updated_at`) VALUES
(1, 'account::messages.profile_updated', '2020-06-10 08:50:09', '2020-06-10 08:50:09'),
(2, 'admin::admin.buttons.cancel', '2020-06-10 08:50:13', '2020-06-10 08:50:13'),
(3, 'admin::admin.buttons.delete', '2020-06-10 08:50:19', '2020-06-10 08:50:19'),
(4, 'admin::admin.buttons.save', '2020-06-10 08:50:21', '2020-06-10 08:50:21'),
(5, 'admin::admin.delete.confirmation', '2020-06-10 08:50:33', '2020-06-10 08:50:33'),
(6, 'admin::admin.delete.confirmation_message', '2020-06-10 08:50:44', '2020-06-10 08:50:44'),
(7, 'admin::admin.errors.404', '2020-06-10 08:50:50', '2020-06-10 08:50:50'),
(8, 'admin::admin.errors.404_description', '2020-06-10 08:51:13', '2020-06-10 08:51:13'),
(9, 'admin::admin.errors.404_title', '2020-06-10 08:51:51', '2020-06-10 08:51:51'),
(10, 'admin::admin.errors.500', '2020-06-10 08:51:52', '2020-06-10 08:51:52'),
(11, 'admin::admin.errors.500_description', '2020-06-10 08:52:43', '2020-06-10 08:52:43'),
(12, 'admin::admin.errors.500_title', '2020-06-10 08:54:34', '2020-06-10 08:54:34'),
(13, 'admin::admin.form.please_select', '2020-06-10 08:54:49', '2020-06-10 08:54:49'),
(14, 'admin::admin.pagination.next', '2020-06-10 08:54:56', '2020-06-10 08:54:56'),
(15, 'admin::admin.pagination.previous', '2020-06-10 08:55:01', '2020-06-10 08:55:01'),
(16, 'admin::admin.shortcuts.available_shortcuts', '2020-06-10 08:55:29', '2020-06-10 08:55:29'),
(17, 'admin::admin.shortcuts.back_to_index', '2020-06-10 08:55:47', '2020-06-10 08:55:47'),
(18, 'admin::admin.shortcuts.this_menu', '2020-06-10 08:55:55', '2020-06-10 08:55:55'),
(19, 'admin::admin.table.created', '2020-06-10 08:56:18', '2020-06-10 08:56:18'),
(20, 'admin::admin.table.date', '2020-06-10 08:56:18', '2020-06-10 08:56:18'),
(21, 'admin::admin.table.status', '2020-06-10 08:56:27', '2020-06-10 08:56:27'),
(22, 'admin::admin.visit_store', '2020-06-10 08:56:39', '2020-06-10 08:56:39'),
(23, 'admin::dashboard.latest_orders', '2020-06-10 09:00:58', '2020-06-10 09:00:58'),
(24, 'admin::dashboard.latest_reviews', '2020-06-10 09:01:07', '2020-06-10 09:01:07'),
(25, 'admin::dashboard.latest_search_terms', '2020-06-10 09:01:24', '2020-06-10 09:01:24'),
(26, 'admin::dashboard.no_data', '2020-06-10 09:01:39', '2020-06-10 09:01:39'),
(27, 'admin::dashboard.sales_analytics.day_names.0', '2020-06-10 09:01:50', '2020-06-10 09:01:50'),
(28, 'admin::dashboard.sales_analytics.day_names.1', '2020-06-10 09:01:56', '2020-06-10 09:01:56'),
(29, 'admin::dashboard.sales_analytics.day_names.2', '2020-06-10 09:02:01', '2020-06-10 09:02:01'),
(30, 'admin::dashboard.sales_analytics.day_names.3', '2020-06-10 09:02:20', '2020-06-10 09:02:20'),
(31, 'admin::dashboard.sales_analytics.day_names.4', '2020-06-10 09:02:30', '2020-06-10 09:02:30'),
(32, 'admin::dashboard.sales_analytics.sales', '2020-06-10 09:02:51', '2020-06-10 09:02:51'),
(33, 'admin::dashboard.sales_analytics_title', '2020-06-10 09:02:51', '2020-06-10 09:02:51'),
(34, 'admin::dashboard.table.customer', '2020-06-10 09:02:59', '2020-06-10 09:02:59'),
(35, 'admin::dashboard.table.latest_orders.order_id', '2020-06-10 09:03:08', '2020-06-10 09:03:08'),
(36, 'admin::dashboard.table.latest_orders.status', '2020-06-10 09:03:12', '2020-06-10 09:03:12'),
(37, 'admin::dashboard.sales_analytics.day_names.5', '2020-06-10 09:06:46', '2020-06-10 09:06:46'),
(38, 'admin::dashboard.sales_analytics.day_names.6', '2020-06-10 09:06:51', '2020-06-10 09:06:51'),
(39, 'admin::dashboard.sales_analytics.orders', '2020-06-10 09:06:57', '2020-06-10 09:06:57'),
(40, 'admin::dashboard.table.latest_orders.total', '2020-06-10 09:07:14', '2020-06-10 09:07:14'),
(41, 'admin::dashboard.table.latest_reviews.product', '2020-06-10 09:07:36', '2020-06-10 09:07:36'),
(42, 'admin::dashboard.table.latest_reviews.rating', '2020-06-10 09:07:39', '2020-06-10 09:07:39'),
(43, 'admin::dashboard.table.latest_search_terms.keyword', '2020-06-10 09:08:23', '2020-06-10 09:08:23'),
(44, 'admin::dashboard.table.latest_search_terms.results', '2020-06-10 09:08:45', '2020-06-10 09:08:45'),
(45, 'admin::dashboard.total_customers', '2020-06-10 09:08:55', '2020-06-10 09:08:55'),
(46, 'admin::dashboard.total_orders', '2020-06-10 09:09:01', '2020-06-10 09:09:01'),
(47, 'admin::dashboard.total_products', '2020-06-10 09:09:43', '2020-06-10 09:09:43'),
(48, 'admin::dashboard.total_sales', '2020-06-10 09:09:47', '2020-06-10 09:09:47'),
(49, 'admin::messages.permission_denied', '2020-06-10 09:10:47', '2020-06-10 09:10:47'),
(50, 'admin::messages.resource_deleted', '2020-06-10 09:11:33', '2020-06-10 09:11:33'),
(51, 'admin::messages.resource_saved', '2020-06-10 09:11:51', '2020-06-10 09:11:51'),
(52, 'admin::resource.create', '2020-06-10 09:11:59', '2020-06-10 09:11:59'),
(53, 'admin::resource.delete', '2020-06-10 09:12:09', '2020-06-10 09:12:09'),
(54, 'admin::resource.edit', '2020-06-10 09:12:16', '2020-06-10 09:12:16'),
(55, 'admin::resource.show', '2020-06-10 09:12:20', '2020-06-10 09:12:20'),
(56, 'admin::sidebar.appearance', '2020-06-10 09:12:29', '2020-06-10 09:12:29'),
(57, 'admin::sidebar.content', '2020-06-10 09:12:33', '2020-06-10 09:12:33'),
(58, 'admin::sidebar.localization', '2020-06-10 09:12:44', '2020-06-10 09:12:44'),
(59, 'admin::sidebar.sales', '2020-06-10 09:13:39', '2020-06-10 09:13:39'),
(60, 'admin::sidebar.system', '2020-06-10 09:13:42', '2020-06-10 09:13:42'),
(61, 'attribute::admin.attribute', '2020-06-10 09:14:09', '2020-06-10 09:14:09'),
(62, 'attribute::admin.attributes', '2020-06-10 09:14:24', '2020-06-10 09:14:24'),
(63, 'attribute::admin.form.add_new_value', '2020-06-10 09:14:25', '2020-06-10 09:14:25'),
(64, 'attribute::admin.form.delete_value', '2020-06-10 09:14:28', '2020-06-10 09:14:28'),
(65, 'attribute::admin.form.product.add_new_attribute', '2020-06-10 09:14:36', '2020-06-10 09:14:36'),
(66, 'attribute::admin.form.product.attribute', '2020-06-10 09:14:43', '2020-06-10 09:14:43'),
(67, 'attribute::admin.form.product.delete_attribute', '2020-06-10 09:15:00', '2020-06-10 09:15:00'),
(68, 'attribute::admin.form.product.values', '2020-06-10 09:15:17', '2020-06-10 09:15:17'),
(69, 'attribute::admin.form.use_this_attribute_for_filtering_products', '2020-06-10 09:15:37', '2020-06-10 09:15:37'),
(70, 'attribute::admin.form.value', '2020-06-10 09:15:51', '2020-06-10 09:15:51'),
(71, 'attribute::admin.table.attribute_set', '2020-06-10 12:03:22', '2020-06-10 12:03:22'),
(72, 'attribute::admin.table.filterable', '2020-06-10 12:03:43', '2020-06-10 12:03:43'),
(73, 'attribute::admin.table.no', '2020-06-10 12:08:14', '2020-06-10 12:08:14'),
(74, 'attribute::admin.table.name', '2020-06-10 12:08:14', '2020-06-10 12:08:14'),
(75, 'attribute::admin.table.yes', '2020-06-10 12:08:16', '2020-06-10 12:08:16'),
(76, 'attribute::admin.tabs.general', '2020-06-10 12:08:54', '2020-06-10 12:08:54'),
(77, 'attribute::admin.tabs.group.attribute_information', '2020-06-11 03:45:11', '2020-06-11 03:45:11'),
(78, 'attribute::admin.tabs.product.attributes', '2020-06-11 03:45:13', '2020-06-11 03:45:13'),
(79, 'attribute::admin.tabs.values', '2020-06-11 03:45:21', '2020-06-11 03:45:21'),
(80, 'attribute::attribute_sets.table.name', '2020-06-11 03:45:57', '2020-06-11 03:45:57'),
(81, 'attribute::attribute_sets.tabs.general', '2020-06-11 03:45:58', '2020-06-11 03:45:58'),
(82, 'attribute::attributes.attribute_sets.name', '2020-06-11 03:46:03', '2020-06-11 03:46:03'),
(83, 'attribute::attributes.attributes.categories', '2020-06-11 03:48:56', '2020-06-11 03:48:56'),
(84, 'attribute::attributes.attributes.is_filterable', '2020-06-11 03:49:13', '2020-06-11 03:49:13'),
(85, 'attribute::attributes.attributes.name', '2020-06-11 03:49:57', '2020-06-11 03:49:57'),
(86, 'attribute::attributes.product_attributes.attributes.*.values', '2020-06-11 03:50:00', '2020-06-11 03:50:00'),
(87, 'brand::attributes.is_active', '2020-06-11 03:50:18', '2020-06-11 03:50:18'),
(88, 'brand::attributes.name', '2020-06-11 03:50:20', '2020-06-11 03:50:20'),
(89, 'brand::attributes.slug', '2020-06-11 03:50:28', '2020-06-11 03:50:28'),
(90, 'brand::brands.brand', '2020-06-11 03:50:34', '2020-06-11 03:50:34'),
(91, 'brand::brands.brands', '2020-06-11 03:50:39', '2020-06-11 03:50:39'),
(92, 'brand::brands.form.banner', '2020-06-11 03:50:52', '2020-06-11 03:50:52'),
(93, 'brand::brands.form.enable_the_brand', '2020-06-11 03:50:57', '2020-06-11 03:50:57'),
(94, 'brand::brands.form.logo', '2020-06-11 03:50:59', '2020-06-11 03:50:59'),
(95, 'brand::brands.table.logo', '2020-06-11 03:51:03', '2020-06-11 03:51:03'),
(96, 'brand::brands.table.name', '2020-06-11 03:51:06', '2020-06-11 03:51:06'),
(97, 'brand::brands.tabs.general', '2020-06-11 03:51:09', '2020-06-11 03:51:09'),
(98, 'attribute::attributes.attributes.slug', '2020-06-11 08:45:34', '2020-06-11 08:45:34'),
(99, 'brand::brands.tabs.group.brand_information', '2020-06-11 08:45:52', '2020-06-11 08:45:52'),
(100, 'brand::brands.tabs.images', '2020-06-11 08:46:07', '2020-06-11 08:46:07'),
(101, 'brand::brands.tabs.seo', '2020-06-11 08:46:18', '2020-06-11 08:46:18'),
(102, 'brand::permissions.create', '2020-06-11 08:46:24', '2020-06-11 08:46:24'),
(103, 'brand::permissions.destroy', '2020-06-11 08:46:32', '2020-06-11 08:46:32'),
(104, 'brand::permissions.edit', '2020-06-11 08:46:40', '2020-06-11 08:46:40'),
(105, 'brand::permissions.index', '2020-06-11 08:47:04', '2020-06-11 08:47:04'),
(106, 'cart::messages.not_have_enough_quantity_in_stock', '2020-06-11 08:48:00', '2020-06-11 08:48:00'),
(107, 'cart::messages.one_or_more_product_doesn\'t_have_enough_stock', '2020-06-11 08:49:12', '2020-06-11 08:49:12'),
(108, 'cart::messages.one_or_more_product_is_out_of_stock', '2020-06-11 08:50:36', '2020-06-11 08:50:36'),
(109, 'cart::messages.out_of_stock', '2020-06-11 08:50:51', '2020-06-11 08:50:51'),
(110, 'cart::validation.the_selected_option_is_invalid', '2020-06-11 08:51:05', '2020-06-11 08:51:05'),
(111, 'cart::validation.this_field_is_required', '2020-06-11 08:51:19', '2020-06-11 08:51:19'),
(112, 'category::attributes.is_active', '2020-06-11 08:51:25', '2020-06-11 08:51:25'),
(113, 'category::attributes.is_searchable', '2020-06-11 08:51:33', '2020-06-11 08:51:33'),
(114, 'category::attributes.name', '2020-06-11 08:51:41', '2020-06-11 08:51:41'),
(115, 'category::attributes.slug', '2020-06-11 08:51:47', '2020-06-11 08:51:47'),
(116, 'category::categories.categories', '2020-06-11 08:51:53', '2020-06-11 08:51:53'),
(117, 'category::categories.category', '2020-06-11 08:52:18', '2020-06-11 08:52:18'),
(118, 'category::categories.form.banner', '2020-06-11 08:52:20', '2020-06-11 08:52:20'),
(119, 'category::categories.form.enable_the_category', '2020-06-11 08:52:37', '2020-06-11 08:52:37'),
(120, 'category::categories.form.logo', '2020-06-11 08:52:43', '2020-06-11 08:52:43'),
(121, 'category::categories.form.show_this_category_in_search_box', '2020-06-11 08:53:09', '2020-06-11 08:53:09'),
(122, 'category::categories.tabs.general', '2020-06-11 08:53:12', '2020-06-11 08:53:12'),
(123, 'category::categories.tabs.image', '2020-06-11 08:53:16', '2020-06-11 08:53:16'),
(124, 'category::categories.tabs.seo', '2020-06-11 08:53:22', '2020-06-11 08:53:22'),
(125, 'category::categories.tree.add_root_category', '2020-06-11 08:53:46', '2020-06-11 08:53:46'),
(126, 'category::categories.tree.add_sub_category', '2020-06-11 08:53:52', '2020-06-11 08:53:52'),
(127, 'category::categories.tree.collapse_all', '2020-06-11 11:20:54', '2020-06-11 11:20:54'),
(128, 'category::categories.tree.expand_all', '2020-06-11 11:21:30', '2020-06-11 11:21:30'),
(129, 'category::messages.category_order_saved', '2020-06-11 11:22:21', '2020-06-11 11:22:21'),
(130, 'category::permissions.create', '2020-06-11 11:22:49', '2020-06-11 11:22:49'),
(131, 'category::permissions.destroy', '2020-06-11 11:22:51', '2020-06-11 11:22:51'),
(132, 'category::permissions.edit', '2020-06-11 11:22:56', '2020-06-11 11:22:56'),
(133, 'category::sidebar.categories', '2020-06-11 11:23:01', '2020-06-11 11:23:01'),
(134, 'checkout::attributes.billing.address_1', '2020-06-11 11:23:13', '2020-06-11 11:23:13'),
(135, 'checkout::attributes.billing.address_2', '2020-06-11 11:23:20', '2020-06-11 11:23:20'),
(136, 'category::permissions.index', '2020-06-11 11:23:29', '2020-06-11 11:23:29'),
(137, 'checkout::attributes.billing.city', '2020-06-11 11:23:47', '2020-06-11 11:23:47'),
(138, 'checkout::attributes.billing.country', '2020-06-11 11:23:56', '2020-06-11 11:23:56'),
(139, 'checkout::attributes.billing.first_name', '2020-06-11 11:24:13', '2020-06-11 11:24:13'),
(140, 'checkout::attributes.billing.last_name', '2020-06-11 11:24:18', '2020-06-11 11:24:18'),
(141, 'checkout::attributes.billing.state', '2020-06-11 11:24:30', '2020-06-11 11:24:30'),
(142, 'checkout::attributes.billing.zip', '2020-06-11 11:24:50', '2020-06-11 11:24:50'),
(143, 'checkout::attributes.create_an_account', '2020-06-11 11:25:06', '2020-06-11 11:25:06'),
(144, 'checkout::attributes.customer_email', '2020-06-11 11:25:13', '2020-06-11 11:25:13'),
(145, 'checkout::attributes.customer_phone', '2020-06-11 11:25:17', '2020-06-11 11:25:17'),
(146, 'checkout::attributes.order_note', '2020-06-11 11:25:23', '2020-06-11 11:25:23'),
(147, 'checkout::attributes.password', '2020-06-11 11:25:34', '2020-06-11 11:25:34'),
(148, 'checkout::attributes.ship_to_a_different_address', '2020-06-11 11:25:47', '2020-06-11 11:25:47'),
(149, 'checkout::attributes.shipping.address_1', '2020-06-11 11:25:54', '2020-06-11 11:25:54'),
(150, 'checkout::attributes.shipping.address_2', '2020-06-11 11:26:06', '2020-06-11 11:26:06'),
(151, 'checkout::attributes.shipping.city', '2020-06-11 11:26:12', '2020-06-11 11:26:12'),
(152, 'checkout::attributes.shipping.country', '2020-06-11 11:26:18', '2020-06-11 11:26:18'),
(153, 'checkout::attributes.shipping.first_name', '2020-06-11 11:26:24', '2020-06-11 11:26:24'),
(154, 'checkout::attributes.shipping.last_name', '2020-06-11 11:26:28', '2020-06-11 11:26:28'),
(155, 'checkout::attributes.shipping.state', '2020-06-11 11:26:46', '2020-06-11 11:26:46'),
(156, 'checkout::attributes.shipping.zip', '2020-06-11 11:26:58', '2020-06-11 11:26:58'),
(157, 'checkout::attributes.street_address', '2020-06-11 11:27:07', '2020-06-11 11:27:07'),
(158, 'checkout::mail.if_you\\’re_having_trouble', '2020-06-11 11:27:29', '2020-06-11 11:27:29'),
(159, 'checkout::mail.new_order_subject', '2020-06-11 11:27:58', '2020-06-11 11:27:58'),
(160, 'checkout::mail.new_order_text', '2020-06-11 11:28:21', '2020-06-11 11:28:21'),
(161, 'checkout::mail.view_order', '2020-06-11 11:28:46', '2020-06-11 11:28:46'),
(162, 'contact::attributes.captcha', '2020-06-11 11:28:54', '2020-06-11 11:28:54'),
(163, 'contact::attributes.email', '2020-06-11 11:29:04', '2020-06-11 11:29:04'),
(164, 'contact::attributes.message', '2020-06-11 11:29:07', '2020-06-11 11:29:07'),
(165, 'contact::attributes.subject', '2020-06-11 11:29:18', '2020-06-11 11:29:18'),
(166, 'contact::messages.your_message_has_been_sent', '2020-06-11 11:29:23', '2020-06-11 11:29:23'),
(167, 'core::messages.in_maintenance', '2020-06-11 11:29:50', '2020-06-11 11:29:50'),
(168, 'core::messages.mail_is_not_configured', '2020-06-11 11:30:09', '2020-06-11 11:30:09'),
(169, 'core::messages.service_unavailable', '2020-06-11 11:30:29', '2020-06-11 11:30:29'),
(170, 'core::messages.the_given_data_was_invalid', '2020-06-11 11:30:53', '2020-06-11 11:30:53'),
(171, 'core::validation.accepted', '2020-06-11 11:31:30', '2020-06-11 11:31:30'),
(172, 'core::validation.active_url', '2020-06-11 11:31:41', '2020-06-11 11:31:41'),
(173, 'user::users.user', '2020-06-11 11:32:00', '2020-06-11 11:32:00'),
(174, 'user::users.users', '2020-06-11 11:32:06', '2020-06-11 11:32:06'),
(175, 'user::roles.roles', '2020-06-11 11:32:27', '2020-06-11 11:32:27'),
(176, 'user::roles.table.name', '2020-06-11 11:32:30', '2020-06-11 11:32:30'),
(177, 'user::roles.tabs.general', '2020-06-11 11:32:34', '2020-06-11 11:32:34'),
(178, 'user::roles.tabs.permissions', '2020-06-11 11:32:38', '2020-06-11 11:32:38'),
(179, 'user::roles.tabs.role_information', '2020-06-11 11:32:46', '2020-06-11 11:32:46'),
(180, 'user::sidebar.roles', '2020-06-11 11:33:09', '2020-06-11 11:33:09'),
(181, 'user::sidebar.users', '2020-06-11 11:33:26', '2020-06-11 11:33:26'),
(182, 'user::users.form.activated', '2020-06-11 11:33:32', '2020-06-11 11:33:32'),
(183, 'user::users.or_reset_password', '2020-06-11 11:33:42', '2020-06-11 11:33:42'),
(184, 'user::users.profile', '2020-06-11 11:33:47', '2020-06-11 11:33:47'),
(185, 'user::users.send_reset_password_email', '2020-06-11 11:34:15', '2020-06-11 11:34:15'),
(186, 'user::users.table.email', '2020-06-11 11:34:20', '2020-06-11 11:34:20'),
(187, 'user::users.table.first_name', '2020-06-11 11:34:25', '2020-06-11 11:34:25'),
(188, 'user::users.table.last_login', '2020-06-11 11:34:40', '2020-06-11 11:34:40'),
(189, 'user::users.table.last_name', '2020-06-11 11:34:50', '2020-06-11 11:34:50'),
(190, 'user::users.tabs.account', '2020-06-11 11:34:52', '2020-06-11 11:34:52'),
(191, 'user::users.tabs.group.profile_information', '2020-06-11 11:34:59', '2020-06-11 11:34:59'),
(192, 'user::users.tabs.group.user_information', '2020-06-11 11:35:06', '2020-06-11 11:35:06'),
(193, 'user::users.tabs.new_password', '2020-06-11 11:35:13', '2020-06-11 11:35:13'),
(194, 'user::users.tabs.permissions', '2020-06-11 11:35:16', '2020-06-11 11:35:16'),
(195, 'user::messages.users.invalid_credentials', '2020-06-11 11:35:53', '2020-06-11 11:35:53'),
(196, 'user::messages.users.invalid_reset_code', '2020-06-11 11:36:18', '2020-06-11 11:36:18'),
(197, 'user::messages.users.no_user_found', '2020-06-11 11:37:30', '2020-06-11 11:37:30'),
(198, 'user::messages.users.password_has_been_reset', '2020-06-11 11:38:06', '2020-06-11 11:38:06'),
(199, 'user::messages.users.reset_password_email_sent', '2020-06-11 11:38:31', '2020-06-11 11:38:31'),
(200, 'user::permissions.roles.create', '2020-06-11 11:38:50', '2020-06-11 11:38:50'),
(201, 'user::permissions.roles.destroy', '2020-06-11 11:38:57', '2020-06-11 11:38:57'),
(202, 'user::permissions.roles.edit', '2020-06-11 11:39:02', '2020-06-11 11:39:02'),
(203, 'user::permissions.roles.index', '2020-06-11 11:39:08', '2020-06-11 11:39:08'),
(204, 'user::permissions.users.create', '2020-06-11 11:39:16', '2020-06-11 11:39:16'),
(205, 'user::permissions.users.destroy', '2020-06-11 11:39:21', '2020-06-11 11:39:21'),
(206, 'user::permissions.users.edit', '2020-06-11 11:39:35', '2020-06-11 11:39:35'),
(207, 'user::permissions.users.index', '2020-06-11 11:39:58', '2020-06-11 11:39:58'),
(208, 'user::roles.permissions.allow', '2020-06-11 11:40:06', '2020-06-11 11:40:06'),
(209, 'user::roles.permissions.allow_all', '2020-06-11 11:40:09', '2020-06-11 11:40:09'),
(210, 'user::roles.permissions.deny', '2020-06-11 11:40:17', '2020-06-11 11:40:17'),
(211, 'user::roles.permissions.deny_all', '2020-06-11 11:40:21', '2020-06-11 11:40:21'),
(212, 'user::roles.permissions.inherit', '2020-06-11 12:11:27', '2020-06-11 12:11:27'),
(213, 'user::roles.permissions.inherit_all', '2020-06-11 12:11:34', '2020-06-11 12:11:34'),
(214, 'user::roles.role', '2020-06-11 12:11:40', '2020-06-11 12:11:40'),
(215, 'user::auth.or_sign_up_with', '2020-06-11 12:12:07', '2020-06-11 12:12:07'),
(216, 'user::auth.password', '2020-06-11 12:12:12', '2020-06-11 12:12:12'),
(217, 'user::auth.privacy_policy', '2020-06-11 12:12:20', '2020-06-11 12:12:20'),
(218, 'user::auth.register', '2020-06-11 12:12:26', '2020-06-11 12:12:26'),
(219, 'user::auth.remember_me', '2020-06-11 12:12:35', '2020-06-11 12:12:35'),
(220, 'user::auth.reset_password', '2020-06-11 12:12:44', '2020-06-11 12:12:44'),
(221, 'user::auth.sign_in', '2020-06-11 12:12:52', '2020-06-11 12:12:52'),
(222, 'user::auth.submit', '2020-06-11 12:12:58', '2020-06-11 12:12:58'),
(223, 'user::mail.account_created', '2020-06-11 12:13:07', '2020-06-11 12:13:07'),
(224, 'user::mail.if_you\\’re_having_trouble', '2020-06-11 12:13:40', '2020-06-11 12:13:40'),
(225, 'user::mail.no_further_action_is_required', '2020-06-11 12:14:41', '2020-06-11 12:14:41'),
(226, 'user::mail.received_a_password_reset_request', '2020-06-11 12:15:24', '2020-06-11 12:15:24'),
(227, 'user::mail.reset_password', '2020-06-11 12:15:32', '2020-06-11 12:15:32'),
(228, 'user::mail.reset_your_account_password', '2020-06-11 12:15:46', '2020-06-11 12:15:46'),
(229, 'user::mail.welcome', '2020-06-11 12:15:57', '2020-06-11 12:15:57'),
(230, 'user::messages.email.reset_password', '2020-06-11 12:16:10', '2020-06-11 12:16:10'),
(231, 'user::messages.users.account_created', '2020-06-11 12:16:34', '2020-06-11 12:16:34'),
(232, 'user::messages.users.account_is_blocked', '2020-06-11 12:25:26', '2020-06-11 12:25:26'),
(233, 'user::messages.users.account_not_activated', '2020-06-11 12:26:21', '2020-06-11 12:26:21'),
(234, 'user::messages.users.check_email_to_reset_password', '2020-06-11 12:26:53', '2020-06-11 12:26:53'),
(235, 'user::attributes.users.password', '2020-06-11 12:27:13', '2020-06-11 12:27:13'),
(236, 'user::attributes.users.password_confirmation', '2020-06-11 12:27:33', '2020-06-11 12:27:33'),
(237, 'user::attributes.users.roles', '2020-06-11 12:27:37', '2020-06-11 12:27:37'),
(238, 'user::auth.already_have_an_account', '2020-06-11 12:27:43', '2020-06-11 12:27:43'),
(239, 'user::auth.confirm_password', '2020-06-11 12:27:51', '2020-06-11 12:27:51'),
(240, 'user::auth.create_account', '2020-06-11 12:36:56', '2020-06-11 12:36:56'),
(241, 'user::auth.dont_have_an_account', '2020-06-11 12:37:04', '2020-06-11 12:37:04'),
(242, 'user::auth.email', '2020-06-11 12:37:16', '2020-06-11 12:37:16'),
(243, 'user::auth.enter_email', '2020-06-11 12:37:33', '2020-06-11 12:37:33'),
(244, 'user::auth.facebook', '2020-06-11 12:37:39', '2020-06-11 12:37:39'),
(245, 'user::auth.first_name', '2020-06-11 12:37:43', '2020-06-11 12:37:43'),
(246, 'user::auth.forgot_password', '2020-06-11 12:37:49', '2020-06-11 12:37:49'),
(247, 'user::auth.google', '2020-06-11 12:37:54', '2020-06-11 12:37:54'),
(248, 'user::auth.i_agree_to_the', '2020-06-11 12:38:06', '2020-06-11 12:38:06'),
(249, 'user::auth.i_remembered_my_password', '2020-06-11 12:38:23', '2020-06-11 12:38:23'),
(250, 'user::auth.last_name', '2020-06-11 12:38:35', '2020-06-11 12:38:35'),
(251, 'user::auth.or_continue_with', '2020-06-11 12:39:49', '2020-06-11 12:39:49'),
(252, 'admin::dashboard.dashboard', '2020-06-11 17:03:40', '2020-06-11 17:03:40'),
(253, 'admin::dashboard.table.latest_search_terms.hits', '2020-06-12 00:18:30', '2020-06-12 00:18:30'),
(254, 'attribute::attribute_sets.attribute_set', '2020-06-12 00:18:48', '2020-06-12 00:18:48'),
(255, 'attribute::attribute_sets.attribute_sets', '2020-06-12 00:18:55', '2020-06-12 00:18:55'),
(256, 'attribute::attribute_sets.tabs.group.attribute_set_information', '2020-06-12 00:19:03', '2020-06-12 00:19:03'),
(257, 'attribute::attribute_values.attribute_value', '2020-06-12 00:19:13', '2020-06-12 00:19:13'),
(258, 'attribute::attribute_values.attribute_values', '2020-06-12 00:19:19', '2020-06-12 00:19:19'),
(259, 'attribute::attributes.attributes.attribute_set_id', '2020-06-12 00:19:27', '2020-06-12 00:19:27'),
(260, 'attribute::attributes.product_attributes.attributes.*.attribute_id', '2020-06-12 00:19:53', '2020-06-12 00:19:53'),
(261, 'attribute::permissions.attribute_sets.create', '2020-06-12 00:19:59', '2020-06-12 00:19:59'),
(262, 'attribute::permissions.attribute_sets.destroy', '2020-06-12 00:20:04', '2020-06-12 00:20:04'),
(263, 'attribute::permissions.attribute_sets.edit', '2020-06-12 00:20:19', '2020-06-12 00:20:19'),
(264, 'attribute::permissions.attribute_sets.index', '2020-06-12 00:20:55', '2020-06-12 00:20:55'),
(265, 'attribute::permissions.attributes.create', '2020-06-12 00:21:03', '2020-06-12 00:21:03'),
(266, 'attribute::permissions.attributes.destroy', '2020-06-12 00:21:10', '2020-06-12 00:21:10'),
(267, 'attribute::permissions.attributes.edit', '2020-06-12 00:21:18', '2020-06-12 00:21:18'),
(268, 'attribute::permissions.attributes.index', '2020-06-12 00:21:26', '2020-06-12 00:21:26'),
(269, 'attribute::sidebar.attribute_sets', '2020-06-12 00:21:52', '2020-06-12 00:21:52'),
(270, 'attribute::sidebar.attributes', '2020-06-12 00:21:57', '2020-06-12 00:21:57'),
(271, 'core::validation.after', '2020-06-12 00:22:29', '2020-06-12 00:22:29'),
(272, 'core::validation.after_or_equal', '2020-06-12 00:22:32', '2020-06-12 00:22:32'),
(273, 'core::validation.alpha', '2020-06-12 00:22:36', '2020-06-12 00:22:36'),
(274, 'core::validation.alpha_dash', '2020-06-12 00:22:40', '2020-06-12 00:22:40'),
(275, 'core::validation.alpha_num', '2020-06-12 00:22:44', '2020-06-12 00:22:44'),
(276, 'core::validation.array', '2020-06-12 00:22:48', '2020-06-12 00:22:48'),
(277, 'coupon::attributes.categories', '2020-06-12 00:23:03', '2020-06-12 00:23:03'),
(278, 'coupon::attributes.code', '2020-06-12 00:23:08', '2020-06-12 00:23:08'),
(279, 'coupon::attributes.end_date', '2020-06-12 00:23:14', '2020-06-12 00:23:14'),
(280, 'coupon::attributes.exclude_categories', '2020-06-12 00:23:20', '2020-06-12 00:23:20'),
(281, 'coupon::attributes.exclude_products', '2020-06-12 00:23:26', '2020-06-12 00:23:26'),
(282, 'coupon::attributes.free_shipping', '2020-06-12 00:23:32', '2020-06-12 00:23:32'),
(283, 'coupon::attributes.is_active', '2020-06-12 00:23:38', '2020-06-12 00:23:38'),
(284, 'coupon::attributes.is_percent', '2020-06-12 00:23:43', '2020-06-12 00:23:43'),
(285, 'coupon::attributes.maximum_spend', '2020-06-12 00:23:48', '2020-06-12 00:23:48'),
(286, 'coupon::attributes.minimum_spend', '2020-06-12 00:23:53', '2020-06-12 00:23:53'),
(287, 'coupon::attributes.name', '2020-06-12 00:24:00', '2020-06-12 00:24:00'),
(288, 'coupon::attributes.products', '2020-06-12 00:24:08', '2020-06-12 00:24:08'),
(289, 'coupon::attributes.start_date', '2020-06-12 00:24:16', '2020-06-12 00:24:16'),
(290, 'coupon::attributes.usage_limit_per_coupon', '2020-06-12 00:24:22', '2020-06-12 00:24:22'),
(291, 'coupon::attributes.usage_limit_per_customer', '2020-06-12 00:24:28', '2020-06-12 00:24:28'),
(292, 'coupon::attributes.value', '2020-06-12 00:24:36', '2020-06-12 00:24:36'),
(293, 'coupon::coupons.coupon', '2020-06-12 00:24:42', '2020-06-12 00:24:42'),
(294, 'coupon::coupons.coupons', '2020-06-12 00:24:51', '2020-06-12 00:24:51'),
(295, 'coupon::coupons.form.allow_free_shipping', '2020-06-12 00:24:59', '2020-06-12 00:24:59'),
(296, 'coupon::coupons.form.enable_the_coupon', '2020-06-12 00:25:05', '2020-06-12 00:25:05'),
(297, 'coupon::coupons.form.price_types.0', '2020-06-12 00:25:42', '2020-06-12 00:25:42'),
(298, 'coupon::coupons.form.price_types.1', '2020-06-12 00:25:47', '2020-06-12 00:25:47'),
(299, 'coupon::coupons.table.code', '2020-06-12 00:25:52', '2020-06-12 00:25:52'),
(300, 'coupon::coupons.table.discount', '2020-06-12 00:25:58', '2020-06-12 00:25:58'),
(301, 'coupon::coupons.table.name', '2020-06-12 00:26:06', '2020-06-12 00:26:06'),
(302, 'coupon::coupons.tabs.general', '2020-06-12 00:26:12', '2020-06-12 00:26:12'),
(303, 'coupon::coupons.tabs.group.coupon_information', '2020-06-12 00:26:18', '2020-06-12 00:26:18'),
(304, 'coupon::coupons.tabs.usage_limits', '2020-06-12 00:26:23', '2020-06-12 00:26:23'),
(305, 'coupon::coupons.tabs.usage_restrictions', '2020-06-12 00:26:30', '2020-06-12 00:26:30'),
(306, 'coupon::messages.already_applied', '2020-06-12 00:26:37', '2020-06-12 00:26:37'),
(307, 'coupon::messages.inapplicable', '2020-06-12 00:26:43', '2020-06-12 00:26:43'),
(308, 'coupon::messages.invalid_coupon', '2020-06-12 00:26:49', '2020-06-12 00:26:49'),
(309, 'coupon::messages.maximum_spend', '2020-06-12 00:27:42', '2020-06-12 00:27:42'),
(310, 'coupon::messages.minimum_spend', '2020-06-12 00:27:52', '2020-06-12 00:27:52'),
(311, 'coupon::messages.not_exists', '2020-06-12 00:28:03', '2020-06-12 00:28:03'),
(312, 'coupon::messages.usage_limit_reached', '2020-06-12 00:28:11', '2020-06-12 00:28:11'),
(313, 'coupon::permissions.create', '2020-06-12 00:28:16', '2020-06-12 00:28:16'),
(314, 'coupon::permissions.destroy', '2020-06-12 00:28:22', '2020-06-12 00:28:22'),
(315, 'coupon::permissions.edit', '2020-06-12 00:28:27', '2020-06-12 00:28:27'),
(316, 'coupon::permissions.index', '2020-06-12 00:28:35', '2020-06-12 00:28:35'),
(317, 'flashsale::attributes.price', '2020-06-12 00:29:30', '2020-06-12 00:29:30'),
(318, 'flashsale::attributes.end_date', '2020-06-12 00:29:35', '2020-06-12 00:29:35'),
(319, 'flashsale::attributes.campaign_name', '2020-06-12 00:29:40', '2020-06-12 00:29:40'),
(320, 'currency::services.forge', '2020-06-12 00:29:46', '2020-06-12 00:29:46'),
(321, 'currency::services.fixer', '2020-06-12 00:29:52', '2020-06-12 00:29:52'),
(322, 'currency::services.currency_data_feed', '2020-06-12 00:29:58', '2020-06-12 00:29:58'),
(323, 'currency::permissions.index', '2020-06-12 00:30:03', '2020-06-12 00:30:03'),
(324, 'currency::permissions.edit', '2020-06-12 00:30:08', '2020-06-12 00:30:08'),
(325, 'currency::messages.exchange_service_is_not_configured', '2020-06-12 00:30:14', '2020-06-12 00:30:14'),
(326, 'currency::currency_rates.tabs.group.currency_rate_information', '2020-06-12 00:30:19', '2020-06-12 00:30:19'),
(327, 'currency::currency_rates.tabs.general', '2020-06-12 00:30:26', '2020-06-12 00:30:26'),
(328, 'currency::currency_rates.table.rate', '2020-06-12 00:30:37', '2020-06-12 00:30:37'),
(329, 'currency::currency_rates.table.last_updated', '2020-06-12 00:30:43', '2020-06-12 00:30:43'),
(330, 'currency::currency_rates.table.currency', '2020-06-12 00:30:49', '2020-06-12 00:30:49'),
(331, 'currency::currency_rates.table.code', '2020-06-12 00:30:59', '2020-06-12 00:30:59'),
(332, 'currency::currency_rates.refresh_rates', '2020-06-12 00:31:09', '2020-06-12 00:31:09'),
(333, 'currency::currency_rates.refresh_currency_rates_from', '2020-06-12 00:31:18', '2020-06-12 00:31:18'),
(334, 'currency::currency_rates.currency_rates', '2020-06-12 00:31:35', '2020-06-12 00:31:35'),
(335, 'currency::currency_rates.currency_rate', '2020-06-12 00:31:46', '2020-06-12 00:31:46'),
(336, 'currency::attributes.rate', '2020-06-12 00:31:50', '2020-06-12 00:31:50'),
(337, 'flashsale::attributes.product', '2020-06-12 00:32:11', '2020-06-12 00:32:11'),
(338, 'flashsale::attributes.products.*.end_date', '2020-06-12 00:32:16', '2020-06-12 00:32:16'),
(339, 'flashsale::attributes.products.*.price', '2020-06-12 00:32:21', '2020-06-12 00:32:21'),
(340, 'flashsale::attributes.products.*.product_id', '2020-06-12 00:32:27', '2020-06-12 00:32:27'),
(341, 'flashsale::attributes.products.*.qty', '2020-06-12 00:32:35', '2020-06-12 00:32:35'),
(342, 'flashsale::attributes.quantity', '2020-06-12 00:32:40', '2020-06-12 00:32:40'),
(343, 'flashsale::flash_sales.flash_sale', '2020-06-12 00:32:47', '2020-06-12 00:32:47'),
(344, 'flashsale::flash_sales.flash_sales', '2020-06-12 00:32:48', '2020-06-12 00:32:48'),
(345, 'flashsale::flash_sales.form.add_product', '2020-06-12 00:32:53', '2020-06-12 00:32:53'),
(346, 'flashsale::flash_sales.form.flash_sale_product', '2020-06-12 00:33:01', '2020-06-12 00:33:01'),
(347, 'flashsale::flash_sales.table.campaign_name', '2020-06-12 00:33:35', '2020-06-12 00:33:35'),
(348, 'flashsale::flash_sales.tabs.group.flash_sale_information', '2020-06-12 00:33:50', '2020-06-12 00:33:50'),
(349, 'flashsale::flash_sales.tabs.products', '2020-06-12 00:33:57', '2020-06-12 00:33:57'),
(350, 'flashsale::flash_sales.tabs.settings', '2020-06-12 00:34:04', '2020-06-12 00:34:04'),
(351, 'flashsale::permissions.create', '2020-06-12 00:34:25', '2020-06-12 00:34:25'),
(352, 'flashsale::permissions.destroy', '2020-06-12 00:34:45', '2020-06-12 00:34:45'),
(353, 'product::permissions.create', '2020-06-12 02:24:22', '2020-06-12 02:24:22'),
(354, 'product::permissions.destroy', '2020-06-12 02:24:27', '2020-06-12 02:24:27'),
(355, 'product::permissions.edit', '2020-06-12 02:24:31', '2020-06-12 02:24:31'),
(356, 'product::permissions.index', '2020-06-12 02:24:37', '2020-06-12 02:24:37'),
(357, 'product::products.form.additional_images', '2020-06-12 02:24:48', '2020-06-12 02:24:48'),
(358, 'product::products.form.base_image', '2020-06-12 02:24:56', '2020-06-12 02:24:56'),
(359, 'product::products.form.enable_the_product', '2020-06-12 02:25:06', '2020-06-12 02:25:06'),
(360, 'product::products.form.manage_stock_states.0', '2020-06-12 02:25:22', '2020-06-12 02:25:22'),
(361, 'product::products.form.manage_stock_states.1', '2020-06-12 02:27:47', '2020-06-12 02:27:47'),
(362, 'product::products.form.price_types.fixed', '2020-06-12 02:27:52', '2020-06-12 02:27:52'),
(363, 'product::products.form.price_types.percent', '2020-06-12 02:28:01', '2020-06-12 02:28:01'),
(364, 'menu::menus.menus', '2020-06-12 02:28:26', '2020-06-12 02:28:26'),
(365, 'menu::menus.menu', '2020-06-12 02:28:33', '2020-06-12 02:28:33'),
(366, 'menu::menus.form.enable_the_menu', '2020-06-12 02:28:45', '2020-06-12 02:28:45'),
(367, 'menu::menus.form.please_save_the_menu_first', '2020-06-12 02:29:07', '2020-06-12 02:29:07'),
(368, 'menu::menus.table.name', '2020-06-12 02:29:11', '2020-06-12 02:29:11'),
(369, 'menu::permissions.menus.create', '2020-06-12 02:29:20', '2020-06-12 02:29:20'),
(370, 'menu::permissions.menus.destroy', '2020-06-12 02:29:25', '2020-06-12 02:29:25'),
(371, 'menu::permissions.menus.edit', '2020-06-12 02:29:31', '2020-06-12 02:29:31'),
(372, 'menu::permissions.menus.index', '2020-06-12 02:29:35', '2020-06-12 02:29:35'),
(373, 'menu::sidebar.menus', '2020-06-12 02:29:39', '2020-06-12 02:29:39'),
(374, 'storefront::storefront.tabs.menus', '2020-06-12 02:29:46', '2020-06-12 02:29:46'),
(375, 'translation::sidebar.translations', '2020-06-12 02:37:30', '2020-06-12 02:37:30'),
(376, 'translation::permissions.index', '2020-06-12 02:37:34', '2020-06-12 02:37:34'),
(377, 'translation::permissions.edit', '2020-06-12 02:37:39', '2020-06-12 02:37:39'),
(378, 'translation::translations.table.key', '2020-06-12 02:37:50', '2020-06-12 02:37:50'),
(379, 'translation::translations.translation', '2020-06-12 02:37:59', '2020-06-12 02:37:59'),
(380, 'translation::translations.translations', '2020-06-12 02:38:02', '2020-06-12 02:38:02'),
(381, 'tax::permissions.taxes.create', '2020-06-12 02:38:28', '2020-06-12 02:38:28'),
(382, 'tax::permissions.taxes.destroy', '2020-06-12 02:38:31', '2020-06-12 02:38:31'),
(383, 'tax::permissions.taxes.edit', '2020-06-12 02:38:38', '2020-06-12 02:38:38'),
(384, 'tax::permissions.taxes.index', '2020-06-12 02:38:44', '2020-06-12 02:38:44'),
(385, 'tax::sidebar.taxes', '2020-06-12 02:38:51', '2020-06-12 02:38:51'),
(386, 'tax::taxes.form.add_new_rate', '2020-06-12 02:38:58', '2020-06-12 02:38:58'),
(387, 'tax::taxes.form.based_on.billing_address', '2020-06-12 02:39:19', '2020-06-12 02:39:19'),
(388, 'tax::taxes.form.based_on.shipping_address', '2020-06-12 02:39:48', '2020-06-12 02:39:48'),
(389, 'tax::taxes.form.based_on.store_address', '2020-06-12 02:39:58', '2020-06-12 02:39:58'),
(390, 'tax::taxes.form.delete_rate', '2020-06-12 02:40:06', '2020-06-12 02:40:06'),
(391, 'tax::taxes.table.tax_class', '2020-06-12 02:40:31', '2020-06-12 02:40:31'),
(392, 'tax::taxes.tabs.general', '2020-06-12 02:40:34', '2020-06-12 02:40:34'),
(393, 'report::admin.reports', '2020-06-12 02:40:58', '2020-06-12 02:40:58'),
(394, 'report::permissions.index', '2020-06-12 02:41:02', '2020-06-12 02:41:02'),
(395, 'report::sidebar.reports', '2020-06-12 02:41:05', '2020-06-12 02:41:05'),
(396, 'report::admin.filters.report_types.coupons_report', '2020-06-12 02:45:12', '2020-06-12 02:45:12'),
(397, 'report::admin.filters.coupon_code', '2020-06-12 02:45:26', '2020-06-12 02:45:26'),
(398, 'report::admin.filter', '2020-06-12 02:45:28', '2020-06-12 02:45:28'),
(399, 'report::admin.filters.customer_email', '2020-06-12 02:45:41', '2020-06-12 02:45:41'),
(400, 'report::admin.filters.customer_name', '2020-06-12 02:45:44', '2020-06-12 02:45:44'),
(401, 'report::admin.filters.date_end', '2020-06-12 02:45:50', '2020-06-12 02:45:50'),
(402, 'report::admin.filters.date_start', '2020-06-12 02:46:07', '2020-06-12 02:46:07'),
(403, 'report::admin.filters.groups.days', '2020-06-12 02:46:42', '2020-06-12 02:46:42'),
(404, 'report::admin.filters.groups.months', '2020-06-12 02:46:47', '2020-06-12 02:46:47'),
(405, 'report::admin.filters.groups.weeks', '2020-06-12 02:46:49', '2020-06-12 02:46:49'),
(406, 'report::admin.filters.groups.years', '2020-06-12 02:47:06', '2020-06-12 02:47:06'),
(407, 'report::admin.filters.keyword', '2020-06-12 02:47:10', '2020-06-12 02:47:10'),
(408, 'report::admin.filters.please_select', '2020-06-12 02:47:16', '2020-06-12 02:47:16'),
(409, 'report::admin.filters.product', '2020-06-12 02:47:19', '2020-06-12 02:47:19'),
(410, 'report::admin.filters.quantity_above', '2020-06-12 02:47:27', '2020-06-12 02:47:27'),
(411, 'report::admin.filters.quantity_below', '2020-06-12 02:47:36', '2020-06-12 02:47:36'),
(412, 'report::admin.filters.report_type', '2020-06-12 02:47:40', '2020-06-12 02:47:40'),
(413, 'report::admin.filters.report_types.customers_order_report', '2020-06-12 02:48:14', '2020-06-12 02:48:14'),
(414, 'report::admin.filters.report_types.products_purchase_report', '2020-06-12 02:48:26', '2020-06-12 02:48:26'),
(415, 'report::admin.filters.report_types.products_stock_report', '2020-06-12 02:48:54', '2020-06-12 02:48:54'),
(416, 'report::admin.filters.report_types.products_view_report', '2020-06-12 02:49:07', '2020-06-12 02:49:07'),
(417, 'report::admin.filters.report_types.sales_report', '2020-06-12 02:49:16', '2020-06-12 02:49:16'),
(418, 'report::admin.filters.report_types.search_report', '2020-06-12 02:49:19', '2020-06-12 02:49:19'),
(419, 'report::admin.filters.report_types.shipping_report', '2020-06-12 02:49:24', '2020-06-12 02:49:24'),
(420, 'report::admin.filters.report_types.tax_report', '2020-06-12 02:49:31', '2020-06-12 02:49:31'),
(421, 'report::admin.filters.shipping_method', '2020-06-12 02:49:39', '2020-06-12 02:49:39'),
(422, 'report::admin.filters.sku', '2020-06-12 02:49:49', '2020-06-12 02:49:49'),
(423, 'report::admin.filters.status', '2020-06-12 02:49:55', '2020-06-12 02:49:55'),
(424, 'report::admin.filters.stock_availability', '2020-06-12 02:50:05', '2020-06-12 02:50:05'),
(425, 'report::admin.filters.stock_availability_states.in_stock', '2020-06-12 02:50:12', '2020-06-12 02:50:12'),
(426, 'report::admin.filters.stock_availability_states.out_of_stock', '2020-06-12 02:50:29', '2020-06-12 02:50:29'),
(427, 'report::admin.filters.tax_name', '2020-06-12 02:50:50', '2020-06-12 02:50:50'),
(428, 'report::admin.no_data', '2020-06-12 02:50:59', '2020-06-12 02:50:59'),
(429, 'report::admin.table.coupon_code', '2020-06-12 02:51:04', '2020-06-12 02:51:04'),
(430, 'report::admin.table.coupon_name', '2020-06-12 02:51:08', '2020-06-12 02:51:08'),
(431, 'report::admin.table.customer_email', '2020-06-12 02:51:12', '2020-06-12 02:51:12'),
(432, 'report::admin.table.customer_group', '2020-06-12 02:51:17', '2020-06-12 02:51:17'),
(433, 'report::admin.table.customer_name', '2020-06-12 02:51:23', '2020-06-12 02:51:23'),
(434, 'report::admin.table.date', '2020-06-12 02:51:30', '2020-06-12 02:51:30'),
(435, 'report::admin.table.discount', '2020-06-12 02:51:37', '2020-06-12 02:51:37'),
(436, 'report::admin.table.guest', '2020-06-12 02:51:55', '2020-06-12 02:51:55'),
(437, 'report::admin.table.keyword', '2020-06-12 02:52:15', '2020-06-12 02:52:15'),
(438, 'report::admin.table.orders', '2020-06-12 02:52:21', '2020-06-12 02:52:21'),
(439, 'report::admin.table.product', '2020-06-12 02:54:05', '2020-06-12 02:54:05'),
(440, 'report::admin.table.products', '2020-06-12 02:54:09', '2020-06-12 02:54:09'),
(441, 'report::admin.table.qty', '2020-06-12 02:54:13', '2020-06-12 02:54:13'),
(442, 'report::admin.table.registered', '2020-06-12 02:54:24', '2020-06-12 02:54:24'),
(443, 'report::admin.table.results', '2020-06-12 02:54:27', '2020-06-12 02:54:27'),
(444, 'report::admin.table.shipping', '2020-06-12 02:54:31', '2020-06-12 02:54:31'),
(445, 'report::admin.table.shipping_method', '2020-06-12 02:54:36', '2020-06-12 02:54:36'),
(446, 'report::admin.table.stock_availability', '2020-06-12 02:54:41', '2020-06-12 02:54:41'),
(447, 'report::admin.table.subtotal', '2020-06-12 02:54:53', '2020-06-12 02:54:53'),
(448, 'report::admin.table.tax', '2020-06-12 02:54:56', '2020-06-12 02:54:56'),
(449, 'report::admin.table.tax_name', '2020-06-12 02:55:29', '2020-06-12 02:55:29'),
(450, 'report::admin.table.total', '2020-06-12 02:55:32', '2020-06-12 02:55:32'),
(451, 'report::admin.table.views', '2020-06-12 02:55:58', '2020-06-12 02:55:58'),
(452, 'order::orders.account_information', '2020-06-12 02:56:36', '2020-06-12 02:56:36'),
(453, 'order::orders.order_and_account_information', '2020-06-12 02:56:52', '2020-06-12 02:56:52'),
(454, 'storefront::account.action', '2020-06-12 02:57:14', '2020-06-12 02:57:14'),
(455, 'storefront::account.dashboard.account_information', '2020-06-12 02:57:18', '2020-06-12 02:57:18'),
(456, 'storefront::account.dashboard.edit', '2020-06-12 02:57:23', '2020-06-12 02:57:23'),
(457, 'storefront::account.dashboard.recent_orders', '2020-06-12 02:57:28', '2020-06-12 02:57:28'),
(458, 'storefront::account.dashboard.view_all', '2020-06-12 02:57:34', '2020-06-12 02:57:34'),
(459, 'storefront::account.date', '2020-06-12 02:57:37', '2020-06-12 02:57:37'),
(460, 'storefront::account.image', '2020-06-12 02:57:39', '2020-06-12 02:57:39'),
(461, 'storefront::account.orders.no_orders', '2020-06-12 02:57:55', '2020-06-12 02:57:55'),
(462, 'storefront::account.orders.order_id', '2020-06-12 02:58:02', '2020-06-12 02:58:02'),
(463, 'storefront::account.orders.status', '2020-06-12 02:58:04', '2020-06-12 02:58:04'),
(464, 'storefront::account.orders.total', '2020-06-12 02:58:11', '2020-06-12 02:58:11'),
(465, 'storefront::account.orders.view', '2020-06-12 02:58:16', '2020-06-12 02:58:16'),
(466, 'storefront::account.orders.view_order', '2020-06-12 02:58:25', '2020-06-12 02:58:25'),
(467, 'storefront::account.pages.dashboard', '2020-06-12 02:58:28', '2020-06-12 02:58:28'),
(468, 'storefront::account.pages.logout', '2020-06-12 02:58:32', '2020-06-12 02:58:32'),
(469, 'storefront::account.pages.my_account', '2020-06-12 02:58:39', '2020-06-12 02:58:39'),
(470, 'storefront::account.profile.account', '2020-06-12 02:59:48', '2020-06-12 02:59:48'),
(471, 'storefront::layout.account', '2020-06-12 03:00:30', '2020-06-12 03:00:30'),
(472, 'storefront::layout.my_account', '2020-06-12 03:00:33', '2020-06-12 03:00:33'),
(473, 'storefront::compare.compare', '2020-06-12 03:11:27', '2020-06-12 03:11:27'),
(474, 'storefront::compare.description', '2020-06-12 03:11:31', '2020-06-12 03:11:31'),
(475, 'storefront::compare.in_stock', '2020-06-12 03:11:36', '2020-06-12 03:11:36'),
(476, 'storefront::layout.compare', '2020-06-12 03:11:57', '2020-06-12 03:11:57'),
(477, 'storefront::product.compare', '2020-06-12 03:12:00', '2020-06-12 03:12:00'),
(478, 'storefront::product_card.compare', '2020-06-12 03:12:03', '2020-06-12 03:12:03'),
(479, 'storefront::compare.rating', '2020-06-12 03:12:07', '2020-06-12 03:12:07'),
(480, 'storefront::compare.product_overview', '2020-06-12 03:12:19', '2020-06-12 03:12:19'),
(481, 'storefront::compare.price', '2020-06-12 03:12:30', '2020-06-12 03:12:30'),
(482, 'storefront::compare.out_of_stock', '2020-06-12 03:12:48', '2020-06-12 03:12:48'),
(483, 'storefront::compare.no_product', '2020-06-12 03:13:04', '2020-06-12 03:13:04'),
(484, 'storefront::compare.availability', '2020-06-12 03:13:28', '2020-06-12 03:13:28'),
(485, 'storefront::compare.add_to_cart', '2020-06-12 03:13:34', '2020-06-12 03:13:34'),
(486, 'storefront::compare.actions', '2020-06-12 03:13:37', '2020-06-12 03:13:37'),
(487, 'storefront::contact.contact', '2020-06-12 03:13:54', '2020-06-12 03:13:54'),
(488, 'storefront::contact.leave_a_message', '2020-06-12 03:13:59', '2020-06-12 03:13:59'),
(489, 'storefront::contact.send_message', '2020-06-12 03:14:03', '2020-06-12 03:14:03'),
(490, 'storefront::layout.contact', '2020-06-12 03:14:07', '2020-06-12 03:14:07'),
(491, 'storefront::layout.contact_us', '2020-06-12 03:14:11', '2020-06-12 03:14:11'),
(492, 'storefront::account.pages.my_orders', '2020-06-12 03:14:58', '2020-06-12 03:14:58'),
(493, 'storefront::account.pages.my_reviews', '2020-06-12 03:15:11', '2020-06-12 03:15:11'),
(494, 'storefront::account.pages.my_profile', '2020-06-12 03:15:27', '2020-06-12 03:15:27'),
(495, 'setting::settings.form.allow_customers_to_subscribe', '2020-06-12 03:15:59', '2020-06-12 03:15:59'),
(496, 'storefront::layout.subscribe_to_our_newsletter', '2020-06-12 03:16:14', '2020-06-12 03:16:14'),
(497, 'storefront::layout.subscribe_to_our_newsletter_subtitle', '2020-06-12 03:16:29', '2020-06-12 03:16:29'),
(498, 'storefront::layout.subscribe', '2020-06-12 03:16:52', '2020-06-12 03:16:52'),
(499, 'storefront::layout.by_subscribing', '2020-06-12 03:17:18', '2020-06-12 03:17:18'),
(500, 'storefront::layout.privacy_policy', '2020-06-12 03:17:36', '2020-06-12 03:17:36'),
(501, 'storefront::layout.don\'t_show_this_popup_again', '2020-06-12 03:18:15', '2020-06-12 03:18:15'),
(502, 'storefront::layout.enter_your_email_address', '2020-06-12 03:18:38', '2020-06-12 03:18:38'),
(503, 'storefront::layout.the_website_uses_cookies', '2020-06-12 03:19:52', '2020-06-12 03:19:52'),
(504, 'storefront::layout.got_it', '2020-06-12 03:21:00', '2020-06-12 03:21:00'),
(505, 'storefront::categories.all_categories', '2020-06-12 03:21:36', '2020-06-12 03:21:36'),
(506, 'storefront::layout.all_categories', '2020-06-12 03:21:41', '2020-06-12 03:21:41'),
(507, 'storefront::layout.all_categories_header', '2020-06-12 03:21:49', '2020-06-12 03:21:49'),
(508, 'storefront::layout.search_for_products', '2020-06-12 03:23:01', '2020-06-12 03:23:01'),
(509, 'storefront::products.search_results_for', '2020-06-12 03:23:08', '2020-06-12 03:23:08'),
(510, 'storefront::layout.favorites', '2020-06-12 03:25:19', '2020-06-12 03:25:19'),
(511, 'storefront::storefront.form.favicon', '2020-06-12 03:25:33', '2020-06-12 03:25:33'),
(512, 'page::pages.pages', '2020-06-12 03:26:17', '2020-06-12 03:26:17'),
(513, 'page::pages.page', '2020-06-12 03:26:18', '2020-06-12 03:26:18'),
(514, 'page::pages.form.enable_the_page', '2020-06-12 03:26:21', '2020-06-12 03:26:21'),
(515, 'page::pages.table.name', '2020-06-12 03:26:22', '2020-06-12 03:26:22'),
(516, 'page::pages.tabs.general', '2020-06-12 03:26:24', '2020-06-12 03:26:24'),
(517, 'page::pages.tabs.group.page_information', '2020-06-12 03:26:28', '2020-06-12 03:26:28'),
(518, 'page::pages.tabs.seo', '2020-06-12 03:26:33', '2020-06-12 03:26:33'),
(519, 'page::permissions.create', '2020-06-12 03:26:38', '2020-06-12 03:26:38'),
(520, 'page::permissions.destroy', '2020-06-12 03:26:41', '2020-06-12 03:26:41'),
(521, 'page::permissions.edit', '2020-06-12 03:26:46', '2020-06-12 03:26:46'),
(522, 'page::sidebar.pages', '2020-06-12 03:27:09', '2020-06-12 03:27:09'),
(523, 'storefront::account.pages.my_wishlist', '2020-06-12 03:32:02', '2020-06-12 03:32:02'),
(524, 'media::media.browse', '2020-06-12 03:32:26', '2020-06-12 03:32:26'),
(525, 'media::media.drop_files_here', '2020-06-12 03:32:51', '2020-06-12 03:32:51'),
(526, 'media::media.file_manager.select_this_file', '2020-06-12 03:32:59', '2020-06-12 03:32:59'),
(527, 'media::media.file_manager.title', '2020-06-12 03:33:12', '2020-06-12 03:33:12'),
(528, 'media::media.media', '2020-06-12 03:33:19', '2020-06-12 03:33:19'),
(529, 'media::media.table.filename', '2020-06-12 03:33:31', '2020-06-12 03:33:31'),
(530, 'media::media.table.height', '2020-06-12 03:33:39', '2020-06-12 03:33:39'),
(531, 'media::media.table.thumbnail', '2020-06-12 03:33:49', '2020-06-12 03:33:49'),
(532, 'media::media.table.width', '2020-06-12 03:33:55', '2020-06-12 03:33:55'),
(533, 'media::media.thumbnails', '2020-06-12 03:34:03', '2020-06-12 03:34:03'),
(534, 'media::media.upload_new_file', '2020-06-12 03:34:07', '2020-06-12 03:34:07'),
(535, 'media::messages.image_has_been_added', '2020-06-12 03:34:43', '2020-06-12 03:34:43'),
(536, 'media::permissions.create', '2020-06-12 03:34:55', '2020-06-12 03:34:55'),
(537, 'setting::attributes.auto_approve_reviews', '2020-06-12 03:45:19', '2020-06-12 03:45:19'),
(538, 'setting::attributes.auto_refresh_currency_rate_frequency', '2020-06-12 03:45:25', '2020-06-12 03:45:25'),
(539, 'setting::attributes.auto_refresh_currency_rates', '2020-06-12 03:45:34', '2020-06-12 03:45:34'),
(540, 'setting::attributes.bank_transfer_enabled', '2020-06-12 03:45:38', '2020-06-12 03:45:38'),
(541, 'setting::attributes.check_payment_enabled', '2020-06-12 03:45:40', '2020-06-12 03:45:40'),
(542, 'setting::attributes.cod_enabled', '2020-06-12 03:45:44', '2020-06-12 03:45:44'),
(543, 'setting::attributes.currency_rate_exchange_service', '2020-06-12 03:48:08', '2020-06-12 03:48:08'),
(544, 'setting::attributes.custom_footer_assets', '2020-06-12 03:48:14', '2020-06-12 03:48:14'),
(545, 'setting::attributes.custom_header_assets', '2020-06-12 03:48:16', '2020-06-12 03:48:16'),
(546, 'setting::attributes.customer_role', '2020-06-12 03:48:26', '2020-06-12 03:48:26'),
(547, 'setting::attributes.default_country', '2020-06-12 03:48:34', '2020-06-12 03:48:34'),
(548, 'setting::attributes.default_currency', '2020-06-12 03:48:54', '2020-06-12 03:48:54'),
(549, 'setting::attributes.default_locale', '2020-06-12 03:50:00', '2020-06-12 03:50:00'),
(550, 'setting::attributes.default_timezone', '2020-06-12 03:50:12', '2020-06-12 03:50:12'),
(551, 'setting::attributes.facebook_login_app_id', '2020-06-12 03:50:22', '2020-06-12 03:50:22'),
(552, 'setting::attributes.facebook_login_enabled', '2020-06-12 03:50:34', '2020-06-12 03:50:34'),
(553, 'setting::attributes.flat_rate_cost', '2020-06-12 03:50:47', '2020-06-12 03:50:47'),
(554, 'setting::attributes.flat_rate_enabled', '2020-06-12 03:50:49', '2020-06-12 03:50:49'),
(555, 'setting::attributes.free_shipping_enabled', '2020-06-12 03:50:53', '2020-06-12 03:50:53'),
(556, 'setting::attributes.free_shipping_min_amount', '2020-06-12 03:51:01', '2020-06-12 03:51:01'),
(557, 'setting::attributes.google_login_client_id', '2020-06-12 03:51:05', '2020-06-12 03:51:05'),
(558, 'setting::attributes.google_login_client_secret', '2020-06-12 03:51:09', '2020-06-12 03:51:09'),
(559, 'setting::attributes.google_login_enabled', '2020-06-12 03:51:29', '2020-06-12 03:51:29'),
(560, 'setting::attributes.instamojo_description', '2020-06-12 03:51:49', '2020-06-12 03:51:49'),
(561, 'setting::attributes.instamojo_enabled', '2020-06-12 03:51:51', '2020-06-12 03:51:51'),
(562, 'setting::attributes.local_pickup_cost', '2020-06-12 03:52:04', '2020-06-12 03:52:04'),
(563, 'setting::attributes.local_pickup_enabled', '2020-06-12 03:52:07', '2020-06-12 03:52:07'),
(564, 'setting::attributes.newsletter_enabled', '2020-06-12 03:52:31', '2020-06-12 03:52:31'),
(565, 'storefront::404.404', '2020-06-12 03:53:20', '2020-06-12 03:53:20'),
(566, 'storefront::404.back_to_home', '2020-06-12 03:53:28', '2020-06-12 03:53:28'),
(567, 'storefront::404.page_not_found', '2020-06-12 03:53:34', '2020-06-12 03:53:34'),
(568, 'storefront::404.unable_to_find_the_page', '2020-06-12 03:53:44', '2020-06-12 03:53:44');
INSERT INTO `translations` (`id`, `key`, `created_at`, `updated_at`) VALUES
(569, 'storefront::account.product_name', '2020-06-12 03:54:07', '2020-06-12 03:54:07'),
(570, 'storefront::account.profile.confirm_password', '2020-06-12 03:54:23', '2020-06-12 03:54:23'),
(571, 'storefront::account.profile.first_name', '2020-06-12 03:54:27', '2020-06-12 03:54:27'),
(572, 'storefront::account.profile.last_name', '2020-06-12 03:54:32', '2020-06-12 03:54:32'),
(573, 'storefront::account.profile.new_password', '2020-06-12 03:54:59', '2020-06-12 03:54:59'),
(574, 'storefront::account.profile.password', '2020-06-12 03:55:03', '2020-06-12 03:55:03'),
(575, 'storefront::account.profile.save_changes', '2020-06-12 03:55:11', '2020-06-12 03:55:11'),
(576, 'storefront::account.reviews.no_reviews', '2020-06-12 03:55:25', '2020-06-12 03:55:25'),
(577, 'storefront::account.reviews.rating', '2020-06-12 03:55:29', '2020-06-12 03:55:29'),
(578, 'storefront::account.view_order.billing_address', '2020-06-12 03:55:40', '2020-06-12 03:55:40'),
(579, 'storefront::account.view_order.coupon', '2020-06-12 03:55:57', '2020-06-12 03:55:57'),
(580, 'storefront::account.view_order.date', '2020-06-12 03:56:01', '2020-06-12 03:56:01'),
(581, 'storefront::account.view_order.email', '2020-06-12 03:56:06', '2020-06-12 03:56:06'),
(582, 'storefront::account.view_order.line_total', '2020-06-12 03:56:14', '2020-06-12 03:56:14'),
(583, 'storefront::account.view_order.order_information', '2020-06-12 03:56:18', '2020-06-12 03:56:18'),
(584, 'storefront::account.view_order.order_note', '2020-06-12 03:56:27', '2020-06-12 03:56:27'),
(585, 'storefront::account.view_order.payment_method', '2020-06-12 03:56:34', '2020-06-12 03:56:34'),
(586, 'storefront::account.view_order.phone', '2020-06-12 03:56:39', '2020-06-12 03:56:39'),
(587, 'storefront::account.view_order.quantity', '2020-06-12 03:56:45', '2020-06-12 03:56:45'),
(588, 'storefront::account.view_order.shipping_address', '2020-06-12 03:56:50', '2020-06-12 03:56:50'),
(589, 'storefront::account.view_order.shipping_method', '2020-06-12 03:56:59', '2020-06-12 03:56:59'),
(590, 'storefront::account.view_order.subtotal', '2020-06-12 03:57:03', '2020-06-12 03:57:03'),
(591, 'storefront::account.view_order.total', '2020-06-12 03:57:06', '2020-06-12 03:57:06'),
(592, 'storefront::account.view_order.unit_price', '2020-06-12 03:57:13', '2020-06-12 03:57:13'),
(593, 'storefront::account.view_order.view_order', '2020-06-12 03:57:33', '2020-06-12 03:57:33'),
(594, 'storefront::account.wishlist.availability', '2020-06-12 03:57:37', '2020-06-12 03:57:37'),
(595, 'storefront::account.wishlist.delete', '2020-06-12 03:57:40', '2020-06-12 03:57:40'),
(596, 'storefront::account.wishlist.empty_wishlist', '2020-06-12 03:57:49', '2020-06-12 03:57:49'),
(597, 'storefront::account.wishlist.in_stock', '2020-06-12 03:57:55', '2020-06-12 03:57:55'),
(598, 'storefront::account.wishlist.out_of_stock', '2020-06-12 03:58:04', '2020-06-12 03:58:04'),
(599, 'storefront::account.wishlist.price', '2020-06-12 03:58:08', '2020-06-12 03:58:08'),
(600, 'storefront::attributes.call_to_action_text', '2020-06-12 03:58:36', '2020-06-12 03:58:36'),
(601, 'storefront::attributes.call_to_action_url', '2020-06-12 03:58:47', '2020-06-12 03:58:47'),
(602, 'storefront::layout.home', '2020-06-12 04:13:19', '2020-06-12 04:13:19'),
(603, 'storefront::storefront.tabs.group.home_page_sections', '2020-06-12 04:13:29', '2020-06-12 04:13:29'),
(604, 'slider::sliders.effects.fadeInDown', '2020-06-12 05:23:35', '2020-06-12 05:23:35'),
(605, 'slider::sliders.effects.fadeInLeft', '2020-06-12 05:23:40', '2020-06-12 05:23:40'),
(606, 'slider::sliders.effects.fadeInRight', '2020-06-12 05:23:47', '2020-06-12 05:23:47'),
(607, 'slider::sliders.effects.fadeInUp', '2020-06-12 05:23:55', '2020-06-12 05:23:55'),
(608, 'slider::sliders.slide.add_slide', '2020-06-12 05:24:14', '2020-06-12 05:24:14'),
(609, 'slider::sliders.form.3000ms', '2020-06-12 05:25:04', '2020-06-12 05:25:04'),
(610, 'slider::sliders.effects.zoomIn', '2020-06-12 05:25:18', '2020-06-12 05:25:18'),
(611, 'menu::attributes.category_id', '2020-06-12 11:17:58', '2020-06-12 11:17:58'),
(612, 'menu::attributes.icon', '2020-06-12 11:18:02', '2020-06-12 11:18:02'),
(613, 'menu::attributes.is_active', '2020-06-12 11:18:05', '2020-06-12 11:18:05'),
(614, 'menu::attributes.is_fluid', '2020-06-12 11:18:29', '2020-06-12 11:18:29'),
(615, 'menu::attributes.name', '2020-06-12 11:18:32', '2020-06-12 11:18:32'),
(616, 'menu::attributes.page_id', '2020-06-12 11:18:39', '2020-06-12 11:18:39'),
(617, 'menu::attributes.parent_id', '2020-06-12 11:18:55', '2020-06-12 11:18:55'),
(618, 'menu::attributes.target', '2020-06-12 11:19:26', '2020-06-12 11:19:26'),
(619, 'menu::attributes.type', '2020-06-12 11:19:29', '2020-06-12 11:19:29'),
(620, 'menu::attributes.url', '2020-06-12 11:19:32', '2020-06-12 11:19:32'),
(621, 'menu::menu_items.back_to_menu_edit_page', '2020-06-12 11:20:17', '2020-06-12 11:20:17'),
(622, 'menu::menu_items.form.background_image', '2020-06-12 11:20:22', '2020-06-12 11:20:22'),
(623, 'menu::menu_items.form.enable_the_menu_item', '2020-06-12 11:20:31', '2020-06-12 11:20:31'),
(624, 'menu::menu_items.form.full_width_menu', '2020-06-12 11:20:50', '2020-06-12 11:20:50'),
(625, 'menu::menu_items.form.select_category', '2020-06-12 11:20:57', '2020-06-12 11:20:57'),
(626, 'menu::menu_items.form.select_page', '2020-06-12 11:21:16', '2020-06-12 11:21:16'),
(627, 'menu::menu_items.form.select_parent', '2020-06-12 11:21:35', '2020-06-12 11:21:35'),
(628, 'menu::menu_items.form.targets._blank', '2020-06-12 11:22:06', '2020-06-12 11:22:06'),
(629, 'menu::menu_items.form.targets._self', '2020-06-12 11:22:25', '2020-06-12 11:22:25'),
(630, 'menu::menu_items.form.types.category', '2020-06-12 11:22:38', '2020-06-12 11:22:38'),
(631, 'menu::menu_items.form.types.page', '2020-06-12 11:22:40', '2020-06-12 11:22:40'),
(632, 'menu::menu_items.form.types.url', '2020-06-12 11:22:44', '2020-06-12 11:22:44'),
(633, 'menu::menu_items.menu_item', '2020-06-12 11:22:56', '2020-06-12 11:22:56'),
(634, 'menu::menu_items.tabs.general', '2020-06-12 11:22:58', '2020-06-12 11:22:58'),
(635, 'menu::menu_items.tabs.group.menu_item_information', '2020-06-12 11:23:12', '2020-06-12 11:23:12'),
(636, 'menu::menu_items.tabs.image', '2020-06-12 11:23:15', '2020-06-12 11:23:15'),
(637, 'menu::messages.menu_item_deleted', '2020-06-12 11:23:28', '2020-06-12 11:23:28'),
(638, 'menu::messages.menu_items_order_updated', '2020-06-12 11:27:47', '2020-06-12 11:27:47'),
(639, 'menu::permissions.menu_items.create', '2020-06-12 11:51:01', '2020-06-12 11:51:01'),
(640, 'menu::permissions.menu_items.destroy', '2020-06-12 11:51:09', '2020-06-12 11:51:09'),
(641, 'menu::permissions.menu_items.edit', '2020-06-12 11:51:20', '2020-06-12 11:51:20'),
(642, 'menu::permissions.menu_items.index', '2020-06-12 11:51:44', '2020-06-12 11:51:44'),
(643, 'storefront::attributes.storefront_category_menu', '2020-06-12 11:51:59', '2020-06-12 11:51:59'),
(644, 'storefront::attributes.storefront_primary_menu', '2020-06-12 11:52:25', '2020-06-12 11:52:25'),
(645, 'storefront::layout.menu', '2020-06-12 11:52:29', '2020-06-12 11:52:29'),
(646, 'product::sidebar.products', '2020-06-13 12:45:14', '2020-06-13 12:45:14'),
(647, 'product::sidebar.catalog', '2020-06-13 12:46:09', '2020-06-13 12:46:09'),
(648, 'product::attributes.price', '2020-06-13 12:46:56', '2020-06-13 12:46:56'),
(649, 'product::attributes.qty', '2020-06-13 12:46:59', '2020-06-13 12:46:59'),
(650, 'product::attributes.short_description', '2020-06-13 12:47:03', '2020-06-13 12:47:03'),
(651, 'product::attributes.sku', '2020-06-13 12:47:12', '2020-06-13 12:47:12'),
(652, 'product::attributes.new_to', '2020-06-13 12:47:23', '2020-06-13 12:47:23'),
(653, 'product::attributes.new_from', '2020-06-13 12:47:34', '2020-06-13 12:47:34'),
(654, 'product::attributes.name', '2020-06-13 12:47:37', '2020-06-13 12:47:37'),
(655, 'product::attributes.manage_stock', '2020-06-13 12:47:47', '2020-06-13 12:47:47'),
(656, 'product::attributes.is_reviewable', '2020-06-13 12:47:58', '2020-06-13 12:47:58'),
(657, 'product::attributes.is_active', '2020-06-13 12:48:01', '2020-06-13 12:48:01'),
(658, 'product::attributes.in_stock', '2020-06-13 12:48:08', '2020-06-13 12:48:08'),
(659, 'product::attributes.description', '2020-06-13 12:48:11', '2020-06-13 12:48:11'),
(660, 'product::attributes.categories', '2020-06-13 12:48:15', '2020-06-13 12:48:15'),
(661, 'product::attributes.brand_id', '2020-06-13 12:48:39', '2020-06-13 12:48:39'),
(662, 'order::print.product', '2020-06-13 12:48:42', '2020-06-13 12:48:42'),
(663, 'order::orders.product', '2020-06-13 12:48:52', '2020-06-13 12:48:52'),
(664, 'option::options.tabs.product.options', '2020-06-13 12:48:58', '2020-06-13 12:48:58'),
(665, 'product::products.form.stock_availability_states.0', '2020-06-13 12:49:18', '2020-06-13 12:49:18'),
(666, 'product::products.form.stock_availability_states.1', '2020-06-13 12:49:32', '2020-06-13 12:49:32'),
(667, 'product::products.tabs.seo', '2020-06-13 12:49:54', '2020-06-13 12:49:54'),
(668, 'product::products.tabs.related_products', '2020-06-13 12:50:04', '2020-06-13 12:50:04'),
(669, 'product::products.tabs.price', '2020-06-13 12:50:07', '2020-06-13 12:50:07'),
(670, 'product::products.tabs.inventory', '2020-06-13 12:50:15', '2020-06-13 12:50:15'),
(671, 'product::products.tabs.images', '2020-06-13 12:50:17', '2020-06-13 12:50:17'),
(672, 'product::products.tabs.group.basic_information', '2020-06-13 12:50:25', '2020-06-13 12:50:25'),
(673, 'product::products.tabs.group.advanced_information', '2020-06-13 12:50:32', '2020-06-13 12:50:32'),
(674, 'product::products.tabs.general', '2020-06-13 12:50:37', '2020-06-13 12:50:37'),
(675, 'product::products.tabs.cross_sells', '2020-06-13 12:50:44', '2020-06-13 12:50:44'),
(676, 'product::products.tabs.additional', '2020-06-13 12:50:52', '2020-06-13 12:50:52'),
(677, 'product::products.table.price', '2020-06-13 12:51:10', '2020-06-13 12:51:10'),
(678, 'product::products.table.name', '2020-06-13 12:51:12', '2020-06-13 12:51:12'),
(679, 'product::products.table.thumbnail', '2020-06-13 12:51:28', '2020-06-13 12:51:28'),
(680, 'product::products.products', '2020-06-13 12:51:30', '2020-06-13 12:51:30'),
(681, 'product::products.product', '2020-06-13 12:51:35', '2020-06-13 12:51:35'),
(682, 'storefront::invoice.product', '2020-06-13 12:51:42', '2020-06-13 12:51:42'),
(683, 'storefront::layout.product_suggestions', '2020-06-13 12:51:50', '2020-06-13 12:51:50'),
(684, 'storefront::product.add_a_review', '2020-06-13 12:51:56', '2020-06-13 12:51:56'),
(685, 'storefront::product.add_to_cart', '2020-06-13 12:52:04', '2020-06-13 12:52:04'),
(686, 'storefront::cart.table.product_name', '2020-06-13 12:52:10', '2020-06-13 12:52:10'),
(687, 'storefront::attributes.total_products', '2020-06-13 12:52:16', '2020-06-13 12:52:16'),
(688, 'storefront::attributes.products_limit', '2020-06-13 12:52:36', '2020-06-13 12:52:36'),
(689, 'storefront::attributes.products', '2020-06-13 12:52:42', '2020-06-13 12:52:42'),
(690, 'review::reviews.tabs.products.reviews', '2020-06-13 12:52:46', '2020-06-13 12:52:46'),
(691, 'review::reviews.table.product', '2020-06-13 12:52:52', '2020-06-13 12:52:52'),
(692, 'review::reviews.shortcuts.back_to_product_edit_page', '2020-06-13 12:53:03', '2020-06-13 12:53:03'),
(693, 'storefront::product.be_the_first_one_to_review_this_product', '2020-06-13 12:53:27', '2020-06-13 12:53:27'),
(694, 'storefront::product.categories', '2020-06-13 12:53:40', '2020-06-13 12:53:40'),
(695, 'storefront::product.description', '2020-06-13 12:53:46', '2020-06-13 12:53:46'),
(696, 'storefront::product.facebook', '2020-06-13 12:53:50', '2020-06-13 12:53:50'),
(697, 'storefront::product.in_stock', '2020-06-13 12:53:58', '2020-06-13 12:53:58'),
(698, 'storefront::product.left_in_stock', '2020-06-13 12:54:14', '2020-06-13 12:54:14'),
(699, 'storefront::product.linkedin', '2020-06-13 12:54:20', '2020-06-13 12:54:20'),
(700, 'storefront::product.options.choose_an_option', '2020-06-13 12:54:46', '2020-06-13 12:54:46'),
(701, 'storefront::product.out_of_stock', '2020-06-13 12:54:54', '2020-06-13 12:54:54'),
(702, 'storefront::product.quantity', '2020-06-13 12:54:57', '2020-06-13 12:54:57'),
(703, 'storefront::product.related_products', '2020-06-13 12:55:03', '2020-06-13 12:55:03'),
(704, 'storefront::product.review_form.comment', '2020-06-13 12:55:19', '2020-06-13 12:55:19'),
(705, 'storefront::product.review_form.name', '2020-06-13 12:55:24', '2020-06-13 12:55:24'),
(706, 'storefront::product.review_form.submit', '2020-06-13 12:55:31', '2020-06-13 12:55:31'),
(707, 'storefront::product.review_form.your_rating', '2020-06-13 12:55:35', '2020-06-13 12:55:35'),
(708, 'storefront::product.reviews', '2020-06-13 12:55:45', '2020-06-13 12:55:45'),
(709, 'storefront::product.share', '2020-06-13 12:55:56', '2020-06-13 12:55:56'),
(710, 'storefront::product.sku', '2020-06-13 12:58:09', '2020-06-13 12:58:09'),
(711, 'storefront::product.specification', '2020-06-13 13:01:23', '2020-06-13 13:01:23'),
(712, 'storefront::product.wishlist', '2020-06-13 13:01:59', '2020-06-13 13:01:59'),
(713, 'storefront::product.you_might_also_like', '2020-06-13 13:40:18', '2020-06-13 13:40:18'),
(714, 'storefront::product_card.add_to_cart', '2020-06-13 13:40:22', '2020-06-13 13:40:22'),
(715, 'storefront::product_card.available', '2020-06-13 13:40:25', '2020-06-13 13:40:25'),
(716, 'storefront::product_card.days', '2020-06-13 13:40:28', '2020-06-13 13:40:28'),
(717, 'storefront::product_card.hours', '2020-06-13 13:40:31', '2020-06-13 13:40:31'),
(718, 'storefront::product_card.minutes', '2020-06-13 13:40:35', '2020-06-13 13:40:35'),
(719, 'storefront::product_card.months', '2020-06-13 13:40:39', '2020-06-13 13:40:39'),
(720, 'storefront::product_card.new', '2020-06-13 13:40:43', '2020-06-13 13:40:43'),
(721, 'storefront::product_card.out_of_stock', '2020-06-13 13:40:49', '2020-06-13 13:40:49'),
(722, 'storefront::product_card.seconds', '2020-06-13 13:40:52', '2020-06-13 13:40:52'),
(723, 'storefront::product_card.sold', '2020-06-13 13:41:38', '2020-06-13 13:41:38'),
(724, 'storefront::product_card.view_options', '2020-06-13 13:46:10', '2020-06-13 13:46:10'),
(725, 'storefront::product_card.weeks', '2020-06-13 13:46:13', '2020-06-13 13:46:13'),
(726, 'storefront::product_card.wishlist', '2020-06-13 13:46:19', '2020-06-13 13:46:19'),
(727, 'storefront::product_card.years', '2020-06-13 13:46:23', '2020-06-13 13:46:23'),
(728, 'storefront::products.browse_categories', '2020-06-13 13:46:34', '2020-06-13 13:46:34'),
(729, 'storefront::products.filters', '2020-06-13 13:46:47', '2020-06-13 13:46:47'),
(730, 'storefront::products.grid_view', '2020-06-13 13:47:07', '2020-06-13 13:47:07'),
(731, 'storefront::products.latest_products', '2020-06-13 13:47:37', '2020-06-13 13:47:37'),
(732, 'storefront::products.list_view', '2020-06-13 13:47:50', '2020-06-13 13:47:50'),
(733, 'storefront::products.no_product_found', '2020-06-13 13:52:29', '2020-06-13 13:52:29'),
(734, 'storefront::products.per_page_options.10', '2020-06-13 13:52:32', '2020-06-13 13:52:32'),
(735, 'storefront::products.per_page_options.20', '2020-06-13 13:52:34', '2020-06-13 13:52:34'),
(736, 'storefront::products.per_page_options.30', '2020-06-13 13:52:37', '2020-06-13 13:52:37'),
(737, 'storefront::products.per_page_options.40', '2020-06-13 13:52:41', '2020-06-13 13:52:41'),
(738, 'storefront::products.per_page_options.50', '2020-06-13 13:52:45', '2020-06-13 13:52:45'),
(739, 'storefront::products.price', '2020-06-13 13:52:48', '2020-06-13 13:52:48'),
(740, 'storefront::products.shop', '2020-06-13 13:52:57', '2020-06-13 13:52:57'),
(741, 'storefront::products.show_less', '2020-06-13 13:53:05', '2020-06-13 13:53:05'),
(742, 'storefront::products.show_more', '2020-06-13 13:53:15', '2020-06-13 13:53:15'),
(743, 'storefront::products.showing_results', '2020-06-13 13:54:07', '2020-06-13 13:54:07'),
(744, 'storefront::products.sort_options.alphabetic', '2020-06-13 13:57:13', '2020-06-13 13:57:13'),
(745, 'storefront::products.sort_options.latest', '2020-06-13 13:57:18', '2020-06-13 13:57:18'),
(746, 'storefront::products.sort_options.priceHighToLow', '2020-06-13 13:57:57', '2020-06-13 13:57:57'),
(747, 'storefront::products.sort_options.priceLowToHigh', '2020-06-13 13:58:12', '2020-06-13 13:58:12'),
(748, 'storefront::products.sort_options.relevance', '2020-06-13 13:59:38', '2020-06-13 13:59:38'),
(749, 'storefront::products.sort_options.topRated', '2020-06-13 13:59:47', '2020-06-13 13:59:47'),
(750, 'slider::sliders.tabs.settings', '2020-06-14 09:33:31', '2020-06-14 09:33:31'),
(751, 'storefront::permissions.storefront.edit', '2020-06-14 09:33:48', '2020-06-14 09:33:48'),
(752, 'storefront::storefront.tabs.group.general_settings', '2020-06-14 09:33:52', '2020-06-14 09:33:52'),
(753, 'setting::settings.tabs.store', '2020-06-14 09:33:59', '2020-06-14 09:33:59'),
(754, 'setting::sidebar.settings', '2020-06-14 09:34:20', '2020-06-14 09:34:20'),
(755, 'setting::settings.tabs.group.shipping_methods', '2020-06-14 09:34:33', '2020-06-14 09:34:33'),
(756, 'setting::settings.tabs.group.general_settings', '2020-06-14 09:34:39', '2020-06-14 09:34:39'),
(757, 'setting::settings.tabs.free_shipping', '2020-06-14 09:34:51', '2020-06-14 09:34:51'),
(758, 'setting::settings.tabs.general', '2020-06-14 09:35:02', '2020-06-14 09:35:02'),
(759, 'setting::settings.tabs.group.payment_methods', '2020-06-14 09:35:07', '2020-06-14 09:35:07'),
(760, 'setting::settings.tabs.newsletter', '2020-06-14 09:35:23', '2020-06-14 09:35:23'),
(761, 'setting::settings.form.select_service', '2020-06-14 09:35:58', '2020-06-14 09:35:58'),
(762, 'setting::attributes.admin_order_email', '2020-06-14 10:04:04', '2020-06-14 10:04:04'),
(763, 'setting::attributes.allowed_ips', '2020-06-14 10:05:32', '2020-06-14 10:05:32'),
(764, 'setting::attributes.invoice_email', '2020-06-14 10:08:18', '2020-06-14 10:08:18'),
(765, 'setting::attributes.order_status_email', '2020-06-14 10:09:32', '2020-06-14 10:09:32'),
(766, 'setting::attributes.paypal_enabled', '2020-06-14 10:09:42', '2020-06-14 10:09:42'),
(767, 'setting::attributes.razorpay_description', '2020-06-14 10:09:50', '2020-06-14 10:09:50'),
(768, 'setting::attributes.razorpay_enabled', '2020-06-14 10:09:52', '2020-06-14 10:09:52'),
(769, 'setting::attributes.reviews_enabled', '2020-06-14 10:10:05', '2020-06-14 10:10:05'),
(770, 'setting::attributes.store_address_1', '2020-06-14 10:10:18', '2020-06-14 10:10:18'),
(771, 'setting::attributes.store_address_2', '2020-06-14 10:10:27', '2020-06-14 10:10:27'),
(772, 'setting::attributes.store_city', '2020-06-14 10:10:56', '2020-06-14 10:10:56'),
(773, 'setting::attributes.store_country', '2020-06-14 10:11:02', '2020-06-14 10:11:02'),
(774, 'setting::attributes.store_email', '2020-06-14 10:11:06', '2020-06-14 10:11:06'),
(775, 'setting::attributes.store_phone', '2020-06-14 10:11:14', '2020-06-14 10:11:14'),
(776, 'setting::attributes.store_state', '2020-06-14 10:11:58', '2020-06-14 10:11:58'),
(777, 'setting::attributes.store_zip', '2020-06-14 10:12:10', '2020-06-14 10:12:10'),
(778, 'setting::attributes.stripe_enabled', '2020-06-14 10:12:16', '2020-06-14 10:12:16'),
(779, 'setting::attributes.supported_countries', '2020-06-14 10:12:30', '2020-06-14 10:12:30'),
(780, 'setting::attributes.supported_countries.*', '2020-06-14 10:12:37', '2020-06-14 10:12:37'),
(781, 'setting::attributes.supported_currencies', '2020-06-14 10:12:53', '2020-06-14 10:12:53'),
(782, 'setting::attributes.supported_currencies.*', '2020-06-14 10:13:14', '2020-06-14 10:13:14'),
(783, 'setting::attributes.supported_locales', '2020-06-14 10:13:28', '2020-06-14 10:13:28'),
(784, 'setting::attributes.supported_locales.*', '2020-06-14 10:13:39', '2020-06-14 10:13:39'),
(785, 'setting::attributes.translatable.bank_transfer_description', '2020-06-14 10:14:07', '2020-06-14 10:14:07'),
(786, 'setting::attributes.translatable.bank_transfer_instructions', '2020-06-14 10:14:20', '2020-06-14 10:14:20'),
(787, 'setting::attributes.translatable.check_payment_description', '2020-06-14 10:14:28', '2020-06-14 10:14:28'),
(788, 'setting::attributes.translatable.check_payment_instructions', '2020-06-14 10:14:33', '2020-06-14 10:14:33'),
(789, 'setting::attributes.translatable.cod_description', '2020-06-14 10:14:36', '2020-06-14 10:14:36'),
(790, 'setting::attributes.translatable.paypal_description', '2020-06-14 10:14:40', '2020-06-14 10:14:40'),
(791, 'setting::attributes.translatable.store_name', '2020-06-14 10:18:23', '2020-06-14 10:18:23'),
(792, 'setting::attributes.translatable.store_tagline', '2020-06-14 10:19:01', '2020-06-14 10:19:01'),
(793, 'setting::attributes.translatable.stripe_description', '2020-06-14 10:19:14', '2020-06-14 10:19:14'),
(794, 'setting::attributes.welcome_email', '2020-06-14 10:19:27', '2020-06-14 10:19:27'),
(795, 'setting::messages.settings_have_been_saved', '2020-06-14 10:19:34', '2020-06-14 10:19:34'),
(796, 'setting::permissions.edit', '2020-06-14 10:20:13', '2020-06-14 10:20:13'),
(797, 'setting::settings.form.allow_reviews', '2020-06-14 10:21:40', '2020-06-14 10:21:40'),
(798, 'setting::settings.form.approve_reviews_automatically', '2020-06-14 10:21:53', '2020-06-14 10:21:53'),
(799, 'setting::settings.form.auto_refresh_currency_rate_frequencies.daily', '2020-06-14 10:21:55', '2020-06-14 10:21:55'),
(800, 'setting::settings.form.auto_refresh_currency_rate_frequencies.monthly', '2020-06-14 10:22:04', '2020-06-14 10:22:04'),
(801, 'setting::settings.form.auto_refresh_currency_rate_frequencies.weekly', '2020-06-14 10:22:08', '2020-06-14 10:22:08'),
(802, 'setting::settings.form.enable_auto_refreshing_currency_rates', '2020-06-14 10:22:30', '2020-06-14 10:22:30'),
(803, 'setting::settings.form.enable_bank_transfer', '2020-06-14 10:22:41', '2020-06-14 10:22:41'),
(804, 'setting::settings.form.enable_check_payment', '2020-06-14 10:23:26', '2020-06-14 10:23:26'),
(805, 'setting::settings.form.enable_cod', '2020-06-14 10:23:30', '2020-06-14 10:23:30'),
(806, 'setting::settings.form.enable_facebook_login', '2020-06-14 10:23:54', '2020-06-14 10:23:54'),
(807, 'setting::settings.form.enable_flat_rate', '2020-06-14 10:24:05', '2020-06-14 10:24:05'),
(808, 'setting::settings.form.enable_free_shipping', '2020-06-14 10:24:16', '2020-06-14 10:24:16'),
(809, 'setting::settings.form.enable_google_login', '2020-06-14 10:24:23', '2020-06-14 10:24:23'),
(810, 'setting::settings.form.enable_local_pickup', '2020-06-14 10:24:48', '2020-06-14 10:24:48'),
(811, 'setting::settings.form.enable_paypal', '2020-06-14 10:24:55', '2020-06-14 10:24:55'),
(812, 'setting::settings.form.put_the_application_into_maintenance_mode', '2020-06-14 10:27:08', '2020-06-14 10:27:08'),
(813, 'setting::settings.form.send_email_after_order_status_changed', '2020-06-14 10:27:25', '2020-06-14 10:27:25'),
(814, 'setting::settings.form.send_invoice_email', '2020-06-14 10:27:37', '2020-06-14 10:27:37'),
(815, 'setting::settings.form.send_order_notification_to_admin', '2020-06-14 10:27:53', '2020-06-14 10:27:53'),
(816, 'setting::settings.form.send_welcome_email_after_registration', '2020-06-14 10:28:03', '2020-06-14 10:28:03'),
(817, 'storefront::storefront.form.banner_1', '2020-06-14 10:28:55', '2020-06-14 10:28:55'),
(818, 'storefront::storefront.form.banner_2', '2020-06-14 10:28:58', '2020-06-14 10:28:58'),
(819, 'storefront::storefront.form.banner_3', '2020-06-14 10:29:02', '2020-06-14 10:29:02'),
(820, 'storefront::storefront.form.banner', '2020-06-14 10:29:06', '2020-06-14 10:29:06'),
(821, 'storefront::storefront.form.newsletter_bg_image', '2020-06-14 10:29:11', '2020-06-14 10:29:11'),
(822, 'storefront::storefront.form.background', '2020-06-14 10:29:16', '2020-06-14 10:29:16'),
(823, 'storefront::cart.apply_coupon', '2020-06-14 10:29:33', '2020-06-14 10:29:33'),
(824, 'storefront::mail.all_rights_reserved', '2020-06-14 10:29:43', '2020-06-14 10:29:43'),
(825, 'storefront::attributes.storefront_address', '2020-06-14 10:29:49', '2020-06-14 10:29:49'),
(826, 'storefront::invoice.billing_address', '2020-06-14 10:30:03', '2020-06-14 10:30:03'),
(827, 'storefront::checkout.billing_details', '2020-06-14 10:30:06', '2020-06-14 10:30:06'),
(828, 'storefront::themes.black', '2020-06-14 10:30:19', '2020-06-14 10:30:19'),
(829, 'storefront::themes.blue', '2020-06-14 10:30:22', '2020-06-14 10:30:22'),
(830, 'storefront::brands.brands', '2020-06-14 10:30:52', '2020-06-14 10:30:52'),
(831, 'storefront::attributes.caption_1', '2020-06-14 10:31:01', '2020-06-14 10:31:01'),
(832, 'storefront::attributes.caption_2', '2020-06-14 10:31:04', '2020-06-14 10:31:04'),
(833, 'storefront::cart.cart', '2020-06-14 10:31:10', '2020-06-14 10:31:10'),
(834, 'storefront::layout.categories', '2020-06-14 10:31:16', '2020-06-14 10:31:16'),
(835, 'storefront::attributes.category', '2020-06-14 10:31:25', '2020-06-14 10:31:25'),
(836, 'storefront::storefront.form.category_1', '2020-06-14 10:31:41', '2020-06-14 10:31:41'),
(837, 'storefront::storefront.form.category_2', '2020-06-14 10:31:45', '2020-06-14 10:31:45'),
(838, 'storefront::storefront.form.category_3', '2020-06-14 10:31:49', '2020-06-14 10:31:49'),
(839, 'user::auth.logout', '2020-06-15 15:59:54', '2020-06-15 15:59:54'),
(840, 'transaction::transactions.transactions', '2020-06-16 15:44:00', '2020-06-16 15:44:00'),
(841, 'transaction::transactions.table.transaction_id', '2020-06-16 15:44:18', '2020-06-16 15:44:18'),
(842, 'transaction::transactions.table.payment_method', '2020-06-16 15:44:28', '2020-06-16 15:44:28'),
(843, 'transaction::transactions.table.order_id', '2020-06-16 15:44:34', '2020-06-16 15:44:34'),
(844, 'transaction::permissions.index', '2020-06-16 15:44:48', '2020-06-16 15:44:48'),
(845, 'order::orders.address_information', '2020-06-16 15:46:30', '2020-06-16 15:46:30'),
(846, 'storefront::layout.most_searched', '2020-06-18 09:38:58', '2020-06-18 09:38:58'),
(847, 'storefront::cart.shipping_method_is_not_configured', '2020-06-28 22:43:22', '2020-06-28 22:43:22'),
(848, 'order::orders.billing_address', '2020-08-25 23:02:24', '2020-08-25 23:02:24'),
(849, 'order::print.billing_address', '2020-08-25 23:02:33', '2020-08-25 23:02:33'),
(850, 'storefront::cart.checkout', '2020-08-25 23:07:36', '2020-08-25 23:07:36'),
(851, 'storefront::cart.proceed_to_checkout', '2020-08-25 23:07:49', '2020-08-25 23:07:49'),
(852, 'storefront::checkout.account_details', '2020-08-25 23:08:15', '2020-08-25 23:08:15'),
(853, 'storefront::checkout.checkout', '2020-08-25 23:08:28', '2020-08-25 23:08:28'),
(854, 'storefront::layout.checkout', '2020-08-25 23:09:12', '2020-08-25 23:09:12'),
(855, 'storefront::checkout.shipping_details', '2020-08-25 23:09:18', '2020-08-25 23:09:18'),
(856, 'storefront::checkout.special_note_for_delivery', '2020-08-25 23:09:40', '2020-08-25 23:09:40'),
(857, 'storefront::checkout.terms_&_conditions', '2020-08-25 23:09:57', '2020-08-25 23:09:57'),
(858, 'storefront::checkout.payment_method', '2020-08-25 23:10:54', '2020-08-25 23:10:54'),
(859, 'admin::dashboard.table.supplier_name', '2021-02-16 19:27:53', '2021-02-16 19:27:53'),
(860, 'admin::dashboard.table.total', '2021-02-16 19:27:59', '2021-02-16 19:27:59'),
(861, 'product::products.tabs.up_sells', '2021-02-16 19:29:41', '2021-02-16 19:29:41'),
(862, 'product::products.supplier', '2021-02-16 19:29:51', '2021-02-16 19:29:51'),
(863, 'product::products.suppliers', '2021-02-16 19:30:00', '2021-02-16 19:30:00'),
(864, 'user::attributes.users.last_name', '2021-02-16 19:35:26', '2021-02-16 19:35:26'),
(865, 'user::attributes.users.first_name', '2021-02-16 19:35:39', '2021-02-16 19:35:39'),
(866, 'user::attributes.users.email', '2021-02-16 19:36:08', '2021-02-16 19:36:08'),
(867, 'user::attributes.users.confirm_new_password', '2021-02-16 19:36:30', '2021-02-16 19:36:30'),
(868, 'user::attributes.users.new_password', '2021-02-16 19:36:43', '2021-02-16 19:36:43'),
(869, 'user::attributes.roles.name', '2021-02-16 19:36:53', '2021-02-16 19:36:53'),
(870, 'user::attributes.users.activated', '2021-02-16 19:37:04', '2021-02-16 19:37:04');

-- --------------------------------------------------------

--
-- Table structure for table `translation_translations`
--

DROP TABLE IF EXISTS `translation_translations`;
CREATE TABLE IF NOT EXISTS `translation_translations` (
  `id` int(10) UNSIGNED NOT NULL AUTO_INCREMENT,
  `translation_id` int(10) UNSIGNED NOT NULL,
  `locale` varchar(191) COLLATE utf8mb4_unicode_ci NOT NULL,
  `value` text COLLATE utf8mb4_unicode_ci NOT NULL,
  PRIMARY KEY (`id`),
  UNIQUE KEY `translation_translations_translation_id_locale_unique` (`translation_id`,`locale`)
) ENGINE=InnoDB AUTO_INCREMENT=871 DEFAULT CHARSET=utf8mb4 COLLATE=utf8mb4_unicode_ci;

--
-- Dumping data for table `translation_translations`
--

INSERT INTO `translation_translations` (`id`, `translation_id`, `locale`, `value`) VALUES
(1, 1, 'ar', 'تم تحديث ملفك الشخصى'),
(2, 2, 'ar', 'الغاء'),
(3, 3, 'ar', 'حذف'),
(4, 4, 'ar', 'حفظ'),
(5, 5, 'ar', 'التأكيد'),
(6, 6, 'ar', 'هل انت متأكد من انك تريد الحذف'),
(7, 7, 'ar', '404'),
(8, 8, 'ar', 'لم يتم العثور علي الصفحة التى تحاول الوصول لها'),
(9, 9, 'ar', 'هذه الصفحة غير موجوده'),
(10, 10, 'ar', '500'),
(11, 11, 'ar', 'تم اخطار المسؤل'),
(12, 12, 'ar', 'حدث خطأ ما'),
(13, 13, 'ar', 'يرجى التحديد'),
(14, 14, 'ar', 'التالى'),
(15, 15, 'ar', 'السابق'),
(16, 16, 'ar', 'اختصارات لوحة المفاتيح المتوفرة على هذه الصفحة'),
(17, 17, 'ar', 'العودة الى فهرس الأسماء'),
(18, 18, 'ar', 'هذه القائمة'),
(19, 19, 'ar', 'اضيفت'),
(20, 20, 'ar', 'تاريخ'),
(21, 21, 'ar', 'الحالة'),
(22, 22, 'ar', 'زيارة المتجر'),
(23, 23, 'ar', 'احدث الطلبات'),
(24, 24, 'ar', 'احدث المراجعات'),
(25, 25, 'ar', 'احدث كلمات البحث'),
(26, 26, 'ar', 'لا يوجد بيانات متاحة'),
(27, 27, 'ar', 'الاثنين'),
(28, 28, 'ar', 'الثلاثاء'),
(29, 29, 'ar', 'الأربعاء'),
(30, 30, 'ar', 'الخميس'),
(31, 31, 'ar', 'الجمعه'),
(32, 32, 'ar', 'مبيعات'),
(33, 33, 'ar', 'احصائيات المبيعات'),
(34, 34, 'ar', 'عميل'),
(35, 35, 'ar', 'رقم الطلب'),
(36, 36, 'ar', 'الحالة'),
(37, 37, 'ar', 'السبت'),
(38, 38, 'ar', 'الأحد'),
(39, 39, 'ar', 'طلبات'),
(40, 40, 'ar', 'الإجمالى'),
(41, 41, 'ar', 'منتج'),
(42, 42, 'ar', 'تقييم'),
(43, 43, 'ar', 'كلمات مفتاحيه'),
(44, 44, 'ar', 'نتائج'),
(45, 45, 'ar', 'اجمالى العملاء'),
(46, 46, 'ar', 'اجمالى الطلبات'),
(47, 47, 'ar', 'إجمالى المنتجات'),
(48, 48, 'ar', 'اجمالى المبيعات'),
(49, 49, 'ar', 'تم رفض صلاحية الوصول ( الإذن مطلوب )'),
(50, 50, 'ar', ':resource تم حذف.'),
(51, 51, 'ar', 'تم حفظ :resource .'),
(52, 52, 'ar', 'اضافة:resource'),
(53, 53, 'ar', 'حذف :resource'),
(54, 54, 'ar', 'تعديل :resource'),
(55, 55, 'ar', 'عرض:resource'),
(56, 56, 'ar', 'مظهر خارجى'),
(57, 57, 'ar', 'محتوى'),
(58, 58, 'ar', 'المناطق و الترجمه'),
(59, 59, 'ar', 'مبيعات'),
(60, 60, 'ar', 'نظام'),
(61, 61, 'ar', 'ميزه'),
(62, 62, 'ar', 'مميزات'),
(63, 63, 'ar', 'اضافة قيمة جديدة'),
(64, 64, 'ar', 'حذف قيمة'),
(65, 65, 'ar', 'اضافة ميزة جديدة'),
(66, 66, 'ar', 'ميزه'),
(67, 67, 'ar', 'حذف الميزه'),
(68, 68, 'ar', 'القيم'),
(69, 69, 'ar', 'استخدم هذه الميزه لتصفية المنتجات'),
(70, 70, 'ar', 'قيم'),
(71, 71, 'ar', 'مجموعه المميزات'),
(72, 72, 'ar', 'قابل للفترة'),
(73, 73, 'ar', 'لا'),
(74, 74, 'ar', 'اسم'),
(75, 75, 'ar', 'نعم'),
(76, 76, 'ar', 'عام'),
(77, 77, 'ar', 'معلومات السمه'),
(78, 78, 'ar', 'سمات'),
(79, 79, 'ar', 'القيم'),
(80, 80, 'ar', 'الاسم'),
(81, 81, 'ar', 'عام'),
(82, 82, 'ar', 'الأسم'),
(83, 83, 'ar', 'الفئات'),
(84, 84, 'ar', 'قابل للفلترة'),
(85, 85, 'ar', 'الاسم'),
(86, 86, 'ar', 'القيم'),
(87, 87, 'ar', 'الحالة'),
(88, 88, 'ar', 'الاسم'),
(89, 89, 'ar', 'URL'),
(90, 90, 'ar', 'الماركه'),
(91, 91, 'ar', 'الماركات'),
(92, 92, 'ar', 'بانر'),
(93, 93, 'ar', 'تفعيل الماركه'),
(94, 94, 'ar', 'الشعار'),
(95, 95, 'ar', 'الشعار'),
(96, 96, 'ar', 'الأسم'),
(97, 97, 'ar', 'عام'),
(98, 98, 'ar', 'URL'),
(99, 99, 'ar', 'معلومات العلامة التجارية'),
(100, 100, 'ar', 'صور'),
(101, 101, 'ar', 'تحسين محركات البحث'),
(102, 102, 'ar', 'اضافة علامة تجارية'),
(103, 103, 'ar', 'حذف العلامة التجارية'),
(104, 104, 'ar', 'تعديل العلامة التجارية'),
(105, 105, 'ar', 'صفحة العلامة التجارية'),
(106, 106, 'ar', 'عذرا ، لدينا فقط: مخزون في المخزون.'),
(107, 107, 'ar', 'عذرا منتج واحد ذيادة  ليس لديه مخزون كافى'),
(108, 108, 'ar', 'عذرا منتج واحد ذياده خارج المخزون'),
(109, 109, 'ar', 'عذرا المنتج غير متوفر'),
(110, 110, 'ar', 'الخيار المحدد غير صالح'),
(111, 111, 'ar', 'هذه الخانه مطلوبة'),
(112, 112, 'ar', 'الحالة'),
(113, 113, 'ar', 'قابل للبحث'),
(114, 114, 'ar', 'الاسم'),
(115, 115, 'ar', 'URL'),
(116, 116, 'ar', 'الفئات'),
(117, 117, 'ar', 'فئه'),
(118, 118, 'ar', 'بانر'),
(119, 119, 'ar', 'تمكين القسم'),
(120, 120, 'ar', 'الشعار'),
(121, 121, 'ar', 'اظهار هذا القسم فى مربح بحث الأقسام'),
(122, 122, 'ar', 'عام'),
(123, 123, 'ar', 'صورة'),
(124, 124, 'ar', 'تحسين محركات البحث'),
(125, 125, 'ar', 'اضافة قسم رئيسى'),
(126, 126, 'ar', 'اضافة قسم فرعى'),
(127, 127, 'ar', 'هدم الكل'),
(128, 128, 'ar', 'توسيع الكل'),
(129, 129, 'ar', 'تم حفظ ترتيب القسم'),
(130, 130, 'ar', 'انشاء اقسام'),
(131, 131, 'ar', 'حذف الأقسام'),
(132, 132, 'ar', 'تعديل الأقسام'),
(133, 133, 'ar', 'الأقسام'),
(134, 134, 'ar', 'العنوان السطر 1'),
(135, 135, 'ar', 'سطر العنوان 2 (اختياري)'),
(136, 136, 'ar', 'صفحة الأقسام'),
(137, 137, 'ar', 'المدينة'),
(138, 138, 'ar', 'الدولة'),
(139, 139, 'ar', 'الأسم الأول'),
(140, 140, 'ar', 'الأسم الثانى'),
(141, 141, 'ar', 'الولاية / المقاطعه'),
(142, 142, 'ar', 'الرمز البريدى / ZIP'),
(143, 143, 'ar', 'انشئ حساب'),
(144, 144, 'ar', 'البريد الإلكترونى'),
(145, 145, 'ar', 'رقم الهاتف'),
(146, 146, 'ar', 'ملاحظات الطلب'),
(147, 147, 'ar', 'كلمة السر'),
(148, 148, 'ar', 'شحن إلى عنوان مختلف'),
(149, 149, 'ar', 'العنوان سطر1'),
(150, 150, 'ar', 'سطر العنوان 2 (اختياري)'),
(151, 151, 'ar', 'المدينة'),
(152, 152, 'ar', 'الدولة'),
(153, 153, 'ar', 'الإسم الأول'),
(154, 154, 'ar', 'الإسم الثانى'),
(155, 155, 'ar', 'الولاية / المقاطعة'),
(156, 156, 'ar', 'الرمز البريدى / ZIP'),
(157, 157, 'ar', 'عنوان الشارع'),
(158, 158, 'ar', 'إذا كنت تواجه مشكلة في النقر على الزر \"عرض الطلب\" ، فانسخ عنوان URL والصقه أدناه في تصفح الويب'),
(159, 159, 'ar', 'تم تقديم طلب جديد'),
(160, 160, 'ar', 'تم تقديم طلب جديد. معرف الطلب هو #: order_i'),
(161, 161, 'ar', 'مشاهدة الطلب'),
(162, 162, 'ar', 'التحقق'),
(163, 163, 'ar', 'البريد الإلكترونى'),
(164, 164, 'ar', 'رسالة'),
(165, 165, 'ar', 'الموضوع'),
(166, 166, 'ar', 'تم ارسال رسالتك'),
(167, 167, 'ar', 'عذرا نحن نقوم ببعض الصيانة'),
(168, 168, 'ar', 'لم يتم تكوين البريد بشكل صحيح'),
(169, 169, 'ar', 'الخدمة غير متاحة'),
(170, 170, 'ar', 'البيانات المعطاه غير صالحة'),
(171, 171, 'ar', 'The :attribute must be accepted.'),
(172, 172, 'ar', 'The :attribute is not a valid URL.'),
(173, 173, 'ar', 'مستخدم'),
(174, 174, 'ar', 'المستخدمين'),
(175, 175, 'ar', 'الأدوار'),
(176, 176, 'ar', 'الأسم'),
(177, 177, 'ar', 'عام'),
(178, 178, 'ar', 'الصلاحيات'),
(179, 179, 'ar', 'معلومات الدور'),
(180, 180, 'ar', 'الأدوار'),
(181, 181, 'ar', 'الأعضاء'),
(182, 182, 'ar', 'مفعل'),
(183, 183, 'ar', 'أو إعادة تعيين كلمة المرور'),
(184, 184, 'ar', 'الصفحة الشخصية'),
(185, 185, 'ar', 'إرسال إعادة تعيين البريد الإلكتروني لكلمة المرور'),
(186, 186, 'ar', 'البريد الإلكترونى'),
(187, 187, 'ar', 'الأسم الأول'),
(188, 188, 'ar', 'اخر تسجيل دخول'),
(189, 189, 'ar', 'الأسم الثانى'),
(190, 190, 'ar', 'الحساب'),
(191, 191, 'ar', 'معلومات الصفحة الشخصية'),
(192, 192, 'ar', 'معلومات العضو'),
(193, 193, 'ar', 'كلمة مرور جديده'),
(194, 194, 'ar', 'الصلاحيات'),
(195, 195, 'ar', 'خطأ فى البريد الإلكترونى أو كلمة المرور'),
(196, 196, 'ar', 'رمز اعادة تعيين غير صالح او منتهى الصلاحية'),
(197, 197, 'ar', 'هذا البريد الإلكترونى لا ينتمى لأى حساب'),
(198, 198, 'ar', 'تم إعادة تعيين كلمة المرور الخاصة بك.'),
(199, 199, 'ar', 'تم ارسال بريد إلكترونى لإعادة تعيين كلمة المرور'),
(200, 200, 'ar', 'اضافة أدوار'),
(201, 201, 'ar', 'حذف الأدوار'),
(202, 202, 'ar', 'تعديل الأدوار'),
(203, 203, 'ar', 'صفحة الأدوار'),
(204, 204, 'ar', 'اضافة اعضاء'),
(205, 205, 'ar', 'حذف الأعضاء'),
(206, 206, 'ar', 'تعديل الأعضاء'),
(207, 207, 'ar', 'صفحة الاعضاء'),
(208, 208, 'ar', 'السماح'),
(209, 209, 'ar', 'السماح للكل'),
(210, 210, 'ar', 'منع'),
(211, 211, 'ar', 'منع الكل'),
(212, 212, 'ar', 'Inherit'),
(213, 213, 'ar', 'Inherit all'),
(214, 214, 'ar', 'دور'),
(215, 215, 'ar', 'او قم بالتسجيل مع'),
(216, 216, 'ar', 'كلمة المرور'),
(217, 217, 'ar', 'سياسة الخصوصية'),
(218, 218, 'ar', 'تسجيل'),
(219, 219, 'ar', 'تذكرنى'),
(220, 220, 'ar', 'اعادة تعيين كلمة المرور'),
(221, 221, 'ar', 'تسجيل دخول'),
(222, 222, 'ar', 'ارسال'),
(223, 223, 'ar', 'تم انشاء حسابك بنجاح'),
(224, 224, 'ar', 'اذا كنت تواجه مشكلة في النقر فوق الزر \"إعادة تعيين كلمة المرور\" ، قم بنسخ ولصق عنوان URL أدناه في متصفح الويب الخاص بك'),
(225, 225, 'ar', 'إذا لم تطلب إعادة تعيين كلمة المرور ، فلا يلزم اتخاذ أي إجراء آخر.'),
(226, 226, 'ar', 'أنت تتلقى هذا البريد الإلكتروني لأننا تلقينا طلب إعادة تعيين كلمة المرور'),
(227, 227, 'ar', 'اعادة تعيين كلمة المرور'),
(228, 228, 'ar', 'إعادة تعيين كلمة مرور حسابك'),
(229, 229, 'ar', 'مرحبا :name'),
(230, 230, 'ar', 'إعادة تعيين كلمة مرور حسابك'),
(231, 231, 'ar', 'لقد تم إنشاء حسابك.'),
(232, 232, 'ar', 'تم حظر حسابك لمدة :delay seconds.'),
(233, 233, 'ar', 'حسابك غير مفعل من فضلك تفقد بريدك الإلكترونى'),
(234, 234, 'ar', 'تفقد بريدك الإلكترونى لاعادة تعيين كلمة المرور'),
(235, 235, 'ar', 'كلمة المرور'),
(236, 236, 'ar', 'تأكيد كلمة المرور'),
(237, 237, 'ar', 'الأدوار'),
(238, 238, 'ar', 'بالفعل لدى حساب'),
(239, 239, 'ar', 'تأكيد كلمة المرور'),
(240, 240, 'ar', 'انشاء حساب'),
(241, 241, 'ar', 'ليس لديك حساب ؟'),
(242, 242, 'ar', 'البريد الإلكترونى'),
(243, 243, 'ar', 'أدخل البريد الإلكتروني لحسابك لتلقي رابط يسمح لك بإعادة تعيين كلمة المرور الخاصة بك'),
(244, 244, 'ar', 'فيسبوك'),
(245, 245, 'ar', 'الأسم الأول'),
(246, 246, 'ar', 'نسيت كلمة المرور؟'),
(247, 247, 'ar', 'جوجل'),
(248, 248, 'ar', 'انا أوافق على'),
(249, 249, 'ar', 'تذكرت كلمة المرور'),
(250, 250, 'ar', 'الإسم الثانى'),
(251, 251, 'ar', 'او تابع مع'),
(252, 252, 'ar', 'لوحة التحكم'),
(253, 253, 'ar', 'شروط'),
(254, 254, 'ar', 'مجموعة السمات'),
(255, 255, 'ar', 'مجموعات السمات'),
(256, 256, 'ar', 'معلومات مجموعة السمات'),
(257, 257, 'ar', 'قيمة السمة'),
(258, 258, 'ar', 'قيم السمة'),
(259, 259, 'ar', 'مجموعة السمات'),
(260, 260, 'ar', 'السمة'),
(261, 261, 'ar', 'إنشاء مجموعة السمات'),
(262, 262, 'ar', 'حذف مجموعة السمات'),
(263, 263, 'ar', 'تعديل مجموعة السمات'),
(264, 264, 'ar', 'مجموعة سمات الفهرس'),
(265, 265, 'ar', 'إنشاء سمة'),
(266, 266, 'ar', 'حذف السمة'),
(267, 267, 'ar', 'تعديل السمة'),
(268, 268, 'ar', 'فهرس السمة'),
(269, 269, 'ar', 'مجموعات السمات'),
(270, 270, 'ar', 'السمات'),
(271, 271, 'ar', 'The :attribute must be a date after :date.'),
(272, 272, 'ar', 'The :attribute must be a date after or equal to :date.'),
(273, 273, 'ar', 'The :attribute may only contain letters.'),
(274, 274, 'ar', 'The :attribute may only contain letters, numbers, and dashes.'),
(275, 275, 'ar', 'The :attribute may only contain letters and numbers.'),
(276, 276, 'ar', 'The :attribute must be an array.'),
(277, 277, 'ar', 'التصنيفات'),
(278, 278, 'ar', 'الكود'),
(279, 279, 'ar', 'تاريخ الانتهاء'),
(280, 280, 'ar', 'استبعاد الفئات'),
(281, 281, 'ar', 'استبعاد المنتجات'),
(282, 282, 'ar', 'الشحن مجانا'),
(283, 283, 'ar', 'الحالة'),
(284, 284, 'ar', 'نوع الخصم'),
(285, 285, 'ar', 'الحد الأقصى للإنفاق'),
(286, 286, 'ar', 'الحد الأدنى من الإنفاق'),
(287, 287, 'ar', 'الاسم'),
(288, 288, 'ar', 'المنتجات'),
(289, 289, 'ar', 'تاريخ البدء'),
(290, 290, 'ar', 'حد الاستخدام لكل قسيمة'),
(291, 291, 'ar', 'حد الاستخدام لكل عميل'),
(292, 292, 'ar', 'القيمة'),
(293, 293, 'ar', 'كوبون'),
(294, 294, 'ar', 'كوبونات'),
(295, 295, 'ar', 'السماح بالشحن المجاني'),
(296, 296, 'ar', 'تمكين القسيمة'),
(297, 297, 'ar', 'ثابت'),
(298, 298, 'ar', 'نسبه مئويه'),
(299, 299, 'ar', 'الكود'),
(300, 300, 'ar', 'خصم'),
(301, 301, 'ar', 'الاسم'),
(302, 302, 'ar', 'عام'),
(303, 303, 'ar', 'معلومات القسيمة'),
(304, 304, 'ar', 'حدود الاستخدام'),
(305, 305, 'ar', 'قيود الاستخدام'),
(306, 306, 'ar', 'تم تطبيق القسيمة بالفعل.'),
(307, 307, 'ar', 'هذه القسيمة لا تنطبق على سلة التسوق الخاصة بك.'),
(308, 308, 'ar', 'القسيمة غير صالحة.'),
(309, 309, 'ar', 'تحتاج إلى إنفاق أقل من: المبلغ لتطبيق هذه القسيمة.'),
(310, 310, 'ar', 'تحتاج إلى إنفاق على الأقل: مبلغ لتطبيق هذه القسيمة.'),
(311, 311, 'ar', 'القسيمة غير موجودة.'),
(312, 312, 'ar', 'تم الوصول إلى حد استخدام القسيمة.'),
(313, 313, 'ar', 'إنشاء كوبونات'),
(314, 314, 'ar', 'حذف الكوبونات'),
(315, 315, 'ar', 'تعديل القسائم'),
(316, 316, 'ar', 'فهرس الكوبونات'),
(317, 317, 'ar', 'السعر'),
(318, 318, 'ar', 'تاريخ الانتهاء'),
(319, 319, 'ar', 'اسم الحملة'),
(320, 320, 'ar', 'تشكيل'),
(321, 321, 'ar', 'المثبت'),
(322, 322, 'ar', 'موجز بيانات العملة'),
(323, 323, 'ar', 'مؤشر أسعار العملات'),
(324, 324, 'ar', 'تحرير أسعار العملات'),
(325, 325, 'ar', 'لم يتم تكوين خدمة صرف أسعار العملات.'),
(326, 326, 'ar', 'معلومات سعر العملة'),
(327, 327, 'ar', 'عام'),
(328, 328, 'ar', 'تقيم'),
(329, 329, 'ar', 'آخر تحديث'),
(330, 330, 'ar', 'عملة'),
(331, 331, 'ar', 'شفرة'),
(332, 332, 'ar', 'تحديث التقيم'),
(333, 333, 'ar', 'تحديث أسعار العملات من: الخدمة'),
(334, 334, 'ar', 'أسعار العملات'),
(335, 335, 'ar', 'أسعار العملات'),
(336, 336, 'ar', 'تقيم'),
(337, 337, 'ar', 'المنتج'),
(338, 338, 'ar', 'تاريخ الانتهاء'),
(339, 339, 'ar', 'السعر'),
(340, 340, 'ar', 'المنتج'),
(341, 341, 'ar', 'الكمية'),
(342, 342, 'ar', 'الكمية'),
(343, 343, 'ar', 'عروض لفترة محدودة'),
(344, 344, 'ar', 'عروض لفترة محدودة'),
(345, 345, 'ar', 'أضف منتج'),
(346, 346, 'ar', 'عروض لفترة محدودة'),
(347, 347, 'ar', 'اسم الحملة'),
(348, 348, 'ar', 'معلومات عروض الفترة المحدودة'),
(349, 349, 'ar', 'المنتجات'),
(350, 350, 'ar', 'الإعدادات'),
(351, 351, 'ar', 'إنشاء تخفيضات فلاش'),
(352, 352, 'ar', 'حذف تخفيضات الفلاش'),
(353, 353, 'ar', 'اضافة منتجات'),
(354, 354, 'ar', 'حذف المنتجات'),
(355, 355, 'ar', 'تعديل المنتجات'),
(356, 356, 'ar', 'صفحة المنتجات'),
(357, 357, 'ar', 'صور إضافية'),
(358, 358, 'ar', 'الصورة الأساسية'),
(359, 359, 'ar', 'تفعيل المنتج'),
(360, 360, 'ar', 'لا تتبع الجرد'),
(361, 361, 'ar', 'حساب المخزون'),
(362, 362, 'ar', 'ثابت'),
(363, 363, 'ar', 'نسبة مئويه'),
(364, 364, 'ar', 'القوائم'),
(365, 365, 'ar', 'القائمة'),
(366, 366, 'ar', 'تفعيل القائمة'),
(367, 367, 'ar', 'يرجى حفظ القائمة أولاً لإضافة عنصر القائمة'),
(368, 368, 'ar', 'الإسم'),
(369, 369, 'ar', 'اضافة قوائم'),
(370, 370, 'ar', 'حذف القوائم'),
(371, 371, 'ar', 'تعديل القوائم'),
(372, 372, 'ar', 'صفحة القوائم'),
(373, 373, 'ar', 'القوائم'),
(374, 374, 'ar', 'القوائم'),
(375, 375, 'ar', 'الترجمة'),
(376, 376, 'ar', 'صفحة الترجمة'),
(377, 377, 'ar', 'تعديل الترجمة'),
(378, 378, 'ar', 'Key'),
(379, 379, 'ar', 'الترجمة'),
(380, 380, 'ar', 'الترجمة'),
(381, 381, 'ar', 'اضافة ضريبة'),
(382, 382, 'ar', 'حذف الضريبة'),
(383, 383, 'ar', 'تعديل الضريبة'),
(384, 384, 'ar', 'صفحة الضريبة'),
(385, 385, 'ar', 'الضرائب'),
(386, 386, 'ar', 'اضافة سعر جديد'),
(387, 387, 'ar', 'العنوان اللذى ترسل به الفواتير'),
(388, 388, 'ar', 'عنوان الشحن'),
(389, 389, 'ar', 'عنوان المتجر'),
(390, 390, 'ar', 'حذف التقييم'),
(391, 391, 'ar', 'فئة الضريبة'),
(392, 392, 'ar', 'عام'),
(393, 393, 'ar', 'التقارير'),
(394, 394, 'ar', 'صفحة التقارير'),
(395, 395, 'ar', 'التقارير'),
(396, 396, 'ar', 'تقرير الكوبونات'),
(397, 397, 'ar', 'رمز الكوبون'),
(398, 398, 'ar', 'فلتر'),
(399, 399, 'ar', 'ايميل العميل'),
(400, 400, 'ar', 'اسم العميل'),
(401, 401, 'ar', 'تاريخ النهاية'),
(402, 402, 'ar', 'تاريخ البدء'),
(403, 403, 'ar', 'ايام'),
(404, 404, 'ar', 'شهور'),
(405, 405, 'ar', 'اسابيع'),
(406, 406, 'ar', 'أعوام'),
(407, 407, 'ar', 'كلمات مفتاحية'),
(408, 408, 'ar', 'اختر من فضلك'),
(409, 409, 'ar', 'منتج'),
(410, 410, 'ar', 'الكمية أعلاه'),
(411, 411, 'ar', 'الكمية أدناه'),
(412, 412, 'ar', 'نوع التقرير'),
(413, 413, 'ar', 'تقرير طلبات العملاء'),
(414, 414, 'ar', 'تقرير شراء المنتجات'),
(415, 415, 'ar', 'تقرير مخزون المنتجات'),
(416, 416, 'ar', 'تقرير عرض المنتجات'),
(417, 417, 'ar', 'تقرير المبيعات'),
(418, 418, 'ar', 'تقرير البحث'),
(419, 419, 'ar', 'تقرير الشحن'),
(420, 420, 'ar', 'تقرير الضرائب'),
(421, 421, 'ar', 'طريقة الشحن'),
(422, 422, 'ar', 'كود المنتج'),
(423, 423, 'ar', 'حالة الطلب'),
(424, 424, 'ar', 'توافر المخزون'),
(425, 425, 'ar', 'فى المخزن'),
(426, 426, 'ar', 'غير متاح فى المخزن'),
(427, 427, 'ar', 'اسم الضريبه'),
(428, 428, 'ar', 'لا يوجد بيانات متاحة'),
(429, 429, 'ar', 'رمز الكوبون'),
(430, 430, 'ar', 'اسم الكوبون'),
(431, 431, 'ar', 'ايميل العميل'),
(432, 432, 'ar', 'مجموعه العميل'),
(433, 433, 'ar', 'ايميل العميل'),
(434, 434, 'ar', 'التاريخ'),
(435, 435, 'ar', 'الخصم'),
(436, 436, 'ar', 'زائر'),
(437, 437, 'ar', 'كلمة مفتاحية'),
(438, 438, 'ar', 'طلبات'),
(439, 439, 'ar', 'منتج'),
(440, 440, 'ar', 'المنتجات'),
(441, 441, 'ar', 'الكمية'),
(442, 442, 'ar', 'مسجل'),
(443, 443, 'ar', 'النتائج'),
(444, 444, 'ar', 'الشحن'),
(445, 445, 'ar', 'طريقة الشحن'),
(446, 446, 'ar', 'توافر المخزون'),
(447, 447, 'ar', 'المجموع الفرعى'),
(448, 448, 'ar', 'الضريبة'),
(449, 449, 'ar', 'اسم الضريبة'),
(450, 450, 'ar', 'الإجمالى'),
(451, 451, 'ar', 'مشاهدات'),
(452, 452, 'ar', 'معلومات الحساب'),
(453, 453, 'ar', 'معلومات الطلب و الحساب'),
(454, 454, 'ar', 'إجراء'),
(455, 455, 'ar', 'معلومات الحساب'),
(456, 456, 'ar', 'تعديل'),
(457, 457, 'ar', 'اخر الطلبات'),
(458, 458, 'ar', 'عرض الكل'),
(459, 459, 'ar', 'التاريخ'),
(460, 460, 'ar', 'الصورة'),
(461, 461, 'ar', 'لم تقدم أي طلب حتى الآن.'),
(462, 462, 'ar', 'رقم التعريف الخاص بالطلب'),
(463, 463, 'ar', 'الحالة'),
(464, 464, 'ar', 'المجموع'),
(465, 465, 'ar', 'عرض'),
(466, 466, 'ar', 'عرض الطلب'),
(467, 467, 'ar', 'لوحة التحكم'),
(468, 468, 'ar', 'تسجيل الخروج'),
(469, 469, 'ar', 'حسابى'),
(470, 470, 'ar', 'الحساب'),
(471, 471, 'ar', 'الحساب'),
(472, 472, 'ar', 'حسابى'),
(473, 473, 'ar', 'قارن'),
(474, 474, 'ar', 'وصف'),
(475, 475, 'ar', 'فى المخزن'),
(476, 476, 'ar', 'قارن'),
(477, 477, 'ar', 'قارن'),
(478, 478, 'ar', 'قارن'),
(479, 479, 'ar', 'تقييم'),
(480, 480, 'ar', 'نظره عامه على المنتج'),
(481, 481, 'ar', 'السعر'),
(482, 482, 'ar', 'غير متاح فى المخزن'),
(483, 483, 'ar', 'لا يوجد منتج فى المقارنة'),
(484, 484, 'ar', 'الاتاحة'),
(485, 485, 'ar', 'اضف اللى السلة'),
(486, 486, 'ar', 'إجراء'),
(487, 487, 'ar', 'اتصل بنا'),
(488, 488, 'ar', 'اترك رسالة'),
(489, 489, 'ar', 'ارسل رسالة'),
(490, 490, 'ar', 'اتصل بنا'),
(491, 491, 'ar', 'اتصل بنا'),
(492, 492, 'ar', 'طلباتى'),
(493, 493, 'ar', 'مراجعاتى'),
(494, 494, 'ar', 'صفحتى الشخصية'),
(495, 495, 'ar', 'السماح للعملاء بالاشتراك في النشرة البريدية الخاصة بك.'),
(496, 496, 'ar', 'اشترك في نشرتنا البريدية'),
(497, 497, 'ar', 'اشترك في نشرتنا الإخبارية واحصل على إشعارات حول الخصم'),
(498, 498, 'ar', 'إشترك'),
(499, 499, 'ar', 'بالاشتراك في النشرة الإخبارية لدينا فإنك توافق على'),
(500, 500, 'ar', 'سياسة الخصوصية'),
(501, 501, 'ar', 'لا تظهر هذه النافذة المنبثقه مرة اخرى'),
(502, 502, 'ar', 'ادخل بريدك الإلكترونى'),
(503, 503, 'ar', 'الموقع الإلكترونى يستخدم ملفات تعريف الإرتباط لضمان حصولك على افضل تجربه فى موقعنا'),
(504, 504, 'ar', 'فهمت'),
(505, 505, 'ar', 'جميع الفئات'),
(506, 506, 'ar', 'جميع الفئات'),
(507, 507, 'ar', 'جميع الفئات'),
(508, 508, 'ar', 'ابحث عن المنتجات'),
(509, 509, 'ar', 'نتائج البحث عن'),
(510, 510, 'ar', 'المفضلة'),
(511, 511, 'ar', 'Favicon'),
(512, 512, 'ar', 'الصفحات'),
(513, 513, 'ar', 'صفحة'),
(514, 514, 'ar', 'تفعيل الصفحة'),
(515, 515, 'ar', 'الأسم'),
(516, 516, 'ar', 'عام'),
(517, 517, 'ar', 'معلومات الصفحة'),
(518, 518, 'ar', 'تحسين محركات البحث'),
(519, 519, 'ar', 'اضافة صفحة'),
(520, 520, 'ar', 'حذف الصفحات'),
(521, 521, 'ar', 'تعديل الصفحات'),
(522, 522, 'ar', 'الصفحات'),
(523, 523, 'ar', 'قائمة امنياتى'),
(524, 524, 'ar', 'تصفح'),
(525, 525, 'ar', 'أفلت الملفات هنا أو انقر هنا'),
(526, 526, 'ar', 'حدد هذا المللف'),
(527, 527, 'ar', 'مدير الملفات'),
(528, 528, 'ar', 'الوسائط'),
(529, 529, 'ar', 'اسم الملف'),
(530, 530, 'ar', 'ارتفاع'),
(531, 531, 'ar', 'صورة مصغرة'),
(532, 532, 'ar', 'عرض'),
(533, 533, 'ar', 'الصورة المصغرة'),
(534, 534, 'ar', 'رفع ملف جديد'),
(535, 535, 'ar', 'Image has been added.'),
(536, 536, 'ar', 'اضافة وسائط'),
(537, 537, 'ar', 'الموافقه التلقائية على المراجعات'),
(538, 538, 'ar', 'تكرار'),
(539, 539, 'ar', 'تحديث تلقائى'),
(540, 540, 'ar', 'الحالة'),
(541, 541, 'ar', 'الحالة'),
(542, 542, 'ar', 'الحالة'),
(543, 543, 'ar', 'خدمة سعر الصرف'),
(544, 544, 'ar', 'فوتر'),
(545, 545, 'ar', 'هيدر'),
(546, 546, 'ar', 'ادوار العملاء'),
(547, 547, 'ar', 'الدولة الإفتراضية'),
(548, 548, 'ar', 'الدولة الإفتراضية'),
(549, 549, 'ar', 'اللغه الإفتراضية'),
(550, 550, 'ar', 'المنطقة الزمنية الإفتراضية'),
(551, 551, 'ar', 'App ID'),
(552, 552, 'ar', 'الحالة'),
(553, 553, 'ar', 'التكلفة'),
(554, 554, 'ar', 'الحالة'),
(555, 555, 'ar', 'الحالة'),
(556, 556, 'ar', 'الحد الأدنى للمبلغ'),
(557, 557, 'ar', 'Client Secret'),
(558, 558, 'ar', 'Client Secret'),
(559, 559, 'ar', 'الحالة'),
(560, 560, 'ar', 'وصف'),
(561, 561, 'ar', 'الحالة'),
(562, 562, 'ar', 'التكلفة'),
(563, 563, 'ar', 'الحالة'),
(564, 564, 'ar', 'النشرة البريدية'),
(565, 565, 'ar', '404'),
(566, 566, 'ar', 'العودة للرئيسية'),
(567, 567, 'ar', 'الصفحة غير موجودة'),
(568, 568, 'ar', 'عذرًا ، لم نتمكن من العثور على الصفحة التي تبحث عنها.'),
(569, 569, 'ar', 'اسم المنتج'),
(570, 570, 'ar', 'تاكيد كلمة المرور'),
(571, 571, 'ar', 'الأسم الأول'),
(572, 572, 'ar', 'الأسم الثانى'),
(573, 573, 'ar', 'كلمة المرور الجديدة'),
(574, 574, 'ar', 'كلمة المرور'),
(575, 575, 'ar', 'حفظ التغيرات'),
(576, 576, 'ar', 'لم تقم بمراجعة اي منتج'),
(577, 577, 'ar', 'التقييمات'),
(578, 578, 'ar', 'العنوان اللذى ترسل به الفواتير'),
(579, 579, 'ar', 'كوبون'),
(580, 580, 'ar', 'التاريخ'),
(581, 581, 'ar', 'البريد الإلكترونى'),
(582, 582, 'ar', 'مجموعة الخطوط'),
(583, 583, 'ar', 'معلومات الطلب'),
(584, 584, 'ar', 'ملاحظات الطلب'),
(585, 585, 'ar', 'وسيلة الدفع'),
(586, 586, 'ar', 'رقم الهاتف'),
(587, 587, 'ar', 'كمية'),
(588, 588, 'ar', 'عنوان الشحن'),
(589, 589, 'ar', 'وسيلة الشحن'),
(590, 590, 'ar', 'المجموع الفرعى'),
(591, 591, 'ar', 'الاجمالى'),
(592, 592, 'ar', 'سعر الوحدة'),
(593, 593, 'ar', 'عرض المنتج'),
(594, 594, 'ar', 'الإتاحة'),
(595, 595, 'ar', 'حذف'),
(596, 596, 'ar', 'قائمة الامنيات فارغه'),
(597, 597, 'ar', 'فى المخزن'),
(598, 598, 'ar', 'غير متاح فى المخزن'),
(599, 599, 'ar', 'السعر'),
(600, 600, 'ar', 'نص الحث على اتخاذ إجراء'),
(601, 601, 'ar', 'رابط الحث على اتخاذ إجرا'),
(602, 602, 'ar', 'الرئيسية'),
(603, 603, 'ar', 'أقسام الصفحة الرئيسية'),
(604, 604, 'ar', 'تلاشى للاسف'),
(605, 605, 'ar', 'تلاشى للشمال'),
(606, 606, 'ar', 'تلاشى لليمين'),
(607, 607, 'ar', 'تلاشى للاعلى'),
(608, 608, 'ar', 'اضافة شريحة'),
(609, 609, 'ar', '3000 مللى ثانية'),
(610, 610, 'ar', 'تكبير'),
(611, 611, 'ar', 'الفئة'),
(612, 612, 'ar', 'الأيقونة'),
(613, 613, 'ar', 'الحالة'),
(614, 614, 'ar', 'القائمة السلسة'),
(615, 615, 'ar', 'الأسم'),
(616, 616, 'ar', 'الصفحة'),
(617, 617, 'ar', 'عنصر القائمة الرئيسي'),
(618, 618, 'ar', 'الهدف'),
(619, 619, 'ar', 'النوع'),
(620, 620, 'ar', 'URL'),
(621, 621, 'ar', 'العودة الي صفحة تعديل القائمة'),
(622, 622, 'ar', 'صورة الخلفية'),
(623, 623, 'ar', 'تفعيل عنصر القائمة'),
(624, 624, 'ar', 'هذه قائمة كاملة العرض'),
(625, 625, 'ar', 'اختر الفئة'),
(626, 626, 'ar', 'حدد الصفحة'),
(627, 627, 'ar', 'حدد الرئيسى'),
(628, 628, 'ar', 'علامة تبويب جديدة'),
(629, 629, 'ar', 'نفس علامة التبويب'),
(630, 630, 'ar', 'الفئة'),
(631, 631, 'ar', 'الصفحة'),
(632, 632, 'ar', 'URL'),
(633, 633, 'ar', 'عنصر القائمة'),
(634, 634, 'ar', 'عام'),
(635, 635, 'ar', 'معلومات عنصر القائمة'),
(636, 636, 'ar', 'الصورة'),
(637, 637, 'ar', 'تم حذف عنصر القائمة'),
(638, 638, 'ar', 'تم تحديث ترتيب عنصر القائمة'),
(639, 639, 'ar', 'اضافة عناصر القائمة'),
(640, 640, 'ar', 'حذف عناصر القائمة'),
(641, 641, 'ar', 'تعديل عناصر القائمة'),
(642, 642, 'ar', 'صفحة عناصر القائمة'),
(643, 643, 'ar', 'قائمة الفئة'),
(644, 644, 'ar', 'القائمة الأساسية'),
(645, 645, 'ar', 'القائمة'),
(646, 646, 'ar', 'المنتجات'),
(647, 647, 'ar', 'قائمة المنتجات'),
(648, 648, 'ar', 'السعر'),
(649, 649, 'ar', 'الكمية'),
(650, 650, 'ar', 'وصف قصير'),
(651, 651, 'ar', 'كود المنتج'),
(652, 652, 'ar', 'منتج جديد ل'),
(653, 653, 'ar', 'منتج جديد من'),
(654, 654, 'ar', 'الإسم'),
(655, 655, 'ar', 'إدارة المخزون'),
(656, 656, 'ar', 'قابل للمراجعة'),
(657, 657, 'ar', 'الحالة'),
(658, 658, 'ar', 'توافر المخزون'),
(659, 659, 'ar', 'الوصف'),
(660, 660, 'ar', 'الفئات'),
(661, 661, 'ar', 'علامة تجارية'),
(662, 662, 'ar', 'منتج'),
(663, 663, 'ar', 'منتج'),
(664, 664, 'ar', 'خيارات'),
(665, 665, 'ar', 'انتهى المخزون'),
(666, 666, 'ar', 'متوفر فى المخزن'),
(667, 667, 'ar', 'تحسين محركات البحث'),
(668, 668, 'ar', 'منتجات ذات صلة'),
(669, 669, 'ar', 'السعر'),
(670, 670, 'ar', 'المخزون'),
(671, 671, 'ar', 'صورة'),
(672, 672, 'ar', 'معلومات اساسية'),
(673, 673, 'ar', 'معلومات متقدمة'),
(674, 674, 'ar', 'عام'),
(675, 675, 'ar', 'بيع متقطع'),
(676, 676, 'ar', 'إضافى'),
(677, 677, 'ar', 'السعر'),
(678, 678, 'ar', 'الإسم'),
(679, 679, 'ar', 'صورة مصغرة'),
(680, 680, 'ar', 'المنتجات'),
(681, 681, 'ar', 'منتج'),
(682, 682, 'ar', 'منتج'),
(683, 683, 'ar', 'إقتراحات المنتج'),
(684, 684, 'ar', 'اضافة تقييم'),
(685, 685, 'ar', 'اضافة الى السلة'),
(686, 686, 'ar', 'إسم المنتج'),
(687, 687, 'ar', 'اجمالى المنتجات'),
(688, 688, 'ar', 'حد المنتجات'),
(689, 689, 'ar', 'المنتجات'),
(690, 690, 'ar', 'مراجعات'),
(691, 691, 'ar', 'المنتج'),
(692, 692, 'ar', 'العودة الى صفحة تعديل المنتجات'),
(693, 693, 'ar', 'كن أول من يراجع هذا المنتج.'),
(694, 694, 'ar', 'فئات:'),
(695, 695, 'ar', 'وصف'),
(696, 696, 'ar', 'فيسبوك'),
(697, 697, 'ar', 'متوفر فى المخزن'),
(698, 698, 'ar', ':العدد المتبقى فى المخزن'),
(699, 699, 'ar', 'لينكد ان'),
(700, 700, 'ar', 'اختر خيار'),
(701, 701, 'ar', 'إنتهى من المخزن'),
(702, 702, 'ar', 'الكمية'),
(703, 703, 'ar', 'منتجات ذات صلة'),
(704, 704, 'ar', 'تعليق'),
(705, 705, 'ar', 'الإسم'),
(706, 706, 'ar', 'إرسال'),
(707, 707, 'ar', 'تقييمك'),
(708, 708, 'ar', 'المراجعات(:count)'),
(709, 709, 'ar', 'مشاركة:'),
(710, 710, 'ar', 'كود التخزين التعريفى:'),
(711, 711, 'ar', 'مواصفات'),
(712, 712, 'ar', 'قائمة الأمنيات'),
(713, 713, 'ar', 'قد يعجبك أيضا'),
(714, 714, 'ar', 'اضف الى السلة'),
(715, 715, 'ar', 'متاح'),
(716, 716, 'ar', 'ايام'),
(717, 717, 'ar', 'ساعات'),
(718, 718, 'ar', 'دقائق'),
(719, 719, 'ar', 'شهور'),
(720, 720, 'ar', 'جديد'),
(721, 721, 'ar', 'غير متوفر فى المخزن'),
(722, 722, 'ar', 'ثوانى'),
(723, 723, 'ar', 'مباع:'),
(724, 724, 'ar', 'عرض الخيارات'),
(725, 725, 'ar', 'اسابيع'),
(726, 726, 'ar', 'قائمة الامنيات'),
(727, 727, 'ar', 'اعوام'),
(728, 728, 'ar', 'تصفح الفئات'),
(729, 729, 'ar', 'فلاتر'),
(730, 730, 'ar', 'عرض الشبكه'),
(731, 731, 'ar', 'احدث المنتجات'),
(732, 732, 'ar', 'عرض القائمة'),
(733, 733, 'ar', 'المنتج غير موجود'),
(734, 734, 'ar', '10'),
(735, 735, 'ar', '20'),
(736, 736, 'ar', '30'),
(737, 737, 'ar', '40'),
(738, 738, 'ar', '50'),
(739, 739, 'ar', 'السعر'),
(740, 740, 'ar', 'متجر'),
(741, 741, 'ar', 'اظهر اقل -'),
(742, 742, 'ar', 'اظهر اكثر +'),
(743, 743, 'ar', 'اظهار:من-:الى :اجمالى النتائج'),
(744, 744, 'ar', 'ابجدى'),
(745, 745, 'ar', 'اخير'),
(746, 746, 'ar', 'السعر : الاعلى الى الاقل'),
(747, 747, 'ar', 'السعر : الأقل الى الأعلى'),
(748, 748, 'ar', 'ملائمة'),
(749, 749, 'ar', 'الاعلى تقييما'),
(750, 750, 'ar', 'إعدادات الموقع'),
(751, 751, 'ar', 'تعديل إعدادات واجهة المتجر'),
(752, 752, 'ar', 'إعدادات عامة'),
(753, 753, 'ar', 'متجر'),
(754, 754, 'ar', 'إعدادات الموقع'),
(755, 755, 'ar', 'طرق الشحن'),
(756, 756, 'ar', 'الإعدادات العامة'),
(757, 757, 'ar', 'الشحن المجانى'),
(758, 758, 'ar', 'عام'),
(759, 759, 'ar', 'طرق الدفع'),
(760, 760, 'ar', 'النشرة البريدية'),
(761, 761, 'ar', 'حدد الخدمة'),
(762, 762, 'ar', 'البريد الإلكترونى لطلبات المسؤل'),
(763, 763, 'ar', 'Allowed IPs'),
(764, 764, 'ar', 'البريد الإلكترونى للفاتورة'),
(765, 765, 'ar', 'البريد الإلكترونى لحالة الطلب'),
(766, 766, 'ar', 'الحالة'),
(767, 767, 'ar', 'وصف'),
(768, 768, 'ar', 'الحالة'),
(769, 769, 'ar', 'المراجعات و التقييمات'),
(770, 770, 'ar', 'عنوان المتجر 1'),
(771, 771, 'ar', 'عنوان المتجر 2'),
(772, 772, 'ar', 'مدينة المتجر'),
(773, 773, 'ar', 'بلد المتجر'),
(774, 774, 'ar', 'ايميل المتجر'),
(775, 775, 'ar', 'هاتف المتجر'),
(776, 776, 'ar', 'الولايه / المحافظة'),
(777, 777, 'ar', 'الرمز البريدى'),
(778, 778, 'ar', 'الحالة'),
(779, 779, 'ar', 'الدول المدعومة'),
(780, 780, 'ar', 'الدول المدعومة'),
(781, 781, 'ar', 'الدول المدعومة'),
(782, 782, 'ar', 'الدول المدعومة'),
(783, 783, 'ar', 'لغات مدعومة'),
(784, 784, 'ar', 'لغات مدعومة'),
(785, 785, 'ar', 'الوصف'),
(786, 786, 'ar', 'تعليمات'),
(787, 787, 'ar', 'الوصف'),
(788, 788, 'ar', 'تعليمات'),
(789, 789, 'ar', 'الوصف'),
(790, 790, 'ar', 'الوصف'),
(791, 791, 'ar', 'اسم المتجر'),
(792, 792, 'ar', 'سطر وصف المتجر'),
(793, 793, 'ar', 'الصوف'),
(794, 794, 'ar', 'ايميل الترحيب'),
(795, 795, 'ar', 'تم حفظ الإعدادات'),
(796, 796, 'ar', 'تعديل الإعدادات'),
(797, 797, 'ar', 'السماح للعملاء بإعطاء مراجعات و صلاحيات'),
(798, 798, 'ar', 'ستتم الموافقة على مراجعات العملاء تلقائيًا'),
(799, 799, 'ar', 'يومى'),
(800, 800, 'ar', 'شهرى'),
(801, 801, 'ar', 'اسبوعى'),
(802, 802, 'ar', 'تمكين أسعار العملات التي يتم تحديثها تلقائيًا'),
(803, 803, 'ar', 'تمكين التحويل المصرفي'),
(804, 804, 'ar', 'تمكين الشيكات / حوالة بريدية'),
(805, 805, 'ar', 'تمكين الدفع عند التسليم'),
(806, 806, 'ar', 'تفعيل الدخول بواسطة فيسبوك'),
(807, 807, 'ar', 'تمكين المعدل الثابت'),
(808, 808, 'ar', 'تفعيل الشحن المجانى'),
(809, 809, 'ar', 'تفعيل الدخول بواسطة جوجل'),
(810, 810, 'ar', 'تمكين الاستلام المحلي'),
(811, 811, 'ar', 'تفعيل باى بال'),
(812, 812, 'ar', 'ضع التطبيق في وضع الصيانة'),
(813, 813, 'ar', 'إرسال بريد إلكتروني بعد تغيير حالة الطلب'),
(814, 814, 'ar', 'إرسال الفاتورة بالبريد الإلكتروني إلى الزبون بعد الخروج'),
(815, 815, 'ar', 'إرسال إشعار طلب جديد إلى المسؤول'),
(816, 816, 'ar', 'إرسال بريد إلكتروني ترحيب بعد التسجيل'),
(817, 817, 'ar', 'بانر 1'),
(818, 818, 'ar', 'بانر 2'),
(819, 819, 'ar', 'بانر 3'),
(820, 820, 'ar', 'بانر'),
(821, 821, 'ar', 'صورة الخلفية'),
(822, 822, 'ar', 'الخلفية'),
(823, 823, 'ar', 'تطبيق كوبون'),
(824, 824, 'ar', 'جميع الحقوق محفوظه'),
(825, 825, 'ar', 'العنوان'),
(826, 826, 'ar', 'عنوان وصول الفواتير'),
(827, 827, 'ar', 'تفاصيل الفاتورة'),
(828, 828, 'ar', 'اسود'),
(829, 829, 'ar', 'ازرق'),
(830, 830, 'ar', 'الماركات'),
(831, 831, 'ar', 'شرح 1'),
(832, 832, 'ar', 'شرح 2'),
(833, 833, 'ar', 'سلة المشتريات'),
(834, 834, 'ar', 'فئات'),
(835, 835, 'ar', 'قسم'),
(836, 836, 'ar', 'قسم 1'),
(837, 837, 'ar', 'قسم 2'),
(838, 838, 'ar', 'قسم 3'),
(839, 839, 'ar', 'تسجيل الخروج'),
(840, 840, 'ar', 'المعاملات'),
(841, 841, 'ar', 'رمز المعامله'),
(842, 842, 'ar', 'وسيلة الدفع'),
(843, 843, 'ar', 'رمز الطلب'),
(844, 844, 'ar', 'صفحة المعاملات'),
(845, 845, 'ar', 'معلومات العنوان'),
(846, 846, 'ar', 'الأكثر بحثًا'),
(847, 847, 'ar', 'لم يتم تحديد طريقه الشحن'),
(848, 848, 'ar', 'عنوان وصول الفواتير'),
(849, 849, 'ar', 'عنوان وصول الفواتير'),
(850, 850, 'ar', 'الدفع'),
(851, 851, 'ar', 'مواصلة الدفع'),
(852, 852, 'ar', 'تفاصيل الحساب'),
(853, 853, 'ar', 'الدفع'),
(854, 854, 'ar', 'الدفع'),
(855, 855, 'ar', 'تفاصيل الشحن'),
(856, 856, 'ar', 'ملاحظة خاصة للتسليم'),
(857, 857, 'ar', 'الشروط و الأحكام'),
(858, 858, 'ar', 'وسيلة الدفع'),
(859, 859, 'ar', 'اسم المورد'),
(860, 860, 'ar', 'الاجمالي'),
(861, 861, 'ar', 'الاكثر مبيعا'),
(862, 862, 'ar', 'مورد'),
(863, 863, 'ar', 'الموردين'),
(864, 864, 'ar', 'الاسم الاخير'),
(865, 865, 'ar', 'الاسم الاول.'),
(866, 866, 'ar', 'البريد الالكتروني'),
(867, 867, 'ar', 'تاكيد كلمة المرور الجديدة'),
(868, 868, 'ar', 'كلمة مرور جديدة'),
(869, 869, 'ar', 'الاسم'),
(870, 870, 'ar', 'الحالة');

-- --------------------------------------------------------

--
-- Table structure for table `updater_scripts`
--

DROP TABLE IF EXISTS `updater_scripts`;
CREATE TABLE IF NOT EXISTS `updater_scripts` (
  `id` int(10) UNSIGNED NOT NULL AUTO_INCREMENT,
  `script` varchar(191) COLLATE utf8mb4_unicode_ci NOT NULL,
  PRIMARY KEY (`id`)
) ENGINE=InnoDB AUTO_INCREMENT=2 DEFAULT CHARSET=utf8mb4 COLLATE=utf8mb4_unicode_ci;

--
-- Dumping data for table `updater_scripts`
--

INSERT INTO `updater_scripts` (`id`, `script`) VALUES
(1, 'V2_0_0');

-- --------------------------------------------------------

--
-- Table structure for table `up_sell_products`
--

DROP TABLE IF EXISTS `up_sell_products`;
CREATE TABLE IF NOT EXISTS `up_sell_products` (
  `product_id` int(10) UNSIGNED NOT NULL,
  `up_sell_product_id` int(10) UNSIGNED NOT NULL,
  PRIMARY KEY (`product_id`,`up_sell_product_id`),
  KEY `up_sell_products_up_sell_product_id_foreign` (`up_sell_product_id`)
) ENGINE=InnoDB DEFAULT CHARSET=utf8mb4 COLLATE=utf8mb4_unicode_ci;

--
-- Dumping data for table `up_sell_products`
--

INSERT INTO `up_sell_products` (`product_id`, `up_sell_product_id`) VALUES
(23, 19),
(23, 20),
(23, 21),
(23, 22),
(45, 44),
(45, 46),
(45, 48),
(190, 60),
(190, 61),
(190, 67),
(190, 68),
(190, 69),
(190, 70),
(191, 105),
(191, 125),
(159, 126),
(191, 131),
(159, 132),
(157, 148),
(151, 149),
(152, 149),
(152, 151),
(39, 156),
(40, 156),
(157, 156),
(180, 156),
(39, 157),
(40, 157),
(180, 157),
(159, 158),
(180, 171),
(181, 174),
(181, 177),
(193, 183),
(187, 184),
(188, 184),
(187, 185),
(188, 185),
(188, 186),
(189, 186),
(188, 187),
(189, 187),
(190, 187),
(192, 187),
(189, 188),
(192, 188),
(193, 188),
(194, 188),
(195, 188),
(196, 188),
(192, 189),
(193, 189),
(194, 189),
(192, 190),
(194, 190),
(195, 190),
(196, 190),
(214, 190),
(195, 192),
(196, 192),
(214, 193),
(195, 194),
(196, 194),
(216, 199),
(216, 200),
(216, 201),
(217, 204),
(217, 205),
(217, 206),
(217, 207),
(213, 209),
(213, 210),
(215, 210),
(213, 211),
(214, 211),
(215, 211),
(214, 212),
(215, 212);

-- --------------------------------------------------------

--
-- Table structure for table `users`
--

DROP TABLE IF EXISTS `users`;
CREATE TABLE IF NOT EXISTS `users` (
  `id` int(10) UNSIGNED NOT NULL AUTO_INCREMENT,
  `first_name` varchar(191) COLLATE utf8mb4_unicode_ci NOT NULL,
  `last_name` varchar(191) COLLATE utf8mb4_unicode_ci NOT NULL,
  `email` varchar(191) COLLATE utf8mb4_unicode_ci NOT NULL,
  `password` varchar(191) COLLATE utf8mb4_unicode_ci NOT NULL,
  `gender` varchar(191) COLLATE utf8mb4_unicode_ci DEFAULT NULL,
  `birthday` timestamp NULL DEFAULT NULL,
  `permissions` text COLLATE utf8mb4_unicode_ci,
  `saved_coupons` longtext CHARACTER SET utf8mb4 COLLATE utf8mb4_bin,
  `api_token` varchar(191) COLLATE utf8mb4_unicode_ci DEFAULT NULL,
  `last_login` datetime DEFAULT NULL,
  `created_at` timestamp NULL DEFAULT NULL,
  `updated_at` timestamp NULL DEFAULT NULL,
  `city` varchar(255) COLLATE utf8mb4_unicode_ci DEFAULT NULL,
  `address_line` varchar(255) COLLATE utf8mb4_unicode_ci DEFAULT NULL,
  `phone_number` int(255) DEFAULT NULL,
  `house_number` int(255) DEFAULT NULL,
  `zipcode` int(255) DEFAULT NULL,
  `mobile_token` varchar(255) COLLATE utf8mb4_unicode_ci DEFAULT NULL,
  `reset_code` varchar(255) COLLATE utf8mb4_unicode_ci DEFAULT NULL,
  `district` varchar(255) COLLATE utf8mb4_unicode_ci DEFAULT NULL,
  `street` varchar(255) COLLATE utf8mb4_unicode_ci DEFAULT NULL,
  `distinct_mark` varchar(255) COLLATE utf8mb4_unicode_ci DEFAULT NULL,
  `apartment_number` int(11) DEFAULT NULL,
  PRIMARY KEY (`id`),
  UNIQUE KEY `users_email_unique` (`email`),
  UNIQUE KEY `users_api_token_unique` (`api_token`)
) ENGINE=InnoDB AUTO_INCREMENT=34 DEFAULT CHARSET=utf8mb4 COLLATE=utf8mb4_unicode_ci;

--
-- Dumping data for table `users`
--

INSERT INTO `users` (`id`, `first_name`, `last_name`, `email`, `password`, `gender`, `birthday`, `permissions`, `saved_coupons`, `api_token`, `last_login`, `created_at`, `updated_at`, `city`, `address_line`, `phone_number`, `house_number`, `zipcode`, `mobile_token`, `reset_code`, `district`, `street`, `distinct_mark`, `apartment_number`) VALUES
(1, 'mohamed', 'elshafiy', 'engelshafiy6@gmail.com', '$2y$10$1MrBSrdJ35UWmbL0NzsaF.UNHmKoTNAAljY9SColxiUbtwhlmMp.6', NULL, NULL, NULL, NULL, '$2y$10$35z/lS9FV44aoD.J1dzbsu5n7kaNnKH7lWaJP6VCXW1gJI7aB8FIK', '2021-06-13 09:53:14', '2020-06-10 06:31:16', '2021-06-13 07:53:14', '', '', 0, 0, 0, NULL, NULL, NULL, NULL, NULL, NULL),
(15, 'first', 'last', 'waelmahmoude@gmail.com', '$2y$10$pvsocs8cMLm70GIkyLjwtuMPyf8Aw3.Jarc5CeZEnXX08RgUnMBiC', 'male', '2000-02-15 05:00:00', '[]', '[\"202s0s\"]', '$2y$10$lHuZimXyU5ULxSkN2tWkdezdB3LrZ7K1SdwrqKpZS4ntiScTlZFPm', '2020-08-12 14:48:19', '2020-07-29 07:05:15', '2020-08-12 18:48:19', '', '', 0, 0, 0, NULL, NULL, NULL, NULL, NULL, NULL),
(16, 'test', 'test', 'test@test.com', '$2y$10$2aspbhxuf/RRombWNv5dIepTe6fS9PGfWShpsA/OVShvC0o0qVzle', NULL, NULL, NULL, NULL, '$2y$10$ywjhto2YeC5hVhyQea499uEUiLj1j91I7kxN4rl2jmlFb8FpW98Aa', '2020-08-12 08:16:26', '2020-07-29 20:49:46', '2020-08-12 12:16:26', '', '', 0, 0, 0, NULL, NULL, NULL, NULL, NULL, NULL),
(17, 'Internet', 'Plus', 'aljaadi72@gmail.com', '$2y$10$n6heUaXiLbuIG6ZeAUhEcuBcgb4tZMNahJa52F4KOlv1zdrhqk5YG', NULL, NULL, NULL, NULL, NULL, NULL, '2020-08-04 12:58:15', '2021-01-14 15:33:29', 'caior', 'giza', 1145227769, 5555, 5555, NULL, NULL, NULL, NULL, NULL, NULL),
(18, 'test2', 'test2', 'test2@test.com', '$2y$10$57KksklVTSrjMU8cHDTLBesounUrTz8kw.ouc/jfXMH8CUpmRAX..', NULL, NULL, NULL, NULL, '$2y$10$U.StZfaLUWkaGM5zOoS3QeKikfjPX4ocaUcgkT2/TeO8fckdE3yVu', NULL, '2020-08-04 17:59:37', '2020-08-04 17:59:37', '', '', 0, 0, 0, NULL, NULL, NULL, NULL, NULL, NULL),
(19, 'mahmoud', 'tarek', 'test3@test.com', '$2y$10$ZFaNz2eKFsrSz5IMi8VWDu3qI714BpOIK/sg3mKW7axmO3lYO.yxu', 'male', '1996-03-09 05:00:00', NULL, NULL, '$2y$10$T6N8uIXapYLso9p2rF6yBeveF3hYMYCOhC0ePKgTUIJ4l4aWYeaYi', NULL, '2020-08-04 18:04:45', '2020-08-05 20:08:23', '', '', 0, 0, 0, NULL, NULL, NULL, NULL, NULL, NULL),
(20, 'mahmoud', 'tarek', 'tmahmoud974@gmail.com', '$2y$10$LZc6J.p1qsSoBoBHFozXa.MclSszY1A1nuIg.LNj2Jo7DDTAXv0N2', 'male', '1990-01-01 05:00:00', NULL, NULL, '$2y$10$L3XDSx5xPYoMttpsLL1VR.6/JxYAycS2WOtQuzp.yV7YrwiEPCLV6', '2020-08-11 21:06:11', '2020-08-05 21:15:30', '2020-08-12 01:06:11', '', '', 0, 0, 0, NULL, NULL, NULL, NULL, NULL, NULL),
(21, 'mahmoud', 'araby', 'mahmoudaraby36@gmail.com', '$2y$10$OxR253RINGUqWJe7vVxmUuaSjF5wEhBUHjlydCz8IMjoMUp70rWUq', 'male', '1994-07-20 21:00:00', NULL, NULL, '$2y$10$t.DFKOtpfAwXBHv3iLAUNu6R6mN2dQNZ2SRFto42Sb/.jS5Rw9umG', '2020-10-06 04:53:53', '2020-08-10 08:40:28', '2020-10-06 03:28:04', '', '', 0, 0, 0, NULL, NULL, NULL, NULL, NULL, NULL),
(22, 'محمد', 'الشافعى', 'm@examp.com', '$2y$10$BZtaHBSSxqG2x44sb5YsYuTSnMMp5Q65fz.Qt2yKrr.r8VwWNZdWS', NULL, NULL, NULL, NULL, NULL, NULL, '2020-08-18 19:58:07', '2020-08-18 19:58:07', '', '', 0, 0, 0, NULL, NULL, NULL, NULL, NULL, NULL),
(23, 'Mageed', 'Abdalla', 'Test@gmail.com', '$2y$10$2r3a3gijqw62/b/XhnK3Fu.a6AxvV.y9guFIpRictyIXB07Vd6NQa', NULL, NULL, NULL, NULL, NULL, '2020-09-02 10:59:25', '2020-09-02 14:59:25', '2020-09-02 14:59:25', '', '', 0, 0, 0, NULL, NULL, NULL, NULL, NULL, NULL),
(24, 'Mahmoud', 'Araby', 'mahmoudaraby36@yahoo.com', '$2y$10$EpwNDpkByFL2s8cM.7es3.e0gXoL73V8VevD4djk6cP7/TgH7qd2a', NULL, NULL, NULL, NULL, '$2y$10$SRdU01yxHYtHOWZly1jgSeC8gKGryymdwmVEOPjgxoptxzB6hzrNK', '2020-10-06 04:51:05', '2020-10-06 00:09:10', '2020-10-06 02:51:05', '', '', 0, 0, 0, NULL, NULL, NULL, NULL, NULL, NULL),
(25, 'Wael', 'Mahmoud', 'waeltest@gmail.com', '$2y$10$OnPykmDQfeniGP7U/q3nL.4wzo91iSMA7eN0wA3mkwk9/ptt2K78G', NULL, NULL, NULL, NULL, NULL, NULL, '2020-10-06 02:44:27', '2020-10-06 02:44:27', '', '', 0, 0, 0, NULL, NULL, NULL, NULL, NULL, NULL),
(26, 'Wael', 'Mahmoud', 'wael@gmail.com', '$2y$10$1cpfpzpHNNJSYToX748JYeDmgxFN8egAbKT8Mq8Zm7YlIKuBf5zYq', NULL, NULL, NULL, NULL, '$2y$10$YHiqnOiRTk8ntk9bB7sWoOgxVmkbe6uSCAKg4ddzyKX6E4vgLZ7nm', '2020-10-06 04:50:47', '2020-10-06 02:45:23', '2020-10-06 02:50:47', '', '', 0, 0, 0, NULL, NULL, NULL, NULL, NULL, NULL),
(27, 'kira', 'kira', 'kira@egtaz.com', '$2y$10$zN5ZReypnL9uEormBC1ViueQ.Lz24U4NiEWn2Ud54jWSo5y3rDo/i', NULL, NULL, NULL, NULL, '$2y$10$HzwCp8CKwbLbdGfrlByFG.j.BOwD0rbR09UFkOjeqbitiX4bOXkey', '2021-02-11 14:34:39', '2020-12-21 21:00:25', '2021-02-11 13:34:39', 'القاهره', '53/7/رمسيس/رمسيسالقاهره', 1145227769, 7, 5555, NULL, NULL, NULL, NULL, NULL, NULL),
(28, 'abd el', 'rahman', 'egtaz@egtaz.com', '$2y$10$ApNNYKd1CCqHnvo9TFNxOuhNejTqQnXPug5cl6ggM8spWNz9kJVBy', NULL, NULL, NULL, NULL, '$2y$10$sGI/2m1c6ora0/uQYpqr0.IzArKMIqDkh88sV2V8dlkOyd0qQ2YU.', '2021-02-11 14:25:39', '2020-12-31 17:33:23', '2021-02-11 13:25:39', NULL, NULL, NULL, NULL, NULL, NULL, NULL, NULL, NULL, NULL, NULL),
(29, 'smart', 'egtaz', 'smart@egtaz.com', '$2y$10$1MrBSrdJ35UWmbL0NzsaF.UNHmKoTNAAljY9SColxiUbtwhlmMp.6', 'female', NULL, NULL, NULL, '$2y$10$1MrBSrdJ35UWmbL0NzsaF.UNHmKoTNAAljY9SColxiUbtwhlmMp.6', '2021-02-16 18:00:18', '2020-06-10 06:31:16', '2021-02-16 17:00:18', 'giza', 'al-warraq', 1092328591, 2, NULL, NULL, NULL, NULL, NULL, NULL, NULL),
(30, 'Mohamed', 'Abd El-samie', 'esmaelm885@gmail.com', '$2y$10$gpSEAdyR3j223hst8S8XZOr2QCgF55wuwS8xldg/YJmt4lX7NKize', NULL, NULL, NULL, NULL, '$2y$10$juHncg9jnPt77k338VWm7.tHQdkFqkEFk/aQ6zxmU6ih10juJ.HxO', NULL, '2021-01-17 01:36:09', '2021-01-17 01:36:50', 'Giza', 'Hkfbv', 1111346560, 18, 7839, NULL, NULL, NULL, NULL, NULL, NULL),
(31, 'maryam', 'kamal', 'kamalmary04@gmail.com', '$2y$10$AZohXcei3lSYI2aeMGb55OCmci4ryw7SQjJDPgb057.kOTZkqFBzq', NULL, NULL, NULL, NULL, '$2y$10$fPhn8470gvILKQJHdzdJZueSrTBQwlAlPZBhvfR9IWSdsse2Xa1yu', NULL, '2021-01-26 00:55:19', '2021-01-26 00:55:19', NULL, NULL, NULL, NULL, NULL, NULL, NULL, NULL, NULL, NULL, NULL),
(32, 'Bedo', 'Bedo', 'abied.bedo@gmail.com', '$2y$10$co0Wa20rDVHY3vvtDCBPDelJC05vy588McQGl.XWyZcjbWhr.9.q.', NULL, NULL, NULL, NULL, '$2y$10$hK0W0yCdzdFT.0U8qFnhd.cuhPZMZFEu4He8tnVXOkE5IqGJ2jflG', NULL, '2021-02-10 11:08:55', '2021-02-10 11:08:56', NULL, NULL, NULL, NULL, NULL, NULL, NULL, NULL, NULL, NULL, NULL),
(33, 'كيرلس', 'عبدالله ثابت', 'kokofamily93@gmail.com', '$2y$10$PEO9sPvT8ZR7nDGljHrwIeErAw7yxlY8KF1mPYtphNSX/CIyCXm9G', NULL, NULL, NULL, NULL, '$2y$10$H2MZwObUnvCcdoGgoS3hx.QySBcC5/nKTHW2aXy1u49uNJy2gc2A6', '2021-03-19 23:58:55', '2021-03-06 12:15:46', '2021-03-19 22:58:55', NULL, NULL, NULL, NULL, NULL, NULL, NULL, NULL, NULL, NULL, NULL);

-- --------------------------------------------------------

--
-- Table structure for table `user_roles`
--

DROP TABLE IF EXISTS `user_roles`;
CREATE TABLE IF NOT EXISTS `user_roles` (
  `user_id` int(10) UNSIGNED NOT NULL,
  `role_id` int(10) UNSIGNED NOT NULL,
  `created_at` timestamp NULL DEFAULT NULL,
  `updated_at` timestamp NULL DEFAULT NULL,
  PRIMARY KEY (`user_id`,`role_id`),
  KEY `user_roles_role_id_foreign` (`role_id`)
) ENGINE=InnoDB DEFAULT CHARSET=utf8mb4 COLLATE=utf8mb4_unicode_ci;

--
-- Dumping data for table `user_roles`
--

INSERT INTO `user_roles` (`user_id`, `role_id`, `created_at`, `updated_at`) VALUES
(1, 1, '2020-06-10 06:31:16', '2020-06-10 06:31:16'),
(15, 2, '2020-07-29 07:05:15', '2020-07-29 07:05:15'),
(16, 2, '2020-07-29 20:49:47', '2020-07-29 20:49:47'),
(17, 2, '2020-08-04 12:58:15', '2020-08-04 12:58:15'),
(18, 2, '2020-08-04 17:59:37', '2020-08-04 17:59:37'),
(19, 2, '2020-08-04 18:04:45', '2020-08-04 18:04:45'),
(20, 2, '2020-08-05 21:15:30', '2020-08-05 21:15:30'),
(21, 2, '2020-08-10 08:40:28', '2020-08-10 08:40:28'),
(22, 2, '2020-08-18 19:58:07', '2020-08-18 19:58:07'),
(23, 2, '2020-09-02 14:59:25', '2020-09-02 14:59:25'),
(24, 2, '2020-10-06 00:09:10', '2020-10-06 00:09:10'),
(25, 2, '2020-10-06 02:44:27', '2020-10-06 02:44:27'),
(26, 2, '2020-10-06 02:45:23', '2020-10-06 02:45:23'),
(27, 2, '2020-12-21 21:00:25', '2020-12-21 21:00:25'),
(28, 2, '2020-12-31 17:33:23', '2020-12-31 17:33:23'),
(29, 1, NULL, NULL),
(30, 2, '2021-01-17 01:36:09', '2021-01-17 01:36:09'),
(31, 2, '2021-01-26 00:55:19', '2021-01-26 00:55:19'),
(32, 2, '2021-02-10 11:08:55', '2021-02-10 11:08:55'),
(33, 2, '2021-03-06 12:15:46', '2021-03-06 12:15:46');

-- --------------------------------------------------------

--
-- Table structure for table `wish_lists`
--

DROP TABLE IF EXISTS `wish_lists`;
CREATE TABLE IF NOT EXISTS `wish_lists` (
  `user_id` int(10) UNSIGNED NOT NULL,
  `product_id` int(10) UNSIGNED NOT NULL,
  `created_at` timestamp NULL DEFAULT NULL,
  `updated_at` timestamp NULL DEFAULT NULL,
  PRIMARY KEY (`user_id`,`product_id`),
  KEY `wish_lists_product_id_foreign` (`product_id`)
) ENGINE=InnoDB DEFAULT CHARSET=utf8mb4 COLLATE=utf8mb4_unicode_ci;

--
-- Dumping data for table `wish_lists`
--

INSERT INTO `wish_lists` (`user_id`, `product_id`, `created_at`, `updated_at`) VALUES
(1, 3, '2020-06-14 13:34:17', '2020-06-14 13:34:17'),
(1, 61, '2020-08-09 02:41:15', '2020-08-09 02:41:15'),
(15, 25, '2020-08-10 22:36:24', '2020-08-10 22:36:24'),
(16, 24, '2020-08-12 06:11:24', '2020-08-12 06:11:24'),
(17, 50, NULL, NULL),
(17, 53, NULL, NULL),
(20, 25, '2020-08-11 20:10:53', '2020-08-11 20:10:53'),
(20, 26, '2020-08-06 21:41:29', '2020-08-06 21:41:29'),
(21, 24, '2020-08-11 22:44:52', '2020-08-11 22:44:52'),
(21, 26, '2020-10-05 20:11:41', '2020-10-05 20:11:41'),
(21, 28, '2020-10-06 02:24:56', '2020-10-06 02:24:56'),
(21, 29, '2020-10-05 20:11:43', '2020-10-05 20:11:43'),
(21, 30, '2020-10-06 02:24:57', '2020-10-06 02:24:57'),
(21, 31, '2020-10-06 02:24:58', '2020-10-06 02:24:58'),
(21, 32, '2020-10-05 22:23:56', '2020-10-05 22:23:56'),
(21, 47, '2020-10-05 17:00:12', '2020-10-05 17:00:12'),
(21, 52, '2020-10-05 22:29:10', '2020-10-05 22:29:10'),
(21, 148, '2020-10-05 16:54:29', '2020-10-05 16:54:29'),
(21, 150, '2020-10-05 20:12:09', '2020-10-05 20:12:09'),
(27, 25, NULL, NULL),
(27, 44, NULL, NULL),
(27, 73, NULL, NULL),
(27, 79, NULL, NULL),
(27, 85, NULL, NULL),
(27, 89, NULL, NULL),
(27, 97, NULL, NULL),
(27, 99, NULL, NULL),
(27, 104, NULL, NULL),
(27, 105, NULL, NULL),
(27, 106, NULL, NULL),
(27, 107, NULL, NULL),
(27, 125, NULL, NULL),
(27, 128, NULL, NULL),
(29, 39, '2021-02-10 11:54:11', '2021-02-10 11:54:11');

--
-- Indexes for dumped tables
--

--
-- Indexes for table `product_translations`
--
ALTER TABLE `product_translations` ADD FULLTEXT KEY `name` (`name`);

--
-- Constraints for dumped tables
--

--
-- Constraints for table `activations`
--
ALTER TABLE `activations`
  ADD CONSTRAINT `activations_user_id_foreign` FOREIGN KEY (`user_id`) REFERENCES `users` (`id`) ON DELETE CASCADE;

--
-- Constraints for table `attributes`
--
ALTER TABLE `attributes`
  ADD CONSTRAINT `attributes_attribute_set_id_foreign` FOREIGN KEY (`attribute_set_id`) REFERENCES `attribute_sets` (`id`) ON DELETE CASCADE;

--
-- Constraints for table `attribute_categories`
--
ALTER TABLE `attribute_categories`
  ADD CONSTRAINT `attribute_categories_attribute_id_foreign` FOREIGN KEY (`attribute_id`) REFERENCES `attributes` (`id`) ON DELETE CASCADE,
  ADD CONSTRAINT `attribute_categories_category_id_foreign` FOREIGN KEY (`category_id`) REFERENCES `categories` (`id`) ON DELETE CASCADE;

--
-- Constraints for table `attribute_set_translations`
--
ALTER TABLE `attribute_set_translations`
  ADD CONSTRAINT `attribute_set_translations_attribute_set_id_foreign` FOREIGN KEY (`attribute_set_id`) REFERENCES `attribute_sets` (`id`) ON DELETE CASCADE;

--
-- Constraints for table `attribute_translations`
--
ALTER TABLE `attribute_translations`
  ADD CONSTRAINT `attribute_translations_attribute_id_foreign` FOREIGN KEY (`attribute_id`) REFERENCES `attributes` (`id`) ON DELETE CASCADE;

--
-- Constraints for table `attribute_values`
--
ALTER TABLE `attribute_values`
  ADD CONSTRAINT `attribute_values_attribute_id_foreign` FOREIGN KEY (`attribute_id`) REFERENCES `attributes` (`id`) ON DELETE CASCADE;

--
-- Constraints for table `attribute_value_translations`
--
ALTER TABLE `attribute_value_translations`
  ADD CONSTRAINT `attribute_value_translations_attribute_value_id_foreign` FOREIGN KEY (`attribute_value_id`) REFERENCES `attribute_values` (`id`) ON DELETE CASCADE;

--
-- Constraints for table `categories`
--
ALTER TABLE `categories`
  ADD CONSTRAINT `categories_parent_id_foreign` FOREIGN KEY (`parent_id`) REFERENCES `categories` (`id`) ON DELETE CASCADE;

--
-- Constraints for table `category_translations`
--
ALTER TABLE `category_translations`
  ADD CONSTRAINT `category_translations_category_id_foreign` FOREIGN KEY (`category_id`) REFERENCES `categories` (`id`) ON DELETE CASCADE;

--
-- Constraints for table `coupon_categories`
--
ALTER TABLE `coupon_categories`
  ADD CONSTRAINT `coupon_categories_category_id_foreign` FOREIGN KEY (`category_id`) REFERENCES `categories` (`id`) ON DELETE CASCADE,
  ADD CONSTRAINT `coupon_categories_coupon_id_foreign` FOREIGN KEY (`coupon_id`) REFERENCES `coupons` (`id`) ON DELETE CASCADE;

--
-- Constraints for table `coupon_products`
--
ALTER TABLE `coupon_products`
  ADD CONSTRAINT `coupon_products_coupon_id_foreign` FOREIGN KEY (`coupon_id`) REFERENCES `coupons` (`id`) ON DELETE CASCADE,
  ADD CONSTRAINT `coupon_products_product_id_foreign` FOREIGN KEY (`product_id`) REFERENCES `products` (`id`) ON DELETE CASCADE;

--
-- Constraints for table `coupon_translations`
--
ALTER TABLE `coupon_translations`
  ADD CONSTRAINT `coupon_translations_coupon_id_foreign` FOREIGN KEY (`coupon_id`) REFERENCES `coupons` (`id`) ON DELETE CASCADE;

--
-- Constraints for table `cross_sell_products`
--
ALTER TABLE `cross_sell_products`
  ADD CONSTRAINT `cross_sell_products_cross_sell_product_id_foreign` FOREIGN KEY (`cross_sell_product_id`) REFERENCES `products` (`id`) ON DELETE CASCADE,
  ADD CONSTRAINT `cross_sell_products_product_id_foreign` FOREIGN KEY (`product_id`) REFERENCES `products` (`id`) ON DELETE CASCADE;

--
-- Constraints for table `entity_files`
--
ALTER TABLE `entity_files`
  ADD CONSTRAINT `entity_files_file_id_foreign` FOREIGN KEY (`file_id`) REFERENCES `files` (`id`) ON DELETE CASCADE;

--
-- Constraints for table `flash_sale_products`
--
ALTER TABLE `flash_sale_products`
  ADD CONSTRAINT `flash_sale_products_flash_sale_id_foreign` FOREIGN KEY (`flash_sale_id`) REFERENCES `flash_sales` (`id`) ON DELETE CASCADE,
  ADD CONSTRAINT `flash_sale_products_product_id_foreign` FOREIGN KEY (`product_id`) REFERENCES `products` (`id`) ON DELETE CASCADE;

--
-- Constraints for table `flash_sale_translations`
--
ALTER TABLE `flash_sale_translations`
  ADD CONSTRAINT `flash_sale_translations_flash_sale_id_foreign` FOREIGN KEY (`flash_sale_id`) REFERENCES `flash_sales` (`id`) ON DELETE CASCADE;

--
-- Constraints for table `menu_items`
--
ALTER TABLE `menu_items`
  ADD CONSTRAINT `menu_items_category_id_foreign` FOREIGN KEY (`category_id`) REFERENCES `categories` (`id`) ON DELETE CASCADE,
  ADD CONSTRAINT `menu_items_menu_id_foreign` FOREIGN KEY (`menu_id`) REFERENCES `menus` (`id`) ON DELETE CASCADE,
  ADD CONSTRAINT `menu_items_page_id_foreign` FOREIGN KEY (`page_id`) REFERENCES `pages` (`id`) ON DELETE CASCADE,
  ADD CONSTRAINT `menu_items_parent_id_foreign` FOREIGN KEY (`parent_id`) REFERENCES `menu_items` (`id`) ON DELETE CASCADE;

--
-- Constraints for table `menu_item_translations`
--
ALTER TABLE `menu_item_translations`
  ADD CONSTRAINT `menu_item_translations_menu_item_id_foreign` FOREIGN KEY (`menu_item_id`) REFERENCES `menu_items` (`id`) ON DELETE CASCADE;

--
-- Constraints for table `menu_translations`
--
ALTER TABLE `menu_translations`
  ADD CONSTRAINT `menu_translations_menu_id_foreign` FOREIGN KEY (`menu_id`) REFERENCES `menus` (`id`) ON DELETE CASCADE;

--
-- Constraints for table `meta_data_translations`
--
ALTER TABLE `meta_data_translations`
  ADD CONSTRAINT `meta_data_translations_meta_data_id_foreign` FOREIGN KEY (`meta_data_id`) REFERENCES `meta_data` (`id`) ON DELETE CASCADE;

--
-- Constraints for table `option_translations`
--
ALTER TABLE `option_translations`
  ADD CONSTRAINT `option_translations_option_id_foreign` FOREIGN KEY (`option_id`) REFERENCES `options` (`id`) ON DELETE CASCADE;

--
-- Constraints for table `option_values`
--
ALTER TABLE `option_values`
  ADD CONSTRAINT `option_values_option_id_foreign` FOREIGN KEY (`option_id`) REFERENCES `options` (`id`) ON DELETE CASCADE;

--
-- Constraints for table `option_value_translations`
--
ALTER TABLE `option_value_translations`
  ADD CONSTRAINT `option_value_translations_option_value_id_foreign` FOREIGN KEY (`option_value_id`) REFERENCES `option_values` (`id`) ON DELETE CASCADE;

--
-- Constraints for table `order_products`
--
ALTER TABLE `order_products`
  ADD CONSTRAINT `order_products_order_id_foreign` FOREIGN KEY (`order_id`) REFERENCES `orders` (`id`) ON DELETE CASCADE,
  ADD CONSTRAINT `order_products_product_id_foreign` FOREIGN KEY (`product_id`) REFERENCES `products` (`id`) ON DELETE CASCADE;

--
-- Constraints for table `order_product_options`
--
ALTER TABLE `order_product_options`
  ADD CONSTRAINT `order_product_options_option_id_foreign` FOREIGN KEY (`option_id`) REFERENCES `options` (`id`) ON DELETE CASCADE,
  ADD CONSTRAINT `order_product_options_order_product_id_foreign` FOREIGN KEY (`order_product_id`) REFERENCES `order_products` (`id`) ON DELETE CASCADE;

--
-- Constraints for table `order_product_option_values`
--
ALTER TABLE `order_product_option_values`
  ADD CONSTRAINT `order_product_option_values_option_value_id_foreign` FOREIGN KEY (`option_value_id`) REFERENCES `option_values` (`id`) ON DELETE CASCADE,
  ADD CONSTRAINT `order_product_option_values_order_product_option_id_foreign` FOREIGN KEY (`order_product_option_id`) REFERENCES `order_product_options` (`id`) ON DELETE CASCADE;

--
-- Constraints for table `order_taxes`
--
ALTER TABLE `order_taxes`
  ADD CONSTRAINT `order_taxes_order_id_foreign` FOREIGN KEY (`order_id`) REFERENCES `orders` (`id`) ON DELETE CASCADE,
  ADD CONSTRAINT `order_taxes_tax_rate_id_foreign` FOREIGN KEY (`tax_rate_id`) REFERENCES `tax_rates` (`id`) ON DELETE CASCADE;

--
-- Constraints for table `page_translations`
--
ALTER TABLE `page_translations`
  ADD CONSTRAINT `page_translations_page_id_foreign` FOREIGN KEY (`page_id`) REFERENCES `pages` (`id`) ON DELETE CASCADE;

--
-- Constraints for table `persistences`
--
ALTER TABLE `persistences`
  ADD CONSTRAINT `persistences_user_id_foreign` FOREIGN KEY (`user_id`) REFERENCES `users` (`id`) ON DELETE CASCADE;

--
-- Constraints for table `products`
--
ALTER TABLE `products`
  ADD CONSTRAINT `products_brand_id_foreign` FOREIGN KEY (`brand_id`) REFERENCES `brands` (`id`) ON DELETE SET NULL;

--
-- Constraints for table `product_attributes`
--
ALTER TABLE `product_attributes`
  ADD CONSTRAINT `product_attributes_attribute_id_foreign` FOREIGN KEY (`attribute_id`) REFERENCES `attributes` (`id`) ON DELETE CASCADE,
  ADD CONSTRAINT `product_attributes_product_id_foreign` FOREIGN KEY (`product_id`) REFERENCES `products` (`id`) ON DELETE CASCADE;

--
-- Constraints for table `product_attribute_values`
--
ALTER TABLE `product_attribute_values`
  ADD CONSTRAINT `product_attribute_values_attribute_value_id_foreign` FOREIGN KEY (`attribute_value_id`) REFERENCES `attribute_values` (`id`) ON DELETE CASCADE,
  ADD CONSTRAINT `product_attribute_values_product_attribute_id_foreign` FOREIGN KEY (`product_attribute_id`) REFERENCES `product_attributes` (`id`) ON DELETE CASCADE;

--
-- Constraints for table `product_categories`
--
ALTER TABLE `product_categories`
  ADD CONSTRAINT `product_categories_category_id_foreign` FOREIGN KEY (`category_id`) REFERENCES `categories` (`id`) ON DELETE CASCADE,
  ADD CONSTRAINT `product_categories_product_id_foreign` FOREIGN KEY (`product_id`) REFERENCES `products` (`id`) ON DELETE CASCADE;

--
-- Constraints for table `product_options`
--
ALTER TABLE `product_options`
  ADD CONSTRAINT `product_options_option_id_foreign` FOREIGN KEY (`option_id`) REFERENCES `options` (`id`) ON DELETE CASCADE,
  ADD CONSTRAINT `product_options_product_id_foreign` FOREIGN KEY (`product_id`) REFERENCES `products` (`id`) ON DELETE CASCADE;

--
-- Constraints for table `product_tags`
--
ALTER TABLE `product_tags`
  ADD CONSTRAINT `product_tags_product_id_foreign` FOREIGN KEY (`product_id`) REFERENCES `products` (`id`) ON DELETE CASCADE,
  ADD CONSTRAINT `product_tags_tag_id_foreign` FOREIGN KEY (`tag_id`) REFERENCES `tags` (`id`) ON DELETE CASCADE;

--
-- Constraints for table `product_translations`
--
ALTER TABLE `product_translations`
  ADD CONSTRAINT `product_translations_product_id_foreign` FOREIGN KEY (`product_id`) REFERENCES `products` (`id`) ON DELETE CASCADE;

--
-- Constraints for table `related_products`
--
ALTER TABLE `related_products`
  ADD CONSTRAINT `related_products_product_id_foreign` FOREIGN KEY (`product_id`) REFERENCES `products` (`id`) ON DELETE CASCADE,
  ADD CONSTRAINT `related_products_related_product_id_foreign` FOREIGN KEY (`related_product_id`) REFERENCES `products` (`id`) ON DELETE CASCADE;

--
-- Constraints for table `reminders`
--
ALTER TABLE `reminders`
  ADD CONSTRAINT `reminders_user_id_foreign` FOREIGN KEY (`user_id`) REFERENCES `users` (`id`) ON DELETE CASCADE;

--
-- Constraints for table `reviews`
--
ALTER TABLE `reviews`
  ADD CONSTRAINT `reviews_product_id_foreign` FOREIGN KEY (`product_id`) REFERENCES `products` (`id`) ON DELETE CASCADE;

--
-- Constraints for table `role_translations`
--
ALTER TABLE `role_translations`
  ADD CONSTRAINT `role_translations_role_id_foreign` FOREIGN KEY (`role_id`) REFERENCES `roles` (`id`) ON DELETE CASCADE;

--
-- Constraints for table `setting_translations`
--
ALTER TABLE `setting_translations`
  ADD CONSTRAINT `setting_translations_setting_id_foreign` FOREIGN KEY (`setting_id`) REFERENCES `settings` (`id`) ON DELETE CASCADE;

--
-- Constraints for table `slider_slides`
--
ALTER TABLE `slider_slides`
  ADD CONSTRAINT `slider_slides_slider_id_foreign` FOREIGN KEY (`slider_id`) REFERENCES `sliders` (`id`) ON DELETE CASCADE;

--
-- Constraints for table `slider_slide_translations`
--
ALTER TABLE `slider_slide_translations`
  ADD CONSTRAINT `slider_slide_translations_slider_slide_id_foreign` FOREIGN KEY (`slider_slide_id`) REFERENCES `slider_slides` (`id`) ON DELETE CASCADE;

--
-- Constraints for table `slider_translations`
--
ALTER TABLE `slider_translations`
  ADD CONSTRAINT `slider_translations_slider_id_foreign` FOREIGN KEY (`slider_id`) REFERENCES `sliders` (`id`) ON DELETE CASCADE;

--
-- Constraints for table `tag_translations`
--
ALTER TABLE `tag_translations`
  ADD CONSTRAINT `tag_translations_tag_id_foreign` FOREIGN KEY (`tag_id`) REFERENCES `tags` (`id`) ON DELETE CASCADE;

--
-- Constraints for table `tax_class_translations`
--
ALTER TABLE `tax_class_translations`
  ADD CONSTRAINT `tax_class_translations_tax_class_id_foreign` FOREIGN KEY (`tax_class_id`) REFERENCES `tax_classes` (`id`) ON DELETE CASCADE;

--
-- Constraints for table `tax_rates`
--
ALTER TABLE `tax_rates`
  ADD CONSTRAINT `tax_rates_tax_class_id_foreign` FOREIGN KEY (`tax_class_id`) REFERENCES `tax_classes` (`id`) ON DELETE CASCADE;

--
-- Constraints for table `tax_rate_translations`
--
ALTER TABLE `tax_rate_translations`
  ADD CONSTRAINT `tax_rate_translations_tax_rate_id_foreign` FOREIGN KEY (`tax_rate_id`) REFERENCES `tax_rates` (`id`) ON DELETE CASCADE;

--
-- Constraints for table `throttle`
--
ALTER TABLE `throttle`
  ADD CONSTRAINT `throttle_user_id_foreign` FOREIGN KEY (`user_id`) REFERENCES `users` (`id`) ON DELETE CASCADE;

--
-- Constraints for table `transactions`
--
ALTER TABLE `transactions`
  ADD CONSTRAINT `transactions_order_id_foreign` FOREIGN KEY (`order_id`) REFERENCES `orders` (`id`) ON DELETE CASCADE;

--
-- Constraints for table `translation_translations`
--
ALTER TABLE `translation_translations`
  ADD CONSTRAINT `translation_translations_translation_id_foreign` FOREIGN KEY (`translation_id`) REFERENCES `translations` (`id`) ON DELETE CASCADE;

--
-- Constraints for table `up_sell_products`
--
ALTER TABLE `up_sell_products`
  ADD CONSTRAINT `up_sell_products_product_id_foreign` FOREIGN KEY (`product_id`) REFERENCES `products` (`id`) ON DELETE CASCADE,
  ADD CONSTRAINT `up_sell_products_up_sell_product_id_foreign` FOREIGN KEY (`up_sell_product_id`) REFERENCES `products` (`id`) ON DELETE CASCADE;

--
-- Constraints for table `user_roles`
--
ALTER TABLE `user_roles`
  ADD CONSTRAINT `user_roles_role_id_foreign` FOREIGN KEY (`role_id`) REFERENCES `roles` (`id`) ON DELETE CASCADE,
  ADD CONSTRAINT `user_roles_user_id_foreign` FOREIGN KEY (`user_id`) REFERENCES `users` (`id`) ON DELETE CASCADE;

--
-- Constraints for table `wish_lists`
--
ALTER TABLE `wish_lists`
  ADD CONSTRAINT `wish_lists_product_id_foreign` FOREIGN KEY (`product_id`) REFERENCES `products` (`id`) ON DELETE CASCADE,
  ADD CONSTRAINT `wish_lists_user_id_foreign` FOREIGN KEY (`user_id`) REFERENCES `users` (`id`) ON DELETE CASCADE;
COMMIT;

/*!40101 SET CHARACTER_SET_CLIENT=@OLD_CHARACTER_SET_CLIENT */;
/*!40101 SET CHARACTER_SET_RESULTS=@OLD_CHARACTER_SET_RESULTS */;
/*!40101 SET COLLATION_CONNECTION=@OLD_COLLATION_CONNECTION */;
